key,title,year,month,day,journal,issn,volume,issue,pages,authors,url,language,publisher,location,abstract,notes,doi,keywords,pubmed_id,pmc_id
rayyan-661287569,Metrics of sleep apnea severity: beyond the apnea-hypopnea index.,2021,1,1,,,,,,Malhotra A and Ayappa I and Ayas N and Collop N and Kirsch D and Mcardle N and Mehra R and Pack AI and Punjabi N and White DP and Gottlieb DJ,https://pubmed.ncbi.nlm.nih.gov/33693939/,,,,"Obstructive sleep apnea (OSA) is thought to affect almost 1 billion people worldwide. OSA has well established cardiovascular and neurocognitive sequelae, although the optimal metric to assess its severity and/or potential response to therapy remains unclear. The apnea-hypopnea index (AHI) is well established; thus, we review its history and predictive value in various different clinical contexts. Although the AHI is often criticized for its limitations, it remains the best studied metric of OSA severity, albeit imperfect. We further review the potential value of alternative metrics including hypoxic burden, arousal intensity, odds ratio product, and cardiopulmonary coupling. We conclude with possible future directions to capture clinically meaningful OSA endophenotypes including the use of genetics, blood biomarkers, machine/deep learning and wearable technologies. Further research in OSA should be directed towards providing diagnostic and prognostic information to make the OSA diagnosis more accessible and to improving prognostic information regarding OSA consequences, in order to guide patient care and to help in the design of future clinical trials.","",10.1093/sleep/zsab030,"",,
rayyan-661287570,OSA diagnosis goes wearable: are the latest devices ready to shine?,2024,1,1,,,,,,Chiang AA and Jerkins E and Holfinger S and Schutte-Rodin S and Chandrakantan A and Mong L and Glinka S and Khosla S,https://pubmed.ncbi.nlm.nih.gov/39132687/,,,,"STUDY OBJECTIVES: From 2019-2023, the United States Food and Drug Administration has cleared 9 novel obstructive sleep apnea-detecting wearables for home sleep apnea testing, with many now commercially available for sleep clinicians to integrate into their clinical practices. To help clinicians comprehend these devices and their functionalities, we meticulously reviewed their operating mechanisms, sensors, algorithms, data output, and related performance evaluation literature.
METHODS: We collected information from PubMed, United States Food and Drug Administration clearance documents, ClinicalTrials.gov, and web sources, with direct industry input whenever feasible.
RESULTS: In this ""device-centered"" review, we broadly categorized these wearables into 2 main groups: those that primarily harness photoplethysmography data and those that do not. The former include the peripheral arterial tonometry-based devices. The latter was further broken down into 2 key subgroups: acoustic-based and respiratory effort-based devices. We provided a performance evaluation literature review and objectively compared device-derived metrics and specifications pertinent to sleep clinicians. Detailed demographics of study populations, exclusion criteria, and pivotal statistical analyses of the key validation studies are summarized.
CONCLUSIONS: In the foreseeable future, these novel obstructive sleep apnea-detecting wearables may emerge as primary diagnostic tools for patients at risk for moderate-to-severe obstructive sleep apnea without significant comorbidities. While more devices are anticipated to join this category, there remains a critical need for cross-device comparison studies as well as independent performance evaluation and outcome research in diverse populations. Now is the moment for sleep clinicians to immerse themselves in understanding these emerging tools to ensure our patient-centered care is improved through the appropriate implementation and utilization of these novel sleep technologies.
CITATION: Chiang AA, Jerkins E, Holfinger S, et al. OSA diagnosis goes wearable: are the latest devices ready to shine? J Clin Sleep Med. 2024;20(11):1823-1838.","",10.5664/jcsm.11290,"",,
rayyan-661287571,Cardiopulmonary Coupling.,2022,1,1,,,,,,Lu M and Penzel T and Thomas RJ,https://pubmed.ncbi.nlm.nih.gov/36217085/,,,,"Cardiopulmonary coupling (CPC) is a technique that generates sleep spectrogram by calculating the cross-spectral power and coherence of heart rate variability and respiratory tidal volume fluctuations. There are several forms of CPC in the sleep spectrogram, which may provide information about normal sleep physiology and pathological sleep states. Since CPC can be calculated from any signal recording containing heart rate and respiration information, such as photoplethysmography (PPG) or blood pressure, it can be widely used in various applications, including wearables and non-contact devices. When derived from PPG, an automatic apnea-hypopnea index can be calculated from CPC-oximetry as PPG can be obtained from oximetry alone. CPC-based sleep profiling reveals the effects of stable and unstable sleep on sleep apnea, insomnia, cardiovascular regulation, and metabolic disorders. Here, we introduce, with examples, the current knowledge and understanding of the CPC technique, especially the physiological basis, analytical methods, and its clinical applications.","",10.1007/978-3-031-06413-5_11,"",,
rayyan-661287572,Tirzepatide for sleep-disordered breathing in SURMOUNT-OSA: Time course and association with body weight.,2025,1,1,,,,,,Malhotra A and Grunstein RR and Azarbarzin A and Sands SA and Dang X and Chakladar S and Dunn JP and Falcon B and Bednarik J,https://pubmed.ncbi.nlm.nih.gov/41135142/,,,,"BACKGROUND: Obstructive sleep apnea (OSA) is a common disorder with major cardiometabolic and neurocognitive sequelae. It affects up to 1 billion people globally and is frequently attributable to excess weight [1]. Tirzepatide is a once-weekly, dual glucose-dependent insulinotropic polypeptide (GIP) and glucagon-like peptide-1 (GLP-1) receptor agonist that is FDA-approved for the treatment of moderate-to-severe OSA in adults with obesity.
METHODS: The SURMOUNT-OSA program included two 52-week, randomized, double-blind, placebo-controlled, Phase 3 studies (Study 1 and Study 2). The objective of these analyses was to assess time to treatment effects for improvements in apnea-hypopnea index (AHI) and sleep apnea-specific hypoxic burden (SASHB), and how these changes correspond with body weight reduction. We also aimed to investigate weight-dependent and weight-independent effects of tirzepatide treatment for OSA using linear regression analysis.
RESULTS: The results of peripheral AHI (pAHI) and SASHB measurements from WatchPAT 300 in Study 1 were consistent with the polysomnographic (PSG) findings. The tirzepatide-associated improvements in pAHI were significant vs baseline as early as Week 4. However, the estimated treatment difference compared to placebo was not significant until Week 20 for both pAHI and WatchPAT-based SASHB. The magnitude of changes in AHI and SASHB were associated with achieved weight reduction in both studies.
CONCLUSIONS: The results from these post hoc analyses provide details regarding the time course of resolution and insights regarding the impact of weight reduction on OSA improvements. Additional research is needed to determine the impact of body weight reduction versus other effects of tirzepatide on the improvements in OSA measures. SURMOUNT-OSA ClinicalTrials.gov number NCT05412004.","",10.1016/j.sleep.2025.106853,"",,
rayyan-661287573,"Nocturnal Hypoxemia in Respiratory Medicine: Pathophysiology, Measurement, and Association with Outcomes.",2025,1,1,,,,,,Hajipour M and Labarca G and Ayas N and Azarbarzin A,https://pubmed.ncbi.nlm.nih.gov/40404132/,,,,"Nocturnal hypoxemia is a prevalent feature of various respiratory diseases, significantly impacting patient outcomes and therapeutic strategies. Oximetry, a noninvasive and widely accessible tool, enables the measurement of nocturnal hypoxemia through oxyhemoglobin saturation (SpO2)-derived metrics such as the oxygen desaturation index, percentage of sleep time with SpO2 below 90%, mean SpO2, and measures of the area under the desaturation curve (e.g., sleep apnea-specific hypoxic burden). While these metrics are well established in obstructive sleep apnea (OSA), their application in other respiratory conditions, including chronic obstructive pulmonary disease, pulmonary hypertension, obesity hypoventilation syndrome, heart failure, neuromuscular disorders, pregnancy, and high-altitude residents, remains an area of active investigation. This review explores the pathophysiology of hypoxemia in these conditions and evaluates the role of SpO2-derived metrics in risk stratification beyond OSA. We also discuss the challenges of interpreting SpO2 data, particularly the difficulty differentiating disease-related hypoxemia from comorbid OSA. Additionally, we examine the limitations of oximetry, including sensor inaccuracies, motion artifacts, and skin pigmentation. Finally, we emphasize the need for further research to standardize these metrics across diverse conditions and advocate for their integration into clinical practice to enhance patient management and outcomes.","",10.1055/a-2618-7422,"",,
rayyan-661287574,World Sleep Society recommendations for the use of wearable consumer health trackers that monitor sleep.,2025,1,1,,,,,,Chee MW and Baumert M and Scott H and Cellini N and Goldstein C and Baron K and Imtiaz SA and Penzel T and Kushida CA and World Sleep Society Sleep Tracker Task Force,https://pubmed.ncbi.nlm.nih.gov/40300398/,,,,"Wearable consumer health trackers (CHTs) are increasingly used for sleep monitoring, yet their utility remains debated within the sleep community. To navigate these perspectives, we propose pragmatic, actionable recommendations for users, clinicians, researchers, and manufacturers to support CHT usage and development. We provide an overview of the evolution of multi-sensor CHTs, detailing common sensors and sleep-relevant metrics. We advocate for standardized 'fundamental sleep measures' across manufacturers, distinguishing these from proprietary exploratory metrics with future potential. We outline best practices for using CHT-derived sleep data in healthy individuals while addressing current device limitations. Additionally, we explore their role in evaluating and managing individuals at risk for or diagnosed with insomnia, sleep apnea, or circadian rhythm sleep-wake disorders. Guidance is provided on device selection to align with their intended use and on conducting and interpreting performance evaluation studies. Collaboration with manufacturers is needed to balance feature comprehensiveness with clinical utility and usability. Finally, we examine challenges in integrating heterogeneous sleep data into clinical health records and discuss medical device certification for specific wearable CHT features. By addressing these issues, our recommendations aim to inform the usage of CHTs in the global community and to begin bridging the gap between consumer technology and clinical application, maximizing the potential of CHTs to enhance both personal and community sleep health.","",10.1016/j.sleep.2025.106506,"",,
rayyan-661287575,Tirzepatide on obstructive sleep apnea-related cardiometabolic risk: secondary outcomes of the SURMOUNT-OSA randomized trial.,2026,1,1,,,,,,Malhotra A and Grunstein R and Azarbarzin A and Sands S and Somers VK and Aronne LJ and Jastreboff AM and Lou J and Chakladar S and Dunn JP and Bunck MC and Bednarik J,https://pubmed.ncbi.nlm.nih.gov/41540105/,,,,"Obstructive sleep apnea (OSA) is associated with obesity and cardiovascular risk. The SURMOUNT-OSA master protocol comprised two, 52-week, randomized, double-blind, placebo-controlled phase 3 studies (study 1 and study 2) and demonstrated a significant reduction of a number of cardiometabolic risk measures in participants with OSA and obesity following treatment with tirzepatide. Here we report prespecified analysis of cardiometabolic risk measures in SURMOUNT-OSA. Post hoc analyses include changes in a homeostatic model assessment for insulin resistance and mediation analysis to determine the proportion of observed changes attributable to reductions in body weight, apnea-hypopnea index and sleep apnea-specific hypoxic burden. In both study 1 and study 2 of SURMOUNT-OSA, tirzepatide treatment was associated with greater alleviation of cardiometabolic risk factors than placebo. Independent mediation effect of changes in OSA metrics was observed on high-sensitivity C-reactive protein, homeostatic model assessment for insulin resistance and triglycerides. The combination of changes in weight and OSA metrics, as well as weight alone, had a significant mediation effect on systolic blood pressure, but there was no significant mediation effect of weight or OSA metrics observed on diastolic blood pressure. Based on the mediation analysis, treating both sleep-disordered breathing and obesity is likely required to optimize the treatment effect on cardiometabolic benefits for patients with moderate-to-severe OSA and obesity. The ClinicalTrials.gov registration number for this study is NCT05412004 .","",10.1038/s41591-025-04071-1,"",,
rayyan-661287576,Longitudinal sleep apnea burden monitoring: Implications for future smart wearable- and implantable- devices.,2022,1,1,,,,,,Linz D,https://pubmed.ncbi.nlm.nih.gov/35304188/,,,,,"",10.1016/j.ijcard.2022.03.025,"",,
rayyan-661287577,"The relationship between obesity and obstructive sleep apnea in four community-based cohorts: an individual participant data meta-analysis of 12,860 adults.",2025,1,1,,,,,,Esmaeili N and Gell L and Imler T and Hajipour M and Taranto-Montemurro L and Messineo L and Stone KL and Sands SA and Ayas N and Yee J and Cronin J and Heinzer R and Wellman A and Redline S and Azarbarzin A,https://pubmed.ncbi.nlm.nih.gov/40330547/,,,,"BACKGROUND: Obesity is a well-established risk factor for obstructive sleep apnea (OSA). We assessed the reciprocal prevalence of obesity and OSA and how it varies by age and sex.
METHODS: Following a systematic review through March 27, 2025, the final sample included four community-based cohort studies in the US and Switzerland. OSA severity was quantified using the apnea-hypopnea index (AHI, all apneas plus hypopneas with ≥4% oxygen desaturation/hour). Random effects individual participant data (IPD) meta-analyses estimated prevalences. Logistic regression compared odds of OSA across weight groups.
FINDINGS: Among 12,860 adults (mean ± SD age: 66.6 ± 7.3 years), 7222 (56.2%) had OSA (AHI ≥5 events/h) and 3309 (25.7%) had obesity (BMI ≥30 kg/m2). IPD meta-analysis showed 31.5% [95% CI: 16.8-48.5] of individuals with OSA had obesity and 44.4% [36.5-52.5] had overweight status (25 ≤ BMI < 30). Among subgroups of individuals with obesity and overweight, 74.3% [63.8-83.5] and 59.8% [46.5-75.7] had any OSA, respectively. Obesity was higher in females than males with OSA, and in younger (<65 years) vs. older individuals. Odds ratios for OSA in subgroups of individuals with overweight and obesity compared to BMI <25 kg/m2 were 2.18 [1.73-2.76] and 4.84 [3.09-6.00], respectively.
INTERPRETATION: Our analyses show that most adults with OSA do not have obesity, with 44.4% having overweight and 23.5% having normal weight or underweight. Obesity was more prevalent among females compared to males and in younger individuals (<65 years) compared to older individuals with OSA. Recognizing OSA is not exclusive to obesity highlights the need for personalized treatment plans.
FUNDING: American Academy of Sleep Medicine, National Heart, Lung, and Blood Institute, and Apnimed.","",10.1016/j.eclinm.2025.103221,"",,
rayyan-661287578,A Detailed Mechanistic Understanding of Positional and Nonpositional OSA: What Side Are You On?,2024,1,1,,,,,,Edwards BA and Joosten SA and Sands SA,https://pubmed.ncbi.nlm.nih.gov/38986643/,,,,,"",10.1016/j.chest.2024.03.025,"",,
rayyan-661287579,[Guidelines for the diagnosis and treatment of obstructive sleep apnea in adults (2025)].,2026,1,1,,,,,,Chinese Thoracic Society,https://pubmed.ncbi.nlm.nih.gov/41820035/,,,,"Obstructive sleep apnea (OSA) is a highly prevalent sleep-related breathing disorder with a considerable healthcare burden. Previously, the 2011 guideline for adult obstructive sleep apnea was largely formulated on the basis of expert opinion and consensus, which played an important role in guiding clinical practice. With the growing body of evidence from high-quality clinical studies, however, guideline development models that rely primarily on expert consensus are no longer adequate to support contemporary clinical decision-making. To further standardize the screening, diagnosis, treatment, and long-term management of OSA in adults, the Sleep Disordered Breathing Assembly of the Chinese Thoracic Society has developed evidence-based clinical practice guidelines. The recommendations were formulated according to the best currently available evidence, following the Appraisal of Guidelines for Research and Evaluation Ⅱ (AGREE Ⅱ) framework and the Reporting Items for Practice Guidelines in Healthcare (RIGHT) statement. Based on an extensive preliminary investigation, the guideline addresses 18 key clinical questions and provides detailed, evidence-based recommendations, aiming to support clinical decision-making and to promote standardized diagnosis, treatment, and management of adults with OSA in China.The clinical questions and recommendations are listed below.Question 1: Which populations should be screened for OSA?Recommendation 1: Routine screening for OSA is not recommended in the general population without high-risk features (1, A). Screening is recommended for individuals at high risk for OSA who exhibit typical symptoms or physical signs, or who have relevant comorbidities. Screening is also recommended for perioperative patients (e.g., candidates for bariatric surgery or other high-risk procedures) (1, A). Screening may be considered for high-risk individuals without typical symptoms (2, B). Screening is also recommended for individuals whose OSA may increase the risk of driving or occupational accidents (1, A).High-risk populations for OSA include: (1) Individuals with typical OSA symptoms, such as habitual snoring, excessive daytime sleepiness, witnessed apneas, nocturnal gasping or choking, morning headaches, morning dry mouth, non-restorative sleep, nocturia, impaired attention, memory decline, and reduced sexual function; (2) Individuals with typical physical signs of OSA, including obesity, increased neck circumference, retrognathia or micrognathia, macroglossia, enlarged uvula and soft palate, and tonsillar hypertrophy; (3) Individuals with OSA-related complications or comorbidities, such as obesity, hypertension, type 2 diabetes mellitus, cardiovascular disease, metabolic syndrome, hypothyroidism, polycystic ovary syndrome, acromegaly, neuromuscular diseases, depression, and anxiety; (4) Specific populations, including middle-aged and older men, pregnant women, and postmenopausal women; (5) Individuals with a family history of OSA, particularly those with first-degree relatives affected by OSA (1, A).Question 2: What is the role of questionnaires, craniofacial assessment, and other predictive tools in screening and evaluating individuals at high risk for OSA?Recommendation 2: The STOP-Bang questionnaire is recommended for OSA screening (1, A). The Berlin questionnaire and STOP questionnaire may also be considered (1, B). The Epworth Sleepiness Scale (ESS) is recommended to assess daytime sleepiness severity but should not be used to diagnose OSA (1, A). Subjective questionnaires alone, without objective sleep monitoring, are not recommended for OSA diagnosis (1, A).A structured physical examination of the upper airway and craniofacial features is recommended, including the modified Mallampati score and Friedman tongue position classification. Further evaluation (e.g., cephalometric radiography, CT or MRI of the upper airway) may be performed when indicated (1, A).Clinically validated consumer-grade sleep monitors and wearable AI devices may be considered to assist self-screening in high-risk individuals and encourage timely medical consultation. However, these are non-medical screening tools and should not replace medical-grade sleep monitoring for diagnosis (1, A).Question 3: How should polysomnography (PSG) and home sleep apnea testing (HSAT) be used in the diagnosis of OSA in adults?Recommendation 3: PSG is the gold standard for diagnosing OSA in adults (1, A). It is recommended as the first choice for complex cases (especially those with comorbid sleep disorders) and individuals in high-risk occupations (1, A). PSG is also preferred for precise assessment of treatment efficacy and follow-up (1, A).HSAT is recommended for diagnosing clinically suspected moderate-to-severe uncomplicated OSA, but should not be used to rule out OSA (1, A). It may also be used for hospitalized patients with limited mobility or critical illness requiring prompt intervention (1, A). HSAT can serve as an adjunct tool for treatment response assessment and follow-up (1, A). It is not recommended for general screening of asymptomatic individuals or for diagnosing mild OSA (1, A).Question 4: What are the diagnostic criteria and severity classification for OSA in adults?Recommendation 4: The ICSD-3-TR diagnostic criteria are recommended for diagnosing OSA in adults (1, A). In resource-limited primary care settings, simplified criteria incorporating history, physical examination, and pulse oximetry may be used (1, A).OSA severity should be classified primarily based on the apnea-hypopnea index (AHI), with nocturnal minimum pulse oxygen saturation as a supplementary measure of hypoxemia burden (1, A). Emerging indices such as HB and SBII may be considered when assessing cardiovascular and comorbidity risks (2, B).Question 5: How should OSA phenotypes and endotypes be assessed?Recommendation 5: There is no universally accepted phenotyping standard. In clinical practice, symptom-based categories are commonly used: excessive daytime sleepiness predominant, sleep disturbance/fragmentation predominant, and asymptomatic/minimally symptomatic phenotypes (1, B). Phenotype assessment should integrate demographics, symptoms, history, PSG data, and validated questionnaires (1, B).Endotyping may be considered using four physiological traits: critical closing pressure, arousal threshold, loop gain, and upper airway muscle responsiveness (1, B). Techniques such as CPAP pressure titration and esophageal pressure monitoring may be used to assess OSA endotypes (1, B). Alternatively, OSA endotypes may be estimated through advanced analysis of PSG signals (2, B).Individualized assessment of patients with OSA may also incorporate potentially treatable traits, including daytime functional impairment (e.g., excessive daytime sleepiness), co-existing sleep disorders (e.g., insomnia), specific high-risk factors (e.g., obesity), and underlying pathophysiological mechanisms, such as those described in the PALM framework (2, B).Question 6: Which health complications and safety risks should be prioritized in adults with OSA?Recommendation 6: Adults with OSA should be specifically monitored for cardiovascular disease, cerebrovascular disease, metabolic disorders, cognitive impairment, and traffic-or occupation-related safety risks (1, A). Evaluation for other potential risks, including malignancy, depression, chronic cough, asthma, and chronic obstructive pulmonary disease (COPD), is also recommended (1, B).Question 7: How should comprehensive management of adults with OSA be implemented?Recommendation 7: Comprehensive management of adult OSA should be multidisciplinary, individualized, and long-term, based on disease severity, etiology, lifestyle, and patient preferences (1, A).Lifestyle interventions are recommended for all patients, including dietary control, alcohol avoidance, smoking cessation, cautious use or avoidance of sedative-hypnotic agents and other medications that may induce or exacerbate OSA, sleep hygiene, and regular physical activity (1, A). Positional therapy is recommended for position-dependent OSA (1, A). Active weight management with a body mass index (BMI)-based stepwise strategy is recommended (1, A).Question 8: What are the indications for positive airway pressure (PAP) therapy in adults with OSA?Recommendation 8: PAP therapy is recommended as first-line treatment for adults with moderate-to-severe OSA (AHI≥15 events/h) (1, A). It may also be considered for patients with mild OSA who have cardiovascular or cerebrovascular disease, hypertension, diabetes, COPD, or prominent symptoms such as EDS, cognitive impairment, insomnia, or depression, as well as for perioperative patients (1, B).Question 9: How should PAP modalities be selected for adults with OSA?Recommendation 9: CPAP, APAP and BPAP are comparable in efficacy, safety, and adherence. CPAP is recommended as the default modality due to lower cost (1, A). APAP is recommended for patients intolerant to CPAP, or with positional, sleep-stage dependent, or alcohol-related OSA, or significant weight fluctuations (1, A). For asymptomatic patients, CPAP or APAP is recommended (1, A). BPAP is indicated if obstructive events persist at CPAP pressures≥15 cmH2O (1 cmH2O=0.098 kPa), for intolerance to high CPAP pressures, or for OSA with chronic hypoventilation disorders such as COPD, neuromuscular diseases, or obesity hypoventilation syndrome (1, A).Question 10: What are the principles and procedures for PAP titration?Recommendation 10: PAP pressure titration is recommended before initiating therapy (1, A). In-laboratory, full-night manual titration during PSG is the gold standard (1, A). For moderate-to-severe OSA, split-night in-laboratory titration or home auto-titration are acceptable alternatives (1, A). Manual titration is preferred over auto-titration in patients with congestive heart failure, severe pulmonary disease, neuromuscular disease, prior uvulopalatopharyngoplasty, need for nocturnal oxygen, or expected desaturation from non-OSA causes (e.g., hypoventilation or central sleep apnea syndromes) (1, A).Question 11: How can adherence to PAP therapy be improved?Recommendation 11: A structured, regular follow-up system is recommended, including telemedicine (remote monitoring, phone/video consultations, AI/smartphone apps) and behavioral or psychosocial interventions (e.g., motivational enhancement therapy, motivational interviewing) (1, A).Question 12: What are the indications for oral appliance therapy?Recommendation 12: Oral appliance therapy is recommended for primary snoring and mild-to-moderate OSA (1, A). It is also recommended as an alternative or adjunct for patients with poor PAP tolerance or adherence (1, A). Custom-made oral appliances are preferred over non-custom devices to improve adherence and effectiveness (1, A).Question 13: What are the indications for oropharyngeal myofunctional therapy?Recommendation 13: Oropharyngeal myofunctional therapy is recommended as an adjunct or combined therapy in patients with OSA (1, A).Question 14: What are the indications for upper airway surgery?Recommendation 14: Upper airway surgery may be considered for adults with significant anatomical abnormalities who are intolerant or nonadherent to PAP therapy, after a careful evaluation of the potential benefits and risks (1, A).Question 15: What are the indications for pharmacological therapy?Recommendation 15: Pharmacological therapy is not recommended as routine treatment for all adults with OSA (1, A). It may be considered as adjunctive treatment for specific phenotypes or treatable traits such as EDS, insomnia, or obesity, with appropriate patient selection (1, B).For OSA-related EDS: After careful clinical evaluation, wake-promoting agents may be considered for patients with OSA-related EDS who meet one or more of the following criteria: 1. Residual EDS despite adequate and adherent standard OSA therapy (including CPAP, oral appliance therapy, or surgery), with other causes of EDS excluded; 2. Presence of EDS in patients who refuse, are intolerant of, or are nonadherent to standard OSA therapy; 3. EDS that substantially impairs quality of life, interferes with work or study, or significantly increases the risk of traffic or occupational accidents (e.g., documented accidents or near-miss events)(Expert consensus; no grading). For patients with residual EDS despite adequate and adherent OSA therapy, treatment with solriamfetol or modafinil is recommended to improve daytime sleepiness (1, A). For patients with EDS who refuse or cannot tolerate standard OSA therapy, individualized treatment with solriamfetol is recommended (1, A), while modafinil may be considered (2, B). During pharmacologic treatment, continued counseling and encouragement to initiate or resume standard OSA therapy are recommended.For COMISA: With attention to interindividual variability in treatment response, short-term use of non-benzodiazepine hypnotic agents may be considered to improve insomnia symptoms (1, B). When non-benzodiazepine hypnotics are deemed necessary, they should be used under close monitoring or in combination with CPAP therapy (1, B). Benzodiazepines are not recommended for the treatment of COMISA (1, A).For OSA with obesity: For patients with moderate-to-severe OSA complicated by obesity, who have not achieved adequate control despite structured weight-management interventions (including dietary modifications and exercise), treatment with dual GIP/GLP-1 receptor agonists (e.g., tirzepatide) may be considered as an adjunctive therapy (1, A).Question 16: How can phenotype-and endotype-based evaluation guide individualized treatment?Recommendation 16: An individualized treatment strategy based on OSA phenotypes and endotypes may be considered in adults with OSA (1, B).Question 17: How should long-term follow-up of adults with OSA be planned?Recommendation 17: Follow-up should assess symptoms, sleep-related quality of life, patient-reported sleep quality, treatment adherence, adverse events, and patient/family satisfaction (1, A). Tools may include questionnaires (ESS, PSQI, SF) and objective tests (PSG, HSAT, pulse oximetry, MSLT, MWT) (1, A). Follow-up intervals should be tailored to the treatment; for PAP therapy, visits at 1 week, 1 month, and 3 months are recommended, and then every 6-12 months if stable (1, A).Question 18: What are the major applications of telemedicine in comprehensive OSA management?Recommendation 18: Telemedicine is valuable for remote diagnosis, treatment, and follow-up. It is recommended to improve PAP adherence (1, A). Remote diagnostic pathways combining HSAT with electronic questionnaires may be considered (2, B). Quality control measures should be implemented to ensure safety and effectiveness (1, A).","",10.3760/cma.j.cn112147-20251108-00694,"",,
rayyan-661287580,Association of Hypoxic Burden With Cardiovascular Events: A Risk Stratification Analysis of the Randomized Intervention With CPAP in Coronary Artery Disease and Sleep Apnea Cohort.,2025,1,1,,,,,,Peker Y and Celik Y and Zinchuk A and Sands SA and Redline S and Azarbarzin A,https://pubmed.ncbi.nlm.nih.gov/40818776/,,,,"BACKGROUND: The apnea-hypopnea index (AHI), the standard measure of OSA, has limitations in reflecting disease severity.
RESEARCH QUESTION: Is high hypoxic burden (HB) more strongly associated with major cardiovascular and cerebrovascular adverse events (MACCEs) than AHI of ≥ 30 events/h?
STUDY DESIGN AND METHODS: This secondary analysis of the Randomized Intervention With CPAP in Coronary Artery Disease and Sleep Apnea observational cohort included 368 adults with OSA (AHI ≥ 15 events/h) with (n = 155) and without (n = 244) excessive daytime sleepiness (EDS), defined as an Epworth Sleepiness Scale score of ≥ 10. HB was calculated as the total area under respiratory event-related desaturations divided by total sleep time. Patients were classified as having high or low HB based on the median (60.7%min/h). The primary outcome was the incident of the first MACCE. Cox proportional hazard models assessed associations in the full cohort and by CPAP allocation and adherence (nonadherent or no positive airway pressure [PAP] group, n = 262; adherent [adjusted PAP use ≥ 4 h/night for all nights at 1-year follow-up], n = 106). In an exploratory analysis, participants were grouped into 4 categories based on median AHI and HB (low and low, low and high, high and low, and high and high, respectively).
RESULTS: Over a median follow-up of 4.7 years, high HB was associated with MACCEs (adjusted hazard ratio, 1.87; 95% CI, 1.17-2.98; P = .009), particularly among untreated or nonadherent patients and those with baseline EDS. AHI of ≥ 30 events/h was not associated significantly with MACCEs (P = .366). When modelled continuously, HB and AHI each were associated with MACCEs; however, compared with low AHI and low HB, only high HB, regardless of AHI level, was linked to increased risk. In contrast, high AHI and low HB was not associated with MACCEs.
INTERPRETATION: High HB, but not AHI of ≥ 30 events/h, was associated with MACCEs in adults with moderate to severe OSA. Although AHI was associated with outcomes when modelled continuously, elevated risk seemed to be driven primarily by high HB.
CLINICAL TRIAL REGISTRATION: ClinicalTrials.gov; No.: NCT00519597; URL: www.
CLINICALTRIALS: gov.","",10.1016/j.chest.2025.07.4081,"",,
rayyan-661287581,Mouth Closure and Airflow in Patients With Obstructive Sleep Apnea: A Nonrandomized Clinical Trial.,2024,1,1,,,,,,Yang H and Huyett P and Wang TY and Sumner J and Azarbarzin A and Labarca GPT and Messineo L and Gell LK and Aishah A and Hu WH and White DP and Sands SA and Wellman A and Vena D,https://pubmed.ncbi.nlm.nih.gov/39361293/,,,,"IMPORTANCE: Mouth breathing is associated with increased airway resistance, pharyngeal collapsibility, and obstructive sleep apnea (OSA) severity. The common belief is that closing the mouth can mitigate the negative effects of mouth breathing during sleep. However, mouth breathing may serve as an essential route to bypassing obstruction along the nasal route (eg, the velopharynx).
OBJECTIVE: To investigate the role of mouth breathing as an essential route in some patients with OSA and its association with upper airway anatomical factors.
DESIGN, SETTING, AND PARTICIPANTS: This nonrandomized clinical trial included participants diagnosed with OSA who underwent drug-induced sleep endoscopy. Patients were stratified into 3 quantiles based on oral-breathing level (quantile 1: oral airflow < 0.05 L/min; quantile 2: oral airflow 0.05-2.2 L/min; quantile 3: oral airflow > 2.2 L/min).
INTERVENTIONS: Closing the mouth during sleep during alternating breaths by applying pressure to the mentum until teeth are in occlusion.
MAIN OUTCOMES AND MEASURES: The primary outcome was total inspiratory flow defined as the change in airflow in the transition from mouth relaxed to mouth closed, analyzed overall and by 3 oral-breathing quantiles. The association of velopharyngeal obstruction on the change in total inspiratory airflow was also investigated.
RESULTS: Of 66 enrolled patients with OSA, 12 were excluded due to insufficient baseline airflow. The analytic cohort consisted of 54 patients (39 [72%] male; median [IQR] age, 55 [46-64] years; apnea-hypopnea index, 26.9 [17.6-39.9] events/h; and body mass index calculated as weight in kilograms divided by height in meters squared, 28.9 [27.1-31.6]). Mouth closure increased total inspiratory flow by 27.8 percentage points overall (β, 1.0 [95% CI, 0.4-1.9] L/min). However, outcomes varied based on the degree of baseline oral breathing. No association was found for 10 patients with near-zero mouth breathing (0.9 [95% CI, -0.2 to 2.1] L/min). Airflow improved with mouth closure in 32 patients with moderate levels of mouth breathing (2.0 [95% CI, 1.3-2.7] L/min), whereas it worsened in patients with high levels of mouth breathing (-1.9 [95% CI, -3.1 to -0.6] L/min). Velopharyngeal obstruction was associated with increased mouth breathing (0.6 [95% CI, 0.1-3.0] L/min) and reduced airflow with mouth closure (-1.9 [95% CI, -3.1 to -0.7] L/min).
CONCLUSION AND RELEVANCE: Although mouth closure increased inspiratory airflow in the overall cohort of this nonrandomized clinical trial, the outcomes were heterogeneous. In patients who breathe primarily through their mouth during sleep and have velopharyngeal obstruction, airflow worsens with mouth closure. Hence, personalized approaches to treating mouth breathing should be considered.
TRIAL REGISTRATION: ClinicalTrials.gov Identifier: NCT06547658.","",10.1001/jamaoto.2024.3319,"",,
rayyan-661287582,"Editorial: Novel technologies in the diagnosis and management of sleep-disordered breathing, volume II.",2025,1,1,,,,,,Zou D and Korkalainen H,https://pubmed.ncbi.nlm.nih.gov/41425181/,,,,,"",10.3389/frsle.2025.1696478,"",,
rayyan-661287583,Polysomnographic airflow shapes and site of collapse during drug-induced sleep endoscopy.,2024,1,1,,,,,,Op de Beeck S and Vena D and Mann D and Azarbarzin A and Huyett P and Van de Perck E and Gell LK and Alex RM and Dieltjens M and Willemen M and Verbraecken J and Wellman A and Vanderveken OM and Sands SA,https://pubmed.ncbi.nlm.nih.gov/38548291/,,,,"BACKGROUND: Differences in the pharyngeal site of collapse influence efficacy of non-continuous positive airway pressure therapies for obstructive sleep apnoea (OSA). Notably, complete concentric collapse at the level of the palate (CCCp) during drug-induced sleep endoscopy (DISE) is associated with reduced efficacy of hypoglossal nerve stimulation, but CCCp is currently not recognisable using polysomnography. Here we develop a means to estimate DISE-based site of collapse using overnight polysomnography.
METHODS: 182 OSA patients provided DISE and polysomnography data. Six polysomnographic flow shape characteristics (mean during hypopnoeas) were identified as candidate predictors of CCCp (primary outcome variable, n=44/182), including inspiratory skewness and inspiratory scoopiness. Multivariable logistic regression combined the six characteristics to predict clear presence (n=22) versus absence (n=128) of CCCp (partial collapse and concurrent tongue base collapse excluded). Odds ratios for actual CCCp between predicted subgroups were quantified after cross-validation. Secondary analyses examined complete lateral wall, tongue base or epiglottis collapse. External validation was performed on a separate dataset (ntotal=466).
RESULTS: CCCp was characterised by greater scoopiness (β=1.5±0.6 per 2sd, multivariable estimate±se) and skewness (β=11.4±2.4) compared with non-CCCp. The odds ratio for CCCp in predicted positive versus negative subgroups was 5.0 (95% CI 1.9-13.1). The same characteristics provided significant cross-validated prediction of lateral wall (OR 6.3, 95% CI 2.4-16.5), tongue base (OR 3.2, 95% CI 1.4-7.3) and epiglottis (OR 4.4, 95% CI 1.5-12.4) collapse. CCCp and lateral wall collapse shared similar characteristics (skewed, scoopy), diametrically opposed to tongue base and epiglottis collapse characteristics. External validation confirmed model prediction.
CONCLUSIONS: The current study provides a means to recognise patients with likely CCCp or other DISE-based site of collapse categories using routine polysomnography. Since site of collapse influences therapeutic responses, polysomnographic airflow shape analysis could facilitate precision site-specific OSA interventions.","",10.1183/13993003.00261-2024,"",,
rayyan-661287584,Metformin protects the heart against chronic intermittent hypoxia through AMPK-dependent phosphorylation of HIF-1α.,2025,1,1,,,,,,Moulin S and Blachot-Minassian B and Kneppers A and Thomas A and Paradis S and Bultot L and Arnaud C and Pépin JL and Bertrand L and Mounier R and Belaidi E,https://pubmed.ncbi.nlm.nih.gov/40364612/,,,,"Chronic intermittent hypoxia (IH), a major feature of obstructive sleep apnea syndrome (OSA), is associated with greater severity of myocardial infarction. In this study, we performed RNA sequencing of cardiac samples from mice exposed to IH, which reveals a specific transcriptomic signature of the disease, relative to mitochondrial remodeling and cell death. Corresponding to its activation under chronic IH, we stabilized the Hypoxia Inducible Factor-1α (HIF-1α) in cardiac cells in vitro and observed its association with an increased autophagic flux. In accordance, IH induced autophagy and mitophagy, which are decreased in HIF-1α+/- mice compared to wild-type animals, suggesting that HIF-1 plays a significant role in IH-induced mitochondrial remodeling. Next, we showed that the AMPK metabolic sensor, typically activated by mitochondrial stress, is inhibited after 3 weeks of IH in hearts. Therefore, we assessed the effect of metformin, an anti-diabetic drug and potent activator of AMPK, on myocardial response to ischemia-reperfusion (I/R) injury. Daily administration of metformin significantly decreases infarct size without any systemic beneficial effect on insulin resistance under IH conditions. The cardioprotective effect of metformin was lost in AMPKα2 knock-out mice, demonstrating that AMPKα2 isoform promotes metformin-induced cardioprotection in mice exposed to IH. Mechanistically, we found that metformin inhibits IH-induced mitophagy in myocardium and decreases HIF-1α nuclear expression in mice subjected to IH. In vitro experiments demonstrated that metformin induced HIF-1α phosphorylation, decreased its nuclear localization, and HIF-1 transcriptional activity. Collectively, these results identify the AMPKα2 metabolic sensor as a novel modulator of HIF-1 activity. Our data suggest that metformin could be considered as a cardioprotective drug in OSA patients independently of their metabolic status.","",10.1111/febs.70110,"",,
rayyan-661287585,Obstructive Sleep Apnea Home-Monitoring Using a Commercial Wearable Device.,2022,1,1,,,,,,Mokhtaran M and Sacchi L and Tibollo V and Risi I and Ramella V and Quaglini S and Fanfulla F,https://pubmed.ncbi.nlm.nih.gov/35673070/,,,,"Obstructive sleep apnea (OSA) is a common sleep disorder and polysomnography (PSG) is the gold standard for its diagnosis and treatment monitoring. There are nowadays several activity trackers measuring sleep quality through the detection of sleep stages. To allow an easier monitoring of the treatment efficacy at home, this work explores the possibility of using one of those commercial smart-bands. To this aim, we studied the signals provided by PSG and a Fitbit smart-band on 26 consecutive patients, admitted to the hospital after the diagnosis of OSA, and submitted to ventilation or positional treatment. They underwent monitoring for three nights (basal, titration, and control). We developed both a visualization software allowing doctors to visually compare the two hypnograms, and a set of statistics for assessing the concordance of the two methods. Results indicate that Fitbit can detect normal sleep patterns, while it is less able to detect the abnormal ones.","",10.3233/shti220131,"",,
rayyan-661287586,Respiratory event-related physiological biomarkers and cognitive performance in obstructive sleep apnoea.,2025,1,1,,,,,,Hajipour M and Hicks JB and Hirsch Allen AJ and Beaudin AE and Raneri JK and Izadi Z and Jen R and Series F and Skomro RP and Robillard R and Kimoff RJ and Mehrjoo M and Fels S and Singh A and Smith EE and Hanly PJ and Azarbarzin A and Ayas NT,https://pubmed.ncbi.nlm.nih.gov/40876963/,,,,"BACKGROUND: Individuals with obstructive sleep apnoea (OSA) are at increased risk of cognitive impairment. However, the physiological mechanisms that link OSA to this impairment are unclear. We assessed the association between novel physiological biomarkers (i.e. respiratory event-related electroencephalography (EEG) activity and autonomic responses) and the risk of cognitive impairment.
METHODS: Participants with OSA (apnoea-hypopnoea index ≥5 events·h-1) from the Canadian Sleep and Circadian Network observational cohort were studied. Brain Response to Event (BReTE) was derived from EEG power (defined as mean (median post-event power/median pre-event power) (frequency range: 0.5-50 Hz)) for each individual. Event-related autonomic responses were measured by heart rate response to events (ΔHR: the difference between maximum post-event heart rate and minimum heart rate during event) and photoplethysmography (PPG)-derived vasoconstriction activity (event-related area and depth of PPG decline). Cognitive performance was assessed using the Montreal Cognitive Assessment (MoCA), Wechsler Digit Symbol Coding (DSC) and Rey Auditory Verbal Learning Test-Delayed Recall (RAVLT-DR). Multiple logistic regression examined the independent associations between biomarkers and outcomes.
RESULTS: We studied 537 individuals (42% female) with a median age of 55 years. In fully adjusted models, each 1sd decrease in BReTE was associated with higher odds of poor cognitive performance indicated by MoCA <26 (OR 1.42, 95% CI 1.13-1.79; p=0.003), DSC <25th percentile (OR 1.35, 95% CI 1.02-1.84; p=0.04) and RAVLT-DR <25th percentile (OR 1.50, 95% CI 1.13-2.02; p=0.007). Additionally, those with low ΔHR compared to the mid-range group were at increased risk of poor cognitive performance. Vasoconstriction indices were not associated with cognitive performance.
CONCLUSION: Blunted EEG and heart rate responses to respiratory events are linked to poorer cognitive performance in OSA, highlighting the value of EEG in identifying individuals at risk for cognitive impairment.","",10.1183/13993003.00201-2025,"",,
rayyan-661287587,Lateral wall collapse from sleep endoscopy and airflow shape predicts hypoglossal nerve stimulation efficacy in obstructive sleep apnoea.,2025,1,1,,,,,,Vena D and Op de Beeck S and Yang H and Sumner J and Mann D and Wang TY and Aishah A and Azarbarzin A and Messineo L and Calianese N and Alex R and Esmaeili N and Vanderveken OM and White DP and Wellman A and Huyett P and Sands SA,https://pubmed.ncbi.nlm.nih.gov/40774807/,,,,"BACKGROUND: Patient selection for hypoglossal nerve stimulation (HGNS) for obstructive sleep apnoea (OSA) requires assessment of pharyngeal site of collapse using drug-induced sleep endoscopy (DISE). The current study aims to address two key knowledge gaps. First, we prospectively confirm that, among HGNS candidates, reduced HGNS efficacy is associated with oropharyngeal lateral wall (OLW) collapse (Aim 1). Second, given DISE is a resource-intensive procedure and delays treatment, we evaluate whether a recently developed non-invasive method for identifying OLW collapse using airflow shapes is associated with reduced HGNS efficacy (Aim 2).
METHODS: Patients who underwent DISE, HGNS implantation and follow-up sleep testing were included in Aim 1 (n=369) as part of an observational cohort study. For Aim 2, airflow data estimating OLW collapse probability were collected during DISE via a pneumotachograph (n=138; DISE Flow cohort) and from a home sleep test (HST) via nasal cannula for validation (n=46; HST cohort). Linear regression quantified associations between HGNS efficacy (percent reduction in apnoea-hypopnoea index (AHI)) and DISE-determined OLW collapse (Aim 1) or flow shape-determined OLW collapse (probability score per 2sd) (Aim 2), adjusting for baseline AHI.
RESULTS: Compared to non-OLW collapse, DISE-determined OLW collapse reduced HGNS efficacy by -18.0% (95% CI -31.9- -6.2%). Increased flow shape-determined OLW collapse probability (Δ2sd) was associated with reduced HGNS efficacy in both DISE Flow (-24.8%, 95% CI -40.4- -11.7%) and HST (-22.7%, 95% CI -50.0- -2.6%) cohorts.
CONCLUSION: This study prospectively validates OLW collapse as a key factor in HGNS failure and shows that airflow-based identification of OLW collapse can effectively estimate HGNS efficacy, representing a significant advancement in patient selection for HGNS.","",10.1183/13993003.00236-2025,"",,
rayyan-661287588,Obstructive sleep apnea severity and pathophysiological traits in overlap syndrome: Insights from the SNOOzzzE cohort.,2025,1,1,,,,,,Raphelson J and Sanchez-Azofra A and Orr JE and Parra G and McGinnis L and Salinas A and Luu S and Sands SA and Azarbarzin A and Owens RL and Marin JM and Malhotra A and Schmickl CN,https://pubmed.ncbi.nlm.nih.gov/40611572/,,,,"The overlap syndrome (OVS), defined as coexisting chronic obstructive pulmonary disease (COPD) and obstructive sleep apnea (OSA), is linked to worse outcomes than either condition alone. Patients with COPD and OSA may have fewer obstructive events, but underlying mechanisms remain unclear. Using a large clinical cohort, we tested the hypothesis that OSA severity and pathophysiological traits differ in OVS versus OSA-alone. Data from the SNOOzzzE cohort (3319 adults with in-laboratory polysomnography 2017-2019) were used. OVS patients were identified through chart review and matched to OSA-only patients (3:1) by age, sex, and body mass index. OSA severity was assessed using apnea hypopnea index (AHI), hypoxic burden (HB), and T90 (%time with SpO2 < 90%), while OSA traits were quantified from polysomnographic signals via validated algorithms. Mixed model analysis quantified group differences before and after adjustment for covariate differences (Black race, smoking) accounting for matching as a random effect. In our diverse cohort (103 OVS vs. 309 OSA-only; 38% women, 44% non-White, 17% Hispanic), OVS patients tended to have a lower AHI and HB (approximately -10%, p < 0.1), but significantly higher T90 (~50%, p = 0.003). OVS patients had less upper airway collapsibility, lower arousal threshold, lower ventilatory response to arousal (p < 0.05) and tended to have higher upper airway dilator muscle compensation (p = 0.09). In adjusted analyses, effect estimates were similar, but significance was attenuated. Hyperinflation and air trapping were inversely associated with AHI/HB. OSA severity and mechanisms differ in OVS versus OSA-only. Future research should seek to evaluate these differences for their prognostic ability.","",10.14814/phy2.70438,"",,
rayyan-661287589,Portable evaluation of obstructive sleep apnea in adults: A systematic review.,2023,1,1,,,,,,Khor YH and Khung SW and Ruehland WR and Jiao Y and Lew J and Munsif M and Ng Y and Ridgers A and Schulte M and Seow D and Soon W and Churchward T and Howard ME,https://pubmed.ncbi.nlm.nih.gov/36657366/,,,,"Obstructive sleep apnea (OSA) is a significant healthcare burden affecting approximately one billion people worldwide. The prevalence of OSA is rising with the ongoing obesity epidemic, a key risk factor for its development. While in-laboratory polysomnography (PSG) is the gold standard for diagnosing OSA, it has significant drawbacks that prevent widespread use. Portable devices with different levels of monitoring are available to allow remote assessment for OSA. To better inform clinical practice and research, this comprehensive systematic review evaluated diagnostic performances, study cost and patients' experience of different levels of portable sleep studies (type 2, 3, and 4), as well as wearable devices and non-contact systems, in adults. Despite varying study designs and devices used, portable diagnostic tests are found to be sufficient for initial screening of patients at risk of OSA. Future studies are needed to evaluate cost effectiveness with the incorporation of portable diagnostic tests into the diagnostic pathway for OSA, as well as their application in patients with chronic respiratory diseases and other comorbidities that may affect test performance.","",10.1016/j.smrv.2022.101743,"",,
rayyan-661287590,Clinician-Focused Overview and Developments in Polysomnography.,2020,1,1,,,,,,Markun LC and Sampat A,https://pubmed.ncbi.nlm.nih.gov/33251088/,,,,"PURPOSE OF REVIEW: Polysomnography (PSG) represents a fundamental diagnostic tool used in the evaluation of sleep disorders. It represents a simultaneous recording of sleep staging, eye movements, electromyographic tone, respiratory parameters, and electrocardiogram. It is particularly helpful in the assessment of sleep-disordered breathing and its management, propensity for excessive sleepiness, complex behaviors during sleep, including motor disturbances of sleep, sleep-related epilepsy, and parasomnias. This review is intended to summarize the indications for PSG, the limitations and challenges of this diagnostic tool, indications for home sleep apnea testing options, and new developments and trends in polysomnography.
RECENT FINDINGS: The polysomnogram is fundamentally important in the evaluation of sleep-disordered breathing in the setting of cardiovascular comorbidities and neurologic conditions such as neuromuscular disease, stroke, and epilepsy and in the evaluation of dream enactment behavior in the setting of REM sleep behavior disorder (RBD). Because RBD is predictive of neurodegenerative disorders, recent data highlights the importance of PSG in corroborating the diagnosis of RBD and identifying people who may be at risk. However, due to cost as well as limitations in access to care, further testing has been developed and implemented including the home sleep apnea test (HSAT). The evolution of consumer wearable devices has also been a growing trend in sleep medicine; however, few have received appropriate validation.
SUMMARY: PSG has been used in both the clinical and research settings and remains the gold standard clinical diagnostic test for suspected obstructive sleep apnea (OSA) or central sleep apnea (CSA). Clinicians must be familiar with the basic indications for a PSG but also recognize when it is absolutely required. At this time, the PSG is essential in the evaluation of nocturnal hypoventilation disorders of sleep, periodic limb movements of sleep, and central nervous system hypersomnia (in the absence of CSF hypocretin) when combined with the multiple sleep latency test (MSLT) and is probably the only way to help differentiate among complex behaviors during sleep, especially in the setting of RBD. The capacity to establish an early diagnostic risk of potential dementia would be of critical importance once neuroprotective agents become available.","",10.1007/s40675-020-00197-5,"",,
rayyan-661287591,Associations between obstructive sleep apnea and comorbidities in a large clinical biobank.,2025,1,1,,,,,,Cade BE and Li L and Duff M and Yang C and Hassan SM and Yu X and Goodman MO and Alex RM and Azarbarzin A and Batool-Anwar S and Nezami FR and Ramezani A and Sands SA and Wang H and Kirchner HL and Shah NA and Epstein LJ and Pavlova MK and Redline S,https://pubmed.ncbi.nlm.nih.gov/40766115/,,,,"BACKGROUND: Obstructive sleep apnea (OSA) is associated with a wide range of comorbidities, but large-scale phenome-wide analyses in clinical biobanks remain under-reported. In this study, we identified common comorbidities enriched in patients with OSA, tested the temporality of these associations, and analyzed relevant associations with summary sleep recording data.
METHODS: 48,251 participants with OSA in the Mass General Brigham healthcare system were identified using a natural language processing phenotyping algorithm and/or evidence of an elevated apnea-hypopnea index (AHI). Controls were matched (2:1) on demographics, body mass index (BMI), and healthcare utilization. Associations with 358 incident and 563 cross-sectional diseases were tested using Modified Poisson regression, adjusting for covariates. Sensitivity analyses examined timing by binning data in years relative to the first OSA diagnosis. Selected laboratory results were obtained based on associated diseases. Associated diseases were tested with sleep recording statistics (n ≤18,348).
FINDINGS: 179 incident and 421 cross-sectional diseases were associated with OSA at Bonferroni significance. 37 diseases had Bonferroni-significant sex interactions. Several associations were significant years before the first recorded OSA diagnosis. Four red blood cell laboratory measures were significant ten years prior to the first diagnosis. One incident and 47 cross-sectional diseases were associated with the AHI and/or chronic hypoxemia.
INTERPRETATION: Obstructive sleep apnea is associated with enrichment of hundreds of diseases, several of which are supported by orthogonal polysomnographic evidence. Leveraging early signs of OSA in clinical data may help to identify at-risk patients.","",10.1101/2025.07.30.25332466,"",,
rayyan-661287592,Combination pharmacological therapy targeting multiple mechanisms of sleep apnoea: a randomised controlled cross-over trial.,2024,1,1,,,,,,Sands SA and Collet J and Gell LK and Calianese N and Hess LB and Vena D and Azarbarzin A and Bertisch SM and Landry S and Thomson L and Joosten SA and Hamilton GS and Edwards BA,https://pubmed.ncbi.nlm.nih.gov/38286618/,,,,"RATIONALE: Acetazolamide and atomoxetine-plus-oxybutynin ('AtoOxy') can improve obstructive sleep apnoea (OSA) by stabilising ventilatory control and improving dilator muscle responsiveness respectively. Given the different pathophysiological mechanisms targeted by each intervention, we tested whether AtoOxy-plus-acetazolamide would be more efficacious than AtoOxy alone.
METHODS: In a multicentre randomised crossover trial, 19 patients with moderate-to-severe OSA received AtoOxy (80/5 mg), acetazolamide (500 mg), combined AtoOxy-plus-acetazolamide or placebo at bedtime for three nights (half doses on first night) with a 4-day washout between conditions. Outcomes were assessed at baseline and night 3 of each treatment period. Mixed model analysis compared the reduction in Apnoea-Hypopnoea Index (AHI) from baseline between AtoOxy-plus-acetazolamide and AtoOxy (primary outcome). Secondary outcomes included hypoxic burden and arousal index.
RESULTS: Although AtoOxy lowered AHI by 49 (33, 62)%baseline (estimate (95% CI)) vs placebo, and acetazolamide lowered AHI by+34 (14, 50)%baseline vs placebo, AtoOxy-plus-acetazolamide was not superior to AtoOxy alone (difference: -2 (-18, 11)%baseline, primary outcome p=0.8). Likewise, the hypoxic burden was lowered with AtoOxy (+58 (37, 71)%baseline) and acetazolamide (+37 (5, 58)%baseline), but no added benefit versus AtoOxy occurred when combined (difference: -13 (-5, 39)%baseline). Arousal index was also modestly reduced with each intervention (11%baseline-16%baseline). Mechanistic analyses revealed that similar traits (ie, higher baseline compensation, lower loop gain) were associated with both AtoOxy and acetazolamide efficacy.
CONCLUSIONS: While AtoOxy halved AHI, and acetazolamide lowered AHI by a third, the combination of these leading experimental interventions provided no greater efficacy than AtoOxy alone. Failure of acetazolamide to further increase efficacy suggests overlapping physiological mechanisms.
TRIAL REGISTRATION NUMBER: NCT03892772.","",10.1136/thorax-2023-220184,"",,
rayyan-661287593,Photoplethysmography in Normal and Pathological Sleep.,2021,1,1,,,,,,Vulcan RS and André S and Bruyneel M,https://pubmed.ncbi.nlm.nih.gov/33922042/,,,,"This article presents an overview of the advancements that have been made in the use of photoplethysmography (PPG) for unobtrusive sleep studies. PPG is included in the quickly evolving and very popular landscape of wearables but has specific interesting properties, particularly the ability to capture the modulation of the autonomic nervous system during sleep. Recent advances have been made in PPG signal acquisition and processing, including coupling it with accelerometry in order to construct hypnograms in normal and pathologic sleep and also to detect sleep-disordered breathing (SDB). The limitations of PPG (e.g., oxymetry signal failure, motion artefacts, signal processing) are reviewed as well as technical solutions to overcome these issues. The potential medical applications of PPG are numerous, including home-based detection of SDB (for triage purposes), and long-term monitoring of insomnia, circadian rhythm sleep disorders (to assess treatment effects), and treated SDB (to ensure disease control). New contact sensor combinations to improve future wearables seem promising, particularly tools that allow for the assessment of brain activity. In this way, in-ear EEG combined with PPG and actigraphy could be an interesting focus for future research.","",10.3390/s21092928,"",,
rayyan-661287594,Trends in Diagnosing Obstructive Sleep Apnea in Pediatrics.,2022,1,1,,,,,,Kang M and Mo F and Witmans M and Santiago V and Tablizo MA,https://pubmed.ncbi.nlm.nih.gov/35327678/,,,,"Obstructive sleep apnea in children has been linked with behavioral and neurocognitive problems, impaired growth, cardiovascular morbidity, and metabolic consequences. Diagnosing children at a young age can potentially prevent significant morbidity associated with OSA. Despite the importance of taking a comprehensive sleep history and performing thorough physical examination to screen for signs and symptoms of OSA, these findings alone are inadequate for definitively diagnosing OSA. In-laboratory polysomnography (PSG) remains the gold standard of diagnosing pediatric OSA. However, there are limitations related to the attended in-lab polysomnography, such as limited access to a sleep center, the specialized training involved in studying children, the laborious nature of the test and social/economic barriers, which can delay diagnosis and treatment. There has been increasing research about utilizing alternative methods of diagnosis of OSA in children including home sleep testing, especially with the emergence of wearable technology. In this article, we aim to look at the presentation, physical exam, screening questionnaires and current different modalities used to aid in the diagnosis of OSA in children.","",10.3390/children9030306,"",,
rayyan-661287595,"Multinight Prevalence, Variability, and Diagnostic Misclassification of Obstructive Sleep Apnea.",2022,1,1,,,,,,Lechat B and Naik G and Reynolds A and Aishah A and Scott H and Loffler KA and Vakulin A and Escourrou P and McEvoy RD and Adams RJ and Catcheside PG and Eckert DJ,https://pubmed.ncbi.nlm.nih.gov/34904935/,,,,"Rationale: Recent studies suggest that obstructive sleep apnea (OSA) severity can vary markedly from night to night, which may have important implications for diagnosis and management. Objectives: This study aimed to assess OSA prevalence from multinight in-home recordings and the impact of night-to-night variability in OSA severity on diagnostic classification in a large, global, nonrandomly selected community sample from a consumer database of people that purchased a novel, validated, under-mattress sleep analyzer. Methods: A total of 67,278 individuals aged between 18 and 90 years underwent in-home nightly monitoring over an average of approximately 170 nights per participant between July 2020 and March 2021. OSA was defined as a nightly mean apnea-hypopnea index (AHI) of more than 15 events/h. Outcomes were multinight global prevalence and likelihood of OSA misclassification from a single night's AHI value. Measurements and Main Results: More than 11.6 million nights of data were collected and analyzed. OSA global prevalence was 22.6% (95% confidence interval, 20.9-24.3%). The likelihood of misdiagnosis in people with OSA based on a single night ranged between approximately 20% and 50%. Misdiagnosis error rates decreased with increased monitoring nights (e.g., 1-night F1-score = 0.77 vs. 0.94 for 14 nights) and remained stable after 14 nights of monitoring. Conclusions: Multinight in-home monitoring using novel, noninvasive under-mattress sensor technology indicates a global prevalence of moderate to severe OSA of approximately 20%, and that approximately 20% of people diagnosed with a single-night study may be misclassified. These findings highlight the need to consider night-to-night variation in OSA diagnosis and management.","",10.1164/rccm.202107-1761oc,"",,
rayyan-661287596,Screening moderate to severe obstructive sleep apnea with wearable device.,2024,1,1,,,,,,Tisyakorn J and Saiphoklang N and Sapankaew T and Thapa K and Anutariya C and Sujarae A and Tepwimonpetkun C,https://pubmed.ncbi.nlm.nih.gov/39688783/,,,,"BACKGROUND: Obstructive sleep apnea (OSA) is a highly prevalent sleep-related breathing disorder usually diagnosed through polysomnography (PSG). Moderate to severe OSA can significantly increase morbidity and mortality. Existing screening tools have limited accuracy. This study aimed to evaluate the Wellue O2 ring, a commercial pulse oximeter ring, for screening moderate to severe OSA.
METHODS: A cross-sectional study included adults aged 18 and older suspected of having OSA who underwent PSG while wearing the Wellue O2 ring on their thumb. The oxygen desaturation index (ODI) from both the O2 ring and PSG was recorded. Sensitivity, specificity, and receiver operating characteristic (ROC) curves were calculated to determine the optimal ODI cutoff value for predicting moderate to severe OSA.
RESULTS: The study included 190 participants (53.2% male) with an average age of 43 years and an average apnea-hypopnea index (AHI) of 50.4 events per hour. Among the participants, 84.7% had moderate to severe OSA. The optimal cutoff value for 11% ODI was 1.25 events per hour lasting 20 s, with a sensitivity of 87.30% and a specificity of 78.70%. The area under the ROC curve for identifying moderate to severe OSA was 0.91.
CONCLUSIONS: The Wellue O2 ring demonstrated high accuracy in detecting moderate to severe OSA and could be a viable alternative for screening in clinical settings due to its accessibility and ease of use. However, larger studies are required to validate its clinical utility for diagnosing and managing moderate to severe OSA.","",10.1007/s11325-024-03232-9,"",,
rayyan-661287597,Advanced polysomnographic analysis for OSA: A pathway to personalized management?,2020,1,1,,,,,,de Chazal P and Sutherland K and Cistulli PA,https://pubmed.ncbi.nlm.nih.gov/31038827/,,,,"Obstructive sleep apnea (OSA) is a highly heterogeneous disorder, with diverse pathways to disease, expression of disease, susceptibility to co-morbidities and response to therapy, and is ideally suited to precision medicine approaches. Clinically, the content of the information-rich polysomnogram (PSG) is not currently fully utilized in determining patient management. Novel PSG parameters such as hypoxic burden, pulse transit time, cardiopulmonary coupling and the frequency representations of PSG sensor signals could predict a variety of cardiovascular disease, cancer and neurodegeneration co-morbidities. The PSG can also be used to identify key pathophysiological parameters such as loop gain, arousal threshold and muscle compensation which can enhance understanding of the causes of OSA in an individual, and thereby guide choices on therapy. Machine learning methods performing their own parameter extraction coupled with large PSG data sets offer an exciting opportunity for discovering new links between the PSG variables and disease outcomes. By exploiting existing and emerging analytical methods, the PSG may offer a pathway to personalized management for OSA.","",10.1111/resp.13564,"",,
rayyan-661287598,Obstructive sleep apnea severity varies by season and environmental influences such as ambient temperature.,2025,1,1,,,,,,Lechat B and Nguyen DP and Sansom K and Pinilla L and Scott H and Reynolds AC and Vakulin A and Manners J and Adams RJ and Pepin JL and Escourrou P and Catcheside P and Eckert DJ,https://pubmed.ncbi.nlm.nih.gov/40731164/,,,,"BACKGROUND: Obstructive sleep apnea (OSA) severity often varies considerably from night-to-night, but whether environmental factors play a role is unclear. This study investigated seasonal and temperature-related changes in OSA severity.
METHODS: Data were acquired from 70,052 participants with an average apnea-hypopnea index (AHI) ≥ 5 events/hour who used an under-mattress sleep sensor at least 4 times/week between January 2020 and September 2023. Fixed effect models were used to investigate the association between AHI and day of the year, adjusting for geographical location, variation in total sleep time, ambient temperature, and air pollution.
RESULTS: Participants are middle-aged (mean ± SD, 53 ± 13 years), predominantly male (81%), overweight (BMI; 29 ± 6 kg/m2) and have an average of 492 ± 341 nights of data. Mean AHI is 18.0 ± 14.0 events/h and within-subject coefficient of variation is ±51%. AHI is ~5% higher during summer/winter compared to spring/autumn in the northern hemisphere, and 10-15% higher during summer compared to spring in the southern hemisphere. Higher ambient temperature (25th vs. 75th percentiles; 6 vs. 18 degrees Celsius) is associated with a 6.4% (95% CI; 6.3-6.5) increase in AHI. Results are consistent across 23 countries, although the effect of temperature on AHI is larger in Europe vs. the United States or Australia.
CONCLUSIONS: Here we demonstrate a seasonal component to OSA severity, partially explained by ambient temperature and seasonal variation in sleep duration. Our findings highlight the need to report data collection months in OSA clinical trials, and further study to uncover the physiology behind seasonal variation in OSA severity are required.","",10.1038/s43856-025-01016-0,"",,
rayyan-661287599,Migration of pressure sensor lead from hypoglossal nerve stimulator into right lung.,2022,1,1,,,,,,Anderson D and Fuller SC and Godoy LA,https://pubmed.ncbi.nlm.nih.gov/35440395/,,,,,"",10.1016/j.amjoto.2022.103462,"",,
rayyan-661287600,Clinical utility of smartphone applications for sleep physicians.,2023,1,1,,,,,,Hathorn T and Byun YJ and Rosen R and Sharma A,https://pubmed.ncbi.nlm.nih.gov/37233848/,,,,"PURPOSE: To review various smartphone applications (apps) for sleep architecture and screening of obstructive sleep apnea (OSA) and to outline their utility for sleep physicians.
METHODS: Mobile application stores (Google Play and Apple iOS App Store) were searched for sleep analysis applications (apps) that are targeted for consumer use. Apps were identified by two independent investigators for apps published through July 2022. App information including parameters obtained for sleep analysis were extracted from each app.
RESULTS: The search identified 50 apps that reported sufficient outcome measures to be considered for assessment. Half of the apps tracked sleep with phone-only technology, while 19 utilized sleep and fitness trackers, three utilized sleep-only wearable devices, and three utilized nearable devices. Seven apps provided data useful for tracking users for signs and symptoms of obstructive sleep apnea.
CONCLUSION: There are a variety of sleep analysis apps available on the market to consumers currently. Though the sleep analysis of these apps may not be validated, sleep physicians should be aware of these apps to improve understanding and education of their patients.","",10.1007/s11325-023-02851-y,"",,
rayyan-661287601,Clinical and Research Solutions to Manage Obstructive Sleep Apnea: A Review.,2021,1,1,,,,,,Xia F and Sawan M,https://pubmed.ncbi.nlm.nih.gov/33806496/,,,,"Obstructive sleep apnea (OSA), a common sleep disorder disease, affects millions of people. Without appropriate treatment, this disease can provoke several health-related risks including stroke and sudden death. A variety of treatments have been introduced to relieve OSA. The main present clinical treatments and undertaken research activities to improve the success rate of OSA were covered in this paper. Additionally, guidelines on choosing a suitable treatment based on scientific evidence and objective comparison were provided. This review paper specifically elaborated the clinically offered managements as well as the research activities to better treat OSA. We analyzed the methodology of each diagnostic and treatment method, the success rate, and the economic burden on the world. This review paper provided an evidence-based comparison of each treatment to guide patients and physicians, but there are some limitations that would affect the comparison result. Future research should consider the consistent follow-up period and a sufficient number of samples. With the development of implantable medical devices, hypoglossal nerve stimulation systems will be designed to be smart and miniature and one of the potential upcoming research topics. The transcutaneous electrical stimulation as a non-invasive potential treatment would be further investigated in a clinical setting. Meanwhile, no treatment can cure OSA due to the complicated etiology. To maximize the treatment success of OSA, a multidisciplinary and integrated management would be considered in the future.","",10.3390/s21051784,"",,
rayyan-661287602,Central Sleep Apnea Detection by Means of Finger Photoplethysmography.,2023,1,1,,,,,,Massie F and Vits S and Khachatryan A and Van Pee B and Verbraecken J and Bergmann J,https://pubmed.ncbi.nlm.nih.gov/36704242/,,,,"UNLABELLED: Obstructive Sleep Apnea (OSA) and Central Sleep Apnea (CSA) are two types of Sleep Apnea (SA) with different etiologies and treatment options. Home sleep apnea testing based on photoplethysmography-derived peripheral arterial tonometry (PAT HSAT) has become the most widely deployed outpatient SA diagnostic method. Being able to differentiate between CSA and OSA based solely on photoplethysmography-data would further increase PAT HSAT's clinical utility. The present work proposes a method to detect CSA using finger photoplethysmography (PPG) data and evaluates the proposed method against simultaneous in-lab polysomnography (PSG).
METHODS: For 266 patients with a suspicion of SA, concurrent in-lab PSG and PPG data were acquired. The respiratory information embedded in the PPG data was extracted and used to train an ensemble of trees classifiers that predicts the central or obstructive nature of each respiratory event. The classifier performance was evaluated using patient-wise leave-one-out cross-validation where an expert analysis of the PSG served as ground truth. A second, independent analysis of the PSG was also evaluated against the ground truth to allow benchmarking of the PPG-based method.
RESULTS: The method achieved a sensitivity of 81%, a specificity of 99%, a positive predictive value of 90%, and a negative predictive value of 98% at the central apnea-hypopnea index cutoff of 10 events per hour of sleep.
CONCLUSION AND SIGNIFICANCE: The present study aimed to evaluate a method to detect CSA in SA patients using only PPG data which could be used to flag CSA which in turn may aid in more optimal therapy decision making.","",10.1109/jtehm.2023.3236393,"",,
rayyan-661287603,"Effect of viloxazine and trazodone in obstructive sleep apnoea: a randomised, placebo-controlled, cross-over study.",2025,1,1,,,,,,Aishah A and Kim M and Gell L and Vena D and Azarbarzin A and Pho H and Norman D and Ojile J and Esmaeili N and Taranto-Montemurro L and Wellman A and Sands S and Messineo L,https://pubmed.ncbi.nlm.nih.gov/40360261/,,,,"INTRODUCTION: Combination of the noradrenergic atomoxetine with either the antimuscarinic aroxybutynin or trazodone has been shown to improve obstructive sleep apnoea (OSA) severity. However, atomoxetine may contribute to apnoea-cycling and reduced drug tolerability due to wake-promoting, especially in a subgroup (poor cytochrome 2D6 metabolisers leading to higher blood concentration of medication). We investigated the effect of a potentially more manageable noradrenergic, viloxazine, with and without trazodone, on OSA severity.
METHODS: In this double-blind, placebo-controlled, cross-over study, 24 patients with OSA (18-75 years) were analysed and randomised to 500 mg viloxazine, 500/75 mg viloxazine-trazodone (vilo-trazo) or placebo; taken before bed for 2 weeks with 1-week washout between treatments. In-laboratory polysomnography was performed at the end of each cross-over period. Mixed-model analyses compared the effect of vilo-trazo versus placebo on AHI4 (apnoea-hypopnoea index with 4% desaturations; primary outcome) and hypoxic burden (secondary outcome). Additional outcomes examined the effects of vilo-trazo versus viloxazine on total sleep time (TST) and wake-after-sleep-onset (WASO). Safety endpoints (patient-reported outcomes, heart rate and adverse events) were also assessed.
RESULTS: Vilo-trazo reduced AHI4 (mean difference (95% CI): 10.5 (6.6, 13.6) events/hour, p<0.001) and hypoxic burden (16.7 (9.6, 21.8) %min/hr, p<0.001) versus placebo. Compared with viloxazine, TST tended to be longer on vilo-trazo (22.3 (-1.4, 46.0) min, p<0.065), while WASO was unchanged. TST and WASO remained significantly reduced on vilo-trazo versus placebo. Both interventions worsened patient-reported outcomes, although to a lesser extent on vilo-trazo, and increased heart rate versus placebo. Commonly reported adverse events were insomnia, constipation, headache and xerostomia.
CONCLUSIONS: Viloxazine-trazodone reduced OSA severity. Potential deleterious effects of viloxazine on sleep quality appeared partly attenuated by trazodone.
TRIAL REGISTRATION NUMBER: NCT05793684.","",10.1136/thorax-2024-222513,"",,
rayyan-661287604,Wearable Sensors and Artificial Intelligence for Sleep Apnea Detection: A Systematic Review.,2025,1,1,,,,,,Osa-Sanchez A and Ramos-Martinez-de-Soria J and Mendez-Zorrilla A and Ruiz IO and Garcia-Zapirain B,https://pubmed.ncbi.nlm.nih.gov/40387964/,,,,"Sleep apnea, a prevalent disorder affecting millions of people worldwide, has attracted increasing attention in recent years due to its significant impact on public health and quality of life. The integration of wearable devices and artificial intelligence technologies has revolutionized the treatment and diagnosis of sleep apnea. Leveraging the portability and sensors of wearable devices, coupled with AI algorithms, has enabled real-time monitoring and accurate analysis of sleep patterns, facilitating early detection and personalized interventions for people suffering from sleep apnea. This article presents a systematic review of the current state of the art in identifying the latest artificial intelligence techniques, wearable devices, data types, and preprocessing methods employed in the diagnosis of sleep apnea. Four databases were used and the results before screening report 249 studies published between 2020 and 2024. After screening, 28 studies met the inclusion criteria. This review reveals a trend in recent years where methodologies involving patches, clocks and rings have been increasingly integrated with convolutional neural networks, producing promising results, particularly when combined with transfer learning techniques. We observed that the outcomes of various algorithms and their combinations also rely on the quantity and type of data utilized for training. The findings suggest that employing multiple combinations of different neural networks with convolutional layers contributes to the development of a more precise system for early diagnosis of sleep apnea.","",10.1007/s10916-025-02199-8,"",,
rayyan-661287605,Single channel photoplethysmography-based obstructive sleep apnea detection and arrhythmia classification.,2022,1,1,,,,,,Chen X and Huang J and Luo F and Gao S and Xi M and Li J,https://pubmed.ncbi.nlm.nih.gov/34486994/,,,,"BACKGROUND: Simplified and easy-to-use monitoring approaches are crucial for the early diagnosis and prevention of obstructive sleep apnea (OSA) and its complications.
OBJECTIVE: In this study, the OSA detection and arrhythmia classification algorithms based on single-channel photoplethysmography (PPG) are proposed for the early screening of OSA.
METHODS: Thirty clinically diagnosed OSA patients participated in this study. Fourteen features were extracted from the PPG signals. The relationship between the number of features as inputs of the support vector machine (SVM) and performance of apnea events detection was evaluated. Also, a multi-classification algorithm based on the modified Hausdorff distance was proposed to recognize sinus rhythm and four arrhythmias highly related with SA.
RESULTS: The feature set composed of meanPP, SDPP, RMSSD, meanAm, and meank1 could provide a satisfactory balance between the performance and complexity of the algorithm for OSA detection. Also, the arrhythmia classification algorithm achieves the average sensitivity, specificity and accuracy of 83.79%, 95.91% and 93.47%, respectively in the classification of all four types of arrhythmia and regular rhythm.
CONCLUSION: Single channel PPG-based OSA detection and arrhythmia classification in this study can provide a feasible and promising approach for the early screening and diagnosis of OSA and OSA-related arrhythmias.","",10.3233/thc-213138,"",,
rayyan-661287606,Quantitative detection of sleep apnea with wearable watch device.,2020,1,1,,,,,,Hayano J and Yamamoto H and Nonaka I and Komazawa M and Itao K and Ueda N and Tanaka H and Yuda E,https://pubmed.ncbi.nlm.nih.gov/33166293/,,,,"The spread of wearable watch devices with photoplethysmography (PPG) sensors has made it possible to use continuous pulse wave data during daily life. We examined if PPG pulse wave data can be used to detect sleep apnea, a common but underdiagnosed health problem associated with impaired quality of life and increased cardiovascular risk. In 41 patients undergoing diagnostic polysomnography (PSG) for sleep apnea, PPG was recorded simultaneously with a wearable watch device. The pulse interval data were analyzed by an automated algorithm called auto-correlated wave detection with adaptive threshold (ACAT) which was developed for electrocardiogram (ECG) to detect the cyclic variation of heart rate (CVHR), a characteristic heart rate pattern accompanying sleep apnea episodes. The median (IQR) apnea-hypopnea index (AHI) was 17.2 (4.4-28.4) and 22 (54%) subjects had AHI ≥15. The hourly frequency of CVHR (Fcv) detected by the ACAT algorithm closely correlated with AHI (r = 0.81), while none of the time-domain, frequency-domain, or non-linear indices of pulse interval variability showed significant correlation. The Fcv was greater in subjects with AHI ≥15 (19.6 ± 12.3 /h) than in those with AHI <15 (6.4 ± 4.6 /h), and was able to discriminate them with 82% sensitivity, 89% specificity, and 85% accuracy. The classification performance was comparable to that obtained when the ACAT algorithm was applied to ECG R-R intervals during the PSG. The analysis of wearable watch PPG by the ACAT algorithm could be used for the quantitative screening of sleep apnea.","",10.1371/journal.pone.0237279,"",,
rayyan-661287607,Usefulness of sleep apnea monitoring by pacemaker sensor in elderly patients with diastolic dysfunction.,2023,1,1,,,,,,Champ-Rigot L and Cornille AL and Ferchaud V and Morello R and Pellissier A and Ollitrault P and Saloux E and Moirot P and Milliez P,https://pubmed.ncbi.nlm.nih.gov/37734232/,,,,"BACKGROUND: Automated detection of sleep apnea (SA) by pacemaker (PM) has been proposed and exhibited good agreement with polysomnography to detect severe SA. We aimed to evaluate the usefulness of SA monitoring algorithm in elderly patients with diastolic dysfunction.
METHODS: Consecutive patients referred to the Caen University Hospital for PM implantation between May 2016 and December 2018 presenting isolated diastolic dysfunction were eligible for the study. The respiratory disturbance index (RDI) measured by the PM, and the mean monthly RDI (RDIm), were compared to the apnea hypopnea index (AHI) assessed with portable monitor for severe SA diagnosis.
RESULTS: During the study period, 68 patients were recruited, aged of 80.4 ± 8.2 years. 63 patients underwent polygraphy with a portable monitor: 57 presented SA (83.8%), including 16 with severe SA (23.5%). Eight were treated with continuous positive airway pressure (CPAP). We found the RDI cutoff value of 22 events/h to predict severe SA, with 71.4% sensitivity and 65.2%, specificity. The RDIm cutoff value to detect severe SA was 19 events/h, with a sensitivity of 60% and a specificity of 66%. There was a significant reduction in RDI (p = 0.041), RDIm (p = 0.039) and AHI (p = 0.002) after CPAP. Supraventricular arrhythmias were frequent in all patients, regardless of SA severity, considering either episodes occurrence or total burden.
CONCLUSION: In a population of elderly patients with PM and diastolic dysfunction, the SA monitoring algorithm was able to detect severe SA, with good diagnostic performance values, but also to provide follow-up data for the patients treated with CPAP.","",10.1016/j.resmer.2023.101025,"",,
rayyan-661287608,Sleep apnea endotypes: from the physiological laboratory to scalable polysomnographic measures.,2023,1,1,,,,,,Finnsson E and Arnardóttir E and Cheng WJ and Alex RM and Sigmarsdóttir ÞB and Helgason S and Hang LW and Ágústsson JS and Wellman A and Sands SA,https://pubmed.ncbi.nlm.nih.gov/41426478/,,,,"Obstructive sleep apnea (OSA) is a common disorder characterized by recurrent upper airway obstruction during sleep. Despite the availability of continuous positive airway pressure (CPAP) as the gold standard treatment, it is not well tolerated by all patients. Accordingly, research has increasingly focused on developing methods for OSA endotyping, which aims to identify underlying pathophysiological mechanisms of the disorder to help guide treatment for CPAP-intolerant individuals. Four key endotypic traits have been identified, namely: collapsibility, upper airway muscle compensation, arousal threshold and loop gain. However, most methods for extracting these traits require specialized training and equipment not available in a standard sleep clinic, which has hampered the ability to assess the full impact of these traits on OSA outcomes. This paper aims to provide an overview of current methods for OSA endotyping, focusing on the Endo-Phenotyping Using Polysomnography (PUP) method and its cloud-based extension, PUPpy, which offer scalable and accessible ways to estimate endotypic traits from standard polysomnography. We discuss the potential for these methods to facilitate precision medicine for OSA patients and the challenges that need to be addressed for their translation into clinical practice.","",10.3389/frsle.2023.1188052,"",,
rayyan-661287609,Detection of Sleep Apnea-Hypopnea Events Using Millimeter-wave Radar and Pulse Oximeter.,2024,1,1,,,,,,Wang W and Li C and Chen Z and Zhang W and Wang Z and Guo X and Guan J and Li G,https://pubmed.ncbi.nlm.nih.gov/40040165/,,,,"Obstructive Sleep Apnea-Hypopnea Syndrome (OSAHS) is a sleep-related breathing disorder associated with significant morbidity and mortality worldwide. The gold standard for OSAHS diagnosis, polysomnography (PSG), faces challenges in popularization due to its high cost and complexity. Recently, radar has shown potential in detecting sleep apnea-hypopnea events (SAE) with the advantages of low cost and non-contact monitoring. However, existing studies, especially those using deep learning, employ segment-based classification approach for SAE detection, making the task of event quantity estimation difficult. Additionally, radar-based SAE detection is susceptible to interference from body movements and the environment. Oxygen saturation (SpO2) can offer valuable information about OSAHS, but it also has certain limitations and cannot be used alone for diagnosis. In this study, we propose a method using millimeter-wave radar and pulse oximeter to detect SAE, called ROSA. It fuses information from both sensors, and directly predicts the temporal localization of SAE. Experimental results demonstrate a high degree of consistency (ICC=0.9864) between AHI from ROSA and PSG. This study presents an effective method with low- load device for the diagnosis of OSAHS.","",10.1109/embc53108.2024.10782344,"",,
rayyan-661287610,Consumer Wearable Sleep Trackers: Are They Ready for Clinical Use?,2023,1,1,,,,,,Chiang AA and Khosla S,https://pubmed.ncbi.nlm.nih.gov/37532372/,,,,"As the importance of good sleep continues to gain public recognition, the market for sleep-monitoring devices continues to grow. Modern technology has shifted from simple sleep tracking to a more granular sleep health assessment. We examine the available functionalities of consumer wearable sleep trackers (CWSTs) and how they perform in healthy individuals and disease states. Additionally, the continuum of sleep technology from consumer-grade to medical-grade is detailed. As this trend invariably grows, we urge professional societies to develop guidelines encompassing the practical clinical use of CWSTs and how best to incorporate them into patient care plans.","",10.1016/j.jsmc.2023.05.005,"",,
rayyan-661287611,Event-Level Identification of Sleep Apnea Using FMCW Radar.,2025,1,1,,,,,,Zhang H and Bo S and Zhang X and Wang P and Du L and Li Z and Wu P and Chen X and Jiang L and Fang Z,https://pubmed.ncbi.nlm.nih.gov/40281759/,,,,"Sleep apnea, characterized by its high prevalence and serious health consequences, faces a critical bottleneck in diagnosis. Polysomnography (PSG), the gold standard, is costly and cumbersome, while wearable devices struggle with quality control and patient compliance, rendering them as unsuitable for both large-scale screening and continuous monitoring. To address these challenges, this research introduces a contactless, low-cost, and accurate event-level sleep apnea detection method leveraging frequency-modulated continuous-wave (FMCW) radar technology. The core of our approach is a novel deep-learning model, built upon the U-Net architecture and augmented with self-attention mechanisms and squeeze-and-excitation (SE) modules, meticulously designed for the precise event-level segmentation of sleep apnea from FMCW radar signals. Crucially, we integrate blood oxygen saturation (SpO2) prediction as an auxiliary task within a multitask-learning framework to enhance the model's feature extraction capabilities and clinical utility by capturing physiological correlations between apnea events and oxygen levels. Rigorous evaluation in a clinical dataset, comprising data from 35 participants, with synchronized PSG and radar data demonstrated a performance exceeding that of the baseline methods (Base U-Net and CNN-MHA), achieving a high level of accuracy in event-level segmentation (with an F1-score of 0.8019) and OSA severity grading (91.43%). These findings underscore the significant potential of our radar-based event-level detection system as a non-contact, low-cost, and accurate solution for OSA assessment. This technology offers a promising avenue for transforming sleep apnea diagnosis, making large-scale screening and continuous home monitoring a practical reality and ultimately leading to improved patient outcomes and public health impacts.","",10.3390/bioengineering12040399,"",,
rayyan-661287612,Metabolic dysfunction in OSA: Is there something new under the sun?,2022,1,1,,,,,,Almendros I and Basoglu ÖK and Conde SV and Liguori C and Saaresranta T,https://pubmed.ncbi.nlm.nih.gov/34152053/,,,,"The growing number of patients with obstructive sleep apnea is challenging healthcare systems worldwide. Obstructive sleep apnea is characterized by chronic intermittent hypoxaemia, episodes of apnea and hypopnea, and fragmented sleep. Cardiovascular and metabolic diseases are common in obstructive sleep apnea, also in lean patients. Further, comorbidity burden is not unambiguously linked to the severity of obstructive sleep apnea. There is a growing body of evidence revealing diverse functions beyond the conventional tasks of different organs such as carotid body and gut microbiota. Chronic intermittent hypoxia and sleep loss due to sleep fragmentation are associated with insulin resistance. Indeed, carotid body is a multi-sensor organ not sensoring only hypoxia and hypercapnia but also acting as a metabolic sensor. The emerging evidence shows that obstructive sleep apnea and particularly chronic intermittent hypoxia is associated with non-alcoholic fatty liver disease. Gut dysbiosis seems to be an important factor in the pathophysiology of obstructive sleep apnea and its consequences. The impact of sleep fragmentation and intermittent hypoxia on the development of metabolic syndrome may be mediated via altered gut microbiota. Circadian misalignment seems to have an impact on the cardiometabolic risk in obstructive sleep apnea. Dysfunction of cerebral metabolism is also related to hypoxia and sleep fragmentation. Therefore, obstructive sleep apnea may alter cerebral metabolism and predispose to neurocognitive impairment. Moreover, recent data show that obstructive sleep apnea independently predicts impaired lipid levels. This mini-review will provide novel insights into the mechanisms of metabolic dysfunction in obstructive sleep apnea combining recent evidence from basic, translational and clinical research, and discuss the impact of positive airway pressure treatment on metabolic disorders.","",10.1111/jsr.13418,"",,
rayyan-661287613,Obstructive Sleep Apnea and Auditory Dysfunction-Does Snoring Sound Play a Role?,2022,1,1,,,,,,Lu CT and Lee LA and Lee GS and Li HY,https://pubmed.ncbi.nlm.nih.gov/36292063/,,,,"The objective of the study was to investigate the relationship between obstructive sleep apnea (OSA) and auditory dysfunction, and to clarify the role of snoring sounds in contributing to auditory dysfunction. A comprehensive assessment of OSA and the auditory system was performed, including overnight polysomnography, detection of the intra-ear canal snoring sound energy (SSE), pure tone average (PTA), tinnitus pitch matching, the tinnitus handicap inventory (THI), and the Epworth sleepiness scale (ESS). The patients were identified as having tinnitus if their THI score was higher than zero or their tinnitus pitches were matched to specific frequencies. The median age, body mass index, and apnea-hypopnea index score were 41 years, 26.4 kg/m2, and 29.9 events/h, respectively. Among the 50 participants, 46 (92%) had a normal PTA, and only 4 (8%) patients had mild hearing loss. There was no significant difference in PTA among OSA severities (p = 0.52). Among the 50 participants, 33 patients (66%) were identified as having tinnitus. In the tinnitus group (n = 33), the ESS score (p = 0.01) and intra-ear canal SSE of 851-1500 Hz (p = 0.04) were significantly higher than those in the non-tinnitus group (n = 17). OSA patients with a higher ESS score had a higher risk of tinnitus (odds ratio 1.22 [95% CI: 1.01-1.46]). OSA-related auditory dysfunction emerged in tinnitus rather than in hearing impairment. OSA patients with daytime sleepiness had a higher risk of tinnitus. High-frequency SSE can jeopardize cochlea and is a potential mechanism contributing to tinnitus. Detection of snoring sounds through an intra-ear canal device may be more precise in assessing acoustic trauma from snoring sounds to vulnerable auditory system and thus warrants further research.","",10.3390/diagnostics12102374,"",,
rayyan-661287614,Electrocardiogram Monitoring Wearable Devices and Artificial-Intelligence-Enabled Diagnostic Capabilities: A Review.,2023,1,1,,,,,,Neri L and Oberdier MT and van Abeelen KCJ and Menghini L and Tumarkin E and Tripathi H and Jaipalli S and Orro A and Paolocci N and Gallelli I and Dall'Olio M and Beker A and Carrick RT and Borghi C and Halperin HR,https://pubmed.ncbi.nlm.nih.gov/37430719/,,,,"Worldwide, population aging and unhealthy lifestyles have increased the incidence of high-risk health conditions such as cardiovascular diseases, sleep apnea, and other conditions. Recently, to facilitate early identification and diagnosis, efforts have been made in the research and development of new wearable devices to make them smaller, more comfortable, more accurate, and increasingly compatible with artificial intelligence technologies. These efforts can pave the way to the longer and continuous health monitoring of different biosignals, including the real-time detection of diseases, thus providing more timely and accurate predictions of health events that can drastically improve the healthcare management of patients. Most recent reviews focus on a specific category of disease, the use of artificial intelligence in 12-lead electrocardiograms, or on wearable technology. However, we present recent advances in the use of electrocardiogram signals acquired with wearable devices or from publicly available databases and the analysis of such signals with artificial intelligence methods to detect and predict diseases. As expected, most of the available research focuses on heart diseases, sleep apnea, and other emerging areas, such as mental stress. From a methodological point of view, although traditional statistical methods and machine learning are still widely used, we observe an increasing use of more advanced deep learning methods, specifically architectures that can handle the complexity of biosignal data. These deep learning methods typically include convolutional and recurrent neural networks. Moreover, when proposing new artificial intelligence methods, we observe that the prevalent choice is to use publicly available databases rather than collecting new data.","",10.3390/s23104805,"",,
rayyan-661287615,Wearable Technology for Monitoring Electrocardiograms (ECGs) in Adults: A Scoping Review.,2024,1,1,,,,,,Dahiya ES and Kalra AM and Lowe A and Anand G,https://pubmed.ncbi.nlm.nih.gov/38400474/,,,,"In the rapidly evolving landscape of continuous electrocardiogram (ECG) monitoring systems, there is a heightened demand for non-invasive sensors capable of measuring ECGs and detecting heart rate variability (HRV) in diverse populations, ranging from cardiovascular patients to sports enthusiasts. Challenges like device accuracy, patient privacy, signal noise, and long-term safety impede the use of wearable devices in clinical practice. This scoping review aims to assess the performance and safety of novel multi-channel, sensor-based biopotential wearable devices in adults. A comprehensive search strategy was employed on four databases, resulting in 143 records and the inclusion of 12 relevant studies. Most studies focused on healthy adult subjects (n = 6), with some examining controlled groups with atrial fibrillation (AF) (n = 3), long QT syndrome (n = 1), and sleep apnea (n = 1). The investigated bio-sensor devices included chest-worn belts (n = 2), wrist bands (n = 2), adhesive chest strips (n = 2), and wearable textile smart clothes (n = 4). The primary objective of the included studies was to evaluate device performance in terms of accuracy, signal quality, comparability, and visual assessment of ECGs. Safety findings, reported in five articles, indicated no major side effects for long-term/continuous monitoring, with only minor instances of skin irritation. Looking forward, there are ample opportunities to enhance and test these technologies across various physical activity intensities and clinical conditions.","",10.3390/s24041318,"",,
rayyan-661287616,"Radar-based remote physiological sensing: Progress, challenges, and opportunities.",2022,1,1,,,,,,Islam SMM,https://pubmed.ncbi.nlm.nih.gov/36304581/,,,,"Modern microwave Doppler radar-based physiological sensing is playing an important role in healthcare applications and during the last decade, there has been a significant advancement in this non-contact respiration sensing technology. The advantages of contactless, unobtrusive respiration monitoring have drawn interest in various medical applications such as sleep apnea, sudden infant death syndromes (SIDS), remote respiratory monitoring of burn victims, and COVID patients. This paper provides a perspective on recent advances in biomedical and healthcare applications of Doppler radar that can detect the tiny movement of the chest surfaces to extract heartbeat and respiration and its associated different vital signs parameters (tidal volume, heart rate variability (HRV), and so on) of the human subject. Additionally, it also highlights the challenges, and opportunities of this remote physiological sensing technology and several future research directions will be laid out to deploy this sensor technology in our day-to-day life.","",10.3389/fphys.2022.955208,"",,
rayyan-661287617,Breathable soft bioelectronics for enhanced automatic detection of obstructive sleep apnea.,2025,1,1,,,,,,Ban S and Kwon Y and Shin I and Perez MM and Smith B and Huang Y and Yoo JY and Bae J and Purnell CA and Yeo WH,https://pubmed.ncbi.nlm.nih.gov/40609200/,,,,"Obstructive sleep apnea (OSA) is a common sleep disorder that affects 1-5 % of children, with a notably higher prevalence among those with cleft lip/palate and dentofacial deformities. Early diagnosis in these populations is essential; however, access to polysomnography is often limited due to its high cost, technical complexity, and associated discomfort. Here, we introduce a wireless, soft, and breathable bioelectronic system for detecting OSA. This wearable device features a perforated, deformable structure that improves skin conformity, facilitates sweat removal, and minimizes motion artifacts. By measuring electrophysiological signals on the face, the system employs a deep learning framework that integrates multi-stream convolutional neural networks with bi-directional long short-term memory models to classify sleep stages and detect apnea events automatically. This work establishes a foundation for the diagnosis of pediatric OSA and has the potential to differentiate pre- and post-operative sleep patterns in patients undergoing orthognathic surgery.","",10.1016/j.bios.2025.117735,"",,
rayyan-661287618,Smart Sleep Monitoring: Sparse Sensor-Based Spatiotemporal CNN for Sleep Posture Detection.,2024,1,1,,,,,,Hu D and Gao W and Ang KK and Hu M and Chuai G and Huang R,https://pubmed.ncbi.nlm.nih.gov/39123879/,,,,"Sleep quality is heavily influenced by sleep posture, with research indicating that a supine posture can worsen obstructive sleep apnea (OSA) while lateral postures promote better sleep. For patients confined to beds, regular changes in posture are crucial to prevent the development of ulcers and bedsores. This study presents a novel sparse sensor-based spatiotemporal convolutional neural network (S3CNN) for detecting sleep posture. This S3CNN holistically incorporates a pair of spatial convolution neural networks to capture cardiorespiratory activity maps and a pair of temporal convolution neural networks to capture the heart rate and respiratory rate. Sleep data were collected in actual sleep conditions from 22 subjects using a sparse sensor array. The S3CNN was then trained to capture the spatial pressure distribution from the cardiorespiratory activity and temporal cardiopulmonary variability from the heart and respiratory data. Its performance was evaluated using three rounds of 10 fold cross-validation on the 8583 data samples collected from the subjects. The results yielded 91.96% recall, 92.65% precision, and 93.02% accuracy, which are comparable to the state-of-the-art methods that use significantly more sensors for marginally enhanced accuracy. Hence, the proposed S3CNN shows promise for sleep posture monitoring using sparse sensors, demonstrating potential for a more cost-effective approach.","",10.3390/s24154833,"",,
rayyan-661287619,A Wearable Functional Near-Infrared Spectroscopy (fNIRS) System for Obstructive Sleep Apnea Assessment.,2023,1,1,,,,,,Huang X and Tang J and Luo J and Shu F and Chen C and Chen W,https://pubmed.ncbi.nlm.nih.gov/37030671/,,,,"Obstructive sleep apnea (OSA), one of the most common sleep-related breathing disorders, contributes as a potentially life-threatening disease. In this paper, a wearable functional near-infrared spectroscopy (fNIRS) system for OSA monitoring is proposed. As a non-invasive system that can monitor oxygenation and cerebral hemodynamics, the proposed system is dedicated to mapping the pathogenic characteristics of OSA to dynamic changes in blood oxygen concentration and to constructing an automatic approach for assessing OSA. An algorithm including feature extraction, feature selection, and classification is proposed to signals. Permutation entropy(PE), for quantitative measuring the complexity of time series, is firstly involved to characterize the features of the physiological signals. Subsequently, the principal component analysis (PCA) for feature dimensionality reduction and support vector machine (SVM) algorithm for OSA classification are applied. The proposed method has been validated on a dataset that collected by the wearable system. It includes 40 subjects and composes of normal, and various severity cessation of breathing (e.g., mild, moderate, and severe). Experimental results exhibit that the proposed system can effectively distinguish OSA and non-OSA subjects, with an accuracy of 91.89%. The proposed system is expected to pave the novel perspective for OSA assessment in terms of cerebral hemodynamics.","",10.1109/tnsre.2023.3260303,"",,
rayyan-661287620,A Dual-Modal Wearable Pulse Detection System Integrated with Deep Learning for High-Accuracy and Low-Power Sleep Apnea Monitoring.,2025,1,1,,,,,,Wang J and Xue J and Zou Y and Ma Y and Xu J and Li Y and Deng F and Wang Y and Xing K and Li Z and Zou T,https://pubmed.ncbi.nlm.nih.gov/40298874/,,,,"Despite being a serious health condition that significantly increases cardiovascular and metabolic disease risks, sleep apnea syndrome (SAS) remains largely underdiagnosed. While polysomnography (PSG) remains the gold standard for diagnosis, its clinical application is limited by high costs, complex setup requirements, and sleep quality interference. Although wearable devices using photoplethysmography (PPG) have shown promise in SAS detection, their continuous operation demands substantial power consumption, hindering long-term monitoring capabilities. Here, a dual-modal wearable system is presented integrating a piezoelectric nanogenerator (PENG) and PPG sensor with a biomimetic fingertip structure for SAS detection. A two-stage detection strategy is adopted where the self-powered PENG performs continuous preliminary screening, activating the PPG sensor only when suspicious events are detected. Combined with a Vision Transformer-based deep learning model, the high-accuracy configuration achieves 99.59% accuracy, while the low-power two-stage approach maintained 94.95% accuracy. This dual-modal wearable pulse detection system provides a practical solution for long-term SAS monitoring, overcoming the limitations of traditional PSG while maintaining high detection accuracy. The system's versatility in both home and clinical settings offers the potential for improving early detection rates and treatment outcomes for SAS patients.","",10.1002/advs.202501750,"",,
rayyan-661287621,Doppler radar remote sensing of respiratory function.,2023,1,1,,,,,,Ishrak MS and Cai F and Islam SMM and Borić-Lubecke O and Wu T and Lubecke VM,https://pubmed.ncbi.nlm.nih.gov/37179837/,,,,"Doppler radar remote sensing of torso kinematics can provide an indirect measure of cardiopulmonary function. Motion at the human body surface due to heart and lung activity has been successfully used to characterize such measures as respiratory rate and depth, obstructive sleep apnea, and even the identity of an individual subject. For a sedentary subject, Doppler radar can track the periodic motion of the portion of the body moving as a result of the respiratory cycle as distinct from other extraneous motions that may occur, to provide a spatial temporal displacement pattern that can be combined with a mathematical model to indirectly assess quantities such as tidal volume, and paradoxical breathing. Furthermore, it has been demonstrated that even healthy respiratory function results in distinct motion patterns between individuals that vary as a function of relative time and depth measures over the body surface during the inhalation/exhalation cycle. Potentially, the biomechanics that results in different measurements between individuals can be further exploited to recognize pathology related to lung ventilation heterogeneity and other respiratory diagnostics.","",10.3389/fphys.2023.1130478,"",,
rayyan-661287622,Accurate contactless sleep apnea detection framework with signal processing and machine learning methods.,2022,1,1,,,,,,Zhuang Z and Wang F and Yang X and Zhang L and Fu CH and Xu J and Li C and Hong H,https://pubmed.ncbi.nlm.nih.gov/35781052/,,,,"The detection of sleep apnea is critical for assessing sleep quality. It is also a proven biometric in diagnosing cardiovascular and other diseases. Recent studies have shown that radar-based non-contact vital sign monitoring system can effectively detect sleep apnea. However, the detection accuracy in the current study still needs to be improved. In this paper, we propose a sleep apnea detection framework based on FMCW radar. First, the radar system is employed to record the sleep data throughout the night with polysomnography (PSG) comparison. Then, in order to extract more accurate respiratory signal from the raw radar data, the signal processing methods are investigated to solve the observed discontinuity phenomenon. Finally, machine learning methods are adopted. The apneic and not-apneic events are classified accurately by selecting effective features of respiratory signal. As shown in the experimental results, the proposed system could achieve a good classification performance with an accuracy of 95.53%, a sensitivity of 72.60%, a specificity of 97.32%, a Kappa of 0.68, and an F-score of 0.84.","",10.1016/j.ymeth.2022.06.013,"",,
rayyan-661287623,An Inertial-Based Wearable System for Monitoring Vital Signs during Sleep.,2024,1,1,,,,,,Kontaxis S and Kanellos F and Ntanis A and Kostikis N and Konitsiotis S and Rigas G,https://pubmed.ncbi.nlm.nih.gov/39000917/,,,,"This study explores the feasibility of a wearable system to monitor vital signs during sleep. The system incorporates five inertial measurement units (IMUs) located on the waist, the arms, and the legs. To evaluate the performance of a novel framework, twenty-three participants underwent a sleep study, and vital signs, including respiratory rate (RR) and heart rate (HR), were monitored via polysomnography (PSG). The dataset comprises individuals with varying severity of sleep-disordered breathing (SDB). Using a single IMU sensor positioned at the waist, strong correlations of more than 0.95 with the PSG-derived vital signs were obtained. Low inter-participant mean absolute errors of about 0.66 breaths/min and 1.32 beats/min were achieved, for RR and HR, respectively. The percentage of data available for analysis, representing the time coverage, was 98.3% for RR estimation and 78.3% for HR estimation. Nevertheless, the fusion of data from IMUs positioned at the arms and legs enhanced the inter-participant time coverage of HR estimation by over 15%. These findings imply that the proposed methodology can be used for vital sign monitoring during sleep, paving the way for a comprehensive understanding of sleep quality in individuals with SDB.","",10.3390/s24134139,"",,
rayyan-661287624,Machine Learning Assisted Wearable Wireless Device for Sleep Apnea Syndrome Diagnosis.,2023,1,1,,,,,,Wang S and Xuan W and Chen D and Gu Y and Liu F and Chen J and Xia S and Dong S and Luo J,https://pubmed.ncbi.nlm.nih.gov/37185558/,,,,"Sleep apnea syndrome (SAS) is a common but underdiagnosed health problem related to impaired quality of life and increased cardiovascular risk. In order to solve the problem of complicated and expensive operation procedures for clinical diagnosis of sleep apnea, here we propose a small and low-cost wearable apnea diagnostic system. The system uses a photoplethysmography (PPG) optical sensor to collect human pulse wave signals and blood oxygen saturation synchronously. Then multiscale entropy and random forest algorithms are used to process the PPG signal for analysis and diagnosis of sleep apnea. The SAS determination is based on the comprehensive diagnosis of the PPG signal and blood oxygen saturation signal, and the blood oxygen is used to exclude the error induced by non-pathological factors. The performance of the system is compared with the Compumedics Grael PSG (Polysomnography) sleep monitoring system. This simple diagnostic system provides a feasible technical solution for portable and low-cost screening and diagnosis of SAS patients with a high accuracy of over 85%.","",10.3390/bios13040483,"",,
rayyan-661287625,Redefining telemedicine in obstructive sleep apnea management through artificial intelligence.,2025,1,1,,,,,,Zou D and Lisik D and Bailly S and Verbraecken J,https://pubmed.ncbi.nlm.nih.gov/41425184/,,,,"Obstructive sleep apnea (OSA) represents a significant and increasingly prevalent health burden, impacting individual patients through diminished quality of life, increased morbidity and mortality, as well as society at large, via reduced productivity and escalating healthcare and welfare expenditures. As a multifactorial and heterogeneous disorder, OSA encompasses diverse endotypes and phenotypes, necessitating personalized approaches to diagnosis and management in order to achieve optimal clinical outcomes. Modern telemedicine encompasses a broad spectrum of digital tools designed to enhance the efficiency and precision of care delivery for complex conditions. Recent years have witnessed the rapid integration of advanced telehealth technologies, including consumer-grade devices, into clinical practice. Simultaneously, artificial intelligence (AI) has emerged as a transformative force in healthcare, enabling the automation of routine tasks, advanced data analytics, and the generation of novel clinical hypotheses. Within this domain, large language models, a subclass of AI specializing in natural language processing, offer new opportunities for augmenting patient-provider interactions, including streamlining communication and triaging patient-reported data. Despite these technological advancements, the full potential of telemedicine in the management of OSA remains underexplored. However, its implementation is expanding, particularly in longitudinal care models involving large patient cohorts. This Perspective aims to synthesize current state-of-the-art developments and proposes a comprehensive, integrated framework that leverages telemedicine, AI, and a multidimensional understanding of comorbidities and treatable traits throughout the continuum of OSA care, from screening and diagnosis to adherence monitoring and treatment optimization.","",10.3389/frsle.2025.1678077,"",,
rayyan-661287626,"Digital Biometrics in Predicting Risk for Obstructive Sleep Apnea and Hypertension: Decentralized, Prospective Cohort Study.",2025,1,1,,,,,,Orendain N and Bagsic SS and Ramos E and Pandit J and Owens RL and Jaiswal S,https://pubmed.ncbi.nlm.nih.gov/41340392/,,,,"BACKGROUND: Sleep is an important component of human health and can be measured longitudinally using digital activity trackers. Further, decentralized digital research has the potential to provide a real-world picture of sleep in large populations.
OBJECTIVE: This study examined whether longitudinal sleep patterns from activity trackers could predict risk of obstructive sleep apnea (OSA) and hypertension, as defined by the Berlin questionnaire and self-report, respectively.
METHODS: We recruited adults aged ≥18 years nationwide to join our sleep-focused smartphone-based study, called the Research Framework for Exploring Sleep Health. Our sample of 391 adults predominantly comprised women (68%, 247/364) with a mean age of 48 (SD 13.62) years. Participants were asked to fill out health-related surveys, including the Berlin questionnaire and the Horne-Ostberg questionnaire for chronotype. Participants were asked to link their own activity tracker to the app to collect longitudinal sleep data.
RESULTS: We analyzed sleep data from 391 participants; the cohort was predominantly White (65%, 231/353) followed by multiracial (17%, 61/353) and Hispanic or Latino (6.5%, 23/353) participants. Collinearity testing showed that OSA risk and self-reported hypertension could be considered independently. Holding BMI at a fixed value, the odds of having high OSA risk increased by 159% for every 1-hour increase in weekday sleep variability (odds ratio [OR] 2.592, 95% CI 1.613-4.400; P<.001), and the odds of high OSA risk increased by 93% for each 1-hour increase in weekend sleep variability (OR 1.928, 95% CI 1.197-3.094; P=.01). The odds of having high OSA risk increased by 22% for each unit (kg/m2) increase in BMI, holding both weekday and weekend sleep at separate fixed values (OR 1.217, 95% CI 1.153-1.293; P<.001). Controlling for age, sex, and BMI, the odds of endorsing hypertension increased by 71% for every 1-hour increase in weekday sleep variability (OR 1.712, 95% CI 1.062-2.917; P=.03). Conversely, for weekend sleep, the odds of endorsing hypertension increased by 43% for a 1-hour increase in weekend sleep variability (OR 1.432, 95% CI 1.062-1.928; P=.04). Increased sleep variability predicted a high risk for both OSA and hypertension in this decentralized cohort, when using data from the Berlin questionnaire.
CONCLUSIONS: Our study demonstrates the utility of decentralized digital health studies in sleep research. It highlights the potential of activity trackers to predict risk for OSA and hypertension without requiring other patient information or assessment. Sleep variability is gaining increasing importance in the context of sleep health. Digital devices have the potential to help individuals assess their risk for certain disorders.","",10.2196/77641,"",,
rayyan-661287627,Cardiovascular Risk Through Hypoxic Burden in Children With Sleep Apnea: A Secondary Analysis of a Nonrandomized Clinical Trial.,2025,1,1,,,,,,Mediano O and López-Monzoni S and Castillo-García M and Romero-Peralta S and Viejo-Ayuso ME and Silgado-Martínez L and Álvarez-Balado L and Forné C and Resano-Barrio P and García-Rio F and Cano-Pumarega I and Sánchez-de-la-Torre M and Ortigado A and Fidalgo L and Rodríguez Á and Álvarez A and Ullate Mora J and García-Mediano B and Azarbarzin A and Solano-Pérez E,https://pubmed.ncbi.nlm.nih.gov/41129152/,,,,"IMPORTANCE: Emerging biomarkers, such as hypoxic burden (HB), have demonstrated utility in estimation of cardiovascular (CV) risk in adults with obstructive sleep apnea (OSA). Its applicability in pediatric OSA remains unexplored.
OBJECTIVE: To explore whether HB is associated with disturbances in blood pressure (BP) patterns in pediatric OSA.
DESIGN, SETTING, AND PARTICIPANTS: Children with suspected OSA were included in this secondary analysis performed within the framework of the Kids Trial, a prospective, multicenter nonrandomized clinical trial, with data accrued between January 30, 2018, and August 28, 2023, at 2 university hospitals in Spain. A total of 286 children with suspected OSA were assessed for eligibility. Ninety-six children for whom HB was unavailable or with BP data that did not fulfill quality criteria were excluded.
MAIN OUTCOMES AND MEASURES: Children underwent polysomnography and 24-hour ambulatory BP monitoring (ABPM). HB was quantified as the area under the desaturation curve of each respiratory event, relative to the pre-event baseline oxygen saturation. BP variables were obtained from ABPM.
RESULTS: A total of 190 children were included in the analysis. Median age was 6 (IQR, 5-8) years, and 108 participants (56.8%) were male. Median apnea hypopnea index was 6.0 (IQR, 3.1-10.3) events per hour with a median HB of 9.6 (IQR, 3.8-22.5) %min/h. A comparison of the HB quartiles revealed that higher HB levels were associated with greater nocturnal diastolic BP (quartile 1: 56.0 [IQR, 52.0-60.0] mm Hg; quartile 2: 57.0 [IQR, 54.0-61.0] mm Hg; quartile 3: 59.0 [IQR, 53.0-61.0] mm Hg; and quartile 4: 58.0 [IQR, 55.0-61.0] mm Hg; P = .03), a reduced nocturnal decrease in mean BP (quartile 1: 13.5 [IQR, 8.0-18.2] mm Hg; quartile 2: 10.8 [IQR, 8.3-15.1] mm Hg; quartile 3: 11.4 [IQR, 8.7-15.2] mm Hg; and quartile 4: 8.9 [IQR, 6.6-13.5] mm Hg; P = .01), and an increased prevalence of a nondipping pattern (NDP) (quartile 1: 15 of 47 [31.9%]; quartile 2: 21 of 47 [44.7%]; quartile 3: 19 of 46 [41.3%]; and quartile 4: 26 of 47 [55.3%]; P = .04). Multivariable analysis showed an increased risk of NDP in the higher quartile of HB (odds ratio, 2.41; 95% CI, 1.00-5.79; P = .05).
CONCLUSIONS AND RELEVANCE: In this secondary analysis of a nonrandomized clinical trial, elevated HB values were associated with an NDP and reduced nocturnal decrease in BP in children with OSA, both of which are established markers of CV risk. These results suggest the potential utility of HB as a biomarker for CV risk stratification and clinical management in the pediatric population with OSA.","",10.1001/jamanetworkopen.2025.38744,"",,
rayyan-661287628,Oximetry-based devices in diagnosis of obstructive sleep apnea: A systematic review and meta-analysis.,2025,1,1,,,,,,da Silva Dantas EL and Stelzer FG and Bernardo WM and Eckeli AL,https://pubmed.ncbi.nlm.nih.gov/40749523/,,,,"Obstructive sleep apnea (OSA) is a common disorder, associated with significant morbidity and mortality. Recently, several oximetry-based devices have been developed to assist with diagnosing OSA. Therefore, this study aims to evaluate the diagnostic performance of these tools compared to PSG. We included studies that evaluated oximetry-based devices in comparison to PSG for OSA diagnosis in adults. 18 selected studies were divided into two subgroups: consumer wearable and medical devices. Overall sensitivity was 97 % (95 % Confidence Interval [CI]: 96-97 %) and specificity, 63 % (95 % CI: 61-65. In the consumer wearable devices subgroup, sensitivity was 93 % (95 % CI: 90 - 96) and specificity, 63 % (95 % CI: 53 - 71). In the medical devices subgroup, sensitivity was also high as 97 % (95 % CI: 96-97) with a specificity of 63 % (95 % CI: 61-65). Accuracy measured by area under the curve and post-test probability were both 90 %. Oximetry-based devices demonstrate high sensitivity for ruling out OSA in high-risk adults. However, their low specificity raises concerns regarding potential unnecessary healthcare costs. Therefore, these devices may be considered for screening in high-risk individuals, provided that all positive results are confirmed by a gold-standard diagnostic method.","",10.1016/j.smrv.2025.102139,"",,
rayyan-661287629,Identification of OSAHS patients based on ReliefF-mRMR feature selection.,2024,1,1,,,,,,Ye Z and Peng J and Zhang X and Song L,https://pubmed.ncbi.nlm.nih.gov/37878092/,,,,"Obstructive Sleep Apnea Hypopnea Syndrome (OSAHS) is a serious chronic sleep disorder. Snoring is a common and easily observable symptom of OSAHS patients. The purpose of this work is to identify OSAHS patients by analyzing the acoustic characteristics of snoring sounds throughout the entire night. Ten types of acoustic features, such as Mel-frequency cepstral coefficients (MFCC), linear prediction coefficients (LPC) and spectral entropy among others, were extracted from the snoring sounds. A fused feature selection algorithm based on ReliefF and Max-Relevance and Min-Redundancy (mRMR) was proposed for optimal feature set selection. Four types of machine learning models were then applied to validate the effectiveness of OSAHS patient identification. The results show that the proposed feature selection algorithm can effectively select features with high contribution, including MFCC and LPC. Based on the selected top-20 features and using a support vector machine model, the accuracies in identifying OSAHS patients under the thresholds of AHI = 5,15, and 30, were 100%, 100%, and 98.94%, respectively. This indicates that the proposed model can effectively identify OSAHS patients.","",10.1007/s13246-023-01345-1,"",,
rayyan-661287630,Sleep Diagnostics for Home Monitoring of Sleep Apnea Patients.,2021,1,1,,,,,,Huysmans D and Borzée P and Buyse B and Testelmans D and Van Huffel S and Varon C,https://pubmed.ncbi.nlm.nih.gov/34713155/,,,,"Objectives: Sleep time information is essential for monitoring of obstructive sleep apnea (OSA), as the severity assessment depends on the number of breathing disturbances per hour of sleep. However, clinical procedures for sleep monitoring rely on numerous uncomfortable sensors, which could affect sleeping patterns. Therefore, an automated method to identify sleep intervals from unobtrusive data is required. However, most unobtrusive sensors suffer from data loss and sensitivity to movement artifacts. Thus, current sleep detection methods are inadequate, as these require long intervals of good quality. Moreover, sleep monitoring of OSA patients is often less reliable due to heart rate disturbances, movement and sleep fragmentation. The primary aim was to develop a sleep-wake classifier for sleep time estimation of suspected OSA patients, based on single short-term segments of their cardiac and respiratory signals. The secondary aim was to define metrics to detect OSA patients directly from their predicted sleep-wake pattern and prioritize them for clinical diagnosis. Methods: This study used a dataset of 183 suspected OSA patients, of which 36 test subjects. First, a convolutional neural network was designed for sleep-wake classification based on healthier patients (AHI < 10). It employed single 30 s epochs of electrocardiograms and respiratory inductance plethysmograms. Sleep information and Total Sleep Time (TST) was derived for all patients using the short-term segments. Next, OSA patients were detected based on the average confidence of sleep predictions and the percentage of sleep-wake transitions in the predicted sleep architecture. Results: Sleep-wake classification on healthy, mild and moderate patients resulted in moderate κ scores of 0.51, 0.49, and 0.48, respectively. However, TST estimates decreased in accuracy with increasing AHI. Nevertheless, severe patients were detected with a sensitivity of 78% and specificity of 89%, and prioritized for clinical diagnosis. As such, their inaccurate TST estimate becomes irrelevant. Excluding detected OSA patients resulted in an overall estimated TST with a mean bias error of 21.9 (± 55.7) min and Pearson correlation of 0.74 to the reference. Conclusion: The presented framework offered a realistic tool for unobtrusive sleep monitoring of suspected OSA patients. Moreover, it enabled fast prioritization of severe patients for clinical diagnosis.","",10.3389/fdgth.2021.685766,"",,
rayyan-661287631,Multimodal and flexible hydrogel-based sensors for respiratory monitoring and posture recognition.,2024,1,1,,,,,,Liu J and Zhao W and Li J and Li C and Xu S and Sun Y and Ma Z and Zhao H and Ren L,https://pubmed.ncbi.nlm.nih.gov/37879270/,,,,"The accurate monitoring of respiratory events and human motion states holds paramount importance in the realm of health surveillance and disease prognostication. An exquisitely precise, multifaceted, portable, and environmentally resilient sensor designed for health monitoring would undeniably be of utmost desirability, despite its persisting as a formidable challenge. Here, we propose a breath monitoring and posture recognition system that utilizes hydrogel electrolytes based on polyvinyl alcohol, sodium alginate, and starch, suitable for supercapacitors and multimodal wearable sensors. The multimodal smart sensors can independently detect mechanical and thermal changes through the output signals of capacitance and resistance, respectively. Moreover, we have cultivated an artificial neural network to achieve a finger-pressing posture recognition accuracy of up to 99.259%. Our hydrogel sensors have also been successfully employed in the diagnosis of obstructive sleep apnea syndrome. The flexible electronic device derived from this study exhibit a plethora of functionalities, thereby affording a novel perspective for the design and fabrication of advanced flexible electronic contrivances that find applications across diverse domains such as medicine and virtual reality.","",10.1016/j.bios.2023.115773,"",,
rayyan-661287632,Noncontact Infant Apnea Detection for Hypoxia Prevention With a K-Band Biomedical Radar.,2024,1,1,,,,,,Wen L and Dong S and Wang Y and Gu C and Tang Z and Liu Z and Wang Y and Mao J,https://pubmed.ncbi.nlm.nih.gov/37851550/,,,,"Annually, a significant number of premature infants suffer from apnea, which can easily cause a drop in oxygen saturation levels, leading to hypoxia. However, infant cardiopulmonary monitoring using conventional methods often necessitates skin contact, and they are not suitable for long-term monitoring. This article introduces a non-contact technique for infant cardiopulmonary monitoring and an adjustable apnea detection algorithm. These are developed using a custom-designed K-band continuous-wave biomedical radar sensor system, which features a DC-coupled adaptive digital tuning function. By using radar technology to detect chest motions without physical contact, it is feasible to extract significant biological information regarding an infant's respiration and heartbeat. The proposed algorithm utilizes an adaptively adjusted threshold and personalized apnea warning time to automatically measure the total number of apneic events and their respective durations. Experiments have been conducted in clinical environment, demonstrating that both the accurate cardiopulmonary signals and the apneas of varying durations can be effectively monitored using this method, which suggest that the proposed technique has potential applications both inside and outside of clinical settings.","",10.1109/tbme.2023.3325468,"",,
rayyan-661287633,Application of artificial intelligence in the diagnosis of sleep apnea.,2023,1,1,,,,,,Bazoukis G and Bollepalli SC and Chung CT and Li X and Tse G and Bartley BL and Batool-Anwar S and Quan SF and Armoundas AA,https://pubmed.ncbi.nlm.nih.gov/36856067/,,,,"STUDY OBJECTIVES: Machine learning (ML) models have been employed in the setting of sleep disorders. This review aims to summarize the existing data about the role of ML techniques in the diagnosis, classification, and treatment of sleep-related breathing disorders.
METHODS: A systematic search in Medline, EMBASE, and Cochrane databases through January 2022 was performed.
RESULTS: Our search strategy revealed 132 studies that were included in the systematic review. Existing data show that ML models have been successfully used for diagnostic purposes. Specifically, ML models showed good performance in diagnosing sleep apnea using easily obtained features from the electrocardiogram, pulse oximetry, and sound signals. Similarly, ML showed good performance for the classification of sleep apnea into obstructive and central categories, as well as predicting apnea severity. Existing data show promising results for the ML-based guided treatment of sleep apnea. Specifically, the prediction of outcomes following surgical treatment and optimization of continuous positive airway pressure therapy can be guided by ML models.
CONCLUSIONS: The adoption and implementation of ML in the field of sleep-related breathing disorders is promising. Advancements in wearable sensor technology and ML models can help clinicians predict, diagnose, and classify sleep apnea more accurately and efficiently.
CITATION: Bazoukis G, Bollepalli SC, Chung CT, et al. Application of artificial intelligence in the diagnosis of sleep apnea. J Clin Sleep Med. 2023;19(7):1337-1363.","",10.5664/jcsm.10532,"",,
rayyan-661287634,"A wearable, flexible sensor for real-time, home monitoring of sleep apnea.",2022,1,1,,,,,,Honda S and Hara H and Arie T and Akita S and Takei K,https://pubmed.ncbi.nlm.nih.gov/35434564/,,,,"A flexible sensor that can be attached to the body to collect vital data wirelessly enables real-time human healthcare management. One potential application for home-use healthcare devices is monitoring of sleep conditions to diagnose sleep apnea syndrome. Such data are not readily gathered using conventional tools, owing to the bulk and cost of instrumentation. In order to monitor respiration at home, it is necessary to improve sensing performance and long-term stability of the sensors without sacrificing wearability and comfortability. To build a platform for wireless home-use respiration monitoring, this study develops a mask-borne flexible humidity sensor using ZnIn2S4 nanosheets as a humidity-sensitive material with high sensitivity and stability for more than 150 h. As proof-of-concept, long-term wireless respiration monitoring is demonstrated during sleep to identify symptoms of sleep apnea in wearers.","",10.1016/j.isci.2022.104163,"",,
rayyan-661287635,A consumer wearable device for tracking sleep respiratory events.,2023,1,1,,,,,,Tondo P and Dell'Olio F and Lacedonia D and Sabato R and Leccisotti R and Foschino Barbaro MP and Scioscia G,https://pubmed.ncbi.nlm.nih.gov/36378480/,,,,"PURPOSE: The diagnosis of obstructive sleep apnea (OSA) is instrument, operator, and time-dependent and therefore requires long waiting times. In recent decades, technological development has produced useful devices to monitor the health status of the population, including sleep. Therefore, the aim of this study was to evaluate a wearable device (WD) in a group of individuals at high risk of OSA.
METHODS: The study was conducted on consecutive subjects with high risk of OSA assessed by sleep questionnaires and clinical evaluation. All subjects performed cardio-respiratory monitoring (CRM) and WD simultaneously on a single night, after which the parameters of the two sleep investigations were compared.
RESULTS: Of 20 individuals enrolled, 60% were men and mean age was 57.3 ± 10.7 years. The apnea-hypopnea index (AHI) for the CRM was 23.1 ± 19.6 events·h-1 while it was 10.3 ± 8.3 events·h-1 for the WD. Correlation analysis between the results of the two investigations showed r = 0.19 (p = 0.40) for AHI and r = 0.4076 (p = 0.07) for sO2%. The accuracy for different stages of OSA severity was 70% in OSA cases and 60% in moderate to severe cases with sensitivity and specificity varying a great deal.
CONCLUSION: Small and low-cost devices may prove to be a valuable resource to reduce costs and waiting times for a sleep investigation in suspected OSA. However, diagnosis of sleep apnea requires valid and reliable instruments, so validation tests are necessary before a device can be commercialized.","",10.1007/s11325-022-02743-7,"",,
rayyan-661287636,Screening of sleep apnea based on heart rate variability and long short-term memory.,2021,1,1,,,,,,Iwasaki A and Nakayama C and Fujiwara K and Sumi Y and Matsuo M and Kano M and Kadotani H,https://pubmed.ncbi.nlm.nih.gov/33423183/,,,,"PURPOSE: Sleep apnea syndrome (SAS) is a prevalent sleep disorder in which apnea and hypopnea occur frequently during sleep and result in increase of the risk of lifestyle-related disease development as well as daytime sleepiness. Although SAS is a common sleep disorder, most patients remain undiagnosed because the gold standard test polysomnography (PSG), is high-cost and unavailable in many hospitals. Thus, an SAS screening system that can be used easily at home is needed.
METHODS: Apnea during sleep affects changes in the autonomic nervous function, which causes fluctuation of the heart rate. In this study, we propose a new SAS screening method that combines heart rate measurement and long short-term memory (LSTM) which is a type of recurrent neural network (RNN). We analyzed the data of intervals between adjacent R waves (R-R interval; RRI) on the electrocardiogram (ECG) records, and used an LSTM model whose inputs are the RRI data is trained to discriminate the respiratory condition during sleep.
RESULTS: The application of the proposed method to clinical data showed that it distinguished between patients with moderate-to-severe SAS with a sensitivity of 100% and specificity of 100%, results which are superior to any other existing SAS screening methods.
CONCLUSION: Since the RRI data can be easily measured by means of wearable heart rate sensors, our method may prove to be useful as an SAS screening system at home.","",10.1007/s11325-020-02249-0,"",,
rayyan-661287637,Energy-Efficient Sleep Apnea Detection Using a Hyperdimensional Computing Framework Based on Wearable Bracelet Photoplethysmography.,2024,1,1,,,,,,Chen T and Zhang J and Xu Z and Redmond SJ and Lovell NH and Liu G and Wang C,https://pubmed.ncbi.nlm.nih.gov/38483799/,,,,"OBJECTIVE: Sleep apnea syndrome (SAS) is a common sleep disorder, which has been shown to be an important contributor to major neurocognitive and cardiovascular sequelae. Considering current diagnostic strategies are limited with bulky medical devices and high examination expenses, a large number of cases go undiagnosed. To enable large-scale screening for SAS, wearable photoplethysmography (PPG) technologies have been used as an early detection tool. However, existing algorithms are energy-intensive and require large amounts of memory resources, which are believed to be the major drawbacks for further promotion of wearable devices for SAS detection.
METHODS: In this paper, an energy-efficient method of SAS detection based on hyperdimensional computing (HDC) is proposed. Inspired by the phenomenon of chunking in cognitive psychology as a memory mechanism for improving working memory efficiency, we proposed a one-dimensional block local binary pattern (1D-BlockLBP) encoding scheme combined with HDC to preserve dominant dynamical and temporal characteristics of pulse rate signals from wearable PPG devices.
RESULTS: Our method achieved 70.17 % accuracy in sleep apnea segment detection, which is comparable with traditional machine learning methods. Additionally, our method achieves up to 67× lower memory footprint, 68× latency reduction, and 93× energy saving on the ARM Cortex-M4 processor.
CONCLUSION: The simplicity of hypervector operations in HDC and the novel 1D-BlockLBP encoding effectively preserve pulse rate signal characteristics with high computational efficiency.
SIGNIFICANCE: This work provides a scalable solution for long-term home-based monitoring of sleep apnea, enhancing the feasibility of consistent patient care.","",10.1109/tbme.2024.3377270,"",,
rayyan-661287638,Multi-night measurement for diagnosis and simplified monitoring of obstructive sleep apnoea.,2023,1,1,,,,,,Lechat B and Scott H and Manners J and Adams R and Proctor S and Mukherjee S and Catcheside P and Eckert DJ and Vakulin A and Reynolds AC,https://pubmed.ncbi.nlm.nih.gov/37683555/,,,,"Substantial night-to-night variability in obstructive sleep apnoea (OSA) severity has raised misdiagnosis and misdirected treatment concerns with the current prevailing single-night diagnostic approach. In-home, multi-night sleep monitoring technology may provide a feasible complimentary diagnostic pathway to improve both the speed and accuracy of OSA diagnosis and monitor treatment efficacy. This review describes the latest evidence on night-to-night variability in OSA severity, and its impact on OSA diagnostic misclassification. Emerging evidence for the potential impact of night-to-night variability in OSA severity to influence important health risk outcomes associated with OSA is considered. This review also characterises emerging diagnostic applications of wearable and non-wearable technologies that may provide an alternative, or complimentary, approach to traditional OSA diagnostic pathways. The required evidence to translate these devices into clinical care is also discussed. Appropriately sized randomised controlled trials are needed to determine the most appropriate and effective technologies for OSA diagnosis, as well as the optimal number of nights needed for accurate diagnosis and management. Potential risks versus benefits, patient perspectives, and cost-effectiveness of these novel approaches should be carefully considered in future trials.","",10.1016/j.smrv.2023.101843,"",,
rayyan-661287639,Effects of the Combination of Pimavanserin and Atomoxetine on OSA Severity: A Randomized Crossover Trial.,2025,1,1,,,,,,Messineo L and Preuss M and Azarbarzin A and Vena D and Gell L and Aishah A and Esmaeili N and Kim M and Burdick I and Chen T and White D and Sands SA and Wellman A,https://pubmed.ncbi.nlm.nih.gov/40158847/,,,,"BACKGROUND: OSA pharmacologic interventions like the noradrenergic muscle stimulant atomoxetine have wake-promoting properties. Pimavanserin, a promising serotonin 2A receptor antagonist, may help to counteract atomoxetine's noradrenergic effects by increasing arousal threshold and possibly reducing OSA severity.
RESEARCH QUESTION: What is the effect of the combination of pimavanserin and atomoxetine on apnea-hypopnea index (AHI; primary outcome), arousal index, and nadir oxygen saturation (Spo2; secondary outcomes)?
STUDY DESIGN AND METHODS: After baseline polysomnography, 18 participants with OSA (AHI > 15 events/h) took pimavanserin plus atomoxetine (34/80 mg; 34/40 mg for the first 3 days) or placebo for 1 week according to a randomized, crossover, 2-period, double-masked clinical trial. Follow-up polysomnography was performed to provide study outcomes. Safety outcomes, subjective sleep quality, and flow-estimated endotypes (using oronasal pneumotachograph flow) also were explored.
RESULTS: Eleven and 7 participants were randomized to atomoxetine plus pimavanserin and placebo first, respectively. The combination reduced AHI by 42% (95% CI, 18%-60%) vs placebo, meeting the primary outcome (P < .001). Absolute AHI reduction was 16.9 events/h (95% CI, 8.1-23.6 events/h) more than placebo. Nadir Spo2 and arousal index also were improved, by 5.0% (95% CI, 1%-8%) and 10.9 events/h (95% CI, 2.4-18.1 events/h) vs placebo. Overnight heart rate was increased (+4.8 beats/min; 95% CI, 1.5-8.1 beats/min), but no other change in subjective sleep quality or next-morning vital signs was evident. No increased risk for side effects was observed for the combination vs placebo. Treatment vs placebo improved pharyngeal collapsibility (+7.9% of stable breathing during sleep; 95% CI, 1.6%-14.1% of stable breathing during sleep), reduced loop gain by 20% (0.15; 95% CI, -0.23 to -0.07), and did not reduce the arousal threshold.
INTERPRETATION: Our results indicate that pimavanserin with atomoxetine is a strong pharmacologic therapy candidate for OSA.
CLINICAL TRIAL REGISTRATION: ClinicalTrials.gov; No.: NCT05350215; URL: www.
CLINICALTRIALS: gov.","",10.1016/j.chest.2025.03.013,"",,
rayyan-661287640,SiCRNN: A Siamese Approach for Sleep Apnea Identification via Tracheal Microphone Signals.,2024,1,1,,,,,,Lillini D and Aironi C and Migliorelli L and Gabrielli L and Squartini S,https://pubmed.ncbi.nlm.nih.gov/39686318/,,,,"Sleep apnea syndrome (SAS) affects about 3-7% of the global population, but is often undiagnosed. It involves pauses in breathing during sleep, for at least 10 s, due to partial or total airway blockage. The current gold standard for diagnosing SAS is polysomnography (PSG), an intrusive procedure that depends on subjective assessment by expert clinicians. To address the limitations of PSG, we propose a decision support system, which uses a tracheal microphone for data collection and a deep learning (DL) approach-namely SiCRNN-to detect apnea events during overnight sleep recordings. Our proposed SiCRNN processes Mel spectrograms using a Siamese approach, integrating a convolutional neural network (CNN) backbone and a bidirectional gated recurrent unit (GRU). The final detection of apnea events is performed using an unsupervised clustering algorithm, specifically k-means. Multiple experimental runs were carried out to determine the optimal network configuration and the most suitable type and frequency range for the input data. Tests with data from eight patients showed that our method can achieve a Recall score of up to 95% for apnea events. We also compared the proposed approach to a fully convolutional baseline, recently introduced in the literature, highlighting the effectiveness of the Siamese training paradigm in improving the identification of SAS.","",10.3390/s24237782,"",,
rayyan-661287641,Wireless wearable sensors can facilitate rapid detection of sleep apnea in hospitalized stroke patients.,2024,1,1,,,,,,Sindorf J and Szabo AL and O'Brien MK and Sunderrajan A and Knutson KL and Zee PC and Wolfe L and Arora VM and Jayaraman A,https://pubmed.ncbi.nlm.nih.gov/38814827/,,,,"STUDY OBJECTIVES: To evaluate wearable devices and machine learning for detecting sleep apnea in patients with stroke at an acute inpatient rehabilitation facility (IRF).
METHODS: A total of 76 individuals with stroke wore a standard home sleep apnea test (ApneaLink Air), a multimodal, wireless wearable sensor system (ANNE), and a research-grade actigraphy device (ActiWatch) for at least 1 night during their first week after IRF admission as part of a larger clinical trial. Logistic regression algorithms were trained to detect sleep apnea using biometric features obtained from the ANNE sensors and ground truth apnea rating from the ApneaLink Air. Multiple algorithms were evaluated using different sensor combinations and different apnea detection criteria based on the apnea-hypopnea index (AHI ≥ 5, AHI ≥ 15).
RESULTS: Seventy-one (96%) participants wore the ANNE sensors for multiple nights. In contrast, only 48 participants (63%) could be successfully assessed for obstructive sleep apnea by ApneaLink; 28 (37%) refused testing. The best-performing model utilized photoplethysmography (PPG) and finger-temperature features to detect moderate-severe sleep apnea (AHI ≥ 15), with 88% sensitivity and a positive likelihood ratio (LR+) of 44.00. This model was tested on additional nights of ANNE data achieving 71% sensitivity (10.14 LR+) when considering each night independently and 86% accuracy when averaging multi-night predictions.
CONCLUSIONS: This research demonstrates the feasibility of accurately detecting moderate-severe sleep apnea early in the stroke recovery process using wearable sensors and machine learning techniques. These findings can inform future efforts to improve early detection for post-stroke sleep disorders, thereby enhancing patient recovery and long-term outcomes.
CLINICAL TRIAL: SIESTA (Sleep of Inpatients: Empower Staff to Act) for Acute Stroke Rehabilitation, https://clinicaltrials.gov/study/NCT04254484?term=SIESTA&checkSpell=false&rank=1, NCT04254484.","",10.1093/sleep/zsae123,"",,
rayyan-661287642,Acoustic Screening for Obstructive Sleep Apnea in Home Environments Based on Deep Neural Networks.,2022,1,1,,,,,,Romero HE and Ma N and Brown GJ and Hill EA,https://pubmed.ncbi.nlm.nih.gov/35213321/,,,,"Obstructive sleep apnea (OSA) is a chronic and prevalent condition with well-established comorbidities. However, many severe cases remain undiagnosed due to poor access to polysomnography (PSG), the gold standard for Obstructive sleep apnea (OSA) diagnosis. Accurate home-based methods to screen for OSA are needed, which can be applied inexpensively to high-risk subjects to identify those that require PSG to fully assess their condition. A number of methods that analyse speech or breathing sounds to screen for OSA have been previously investigated. However, these methods have constraints that limit their use in home environments (e.g., they require specialised equipment, are not robust to background noise, are obtrusive or depend on tightly controlled conditions). This paper proposes a novel method to screen for OSA, which analyses sleep breathing sounds recorded with a smartphone at home. Audio recordings made over a whole night are divided into segments, each of which is classified for the presence or absence of OSA by a deep neural network. The apnea-hypopnea index estimated from the segments predicted as containing evidence of OSA is then used to screen for the condition. Audio recordings made during home sleep apnea testing from 103 participants for 1 or 2 nights were used to develop and evaluate the proposed system. When screening for moderate OSA the acoustics based system achieved a sensitivity of 0.79 and a specificity of 0.80. The sensitivity and specificity when screening for severe OSA were 0.78 and 0.93, respectively. The system is suitable for implementation on consumer smartphones.","",10.1109/jbhi.2022.3154719,"",,
rayyan-661287643,Sleep apnea severity based on estimated tidal volume and snoring features from tracheal signals.,2022,1,1,,,,,,Montazeri Ghahjaverestan N and Saha S and Kabir M and Gavrilovic B and Zhu K and Yadollahi A,https://pubmed.ncbi.nlm.nih.gov/34553793/,,,,"Sleep apnea can be characterized by reductions in the respiratory tidal volume. Previous studies showed that the tidal volume can be estimated from tracheal sounds and movements called tracheal signals. Additionally, tracheal sounds include the sounds of snoring, a common symptom of obstructive sleep apnea. This study investigates the feasibility of estimating the severity of sleep apnea, as quantified by the apnea/hypopnea index (AHI), using the estimated tidal volume and snoring sounds extracted from tracheal signals. Tracheal signals were recorded simultaneously with polysomnography (PSG). The tidal volume was estimated from tracheal signals. The reductions in the tidal volume were detected as potential respiratory events. Additionally, features related to snoring sounds, which quantified variability, temporal clusters, and dominant frequency of snores, were extracted. A step-wise regression model and a greedy search algorithm were used sequentially to select the optimal set of features to estimate the apnea/hypopnea index and classify participants into healthy individuals and patients with sleep apnea. Sixty-one participants with suspected sleep apnea (age: 51 ± 16, body mass index: 29.5 ± 6.4 kg/m2 , apnea/hypopnea index: 20.2 ± 21.2 event/h) who were referred for a sleep test were recruited. The estimated apnea/hypopnea index was strongly correlated with the polysomnography-based apnea/hypopnea index (R2  = 0.76, p < 0.001). The accuracy of detecting sleep apnea for the apnea/hypopnea index cutoff of 15 events/h was 78.69% and 83.61% with and without using snore-related features. These findings suggest that acoustic estimation of airflow and snore-related features can provide a convenient and reliable method for screening of sleep apnea.","",10.1111/jsr.13490,"",,
rayyan-661287644,Single-Night Diagnosis of Sleep Apnea Contributes to Inconsistent Cardiovascular Outcome Findings.,2023,1,1,,,,,,Lechat B and Nguyen DP and Reynolds A and Loffler K and Escourrou P and McEvoy RD and Adams R and Catcheside PG and Eckert DJ,https://pubmed.ncbi.nlm.nih.gov/36716954/,,,,"BACKGROUND: Single-night disease misclassification of OSA due to night-to-night variability may contribute to inconsistent findings in OSA trials.
RESEARCH QUESTION: Does multinight quantification of OSA severity provide more precise estimates of associations with incident hypertension?
STUDY DESIGN AND METHODS: A total of 3,831 participants without hypertension at baseline were included in simulation analyses. Included participants had ≥ 28 days of nightly apnea-hypopnea index (AHI) recordings via an under-mattress sensor and ≥ three separate BP measurements over a 3-month baseline period followed by ≥ three separate BP measurements 6 to 9 months postbaseline. Incident hypertension was defined as a mean systolic BP ≥ 140 mm Hg or a mean diastolic BP ≥ 90 mm Hg. Simulated trials (1,000) were performed, using bootstrap methods to investigate the effect of variable numbers of nights (x = 1-56 per participant) to quantify AHI and the ability to detect associations between OSA and incident hypertension via logistic regression adjusted for age, sex, and BMI.
RESULTS: Participants were middle-aged (mean ± SD, 52 ± 12 y), mostly male (91%), and overweight (BMI, 28 ± 5 kg/m2). Single-night quantification of OSA failed to detect an association with hypertension risk in 42% of simulated trials (α = .05). Conversely, 100% of trials detected an association when AHI was quantified over ≥ 28 nights. Point estimates of hypertension risk were also 50% higher and uncertainty was five times lower during multinight vs single-night simulation trials.
INTERPRETATION: Multinight monitoring of OSA allows for better estimates of hypertension risk and potentially other adverse health outcomes associated with OSA. These findings have important implications for clinical care and OSA trial design.","",10.1016/j.chest.2023.01.027,"",,
rayyan-661287645,Non-contact diagnosis of obstructive sleep apnea using impulse-radio ultra-wideband radar.,2020,1,1,,,,,,Kang S and Kim DK and Lee Y and Lim YH and Park HK and Cho SH and Cho SH,https://pubmed.ncbi.nlm.nih.gov/32210266/,,,,"While full-night polysomnography is the gold standard for the diagnosis of obstructive sleep apnea, its limitations include a high cost and first-night effects. This study developed an algorithm for the detection of respiratory events based on impulse-radio ultra-wideband radar and verified its feasibility for the diagnosis of obstructive sleep apnea. A total of 94 subjects were enrolled in this study (23 controls and 24, 14, and 33 with mild, moderate, and severe obstructive sleep apnea, respectively). Abnormal breathing detected by impulse-radio ultra-wideband radar was defined as a drop in the peak radar signal by ≥30% from that in the pre-event baseline. We compared the abnormal breathing index obtained from impulse-radio ultra-wideband radar and apnea-hypopnea index (AHI) measured from polysomnography. There was an excellent agreement between the Abnormal Breathing Index and AHI (intraclass correlation coefficient = 0.927). The overall agreements of the impulse-radio ultra-wideband radar were 0.93 for Model 1 (AHI ≥ 5), 0.91 for Model 2 (AHI ≥ 15), and 1 for Model 3 (AHI ≥ 30). Impulse-radio ultra-wideband radar accurately detected respiratory events (apneas and hypopneas) during sleep without subject contact. Therefore, impulse-radio ultra-wideband radar may be used as a screening tool for obstructive sleep apnea.","",10.1038/s41598-020-62061-4,"",,
rayyan-661287646,Noncontact Sensors for Vital Signs Measurement: A Narrative Review.,2024,1,1,,,,,,Choo YJ and Lee GW and Moon JS and Chang MC,https://pubmed.ncbi.nlm.nih.gov/38961611/,,,,"Vital signs are crucial for monitoring changes in patient health status. This review compared the performance of noncontact sensors with traditional methods for measuring vital signs and investigated the clinical feasibility of noncontact sensors for medical use. We searched the Medical Literature Analysis and Retrieval System Online (MEDLINE) database for articles published through September 30, 2023, and used the key search terms ""vital sign,"" ""monitoring,"" and ""sensor"" to identify relevant articles. We included studies that measured vital signs using traditional methods and noncontact sensors and excluded articles not written in English, case reports, reviews, and conference presentations. In total, 129 studies were identified, and eligible articles were selected based on their titles, abstracts, and full texts. Three articles were finally included in the review, and the types of noncontact sensors used in each selected study were an impulse radio ultrawideband radar, a microbend fiber-optic sensor, and a mat-type air pressure sensor. Participants included neonates in the neonatal intensive care unit, patients with sleep apnea, and patients with coronavirus disease. Their heart rate, respiratory rate, blood pressure, body temperature, and arterial oxygen saturation were measured. Studies have demonstrated that the performance of noncontact sensors is comparable to that of traditional methods of vital signs measurement. Noncontact sensors have the potential to alleviate concerns related to skin disorders associated with traditional skin-contact vital signs measurement methods, reduce the workload for healthcare providers, and enhance patient comfort. This article reviews the medical use of noncontact sensors for measuring vital signs and aimed to determine their potential clinical applicability.","",10.12659/msm.944913,"",,
rayyan-661287647,Effects of demographic and sleep-related factors on snoring sound parameters.,2023,1,1,,,,,,Huang Z and Lobbezoo F and Vanhommerig JW and Volgenant CMC and de Vries N and Aarab G and Hilgevoord AAJ,https://pubmed.ncbi.nlm.nih.gov/36857868/,,,,"OBJECTIVE: To investigate the effect of frequently reported between-individual (viz., age, gender, body mass index [BMI], and apnea-hypopnea index [AHI]) and within-individual (viz., sleep stage and sleep position) snoring sound-related factors on snoring sound parameters in temporal, intensity, and frequency domains.
METHODS: This study included 83 adult snorers (mean ± SD age: 42.2 ± 11.3 yrs; male gender: 59%) who underwent an overnight polysomnography (PSG) and simultaneous sound recording, from which a total of 131,745 snoring events were extracted and analyzed. Data on both between-individual and within-individual factors were extracted from the participants' PSG reports.
RESULTS: Gender did not have any significant effect on snoring sound parameters. The fundamental frequency (FF; coefficient = -0.31; P = 0.02) and dominant frequency (DF; coefficient = -12.43; P < 0.01) of snoring sounds decreased with the increase of age, and the second formant increased (coefficient = 22.91; P = 0.02) with the increase of BMI. Severe obstructive sleep apnea (OSA; AHI ≥30 events/hour), non-rapid eye movement sleep stage 3 (N3), and supine position were all associated with more, longer, and louder snoring events (P < 0.05). Supine position was associated with higher FF and DF, and lateral decubitus positions were associated with higher formants.
CONCLUSIONS: Within the limitations of the current patient profile and included factors, AHI was found to have greater effects on snoring sound parameters than the other between-individual factors. The included within-individual factors were found to have greater effects on snoring sound parameters than the between-individual factors under study.","",10.1016/j.sleep.2023.02.012,"",,
rayyan-661287648,Towards automatic home-based sleep apnea estimation using deep learning.,2024,1,1,,,,,,Retamales G and Gavidia ME and Bausch B and Montanari AN and Husch A and Goncalves J,https://pubmed.ncbi.nlm.nih.gov/38824175/,,,,"Apnea and hypopnea are common sleep disorders characterized by the obstruction of the airways. Polysomnography (PSG) is a sleep study typically used to compute the Apnea-Hypopnea Index (AHI), the number of times a person has apnea or certain types of hypopnea per hour of sleep, and diagnose the severity of the sleep disorder. Early detection and treatment of apnea can significantly reduce morbidity and mortality. However, long-term PSG monitoring is unfeasible as it is costly and uncomfortable for patients. To address these issues, we propose a method, named DRIVEN, to estimate AHI at home from wearable devices and detect when apnea, hypopnea, and periods of wakefulness occur throughout the night. The method can therefore assist physicians in diagnosing the severity of apneas. Patients can wear a single sensor or a combination of sensors that can be easily measured at home: abdominal movement, thoracic movement, or pulse oximetry. For example, using only two sensors, DRIVEN correctly classifies 72.4% of all test patients into one of the four AHI classes, with 99.3% either correctly classified or placed one class away from the true one. This is a reasonable trade-off between the model's performance and the patient's comfort. We use publicly available data from three large sleep studies with a total of 14,370 recordings. DRIVEN consists of a combination of deep convolutional neural networks and a light-gradient-boost machine for classification. It can be implemented for automatic estimation of AHI in unsupervised long-term home monitoring systems, reducing costs to healthcare systems and improving patient care.","",10.1038/s41746-024-01139-z,"",,
rayyan-661287649,Obstructive sleep apnea in children with Down syndrome: contribution of upper airway and chemosensitivity.,2023,1,1,,,,,,Bokov P and Boujemla I and Dahan J and Dudoignon B and Delclaux C,https://pubmed.ncbi.nlm.nih.gov/37429910/,,,,"BACKGROUND: The high prevalence of obstructive sleep apnea syndrome (OSAS) in children with Down syndrome (DS) has been attributed to a reduced upper airway size, while the role of ventilatory control is unclear. The objectives of our case-control study were to evaluate the upper airway reduction in children with DS and moderate to severe OSAS as compared to typically developing (TD) children with similar OSAS severity and to evaluate the degree of chemical loop gain modifications including its components: controller and plant gains (CG, PG).
METHODS: Thirteen children with DS were matched for age, sex, OSAS severity and ethnicity with 26 TD children. They had undergone acoustic rhinometry and pharyngometry, chemical LG obtained during awake tidal breathing measurement and hypercapnic-hyperoxic ventilatory response testing.
RESULTS: As compared to TD, children with DS depicted reduced oropharyngeal dimensions, significantly lower CG and LG and no different PG. Their hypercapnic ventilatory response slopes were not different.
CONCLUSIONS: We concluded that the decreased CG in DS was related to decreased peripheral chemoreceptor sensitivity, and while central chemosensitivity was normal, the former explained the increased end-tidal PCO2 observed in children with DS as compared to TD. Pharyngeal dimensions are reduced in children with DS and OSAS.
IMPACT: Reduced upper airway size and nocturnal alveolar hypoventilation in children with Down syndrome (DS) have been previously reported. We confirmed that children with DS and moderate-to-severe OSA have reduced oropharyngeal size as compared to typically developing children with similar OSAS severity and demonstrated decreased peripheral chemosensitivity explaining the alveolar hypoventilation observed in children with DS. Central chemosensitivity appears to be intact in children with DS and moderate to severe OSAS Our results support growing evidence that Down syndrome is associated with autonomic nervous system dysfunction.","",10.1038/s41390-023-02718-8,"",,
rayyan-661287650,Influence of obstructive sleep apnea on auditory event-related potentials.,2022,1,1,,,,,,Pedreño RM and Matsumura E and Silva LAF and Samelli AG and Magliaro FCL and Sanches SGG and Lobo IFN and Lorenzi-Filho G and Carvallo RMM and Matas CG,https://pubmed.ncbi.nlm.nih.gov/34089435/,,,,"PURPOSE: To evaluate the influence of obstructive sleep apnea (OSA) on the P300 response of auditory event-related potentials (ERPs) and to correlate the electrophysiological findings with OSA severity.
METHODS: Patients with no OSA and mild, moderate, and severe OSA according to polysomnography (PSG) with normal hearing and no comorbidities were studied. Individuals with a body mass index (BMI) ≥ 40 kg/m2, hypertension, diabetes, dyslipidemia, the use of chronic medications, and a risk of hearing loss were excluded. All patients underwent full PSG and auditory ERP measurement using the oddball paradigm with tone burst and speech stimuli. For P300 analysis (latencies and amplitudes), normal multiple linear regression models were adjusted with the groups (No OSA, Mild OSA, Moderate OSA, Severe OSA), age, BMI, and Epworth score as explanatory variables.
RESULTS: We studied 54 individuals (47 males) aged 35 ± 8 years with a BMI of 28.4 ± 4.3 kg/m2. Patients were divided according to the apnea-hypopnea index (AHI) derived from PSG into no OSA (n = 14), mild (n = 16), moderate (n = 12), and severe OSA (n = 12) groups. Patients with severe OSA presented prolonged P300 latencies with tone burst stimuli compared to patients with no OSA and those with mild and moderate OSA.
CONCLUSION: Severe OSA is associated with impairment of the P300 response of auditory ERPs, suggesting a decrease in the processing speed of acoustic information that may be mediated by the level of somnolence.","",10.1007/s11325-021-02406-z,"",,
rayyan-661287651,Self-powered Wearable Humidity Sensor for Accurate Respiratory Monitoring.,2026,1,1,,,,,,Zheng W and Chen Y and Nie J and Zhang X and Lu C,https://pubmed.ncbi.nlm.nih.gov/41841232/,,,,"Two-dimensional transition metal carbides are promising materials for humidity sensing because of their excellent hydrophilicity and metallic conductivity. However, the inherent self-restacking and weak interactions between the nanosheets usually lead to sluggish ion transport and unsatisfying mechanical strength. Here, an ionic cross-linking MXene nanocomposites have been developed with fast ion kinetics and superior mechanical properties for high-performance flexible humidity sensors. The sodium alginate/calcium ion cross-linking network acts as both an interlayer spacer and a binder point. It not only suppresses the restacking effect of nanosheets, but also creates hydrophilic nanochannels that facilitate water adsorption and ion transport. As a result, the flexible sensor based on ionic cross-linking MXene nanocomposites generates a spontaneous voltage over a broad humidity range with a maximum output of 0.577 V and rapid response/recovery speed. The performance improvement thanks to redox reactions mediated by the dissociation of water molecules inside the nanocomposites. Furthermore, the wearable humidity sensors are demonstrated to be employed for the early detection of obstructive sleep apnea that is of great commercial value. The study presents an insight into the design of structural materials for wearable sensors toward advanced medical diagnosis.","",10.1002/adhm.202505803,"",,
rayyan-661287652,Estimation of Respiratory Effort Through Diaphragmatic Electromyography Features.,2025,1,1,,,,,,Grońska G and Peri E and Long X and Overeem S and van Dijk J and Mischi M,https://pubmed.ncbi.nlm.nih.gov/40942892/,,,,"Respiratory effort is a critical parameter for assessing respiratory function in various pathological conditions such as obstructive sleep apnea (OSA), as well as in patients undergoing respiratory ventilation. Currently, the gold-standard method for measuring it is esophageal pressure (Pes), which is obtrusive and uncomfortable for patients. An alternative approach is using diaphragmatic electromyography (dEMG), a non-obtrusive method that directly reflects the electrical drive triggering respiratory effort, holding potential for quantifying effort. Despite progress in this area, there is still no clear agreement on the best features for assessing respiratory effort from dEMG. This feasibility study considers several time, frequency, and statistical domain features, providing a comparative analysis to determine their performance in estimating respiratory effort. In particular, we evaluate the correlation of the different features with Pes using overnight recordings from 10 OSA patients and assess their robustness across different signal quality levels with the Kruskal-Wallis test. Our results support that time-domain dEMG features such as the filtered envelope, root mean square, and waveform length (WL) exhibit moderately strong correlations (R > 0.6) with respiratory effort. In terms of robustness to noise, the best features were WL, the area under the curve, and the slope sign change, demonstrating moderately strong to fair correlations (R > 0.5) even in low- to very low-quality signals. In contrast, features like skewness, the mean frequency, and the median frequency performed poorly (R < 0.3), regardless of signal quality, likely because they focus on overall signal characteristics rather than the dynamic and transient changes associated with respiratory effort by temporal features. These findings highlight the importance of selecting optimal features to obtain a reliable estimation of respiratory effort, providing a foundation for future research on non-intrusive methods.","",10.3390/s25175463,"",,
rayyan-661287653,An Alternative In-Home Protocol to Diagnose and Treat Obstructive Sleep Apnea.,2024,1,1,,,,,,Couto Patriota TLG and Pedrosa RP,https://pubmed.ncbi.nlm.nih.gov/39698182/,,,,"Objective  Obstructive sleep apnea (OSA) is a major public health problem of pandemic proportions. In-laboratory OSA diagnosis and continuous positive airway pressure (CPAP) titration are insufficient, considering the number of patients affected. Finding alternative ways to diagnose and treat OSA is mandatory, especially in this era of the coronavirus disease 2019 (COVID-19) pandemic. The present study aims to describe an alternative in-home protocol to diagnose and treat OSA. Materials and Methods  We enrolled consecutive patients aged ≥ 18 years with moderate/severe OSA, who underwent in-home type-III polysomnography and home-based titration with automatic CPAP, coupled with an oximetry sensor for 3 consecutive nights. Patients were remotely monitored for 90 days to evaluate CPAP compliance and the use of an engagement tool was encouraged. Results  We included 86 participants. The median time until the diagnosis was of one day. The mean time from the baseline visit until the acquisition and initiation of the CPAP therapy was of 33 (range: 17 to 52) days. Telemonitoring ensured good compliance in the first 30 (79.2%), 60 (76.3%) and 90 (74.3%) days, with an average daily use of 6.2 ± 1.4 h, 6.0 ± 1.4 h, and 6.0 ± 1.3 h respectively. About 1/3 of the patients used the engagement tool, and CPAP compliance was significantly higher among these patients compared with those who did not used the tool: 89.9% versus 73.5% ( p  < 0.002), 87.9% versus 70% ( p  < 0.003), and 86.6% versus 67.6% ( p  < 0.001) at 30, 60, and 90 days respectively. Conclusion  We demonstrated that an alternative in-home protocol to diagnose and treat OSA is effective, ensuring good CPAP compliance after 90 days. Telemonitoring and engagement tools could be strategies to improve CPAP compliance.","",10.1055/s-0044-1782526,"",,
rayyan-661287654,A wearable device for at-home obstructive sleep apnea assessment: State-of-the-art and research challenges.,2023,1,1,,,,,,Tran NT and Tran HN and Mai AT,https://pubmed.ncbi.nlm.nih.gov/36824418/,,,,"In the last 3 years, almost all medical resources have been reserved for the screening and treatment of patients with coronavirus disease (COVID-19). Due to a shortage of medical staff and equipment, diagnosing sleep disorders, such as obstructive sleep apnea (OSA), has become more difficult than ever. In addition to being diagnosed using polysomnography at a hospital, people seem to pay more attention to alternative at-home OSA detection solutions. This study aims to review state-of-the-art assessment techniques for out-of-center detection of the main characteristics of OSA, such as sleep, cardiovascular function, oxygen balance and consumption, sleep position, breathing effort, respiratory function, and audio, as well as recent progress in the implementation of data acquisition and processing and machine learning techniques that support early detection of severe OSA levels.","",10.3389/fneur.2023.1123227,"",,
rayyan-661287655,Sleep apnea phenotypes based on multi-night assessment of sleep perception.,2026,1,1,,,,,,Kuhn J and Schiphorst LRB and Wulterkens BM and Asin J and Overeem S and van Gilst MM and Fonseca P,https://pubmed.ncbi.nlm.nih.gov/41689504/,,,,"OBJECTIVES: Sleep time discrepancy is associated with a lower quality of life and is common in individuals with obstructive sleep apnea (OSA) during polysomnography (PSG), but little is known about multi-night sleep perception patterns in the habitual sleeping environment. We conducted multi-night measurements using a validated wrist-worn photoplethysmography sensor and a digital sleep diary, to identify OSA phenotypes based on sleep perception patterns.
METHOD: Sleep time discrepancy was evaluated using the misperception index (MI). K-means clustering was used to identify sleep perception patterns using two features: the median and median absolute deviation of a participant's multi-night MI values. Clusters were compared across clinical and demographic parameters.
RESULTS: Based on 1485 recording nights of 120 individuals with OSA we identified four sleep perception clusters: accurate estimation (n = 64), underestimation (n = 33, with more insomnia symptoms and lower self-reported sleep quality), severe underestimation (n = 6, similar to underestimation, with high pre-sleep cognitive arousal) and variable overestimation (n = 17, older age, with higher apnea-hypopnea index and more disrupted sleep).
CONCLUSIONS: Distinct OSA phenotypes can be identified based on multi-night sleep perception patterns, and they present with diverging clinical characteristics. This highlights the heterogeneity of the OSA population and may facilitate the development of more personalized treatment approaches.","",10.1080/15402002.2026.2630936,"",,
rayyan-661287656,Surgical correction of nasal obstruction in obstructive sleep apnea improves CPAP outcomes and compliance.,2022,1,1,,,,,,Elwany S and Bahgat AY and Ibrahim M and Bazak R,https://pubmed.ncbi.nlm.nih.gov/35083644/,,,,"BACKGROUND: Although continuous positive airway pressure (CPAP) therapy curtails most of the negative impacts of obstructive sleep apnea (OSA), its efficacy is limited by its low long-term adherence. Nasal obstruction contributes to OSA pathophysiology and necessitates high CPAP titration pressures which reduce CPAP compliance.
AIM: This study aims at elucidating the outcomes of surgical correction of nasal obstruction in patients intolerant to CPAP therapy.
METHODS: Forty-nine patients with severe OSA intolerant to CPAP secondary to surgically correctable nasal obstruction were operated upon. Patients were evaluated preoperatively and at least 3 months after the surgical intervention. Subjective assessment entailed the Nasal Obstruction Symptom Evaluation score (NOSE) and the Epworth Sleepiness Scale (ESS). Objectively the patients were assessed by acoustic rhinometry and standard polysomnography.
RESULTS: Nasal surgical intervention resulted in an a statistically significant decrease in the mean NOSE score, ESS and optimal CPAP titration pressure. In addition, the minimal cross-sectional area (MCA1&2) increased significantly postoperatively. There was a positive correlation between the improvement in NOSE score as well as the MCA1& 2 and the postoperative decrease in CPAP titration pressure. Surgical correction of nasal obstruction improved CPAP outcomes and compliance in all patients.
CONCLUSIONS: Nasal surgery in OSA objectively assessed by acoustic rhinometry improved nasal obstruction with a resultant decrease in the CPAP pressure requirements. Given that lower CPAP pressures improve adherence to CPAP therapy, surgical alleviation of nasal obstruction should be considered a crucial intervention in the management armamentarium of OSA.","",10.1007/s11845-021-02896-6,"",,
rayyan-661287657,New management pathways for follow-up of CPAP-treated sleep apnoea patients including digital medicine and multimodal telemonitoring.,2024,1,1,,,,,,Pépin JL and Baillieul S and Bailly S and Tamisier R,https://pubmed.ncbi.nlm.nih.gov/39667903/,,,,"BACKGROUND: The ever-increasing number of patients diagnosed with obstructive sleep apnoea (OSA) and treated by long-term continuous positive airway pressure (CPAP) overstretches conventional follow-up pathways. New approaches to the management of CPAP-treated patient follow-up are needed to strike a balance between remote monitoring through digital technologies and in-person patient-healthcare-professional contacts. Focusing on the reshaping of the management of care pathways of CPAP-treated patients, with a specific focus on telemonitoring platforms, we aimed to review the evidence on how digital medicine and artificial intelligence (AI) tools are facilitating patient phenotyping and triage, risk stratification and the allocation of resources between the various healthcare professionals for an optimal follow-up of CPAP-treated patients.
PHENOTYPING: OSA is a heterogeneous condition with diverse phenotypes differing in symptoms, comorbidities, demographics, lifestyle and socioeconomic context. Different phenotypes are associated with different CPAP adherence patterns and differing long-term prognosis. This diversity demands greater plurality in management pathways with different types and levels of support to ensure treatment adherence and risk reduction for patients while easing the burden on health services. In multidimensional phenotyping, we discuss alternatives to the apnoea hypopnoea index (AHI) as a measure of OSA severity. Then we consider risk stratification taking advantage of the wealth of CPAP monitoring data already available in databases that can now be exploited using AI and machine learning to direct (stratify) patients into appropriate follow-up management pathways.
INTEGRATED CARE CLINICS FOR HIGH-RISK PATIENTS: We look at the role of integrated OSA care clinics particularly for the management of high-risk patients with low adherence and progression of comorbidities. Here, multidisciplinary teams might propose comorbidity management, and the use of connected wearable devices for long-term monitoring of physical activity, along with remote CPAP monitoring.
REMOTE MANAGEMENT PATHWAYS: The pros and cons of remote management pathways to replace in-person follow-up visits are considered, including the need to re-evaluate CPAP-device reimbursement policies in some countries. While remote CPAP monitoring has become the cornerstone of follow-up providing information on adherence and efficacy, the processing of alerts needs to be improved, particularly regarding mask changes and early detection of CPAP failures.
CHALLENGES: The implementation of CPAP monitoring alone, as well as its extension to multimodal monitoring, can present challenges that remain to be addressed (eg, access to digital care). The extent and components of remote follow-up must be adapted to each specific OSA phenotype. Finally, we give examples of certain patient phenotypes (eg, comorbid insomnia with OSA) with specific follow-up requirements, for which remote (even multimodal) monitoring alone has limitations and the intervention of both sleep specialists and/or their colleagues from other disciplines is needed.
CONCLUSION: Appropriately tailored combined digital and in-person CPAP follow-up pathways would present advantages both for patients with OSA and healthcare services.","",10.1136/thorax-2024-221422,"",,
rayyan-661287658,Emerging biosensor technologies for obstructive sleep apnea: A comprehensive overview and future prospects.,2025,1,1,,,,,,Tsai CW and Leung L and Chen HT and Kwok KC and Lee M and Chiang AA,https://pubmed.ncbi.nlm.nih.gov/40921534/,,,,"Obstructive sleep apnea (OSA) is a pervasive disorder characterized by recurrent airway obstructions during sleep. OSA carries serious health risks, such as cardiovascular and cognitive impairments, and imposes a significant economic burden. This chapter provides a comprehensive overview of various biosensors currently employed for OSA detection, including in-lab polysomnography and flow-based home sleep apnea testing. It also explores cutting-edge OSA-detecting technologies that often leverage advanced, artificial intelligence-powered sensing modalities, encompassing photoplethysmography/peripheral arterial tonometry-based, sound-based, and respiratory effort-based wearables. Moreover, this chapter examines promising diagnostic and screening solutions, including airables, bed/mattress sensors, and smartphone sensors. It also delves into emerging sensing technologies currently under active investigation, including earables/hearables and remote PPG. This review serves as a practical guide to understanding the mechanisms, capabilities, limitations, and clinical evidence surrounding both modern and future sensors poised to revolutionize the landscape of OSA detection.","",10.1016/bs.pmbts.2025.06.002,"",,
rayyan-661287659,Piezoelectric rubber sheet sensor: a promising tool for home sleep apnea testing.,2024,1,1,,,,,,Hayano J and Yamamoto H and Tanaka H and Yuda E,https://pubmed.ncbi.nlm.nih.gov/38358413/,,,,"PURPOSE: This study aimed to develop an unobtrusive method for home sleep apnea testing (HSAT) utilizing micromotion signals obtained by a piezoelectric rubber sheet sensor.
METHODS: Algorithms were designated to extract respiratory and ballistocardiogram components from micromotion signals and to detect respiratory events as the characteristic separation of the fast envelope of the respiration component from the slow envelope. In 78 adults with diagnosed or suspected sleep apnea, micromotion signal was recorded with a piezoelectric rubber sheet sensor placed beneath the bedsheet during polysomnography. In a half of the subjects, the algorithms were optimized to calculate respiratory event index (REI), estimating apnea-hypopnea index (AHI). In the other half of subjects, the performance of REI in classifying sleep apnea severity was evaluated. Additionally, the predictive value of the frequency of cyclic variation in heart rate (Fcv) obtained from the ballistocardiogram was assessed.
RESULTS: In the training group, the optimized REI showed a strong correlation with the AHI (r = 0.93). Using the optimal cutoff of REI ≥ 14/h, subjects with an AHI ≥ 15 were identified with 77.8% sensitivity and 90.5% specificity. When applying this REI to the test group, it correlated closely with the AHI (r = 0.92) and identified subjects with an AHI ≥ 15 with 87.5% sensitivity and 91.3% specificity. While Fcv showed a modest correlation with AHI (r = 0.46 and 0.66 in the training and test groups), it lacked independent predictive power for AHI.
CONCLUSION: The analysis of respiratory component of micromotion using piezoelectric rubber sheet sensors presents a promising approach for HSAT, providing a practical and effective means of estimating sleep apnea severity.","",10.1007/s11325-024-02991-9,"",,
rayyan-661287660,Wearable Sensors for Monitoring Abnormalities in Sleep-Related Breathing.,2026,1,1,,,,,,Wang J and Xu J and Ma J and Gong J and Ji L and Guo W and Yue H and Qiao Y and Zhou J,https://pubmed.ncbi.nlm.nih.gov/41499538/,,,,"Sleep-disordered breathing, particularly obstructive sleep apnea, is a highly prevalent condition linked to fragmented sleep, impaired quality of life, and elevated risks of cardiovascular, metabolic, and neurocognitive disorders. Polysomnography remains the diagnostic gold standard for detecting sleep-related breathing abnormalities. However, its high cost, operational complexity, and patient discomfort hinder large-scale deployment and long-term monitoring. In recent years, wearable sensing technologies have emerged as promising alternatives, enabling portable, noninvasive, and user-friendly assessment of respiratory function in daily environments. By integrating diverse sensing modalities, including mechanical, optical, acoustic, and electrophysiological approaches, wearable sensors can capture critical physiological parameters, such as oxygen saturation, oronasal airflow, thoracoabdominal movement, and cardiac activity, supporting subsequent AI-assisted analysis. This review provides a comprehensive overview of current progress in wearable sensors for monitoring sleep-related breathing abnormalities, with emphasis on sensing principles, representative designs, and application scenarios. Key limitations, including motion artifacts, comfort constraints, and challenges in multimodal data fusion, are critically examined. By outlining these opportunities and challenges, this review aims to inform the development of next-generation wearable sensors and to facilitate the accurate, efficient, and personalized management of sleep health in both research and clinical practice.","",10.1021/acsami.5c22504,"",,
rayyan-661287661,Sleep Diagnostics and Monitoring Technology in Obstructive Sleep Apnea.,2026,1,1,,,,,,Lee-Iannotti JK,https://pubmed.ncbi.nlm.nih.gov/42544978/,,,,"OBJECTIVE: This article helps neurologists understand modern approaches to diagnosing obstructive sleep apnea, including the clinical role and limitations of home sleep apnea testing, and learn how they can integrate wearable and noncontact technologies into patient care to improve diagnostic efficiency, monitor treatment, and reduce health disparities.
LATEST DEVELOPMENTS: Advances in home sleep apnea testing have expanded beyond traditional type III monitors to include wearable devices such as wrist sensors and smart rings and noncontact ""nearable"" systems that use radar or acoustic signals. Since 2019, the US Food and Drug Administration (FDA) has cleared numerous software-as-a-medical-device platforms that leverage artificial intelligence and multisignal integration to estimate sleep parameters. These tools improve accessibility, particularly for patients who are unable or unwilling to undergo in-laboratory polysomnography. However, awareness of racial bias in pulse oximetry, regulatory gaps, variable accuracy, and privacy concerns highlight the need for further validation to ensure equitable and reliable clinical use.
ESSENTIAL POINTS: Obstructive sleep apnea is common and underdiagnosed, particularly in patients with neurologic conditions. In-laboratory polysomnography remains the gold standard for the diagnosis of obstructive sleep apnea but is limited by cost and access, whereas home sleep apnea testing offers a validated alternative for appropriate patients. Wearable and nearable technologies expand diagnostic options, improving usability and scalability, although their accuracy and validation vary. Neurologists play a key role in identifying patients at high risk, selecting the appropriate test, and interpreting results with awareness of limitations such as pulse oximetry bias. Consumer devices can raise awareness but should not replace clinical evaluation, and modern continuous positive airway pressure (CPAP) platforms enhance remote monitoring and management.","",10.1212/cont.0000000000001721,"",,
rayyan-661287662,Decreased structural pathways mediating functional connectivity in obstructive sleep apnea.,2024,1,1,,,,,,Shi X and Shen G and Zhao Z and Yu J and Chen M and Cai H and Gao J and Zhao L and Yao Z and Hu B,https://pubmed.ncbi.nlm.nih.gov/38437782/,,,,"BACKGROUND: Obstructive sleep apnea (OSA) is a common sleep breathing disorder that is often accompanied by changes in structural connectivity (SC) and functional connectivity (FC). However, the current understanding of the interaction between SC and FC in OSA is still limited.
METHODS: The aim of this study is to integrate complementary neuroimaging modalities into a unified framework using multi-layer network analysis methods and to reveal their complex interrelationships. We introduce a new graph metric called SC-FC bandwidth, which measures the throughput of SC mediating FC in a multi-layer network. The bandwidth differences between two groups are evaluated using the network-based statistics (NBS) method. Additionally, we traced and analyzed the SC pathways corresponding to the abnormal bandwidth.
RESULTS: In both the healthy control and patients with OSA, the majority offunctionally synchronized nodes were connected via SC paths of length 2. With the NBS method, we observed significantly lower bandwidth between the right Posterior cingulate gyrus and right Cuneus, bilateral Middle frontal gyrus, bilateral Gyrus rectus in OSA patients. By tracing the high-proportion SC pathways, it was found that OSA patients typically exhibit a decrease in direct SC-FC, SC-FC triangles, and SC-FC quads intra- and inter-networks.
CONCLUSION: Complex interrelationship changes have been observed between the SC and FC in patients with OSA, which might leads to abnormal information transmission and communication in the brain network.","",10.1016/j.sleep.2024.02.013,"",,
rayyan-661287663,Sleep Disturbances and Disorders in Patients with Knee Osteoarthritis and Total Knee Arthroplasty.,2022,1,1,,,,,,Bartosiak K and Schwabe M and Lucey B and Lawrie C and Barrack R,https://pubmed.ncbi.nlm.nih.gov/35926180/,,,,"➤: There is increasing evidence that patient-reported outcomes following total knee arthroplasty (TKA) are associated with psychosocial factors and pain catastrophizing. Sleep disturbance, pain, and mental health have a complex interaction, which, if unrecognized, can be associated with impaired patient-reported outcomes and dissatisfaction following TKA.
➤: The gold standard of objective sleep assessment is polysomnography, which is not feasible to use routinely for TKA patients. Wearable devices are a validated and less costly alternative.
➤: Subjective sleep measures, such as the Pittsburgh Sleep Quality Index, Epworth Sleepiness Scale, or Patient-Reported Outcomes Measurement Information System (PROMIS) computerized adaptive test sleep domains, are simple to administer and provide additional insight into sleep disturbance. Although objective and subjective measures do not correlate precisely, they can be informative together.
➤: Sleep disturbances in the elderly population are common and multifactorial in etiology, stemming from the interplay of sleep disorders, medication side effects, and pain. Commonly prescribed medications following TKA as well as postoperative pain can exacerbate underlying sleep disturbances.
➤: Obstructive sleep apnea (OSA) is prevalent in patients seeking TKA. In the setting of OSA, postoperative opioids can cause respiratory depression, resulting in consequences as severe as death. A standardized multimodal pain protocol including anti-inflammatories and gamma-aminobutyric acid (GABA) analogues may allow for decreased reliance on opioids for pain control.
➤: Surgeons should reassure patients that postoperative sleep disturbance is common and transient, collaborate with the patient's primary care doctor to address sleep disturbance, and avoid prescription of pharmaceutical sleep aids.","",10.2106/jbjs.21.01448,"",,
rayyan-661287664,Screening Sleep Apnea Using Random Convolution Kernels of Acoustic Speech Representations.,2025,1,1,,,,,,TaghiBeyglou B and Akbari S and Mclaurin P and Yasokaran O and Adams R and Mohammed M and Ayas N and Pendharkar SR and Almeida FR and Singh M and Rac V and Yadollahi A,https://pubmed.ncbi.nlm.nih.gov/41336387/,,,,"Obstructive sleep apnea (OSA), characterized by complete or partial airway obstruction during sleep, affects approximately 38% of the adult population. The clinical diagnosis of OSA is typically conducted using polysomnography (PSG), which has been reported to be cumbersome, requires technical expertise, and involves long waitlists. Consequently, alternative methods, such as questionnaires, have gained attention in recent years. However, while these methods are highly sensitive, they suffer from low specificity. Speech-based screening has emerged as an accessible alternative and has been widely explored in the literature. Despite this, existing technologies primarily rely on acoustic features and classical machine learning models, with the potential of deep neural networks largely unexplored. In this study, we employed random convolution kernels to simulate the effects of convolutional neural networks on speech acoustic features to predict the severity of sleep apnea based on two apnea-hypopnea index (AHI) thresholds: 10 and 15 events/hour. Our results, based on a sample of 35 individuals, achieved an F1-score of 0.83 for the 10 events/hour threshold and 0.71 for the 15 events/hour threshold, surpassing the performance reported in the literature with similar sample sizes.","",10.1109/embc58623.2025.11252985,"",,
rayyan-661287665,Sleep apnea and respiratory anomaly detection from a wearable band and oxygen saturation.,2022,1,1,,,,,,Ganglberger W and Bucklin AA and Tesh RA and Da Silva Cardoso M and Sun H and Leone MJ and Paixao L and Panneerselvam E and Ye EM and Thompson BT and Akeju O and Kuller D and Thomas RJ and Westover MB,https://pubmed.ncbi.nlm.nih.gov/34409545/,,,,"OBJECTIVE: Sleep-related respiratory abnormalities are typically detected using polysomnography. There is a need in general medicine and critical care for a more convenient method to detect sleep apnea automatically from a simple, easy-to-wear device. The objective was to detect abnormal respiration and estimate the Apnea-Hypopnea Index (AHI) automatically with a wearable respiratory device with and without SpO2 signals using a large (n = 412) dataset serving as ground truth.
DESIGN: Simultaneously recorded polysomnography (PSG) and wearable respiratory effort data were used to train and evaluate models in a cross-validation fashion. Time domain and complexity features were extracted, important features were identified, and a random forest model was employed to detect events and predict AHI. Four models were trained: one each using the respiratory features only, a feature from the SpO2 (%)-signal only, and two additional models that use the respiratory features and the SpO2 (%) feature, one allowing a time lag of 30 s between the two signals.
RESULTS: Event-based classification resulted in areas under the receiver operating characteristic curves of 0.94, 0.86, and 0.82, and areas under the precision-recall curves of 0.48, 0.32, and 0.51 for the models using respiration and SpO2, respiration-only, and SpO2-only, respectively. Correlation between expert-labelled and predicted AHI was 0.96, 0.78, and 0.93, respectively.
CONCLUSIONS: A wearable respiratory effort signal with or without SpO2 signal predicted AHI accurately, and best performance was achieved with using both signals.","",10.1007/s11325-021-02465-2,"",,
rayyan-661287666,Obstructive Sleep Apnea Screening by Joint Saturation Signal Analysis and PPG-derived Pulse Rate Oscillations.,2023,1,1,,,,,,Cajal D and Gil E and Laguna P and Varon C and Testelmans D and Buyse B and Jensen C and Hoare R and Bailon R and Lazaro J,https://pubmed.ncbi.nlm.nih.gov/37948138/,,,,"Obstructive sleep apnea (OSA) is a high-prevalence disease in the general population, often underdiagnosed. The gold standard in clinical practice for its diagnosis and severity assessment is the polysomnography, although in-home approaches have been proposed in recent years to overcome its limitations. Today's ubiquitously presence of wearables may become a powerful screening tool in the general population and pulse-oximetry-based techniques could be used for early OSA diagnosis. In this work, the peripheral oxygen saturation together with the pulse-to-pulse interval (PPI) series derived from photoplethysmography (PPG) are used as inputs for OSA diagnosis. Different models are trained to classify between normal and abnormal breathing segments (binary decision), and between normal, apneic and hypopneic segments (multiclass decision). The models obtained 86.27% and 73.07% accuracy for the binary and multiclass segment classification, respectively. A novel index, the cyclic variation of the heart rate index (CVHRI), derived from PPI's spectrum, is computed on the segments containing disturbed breathing, representing the frequency of the events. CVHRI showed strong Pearson's correlation (r) with the apnea-hypopnea index (AHI) both after binary (r=0.94, p 0.001) and multiclass (r=0.91, p 0.001) segment classification. In addition, CVHRI has been used to stratify subjects with AHI higher/lower than a threshold of 5 and 15, resulting in 77.27% and 79.55% accuracy, respectively. In conclusion, patient stratification based on the combination of oxygen saturation and PPI analysis, with the addition of CVHRI, is a suitable, wearable friendly and low-cost tool for OSA screening at home.","",10.1109/jbhi.2023.3331947,"",,
rayyan-661287667,"Letter to the editor of ""Sleep Medicine"" regarding the publication entitled ""Acoustic stimulation time-locked to the beginning of sleep apnea events reduces oxygen desaturations: a pilot-study"", by Waeber et al.",2022,1,1,,,,,,Hernández A and Pépin JL,https://pubmed.ncbi.nlm.nih.gov/34857484/,,,,,"",10.1016/j.sleep.2021.10.036,"",,
rayyan-661287668,"Estimating the Severity of Obstructive Sleep Apnea Using ECG, Respiratory Effort and Neural Networks.",2024,1,1,,,,,,Fonseca P and Ross M and Cerny A and Anderer P and Schipper F and Grassi A and van Gilst M and Overeem S,https://pubmed.ncbi.nlm.nih.gov/38551823/,,,,"OBJECTIVE: wearable sensor technology has progressed significantly in the last decade, but its clinical usability for the assessment of obstructive sleep apnea (OSA) is limited by the lack of large and representative datasets simultaneously acquired with polysomnography (PSG). The objective of this study was to explore the use of cardiorespiratory signals common in standard PSGs which can be easily measured with wearable sensors, to estimate the severity of OSA.
METHODS: an artificial neural network was developed for detecting sleep disordered breathing events using electrocardiogram (ECG) and respiratory effort. The network was combined with a previously developed cardiorespiratory sleep staging algorithm and evaluated in terms of sleep staging classification performance, apnea-hypopnea index (AHI) estimation, and OSA severity estimation against PSG on a cohort of 653 participants with a wide range of OSA severity.
RESULTS: four-class sleep staging achieved a κ of 0.69 versus PSG, distinguishing wake, combined N1-N2, N3 and REM. AHI estimation achieved an intraclass correlation coefficient of 0.91, and high diagnostic performance for different OSA severity thresholds.
CONCLUSIONS: this study highlights the potential of using cardiorespiratory signals to estimate OSA severity, even without the need for airflow or oxygen saturation (SpO2), traditionally used for assessing OSA.
SIGNIFICANCE: while further research is required to translate these findings to practical and unobtrusive sensors, this study demonstrates how existing, large datasets can serve as a foundation for wearable systems for OSA monitoring. Ultimately, this approach could enable long-term assessment of sleep disordered breathing, facilitating new avenues for clinical research in this field.","",10.1109/jbhi.2024.3383240,"",,
rayyan-661287669,New diagnostic tools for obstructive sleep apnea.,2026,1,1,,,,,,Bundyra JP and Sochocka A and Sikorska A and Parda J and Mian E and Zapart Z and Szepietowska M and Nowicka N and Gańska OZ and Janik D,https://pubmed.ncbi.nlm.nih.gov/41955605/,,,,"OBJECTIVE: Aim: To evaluate how multi-night home sleep apnea testing and other ambulatory monitoring strategies can complement or, in selected patients, replace single-night in-laboratory polysomnography when diagnosing obstructive sleep apnea, with emphasis on clinical decision-making, diagnostic accuracy, feasibility, and patient experience.
PATIENTS AND METHODS: Materials and Methods: PubMed and Scopus were searched for English-language publications from 2015-2025. Selected landmark studies published before 2015, one American Academy of Sleep Medicine guideline and conference abstract were also included. Current evidence shows substantial night-to-night variability in the apnea-hypopnea index (AHI), driven by sleep position, alcohol use, and sleep-stage distribution. Single-night testing may misclassify a large proportion of mild-to-moderate cases. Modern home testing devices (e.g., peripheral arterial tonometry-based systems, accelerometry, radar, and under-mattress sensors) enable extended monitoring, reduce the first-night effect, and may improve diagnostic precision. Most patients prefer to perform tests at home due to convenience. However, it is worth emphasizing that clear instructions and easily accessible technical support are very important factors for them.
CONCLUSION: Conclusions: For uncomplicated adults with a high pre-test probability of obstructive sleep apnea, multi-night home testing can be a pragmatic first-line option, especially around diagnostic thresholds. In-laboratory polysomnography remains preferred in patients with significant comorbidities, suspected coexisting sleep disorders, or when home testing is negative, inconclusive, or technically inadequate.","",10.36740/wlek/216754,"",,
rayyan-661287670,"Obstructive Sleep Apnea, Resting Heart Rate, and Glycemic Variability in Adults With Maturity-Onset Diabetes of the Young.",2026,1,1,,,,,,Arosemena M and Chopra K and Salguero MV and Reyes D and Naylor RN and Wroblewski K and Tasali E and Philipson LH,https://pubmed.ncbi.nlm.nih.gov/41232044/,,,,"UNLABELLED: Obstructive sleep apnea (OSA) is a common condition strongly linked to increased cardiovascular risk and poor glycemic control. Little is known about OSA, cardiovascular risk, and glycemia in maturity-onset diabetes of the young (MODY), an inherited form of diabetes, which is different than both type 1 and type 2 diabetes. We assessed OSA, resting heart rate (RHR), an important prognostic marker of cardiovascular disease, and glycemic variability among the most common subtypes of MODY, glucokinase (GCK)-MODY, and transcription factor (TF)-related MODY (HNF1A, HNF4A, and HNF1B). Adults with GCK-MODY (n = 63) and TF-related MODY (n = 60) and control adults without diabetes (n = 65) were screened for OSA by home sleep test. Glycemic variability (continuous glucose monitoring) and RHR (wearable sleep-activity tracker) were concomitantly assessed for 2 weeks at home. Data from 188 individuals (2,853 recorded days) were analyzed. Individuals with TF-related MODY, compared with those with GCK-MODY or control individuals, had more OSA (48.3%, 27.0%, and 30.8%, respectively; P = 0.033), higher RHR (72.8 ± 10.8, 65.2 ± 7.9, and 67.3 ± 7.7 bpm, respectively; P < 0.001), and higher glycemic variability (coefficient of variation of glucose 31.6 ± 6.0%, 17.3 ± 4.5%, and 17.5 ± 4.0%, respectively; P < 0.001). Greater severity of OSA and higher RHR were associated with higher glycemic variability. These findings may have important clinical implications for cardiovascular risk assessment in MODY.
ARTICLE HIGHLIGHTS: Obstructive sleep apnea (OSA) has been strongly linked to increased cardiovascular risk and poor glycemic control in the general population. Resting heart rate (RHR) is a prognostic marker of cardiovascular morbidity and mortality and has been linked to dysglycemia. Little is known about OSA, RHR, and glycemia in maturity-onset diabetes of the young (MODY), an inherited form of diabetes with discrete clinical features. Adults with transcription factor-related MODY (HNF1A, HNF4A, and HNF1B) had more OSA and higher RHR and greater glycemic variability compared with those with glucokinase-MODY or control adults without diabetes, which may have important clinical implications for future cardiovascular risk.","",10.2337/db24-0787,"",,
rayyan-661287671,Identification of arterial oxygen intermittency in oximetry data.,2022,1,1,,,,,,Galuzio PP and Cherif A and Tao X and Thwin O and Zhang H and Thijssen S and Kotanko P,https://pubmed.ncbi.nlm.nih.gov/36163364/,,,,"In patients with kidney failure treated by hemodialysis, intradialytic arterial oxygen saturation (SaO2) time series present intermittent high-frequency high-amplitude oximetry patterns (IHHOP), which correlate with observed sleep-associated breathing disturbances. A new method for identifying such intermittent patterns is proposed. The method is based on the analysis of recurrence in the time series through the quantification of an optimal recurrence threshold ([Formula: see text]). New time series for the value of [Formula: see text] were constructed using a rolling window scheme, which allowed for real-time identification of the occurrence of IHHOPs. The results for the optimal recurrence threshold were confronted with standard metrics used in studies of obstructive sleep apnea, namely the oxygen desaturation index (ODI) and oxygen desaturation density (ODD). A high correlation between [Formula: see text] and the ODD was observed. Using the value of the ODI as a surrogate to the apnea-hypopnea index (AHI), it was shown that the value of [Formula: see text] distinguishes occurrences of sleep apnea with great accuracy. When subjected to binary classifiers, this newly proposed metric has great power for predicting the occurrences of sleep apnea-related events, as can be seen by the larger than 0.90 AUC observed in the ROC curve. Therefore, the optimal threshold [Formula: see text] from recurrence analysis can be used as a metric to quantify the occurrence of abnormal behaviors in the arterial oxygen saturation time series.","",10.1038/s41598-022-20493-0,"",,
rayyan-661287673,"Artificial intelligence and sleep medicine II: A scoping review of applications, advancements, and future directions.",2026,1,1,,,,,,Jahrami H and Husain W and Trabelsi K and Penzel T and Hirshkowitz M and Razjouyan J and BaHammam AS and Sharafkhaneh A,https://pubmed.ncbi.nlm.nih.gov/41330180/,,,,"BACKGROUND: Artificial intelligence (AI) has rapidly advanced in sleep medicine, offering innovative solutions for sleep disorder management. The integration of AI technologies presents unprecedented opportunities to address longstanding challenges in diagnosis, monitoring, and treatment.
METHODS: This scoping review summarizes current AI applications in sleep medicine following PRISMA-ScR. A comprehensive search was conducted across various databases from inception to 2024, following PRISMA-ScR guidelines. Eligible studies included original AI research, systematic reviews, and meta-analyses focusing on sleep medicine.
RESULTS: AI models for obstructive sleep apnea (OSA) detection demonstrated accuracy between 85 % and 99 % in controlled settings, with outlier up to 99.9 %. Deep learning approaches for sleep staging and quality assessment match human expert performance. AI applications have extended to other disorders like insomnia and narcolepsy. Wearable technologies and non-contact sensors enable continuous monitoring outside laboratory settings, with some achieving sensitivity >96 % and specificity >97 % for OSA detection. Significant real-world validation gaps persist.
CONCLUSIONS: While AI shows transformative potential in sleep medicine, implementation challenges remain. Future research should prioritize multicenter validation, ethical governance, and culturally inclusive AI frameworks to ensure safe and equitable clinical translation. Addressing ethical considerations and standardizing methodological reporting are essential for widespread adoption of these technologies in clinical practice.","",10.1016/j.smrv.2025.102212,"",,
rayyan-661287674,Advancements in Home-Based Devices for Detecting Obstructive Sleep Apnea: A Comprehensive Study.,2023,1,1,,,,,,Espinosa MA and Ponce P and Molina A and Borja V and Torres MG and Rojas M,https://pubmed.ncbi.nlm.nih.gov/38067885/,,,,"Obstructive Sleep Apnea (OSA) is a respiratory disorder characterized by frequent breathing pauses during sleep. The apnea-hypopnea index is a measure used to assess the severity of sleep apnea and the hourly rate of respiratory events. Despite numerous commercial devices available for apnea diagnosis and early detection, accessibility remains challenging for the general population, leading to lengthy wait times in sleep clinics. Consequently, research on monitoring and predicting OSA has surged. This comprehensive paper reviews devices, emphasizing distinctions among representative apnea devices and technologies for home detection of OSA. The collected articles are analyzed to present a clear discussion. Each article is evaluated according to diagnostic elements, the implemented automation level, and the derived level of evidence and quality rating. The findings indicate that the critical variables for monitoring sleep behavior include oxygen saturation (oximetry), body position, respiratory effort, and respiratory flow. Also, the prevalent trend is the development of level IV devices, measuring one or two signals and supported by prediction software. Noteworthy methods showcasing optimal results involve neural networks, deep learning, and regression modeling, achieving an accuracy of approximately 99%.","",10.3390/s23239512,"",,
rayyan-661287675,Photoplethysmography-new applications for an old technology: a sleep technology review.,2023,1,1,,,,,,Ryals S and Chiang A and Schutte-Rodin S and Chandrakantan A and Verma N and Holfinger S and Abbasi-Feinberg F and Bandyopadhyay A and Baron K and Bhargava S and He K and Kern J and Miller J and Patel R and Ratnasoma D and Deak MC,https://pubmed.ncbi.nlm.nih.gov/36123954/,,,,"UNLABELLED: Education is integral to the American Academy of Sleep Medicine (AASM) mission. The AASM Emerging Technology Committee identified an important and evolving piece of technology that is present in many of the consumer and clinical technologies that we review on the AASM #SleepTechnology (https://aasm.org/consumer-clinical-sleep-technology/) resource-photoplethysmography. As more patients with sleep tracking devices ask clinicians to view their data, it is important for sleep providers to have a general understanding of the technology, its sensors, how it works, targeted users, evidence for the claimed uses, and its strengths and weaknesses. The focus in this review is photoplethysmography-a sensor type used in the familiar pulse oximeter that is being developed for additional utilities and data outputs in both consumer and clinical sleep technologies.
CITATION: Ryals S, Chang A, Schutte-Rodin S, et al. Photoplethysmography-new applications for an old technology: a sleep technology review. J Clin Sleep Med. 2023;19(1):189-195.","",10.5664/jcsm.10300,"",,
rayyan-661287676,The Accuracy of Wearable Photoplethysmography Sensors for Telehealth Monitoring: A Scoping Review.,2023,1,1,,,,,,Knight S and Lipoth J and Namvari M and Gu C and Hedayati M and Syed-Abdul S and Spiteri RJ,https://pubmed.ncbi.nlm.nih.gov/36288566/,,,,"Background and Objectives: Photoplethysmography (PPG) sensors have been increasingly used for remote patient monitoring, especially during the COVID-19 pandemic, for the management of chronic diseases and neurological disorders. There is an urgent need to evaluate the accuracy of these devices. This scoping review considers the latest applications of wearable PPG sensors with a focus on studies that used wearable PPG sensors to monitor various health parameters. The primary objective is to report the accuracy of the PPG sensors in both real-world and clinical settings. Methods: This scoping review was conducted in accordance with Preferred Reporting Items for Systematic Reviews and Meta-analyses (PRISMA). Studies were identified by querying the Medline, Embase, IEEE, and CINAHL databases. The goal was to capture eligible studies that used PPG sensors to monitor various health parameters for populations with a minimum of 30 participants, with at least some of the population having relevant health issues. A total of 2,996 articles were screened and 28 are included in this review. Results: The health parameters and disorders identified and investigated in this study include heart rate and heart rate variability, atrial fibrillation, blood pressure (BP), obstructive sleep apnea, blood glucose, heart failure, and respiratory rate. An overview of the algorithms used, and their limitations is provided. Conclusion: Some of the barriers identified in evaluating the accuracy of multiple types of wearable devices include the absence of reporting standard accuracy metrics and a general paucity of studies with large subject size in real-world settings, especially for parameters such as BP.","",10.1089/tmj.2022.0182,"",,
rayyan-661287677,"A New Wearable System for Home Sleep Apnea Testing, Screening, and Classification.",2020,1,1,,,,,,Manoni A and Loreti F and Radicioni V and Pellegrino D and Della Torre L and Gumiero A and Halicki D and Palange P and Irrera F,https://pubmed.ncbi.nlm.nih.gov/33302407/,,,,"We propose an unobtrusive, wearable, and wireless system for the pre-screening and follow-up in the domestic environment of specific sleep-related breathing disorders. This group of diseases manifests with episodes of apnea and hypopnea of central or obstructive origin, and it can be disabling, with several drawbacks that interfere in the daily patient life. The gold standard for their diagnosis and grading is polysomnography, which is a time-consuming, scarcely available test with many wired electrodes disseminated on the body, requiring hospitalization and long waiting times. It is limited by the night-by-night variability of sleep disorders, while inevitably causing sleep alteration and fragmentation itself. For these reasons, only a small percentage of patients achieve a definitive diagnosis and are followed-up. Our device integrates photoplethysmography, an accelerometer, a microcontroller, and a bluetooth transmission unit. It acquires data during the whole night and transmits to a PC for off-line processing. It is positioned on the nasal septum and detects apnea episodes using the modulation of the photoplethysmography signal during the breath. In those time intervals where the photoplethysmography is detecting an apnea, the accelerometer discriminates obstructive from central type thanks to its excellent sensitivity to thoraco-abdominal movements. Tests were performed on a hospitalized patient wearing our integrated system and the type III home sleep apnea testing recommended by The American Academy of Sleep Medicine. Results are encouraging: sensitivity and precision around 90% were achieved in detecting more than 500 apnea episodes. Least thoraco-abdominal movements and body position were successfully classified in lying down control subjects, paving the way toward apnea type classification.","",10.3390/s20247014,"",,
rayyan-661287678,MS-Net: Sleep apnea detection in PPG using multi-scale block and shadow module one-dimensional convolutional neural network.,2023,1,1,,,,,,Wei K and Zou L and Liu G and Wang C,https://pubmed.ncbi.nlm.nih.gov/36842220/,,,,"Sleep Apnea (SA) is a respiratory disorder that affects sleep. However, the SA detection method based on polysomnography is complex and not suitable for home use. The detection approach using Photoplethysmography is low cost and convenient, which can be used to widely detect SA. This study proposed a method combining a multi-scale one-dimensional convolutional neural network and a shadow one-dimensional convolutional neural network based on dual-channel input. The time-series feature information of different segments were extracted from multi-scale temporal structure. Moreover, shadow module was adopted to make full use of the redundant information generated after multi-scale convolution operation, which improved the accuracy and ensured the portability of the model. At the same time, we introduced balanced bootstrapping and class weight, which effectively alleviated the problem of unbalanced classes. Our method achieved the result of 82.0% average accuracy, 74.4% average sensitivity and 85.1% average specificity for per-segment SA detection, and reached 93.6% average accuracy for per-recording SA detection after 5-fold cross validation. Experimental results show that this method has good robustness. It can be regarded as an effective aid in SA detection in household use.","",10.1016/j.compbiomed.2022.106469,"",,
rayyan-661287679,Automatic monitoring of obstructive sleep apnea based on multi-modal signals by phone and smartwatch.,2023,1,1,,,,,,Zhou G and Zhou W and Zhang Y and Zeng Z and Zhao W,https://pubmed.ncbi.nlm.nih.gov/38083356/,,,,"Obstructive Sleep Apnea (OSA) is the most common sleep-related breathing disorder, with an overall population prevalence ranging from 9% to 38%, and it is associated with many cardiovascular diseases. The diagnosis of OSA requires polysomnography (PSG) testing, which is unsuitable for large-scale preliminary screening due to its high cost and discomfort to wear. Therefore, a simple and inexpensive screening method would be of great value. This study presents a novel at-home OSA screening method using a smartwatch and a smartphone to obtain several physiological signals, snoring segments, and questionnaire information during a whole night's sleep. The proposed method can distinguish four OSA risk levels based on machine learning (ML) classifications; the system was validated by conducting an in-hospital study on 350 subjects with sleep disorders. The estimated OSA risk levels are in good agreement with the OSA severity diagnosed by PSG (correlation with apnea-hypopnea index (AHI) = 0.92), and an encouraging classification performance is achieved (accuracy = 88.1%, 84.5%, 85.1%, sensitivity = 89.1%, 84.2%, 85.6% for mild, moderate and severe OSA). These findings reveal that wearable devices have the potential for large-scale OSA screening.","",10.1109/embc40787.2023.10340237,"",,
rayyan-661287680,Validation of novel automatic ultra-wideband radar for sleep apnea detection.,2020,1,1,,,,,,Zhou Y and Shu D and Xu H and Qiu Y and Zhou P and Ruan W and Qin G and Jin J and Zhu H and Ying K and Zhang W and Chen E,https://pubmed.ncbi.nlm.nih.gov/32395265/,,,,"BACKGROUND: To validate the accuracy of ultra-wideband (UWB) wireless radar for the screening diagnosis of sleep apnea.
METHODS: One hundred and seventy-six qualified participants were successfully recruited. Apnea-hypopnea index (AHI) results from polysomnography (PSG) were reviewed by physicians, while the radar device automatically calculated AHI values with an embedded chip. All results were statistically analyzed.
RESULTS: A UWB radar-based AHI algorithm was successfully developed according to respiratory movement and body motion signals. Of all 176 participants, 63 exhibited normal results (AHI <5/hr) and the remaining 113 were diagnosed with obstructive sleep apnea. Significant correlation was detected between radar AHI and PSG AHI (Intraclass correlation coefficient 0.98, P<0.001). Receiver operating characteristic curve (ROC) analysis revealed high sensitivity and specificity. High concordance in participants with varying gender, age, BMI, and PSG AHI was reached.
CONCLUSIONS: The UWB radar may be a portable, convenient, and reliable device for obstructive sleep apnea screening.","",10.21037/jtd.2020.02.59,"",,
rayyan-661287681,Classification and Detection of Breathing Patterns with Wearable Sensors and Deep Learning.,2020,1,1,,,,,,McClure K and Erdreich B and Bates JHT and McGinnis RS and Masquelin A and Wshah S,https://pubmed.ncbi.nlm.nih.gov/33202857/,,,,"Rapid assessment of breathing patterns is important for several emergency medical situations. In this research, we developed a non-invasive breathing analysis system that automatically detects different types of breathing patterns of clinical significance. Accelerometer and gyroscopic data were collected from light-weight wireless sensors placed on the chest and abdomen of 100 normal volunteers who simulated various breathing events (central sleep apnea, coughing, obstructive sleep apnea, sighing, and yawning). We then constructed synthetic datasets by injecting annotated examples of the various patterns into segments of normal breathing. A one-dimensional convolutional neural network was implemented to detect the location of each event in each synthetic dataset and to classify it as belonging to one of the above event types. We achieved a mean F1 score of 92% for normal breathing, 87% for central sleep apnea, 72% for coughing, 51% for obstructive sleep apnea, 57% for sighing, and 63% for yawning. These results demonstrate that using deep learning to analyze chest and abdomen movement data from wearable sensors provides an unobtrusive means of monitoring the breathing pattern. This could have application in a number of critical medical situations such as detecting apneas during sleep at home and monitoring breathing events in mechanically ventilated patients in the intensive care unit.","",10.3390/s20226481,"",,
rayyan-661287682,Sleep Apnea Pathophysiology in Patients with a History of COVID-19.,2026,1,1,,,,,,Celik Y and Sands SA and Alex R and Peker Y and Redline S,https://pubmed.ncbi.nlm.nih.gov/41598517/,,,,"Background: Emerging evidence suggests that COVID-19 may influence obstructive sleep apnea (OSA) pathophysiology by affecting upper airway collapsibility, ventilatory control, and arousal responses, raising the possibility of a bidirectional relationship. This study examined whether individuals with a history of COVID-19 show altered OSA-related physiological traits compared with those without prior infection. Methods: In a case-control study, 60 participants with a history of COVID-19 were compared to 60 matched controls who underwent overnight in-hospital polysomnography before the pandemic. The matching criteria included age (±5 years), gender, body mass index (BMI) (±5 kg/m2), and OSA presence. Key pathophysiological traits (collapsibility, loop gain, arousal threshold, muscle compensation) estimated from polysomnographic signals were compared, with adjustment for age, sex, BMI, and apnea-hypopnea index. Results: The participants (78% male, mean age 55 ± 12 years, BMI 29.4 ± 5.0 kg/m2) exhibited no meaningful differences in their average levels of collapsibility (Adj dif [95% CI]; Vpassive: -1 [-4, 2] %eupnea, p = 0.7), loop gain (LG1: 0.01 [-0.04, 0.06], p = 0.7), or arousal threshold levels (-1 [-7, 4] %eupnea) and showed similar levels of muscle compensation (Vcomp: 5 [-1, 11], p = 0.12). However, a greater ventilatory response to arousal (7 [1, 12] %eupnea) was associated with COVID-19 history. Conclusions: COVID-19 history is not associated with differences in key OSA pathophysiological traits, suggesting it is unlikely to explain observed differences in OSA presentation. The increased ventilatory response to arousal may have implications for treatment responses and outcomes.","",10.3390/jcm15020580,"",,
rayyan-661287683,Positive airway pressure-associated epiglottis-related obstruction in adult men with obstructive sleep apnea.,2026,1,1,,,,,,Weng ML and Vena D and Wellman A and Malhotra A and Sands SA and Huyett P and Kezirian EJ,https://pubmed.ncbi.nlm.nih.gov/42260258/,,,,"PURPOSE: To characterize changes in ventilation and inspiratory airflow associated with visual evidence of epiglottis-related obstruction during drug-induced sleep endoscopy (DISE) with positive airway pressure (PAP) administration among adults with obstructive sleep apnea (OSA).
METHODS: This was a case-control study of adults with OSA undergoing DISE with measurement of airflow and mask pressure, prior to and during PAP administration. Cases were defined by visual evidence of partial or complete epiglottis-related obstruction, whether prior to and/or with PAP. Each case was matched to a control with an identical visual obstruction pattern (other than for the epiglottis) prior to PAP (if available), with attempted matching on age and BMI. For each breath, ventilation and mean inspiratory airflow were calculated, along with the endoscopic degree of visual epiglottis-related obstruction.
RESULTS: From 150 study participants, 26 cases with 2050 breaths and 14 matched controls with 1353 breaths were selected. With increasing PAP level and mask pressure, 19 cases (13% of total study participants) had some decrease in ventilation or mean inspiratory airflow. Increasing mask pressure was associated with increased ventilation and mean inspiratory airflow in controls at all pressures and in cases before the onset of visual epiglottis-related obstruction. Among cases, once visual epiglottis-related obstruction emerged, increasing mask pressure was associated with decreasing ventilation and mean inspiratory airflow relative to the pattern in controls and cases at lesser mask pressures.
CONCLUSION: Visual epiglottis-related obstruction during DISE with PAP occurs in some individuals that limits increases in ventilation and mean inspiratory airflow normally seen with increases in PAP levels.","",10.1007/s44470-026-00103-w,"",,
rayyan-661287684,Screening for obstructive sleep apnea with novel hybrid acoustic smartphone app technology.,2020,1,1,,,,,,Tiron R and Lyon G and Kilroy H and Osman A and Kelly N and O'Mahony N and Lopes C and Coffey S and McMahon S and Wren M and Conway K and Fox N and Costello J and Shouldice R and Lederer K and Fietze I and Penzel T,https://pubmed.ncbi.nlm.nih.gov/32944361/,,,,"BACKGROUND: Obstructive sleep apnea (OSA) has a high prevalence, with an estimated 425 million adults with apnea hypopnea index (AHI) of ≥15 events/hour, and is significantly underdiagnosed. This presents a significant pain point for both the sufferers, and for healthcare systems, particularly in a post COVID-19 pandemic world. As such, it presents an opportunity for new technologies that can enable screening in both developing and developed countries. In this work, the performance of a non-contact OSA screener App that can run on both Apple and Android smartphones is presented.
METHODS: The subtle breathing patterns of a person in bed can be measured via a smartphone using the ""Firefly"" app technology platform [and underpinning software development kit (SDK)], which utilizes advanced digital signal processing (DSP) technology and artificial intelligence (AI) algorithms to identify detailed sleep stages, respiration rate, snoring, and OSA patterns. The smartphone is simply placed adjacent to the subject, such as on a bedside table, night stand or shelf, during the sleep session. The system was trained on a set of 128 overnights recorded at a sleep laboratory, where volunteers underwent simultaneous full polysomnography (PSG), and ""Firefly"" smartphone app analysis. A separate independent test set of 120 recordings was collected across a range of Apple iOS and Android smartphones, and withheld for performance evaluation by a different team. An operating point tuned for mid-sensitivity (i.e., balancing sensitivity and specificity) was chosen for the screener.
RESULTS: The performance on the test set is comparable to ambulatory OSA screeners, and other smartphone screening apps, with a sensitivity of 88.3% and specificity of 80.0% [with receiver operating characteristic (ROC) area under the curve (AUC) of 0.92], for a clinical threshold for the AHI of ≥15 events/hour of detected sleep time.
CONCLUSIONS: The ""Firefly"" app based sensing technology offers the potential to significantly lower the barrier of entry to OSA screening, as no hardware (other than the user's personal smartphone) is required. Additionally, multi-night analysis is possible in the home environment, without requiring the wearing of a portable PSG or other home sleep test (HST).","",10.21037/jtd-20-804,"",,
rayyan-661287685,Alternatives to Polysomnography for the Diagnosis of Pediatric Obstructive Sleep Apnea.,2023,1,1,,,,,,Teplitzky TB and Zauher AJ and Isaiah A,https://pubmed.ncbi.nlm.nih.gov/37296808/,,,,"Diagnosis of obstructive sleep apnea (OSA) in children with sleep-disordered breathing (SDB) requires hospital-based, overnight level I polysomnography (PSG). Obtaining a level I PSG can be challenging for children and their caregivers due to the costs, barriers to access, and associated discomfort. Less burdensome methods that approximate pediatric PSG data are needed. The goal of this review is to evaluate and discuss alternatives for evaluating pediatric SDB. To date, wearable devices, single-channel recordings, and home-based PSG have not been validated as suitable replacements for PSG. However, they may play a role in risk stratification or as screening tools for pediatric OSA. Further studies are needed to determine if the combined use of these metrics could predict OSA.","",10.3390/diagnostics13111956,"",,
rayyan-661287686,Telemonitoring for the Follow-Up of Obstructive Sleep Apnea Patients Treated with CPAP: Accuracy and Impact on Therapy.,2022,1,1,,,,,,Dusart C and Andre S and Mettay T and Bruyneel M,https://pubmed.ncbi.nlm.nih.gov/35408395/,,,,"Continuous positive airway pressure (CPAP) telemonitoring (TMg) has become widely implemented in routine clinical care. Objective measures of CPAP compliance, residual respiratory events, and leaks can be easily monitored, but limitations exist. This review aims to assess the role of TMg in CPAP-treated obstructive sleep apnea (OSA) patients. We report recent data related to the accuracy of parameters measured by CPAP and try to determine the role of TMg in CPAP treatment follow-up, from the perspective of both healthcare professionals and patients. Measurement and accuracy of CPAP-recorded data, clinical management of these data, and impacts of TMg on therapy are reviewed in light of the current literature. Moreover, the crucial questions of who and how to monitor are discussed. TMg is a useful tool to support, fine-tune, adapt, and control both CPAP efficacy and compliance in newly-diagnosed OSA patients. However, clinicians should be aware of the limits of the accuracy of CPAP devices to measure residual respiratory events and leaks and issues such as privacy and cost-effectiveness are still a matter of concern. The best methods to focus our efforts on the patients who need TMg support should be properly defined in future long-term studies.","",10.3390/s22072782,"",,
rayyan-661287687,Estimating the severity of obstructive sleep apnea during wakefulness using speech: A review.,2024,1,1,,,,,,TaghiBeyglou B and Čuljak I and Bagheri F and Suntharalingam H and Yadollahi A,https://pubmed.ncbi.nlm.nih.gov/39173487/,,,,"Obstructive sleep apnea (OSA) is a chronic breathing disorder during sleep that affects 10-30% of adults in North America. The gold standard for diagnosing OSA is polysomnography (PSG). However, PSG has several drawbacks, for example, it is a cumbersome and expensive procedure, which can be quite inconvenient for patients. Additionally, patients often have to endure long waitlists before they can undergo PSG. As a result, other alternatives for screening OSA have gained attention. Speech, as an accessible modality, is generated by variations in the pharyngeal airway, vocal tract, and soft tissues in the pharynx, which shares similar anatomical structures that contribute to OSA. Consequently, in this study, we aim to provide a comprehensive review of the existing research on the use of speech for estimating the severity of OSA. In this regard, a total of 851 papers were initially identified from the PubMed database using a specified set of keywords defined by population, intervention, comparison and outcome (PICO) criteria, along with a concatenated graph of the 5 most cited papers in the field extracted from ConnectedPapers platform. Following a rigorous filtering process that considered the preferred reporting items for systematic reviews and meta-analyses (PRISMA) approach, 32 papers were ultimately included in this review. Among these, 28 papers primarily focused on developing methodology, while the remaining 4 papers delved into the clinical perspective of the association between OSA and speech. In the next step, we investigate the physiological similarities between OSA and speech. Subsequently, we highlight the features extracted from speech, the employed feature selection techniques, and the details of the developed models to predict OSA severity. By thoroughly discussing the current findings and limitations of studies in the field, we provide valuable insights into the gaps that need to be addressed in future research directions.","",10.1016/j.compbiomed.2024.109020,"",,
rayyan-661287688,Snoring Index and Neck Circumference as Predictors of Adult Obstructive Sleep Apnea.,2022,1,1,,,,,,Chiang JK and Lin YC and Lu CM and Kao YH,https://pubmed.ncbi.nlm.nih.gov/36554066/,,,,"Background. Snoring is the cardinal symptom of obstructive sleep apnea (OSA). The acoustic features of snoring sounds include intra-snore (including snoring index [SI]) and inter-snore features. However, the correlation between snoring sounds and the severity of OSA according to the apnea−hypopnea index (AHI) is still unclear. We aimed to use the snoring index (SI) and the Epworth Sleepiness Scale (ESS) to predict OSA and its severity according to the AHI among middle-aged participants referred for polysomnography (PSG). Methods. In total, 50 participants (mean age, 47.5 ± 12.6 years; BMI: 29.2 ± 5.6 kg/m2) who reported snoring and were referred for a diagnosis of OSA and who underwent a whole night of PSG were recruited. Results. The mean AHI was 30.2 ± 27.2, and the mean SI was 87.9 ± 56.3 events/hour. Overall, 11 participants had daytime sleepiness (ESS > 10). The correlation between SI and AHI (r = 0.33, p = 0.021) was significant. Univariate linear regression analysis showed that male gender, body mass index, neck circumference, ESS, and SI were associated with AHI. SI (β = 0.18, p = 0.004) and neck circumference (β = 2.40, p < 0.001) remained significantly associated with AHI by the multivariate linear regression model. Conclusion. The total number of snores per hour of sleep and neck circumference were positively associated with OSA among adults referred for PSG.","",10.3390/healthcare10122543,"",,
rayyan-661287689,Screening for Obstructive Sleep Apnea Risk by Using Machine Learning Approaches and Anthropometric Features.,2022,1,1,,,,,,Tsai CY and Huang HT and Cheng HC and Wang J and Duh PJ and Hsu WH and Stettler M and Kuan YC and Lin YT and Hsu CR and Lee KY and Kang JH and Wu D and Lee HC and Wu CJ and Majumdar A and Liu WT,https://pubmed.ncbi.nlm.nih.gov/36433227/,,,,"Obstructive sleep apnea (OSA) is a global health concern and is typically diagnosed using in-laboratory polysomnography (PSG). However, PSG is highly time-consuming and labor-intensive. We, therefore, developed machine learning models based on easily accessed anthropometric features to screen for the risk of moderate to severe and severe OSA. We enrolled 3503 patients from Taiwan and determined their PSG parameters and anthropometric features. Subsequently, we compared the mean values among patients with different OSA severity and considered correlations among all participants. We developed models based on the following machine learning approaches: logistic regression, k-nearest neighbors, naïve Bayes, random forest (RF), support vector machine, and XGBoost. Collected data were first independently split into two data sets (training and validation: 80%; testing: 20%). Thereafter, we adopted the model with the highest accuracy in the training and validation stage to predict the testing set. We explored the importance of each feature in the OSA risk screening by calculating the Shapley values of each input variable. The RF model achieved the highest accuracy for moderate to severe (84.74%) and severe (72.61%) OSA. The level of visceral fat was found to be a predominant feature in the risk screening models of OSA with the aforementioned levels of severity. Our machine learning models can be employed to screen for OSA risk in the populations in Taiwan and in those with similar craniofacial structures.","",10.3390/s22228630,"",,
rayyan-661287690,Respiratory event type and duration modulate PPG waveforms in OSA.,2026,1,1,,,,,,Nurminen J and Hietakoste S and Howarth T and Duce B and Leppänen T and Laitinen T and Kulkas A and Kainulainen S,https://pubmed.ncbi.nlm.nih.gov/42320516/,,,,"Objective.Obstructive sleep apnea (OSA) increases circulatory system load and risk of cardiovascular diseases (CVDs). Despite being biomarkers of vascular health, photoplethysmography (PPG) signal waveforms have not been systematically investigated in patients with OSA. Thus, we aimed to study the immediate effects of respiratory event characteristics on PPG waveforms and to examine potential patterns that could be associated with cardiovascular health.Approach.We retrospectively analyzed 520 clinical polysomnographies from suspected OSA patients, focusing on three PPG signal segments: 10 s before, during, and 10 s after respiratory events (n= 14442 in each segment). We determined PPG waveform parameters (full width at half maximum (FWHM) as well as differences in absolute and relative time (Δt, Δtrel) and amplitude (ΔA, and ΔArel) between systolic peak and dicrotic notch) within each segment and tested the effect of respiratory event type (apnea vs hypopnea) and duration (10-20 s, 20-30 s, ⩾30 s).Main results.Before and during respiratory events, longer respiratory events significantly (p< 0.001) increased ΔAreland FWHM, and decreased ΔAand Δtrel. These findings were significantly (p< 0.001) more pronounced during apneas than hypopneas. After the events, all PPG waveform parameters fluctuated strongly. Moreover, the type and duration of the respiratory event, pre-event values of PPG parameters, and heart rate were significantly (p< 0.001) associated with changes in the parameter values during the event.Significance.By analyzing PPG characteristics, we could enhance the evaluation of physiological stress caused by respiratory events in patients with OSA and therefore provide tools for the risk assessment of CVDs.","",10.1088/1361-6579/ae7feb,"",,
rayyan-661287691,Wearable monitoring of sleep-disordered breathing: estimation of the apnea-hypopnea index using wrist-worn reflective photoplethysmography.,2020,1,1,,,,,,Papini GB and Fonseca P and van Gilst MM and Bergmans JWM and Vullings R and Overeem S,https://pubmed.ncbi.nlm.nih.gov/32782313/,,,,"A large part of the worldwide population suffers from obstructive sleep apnea (OSA), a disorder impairing the restorative function of sleep and constituting a risk factor for several cardiovascular pathologies. The standard diagnostic metric to define OSA is the apnea-hypopnea index (AHI), typically obtained by manually annotating polysomnographic recordings. However, this clinical procedure cannot be employed for screening and for long-term monitoring of OSA due to its obtrusiveness and cost. Here, we propose an automatic unobtrusive AHI estimation method fully based on wrist-worn reflective photoplethysmography (rPPG), employing a deep learning model exploiting cardiorespiratory and sleep information extracted from the rPPG signal trained with 250 recordings. We tested our method with an independent set of 188 heterogeneously disordered clinical recordings and we found it estimates the AHI with a good agreement to the gold standard polysomnography reference (correlation = 0.61, estimation error = 3±10 events/h). The estimated AHI was shown to reliably assess OSA severity (weighted Cohen's kappa = 0.51) and screen for OSA (ROC-AUC = 0.84/0.86/0.85 for mild/moderate/severe OSA). These findings suggest that wrist-worn rPPG measurements that can be implemented in wearables such as smartwatches, have the potential to complement standard OSA diagnostic techniques by allowing unobtrusive sleep and respiratory monitoring.","",10.1038/s41598-020-69935-7,"",,
rayyan-661287692,AHI estimation of OSAHS patients based on snoring classification and fusion model.,2023,1,1,,,,,,Song Y and Sun X and Ding L and Peng J and Song L and Zhang X,https://pubmed.ncbi.nlm.nih.gov/37392727/,,,,"Obstructive sleep apnea-hypopnea syndrome (OSAHS) is a chronic and common sleep-breathing disease that could negatively influence lives of patients and cause serious concomitant diseases. Polysomnography(PSG) is the gold standard for diagnosing OSAHS, but it is expensive and requires overnight hospitalization. Snoring is a typical symptom of OSAHS. This study proposes an effective OSAHS screening method based on snoring sound analysis. Snores were labeled as OSAHS related snoring sounds and simple snoring sounds according to real-time PSG records. Three models were used, including acoustic features combined with XGBoost, Mel-spectrum combined with convolution neural network (CNN), and Mel-spectrum combined with residual neural network (ResNet). Further, the three models were fused by soft voting to detect these two types of snoring sounds. The subject's apnea-hypopnea index (AHI) was estimated according to these recognized snoring sounds. The accuracy and recall of the proposed fusion model achieved 83.44% and 85.27% respectively, and the predicted AHI has a Pearson correlation coefficient of 0.913 (R2 = 0.834, p < 0.001) with PSG. The results demonstrate the validity of predicting AHI based on analysis of snoring sound and show great potential for monitoring OSAHS at home.","",10.1016/j.amjoto.2023.103964,"",,
rayyan-661287693,Utility of acoustic pharyngometry for screening of obstructive sleep apnea.,2020,1,1,,,,,,Kim BY and Cho JH and Kim DH and Kim SW and Kim SW and Kim BG and Park YJ,https://pubmed.ncbi.nlm.nih.gov/31732282/,,,,"OBJECTIVE: To determine whether combining acoustic pharyngometric parameters with cephalometric and clinical parameters could improve the predictive power for significant obstructive sleep apnea (OSA) in a Korean population.
METHODS: A total of 229 consecutive adult patients with suspected OSA were enrolled. The predictability for significant OSA using acoustic pharyngometric or cephalometric parameters or combining these parameters and clinical factors was calculated and compared using multivariate logistic regression and receiver operating characteristic (ROC) curves.
RESULTS: In multivariate logistic regression, age, sex, minimum upper airway cross-sectional area (UA-CSA), and mandibular plane to hyoid distance (MPH) were all significant independent predictors of significant OSA. The minimum UA-CSA of 0.85 cm2 provided fair discrimination for OSA [area under the curve (AUC): 0.60, 95% confidence interval (CI): 0.52-0.67]. The MPH of 18.75 mm provided fair discrimination for OSA (AUC; 0.65, 95% CI: 0.58-0.72). The discriminative ability of the final model of multivariate ROC curve analyses that included the minimum UA-CSA, age, sex, body mass index (BMI), and MPH was better than the minimum UA-CSA alone (AUCs: 0.77 vs. 0.60). Optimal cut-off values of predictors for discriminating significant OSA were as follows: male for sex, 40 years for age, 25.5 kg/m2 for BMI, 1.06 cm2 for minimum UA-CSA, and 18 mm for MPH.
CONCLUSION: Minimum UA-CSA measured using acoustic pharyngometry while sitting might be a useful method to predict OSA. Combining minimum UA-CSA with age, sex, BMI and MPH improved the predictive value for significant OSA.","",10.1016/j.anl.2019.10.007,"",,
rayyan-661287694,From Pulse to Phenotype: Sleep Apnea Endotyping for Polygraphy via Oximeter-Derived Autonomic Arousal.,2026,1,1,,,,,,Strassberger C and Hedner J and Sands SA and Zou D and Grote L,https://pubmed.ncbi.nlm.nih.gov/41421575/,,,,"BACKGROUND: Understanding the underlying cause of OSA in the individual patient, referred to as pathophysiologic endotyping, is essential for personalized care. The current classification of these traits from routine sleep recordings relies on manually scored arousals from sleep. Automating this process could widen the applicability of endotyping.
RESEARCH QUESTION: Can analyzing autonomic variability, derived from finger oximeter photoplethysmography (PPG), accurately classify sleep apnea pathophysiologic endotypes with results comparable with the established EEG-based method?
STUDY DESIGN AND METHODS: Eighty-seven patients referred for suspected OSA underwent ambulatory polysomnography. Pulse wave amplitude, pulse rate, and pulse propagation time were derived from the PPG pulse waveform. A logistic mixed-effect model was developed to predict the presence of EEG-based arousals after respiratory events using these PPG-derived parameters, together with the associated event type and blood oxygen saturation. The automatically predicted PPG-based arousals then were incorporated into an established model (Phenotyping Using Polysomnography) to determine OSA endotypic traits from the airflow and PPG-based signals. The agreement between endotypes with PPG-based and EEG-based arousals was assessed using intraclass correlation coefficient (ICC).
RESULTS: PPG-derive pulse wave responses to respiratory events were more pronounced in the presence of arousal (P < .001 for all). The model using PPG metrics to predict cortical arousal demonstrated moderate performance (sensitivity, 0.71; specificity, 0.59). Endotypic traits derived by PPG-derived arousals showed strong agreement compared with the EEG-derived reference (ICC for loop gain at 1 cycle/min, 0.95 [95% CI, [0.88-0.98]; ICC for ventilation at active muscle activity, 0.96 [95% CI, 0.81-0.99]; ICC for ventilation at passive muscle activity, 0.99 [95% CI, 0.99-0.99]; ICC for ventilation at minimum muscle activity, 0.99 [0.99-0.99]; ICC for arousal threshold, 0.85 [95% CI, 0.48-0.96]; ICC for muscle compensation, 0.80 [95% CI, 0.60-0.91]).
INTERPRETATION: Our results show that using pulse wave features instead of manually scored EEG-based arousals in respiratory modelling allows for accurately determining OSA endotypes. This approach might enable physiologic endotyping in non-EEG-based sleep studies, expanding the accessibility of personalized OSA management.","",10.1016/j.chest.2025.12.005,"",,
rayyan-661287695,Multi-Feature Automatic Extraction for Detecting Obstructive Sleep Apnea Based on Single-Lead Electrocardiography Signals.,2024,1,1,,,,,,Zhou Y and Kang K,https://pubmed.ncbi.nlm.nih.gov/38400317/,,,,"Obstructive sleep apnea (OSA), a prevalent sleep disorder, is intimately associated with various other diseases, particularly cardiovascular conditions. The conventional diagnostic method, nocturnal polysomnography (PSG), despite its widespread use, faces challenges due to its high cost and prolonged duration. Recent developments in electrocardiogram-based diagnostic techniques have opened new avenues for addressing these challenges, although they often require a deep understanding of feature engineering. In this study, we introduce an innovative method for OSA classification that combines a composite deep convolutional neural network model with a multimodal strategy for automatic feature extraction. This approach involves transforming the original dataset into scalogram images that reflect heart rate variability attributes and Gramian angular field matrix images that reveal temporal characteristics, aiming to enhance the diversity and richness of data features. The model comprises automatic feature extraction and feature enhancement components and has been trained and validated on the PhysioNet Apnea-ECG database. The experimental results demonstrate the model's exceptional performance in diagnosing OSA, achieving an accuracy of 96.37%, a sensitivity of 94.67%, a specificity of 97.44%, and an AUC of 0.96. These outcomes underscore the potential of our proposed model as an efficient, accurate, and convenient tool for OSA diagnosis.","",10.3390/s24041159,"",,
rayyan-661287696,Detection and Classification of Sleep Apnea and Hypopnea Using PPG and SpO (2) Signals.,2021,1,1,,,,,,Lazazzera R and Deviaene M and Varon C and Buyse B and Testelmans D and Laguna P and Gil E and Carrault G,https://pubmed.ncbi.nlm.nih.gov/32997622/,,,,"In this work, a detection and classification method for sleep apnea and hypopnea, using photopletysmography (PPG) and peripheral oxygen saturation (SpO 2) signals, is proposed. The detector consists of two parts: one that detects reductions in amplitude fluctuation of PPG (DAP)and one that detects oxygen desaturations. To further differentiate among sleep disordered breathing events (SDBE), the pulse rate variability (PRV) was extracted from the PPG signal, and then used to extract features that enhance the sympatho-vagal arousals during apneas and hypopneas. A classification was performed to discriminate between central and obstructive events, apneas and hypopneas. The algorithms were tested on 96 overnight signals recorded at the UZ Leuven hospital, annotated by clinical experts, and from patients without any kind of co-morbidity. An accuracy of 75.1% for the detection of apneas and hypopneas, in one-minute segments,was reached. The classification of the detected events showed 92.6% accuracy in separating central from obstructive apnea, 83.7% for central apnea and central hypopnea and 82.7% for obstructive apnea and obstructive hypopnea. The low implementation cost showed a potential for the proposed method of being used as screening device, in ambulatory scenarios.","",10.1109/tbme.2020.3028041,"",,
rayyan-661287697,Case-control study of heart rate variability and sleep apnea in childhood sickle cell disease.,2024,1,1,,,,,,Bokov P and Koehl B and Dudoignon B and Benkerrou M and Delclaux C,https://pubmed.ncbi.nlm.nih.gov/38590226/,,,,"Obstructive sleep apnea (OSA) is common in sickle cell disease (SCD) despite the absence of overweight, suggesting a specific pathophysiology. We previously showed that otherwise healthy children with increased pharyngeal compliance, a main endotype of OSA, exhibited decreased sympathetic modulation. Our objective was to assess whether modifications of heart rate variability (HRV) and compliance are associated in SCD. Cases (children with SCD, African or Caribbean ethnicity) and controls (otherwise healthy children, same ethnicity), aged 4-18 years, were selected from our database of children referred for OSA and matched for sex, age, and obstructive apnea-hypopnoea index (OAHI) score. The children underwent polysomnography and acoustic pharyngometry (to compute compliance). HRV analyses were performed from 5 min ECG recordings in wakeful, NREM, and REM sleep states and from the whole night. Twenty-one pairs were analysed (median age 10.5 years, 24 girls). Children with SCD had lower BMI z-scores and more tonsil hypertrophy than control children. Children with SCD and OSA (OAHI ≥2/hour) were characterised by lower compliance than children with SCD without OSA. An inverse relationship between compliance and SD2 (HRV from whole night, inversely related to sympathetic modulation) was evidenced (negative relationship in SCD: R = -0.63, p = 0.002 vs. positive relationship in controls R = 0.59, p = 0.006). In conclusion, while the decrease in sympathetic modulation in control children may contribute to increasing pharyngeal compliance, its decrease seems protective in children with sickle cell disease, which underlines the specificity of OSAS pathophysiology in SCD that could be due to sickle cell disease related smooth muscle dystonia.","",10.1111/jsr.14209,"",,
rayyan-661287698,Automatic Sleep Staging in Children with Sleep Apnea using Photoplethysmography and Convolutional Neural Networks.,2021,1,1,,,,,,Vaquerizo-Villar F and Alvarez D and Kraemer JF and Wessel N and Gutierrez-Tobal GC and Calvo E and Del Campo F and Kheirandish-Gozal L and Gozal D and Penzel T and Hornero R,https://pubmed.ncbi.nlm.nih.gov/34891275/,,,,"Sleep staging is of paramount importance in children with suspicion of pediatric obstructive sleep apnea (OSA). Complexity, cost, and intrusiveness of overnight polysomnography (PSG), the gold standard, have led to the search for alternative tests. In this sense, the photoplethysmography signal (PPG) carries useful information about the autonomous nervous activity associated to sleep stages and can be easily acquired in pediatric sleep apnea home tests with a pulse oximeter. In this study, we use the PPG signal along with convolutional neural networks (CNN), a deep-learning technique, for the automatic identification of the three main levels of sleep: wake (W), rapid eye movement (REM), and non-REM sleep. A database of 366 PPG recordings from pediatric OSA patients is involved in the study. A CNN architecture was trained using 30-s epochs from the PPG signal for three-stage sleep classification. This model showed a promising diagnostic performance in an independent test set, with 78.2% accuracy and 0.57 Cohen's kappa for W/NREM/REM classification. Furthermore, the percentage of time in wake stage obtained for each subject showed no statistically significant differences with the manually scored from PSG. These results were superior to the only state-of-the-art study focused on the analysis of the PPG signal in the automated detection of sleep stages in children suffering from OSA. This suggests that CNN can be used along with PPG recordings for sleep stages scoring in pediatric home sleep apnea tests.","",10.1109/embc46164.2021.9629995,"",,
rayyan-661287699,Assessment of obstructive sleep apnea-related sleep fragmentation utilizing deep learning-based sleep staging from photoplethysmography.,2021,1,1,,,,,,Huttunen R and Leppänen T and Duce B and Oksenberg A and Myllymaa S and Töyräs J and Korkalainen H,https://pubmed.ncbi.nlm.nih.gov/34089616/,,,,"STUDY OBJECTIVES: To assess the relationship between obstructive sleep apnea (OSA) severity and sleep fragmentation, accurate differentiation between sleep and wakefulness is needed. Sleep staging is usually performed manually using electroencephalography (EEG). This is time-consuming due to complexity of EEG setup and the amount of work in manual scoring. In this study, we aimed to develop an automated deep learning-based solution to assess OSA-related sleep fragmentation based on photoplethysmography (PPG) signal.
METHODS: A combination of convolutional and recurrent neural networks was used for PPG-based sleep staging. The models were trained using two large clinical datasets from Israel (n = 2149) and Australia (n = 877) and tested separately on three-class (wake/NREM/REM), four-class (wake/N1 + N2/N3/REM), and five-class (wake/N1/N2/N3/REM) classification. The relationship between OSA severity categories and sleep fragmentation was assessed using survival analysis of mean continuous sleep. Overlapping PPG epochs were applied to artificially obtain denser hypnograms for better identification of fragmented sleep.
RESULTS: Automatic PPG-based sleep staging achieved an accuracy of 83.3% on three-class, 74.1% on four-class, and 68.7% on five-class models. The hazard ratios for decreased mean continuous sleep compared to the non-OSA group obtained with Cox proportional hazards models with 5-s epoch-to-epoch intervals were 1.70, 3.30, and 8.11 for mild, moderate, and severe OSA, respectively. With EEG-based hypnograms scored manually with conventional 30-s epoch-to-epoch intervals, the corresponding hazard ratios were 1.18, 1.78, and 2.90.
CONCLUSIONS: PPG-based automatic sleep staging can be used to differentiate between OSA severity categories based on sleep continuity. The differences between the OSA severity categories become more apparent when a shorter epoch-to-epoch interval is used.","",10.1093/sleep/zsab142,"",,
rayyan-661287700,Heart Rate Variability (HRV) in Patients with Sleep Apnea and COPD: A Comprehensive Analysis.,2025,1,1,,,,,,Zabara-Antal A and Crisan-Dabija R and Arcana RI and Melinte OE and Pintilie AL and Grosu-Creanga IA and Zabara ML and Trofor A,https://pubmed.ncbi.nlm.nih.gov/40649003/,,,,"BACKGROUND: Obstructive sleep apnea (OSA) and chronic obstructive pulmonary disease (COPD) are prevalent conditions with overlapping clinical features and shared consequences on autonomic function. Heart rate variability (HRV), a non-invasive biomarker of autonomic nervous system activity, may offer diagnostic, prognostic, and therapeutic insights in this patient population.
METHODS: A comprehensive literature review was conducted using PubMed, Google Scholar, and MEDLINE to identify peer-reviewed English-language studies published between January 2015 and December 2024. Studies were included if they evaluated HRV parameters in individuals with OSA, COPD, or overlap syndrome, explored HRV as a marker of disease severity or progression. A total of 239 studies were identified; after screening, 41 met the inclusion criteria.
RESULTS: The analysis revealed consistent evidence linking reduced HRV with both OSA and COPD severity. HRV alterations were more pronounced in overlap syndrome, reflecting synergistic autonomic dysfunction. HRV showed potential in differentiating disease stages, predicting cardiovascular risk, and evaluating treatment efficacy, particularly for CPAP therapy in OSA. Short-term HRV was particularly sensitive to autonomic changes, while long-term recordings helped track disease progression. Emerging evidence supports the use of HRV derived from wearable technologies as a viable screening tool for health and wellness.
CONCLUSION: HRV is a valuable, non-invasive tool for assessing autonomic dysfunction in OSA, COPD, and their overlap. It offers significant potential for early diagnosis, disease monitoring, and treatment evaluation. Integrating HRV into clinical practice, could enhance diagnostic efficiency, reduce healthcare burden, and improve outcomes in high-risk respiratory populations. Furthermore, longitudinal studies are warranted to standardise HRV thresholds and validate their use in routine screening protocols.","",10.3390/jcm14134630,"",,
rayyan-661287701,Age-integrated artificial intelligence framework for sleep stage classification and obstructive sleep apnea screening.,2023,1,1,,,,,,Kang C and An S and Kim HJ and Devi M and Cho A and Hwang S and Lee HW,https://pubmed.ncbi.nlm.nih.gov/37389364/,,,,"INTRODUCTION: Sleep is an essential function to sustain a healthy life, and sleep dysfunction can cause various physical and mental issues. In particular, obstructive sleep apnea (OSA) is one of the most common sleep disorders and, if not treated in a timely manner, OSA can lead to critical problems such as hypertension or heart disease.
METHODS: The first crucial step in evaluating individuals' quality of sleep and diagnosing sleep disorders is to classify sleep stages using polysomnographic (PSG) data including electroencephalography (EEG). To date, such sleep stage scoring has been mainly performed manually via visual inspection by experts, which is not only a time-consuming and laborious process but also may yield subjective results. Therefore, we have developed a computational framework that enables automatic sleep stage classification utilizing the power spectral density (PSD) features of sleep EEG based on three different learning algorithms: support vector machine, k-nearest neighbors, and multilayer perceptron (MLP). In particular, we propose an integrated artificial intelligence (AI) framework to further inform the risk of OSA based on the characteristics in automatically scored sleep stages. Given the previous finding that the characteristics of sleep EEG differ by age group, we employed a strategy of training age-specific models (younger and older groups) and a general model and comparing their performance.
RESULTS: The performance of the younger age-specific group model was similar to that of the general model (and even higher than the general model at certain stages), but the performance of the older age-specific group model was rather low, suggesting that bias in individual variables, such as age bias, should be considered during model training. Our integrated model yielded an accuracy of 73% in sleep stage classification and 73% in OSA screening when MLP algorithm was applied, which indicates that patients with OSA could be screened with the corresponding accuracy level only with sleep EEG without respiration-related measures.
DISCUSSION: The current outcomes demonstrate the feasibility of AI-based computational studies that when combined with advances in wearable devices and relevant technologies could contribute to personalized medicine by not only assessing an individuals' sleep status conveniently at home but also by alerting them to the risk of sleep disorders and enabling early intervention.","",10.3389/fnins.2023.1059186,"",,
rayyan-661287702,Validation of a Textile-Based Wearable Measuring Electrocardiogram and Breathing Frequency for Sleep Apnea Monitoring.,2024,1,1,,,,,,Baty F and Cvetkovic D and Boesch M and Bauer F and Adão Martins NR and Rossi RM and Schoch OD and Annaheim S and Brutsche MH,https://pubmed.ncbi.nlm.nih.gov/39409269/,,,,"Sleep apnea (SA) is a prevalent disorder characterized by recurrent events of nocturnal apnea. Polysomnography (PSG) represents the gold standard for SA diagnosis. This laboratory-based procedure is complex and costly, and less cumbersome wearable devices have been proposed for SA detection and monitoring. A novel textile multi-sensor monitoring belt recording electrocardiogram (ECG) and breathing frequency (BF) measured by thorax excursion was developed and tested in a sleep laboratory for validation purposes. The aim of the current study was to evaluate the diagnostic performance of ECG-derived heart rate variability and BF-derived breathing rate variability and their combination for the detection of sleep apnea in a population of patients with a suspicion of SA. Fifty-one patients with a suspicion of SA were recruited in the sleep laboratory of the Cantonal Hospital St. Gallen. Patients were equipped with the monitoring belt and underwent a single overnight laboratory-based PSG. In addition, some patients further tested the monitoring belt at home. The ECG and BF signals from the belt were compared to PSG signals using the Bland-Altman methodology. Heart rate and breathing rate variability analyses were performed. Features derived from these analyses were used to build a support vector machine (SVM) classifier for the prediction of SA severity. Model performance was assessed using receiver operating characteristics (ROC) curves. Patients included 35 males and 16 females with a median age of 49 years (range: 21 to 65) and a median apnea-hypopnea index (AHI) of 33 (IQR: 16 to 58). Belt-derived data provided ECG and BF signals with a low bias and in good agreement with PSG-derived signals. The combined ECG and BF signals improved the classification accuracy for SA (area under the ROC curve: 0.98; sensitivity and specificity greater than 90%) compared to single parameter classification based on either ECG or BF alone. This novel wearable device combining ECG and BF provided accurate signals in good agreement with the gold standard PSG. Due to its unobtrusive nature, it is potentially interesting for multi-night assessments and home-based patient follow-up.","",10.3390/s24196229,"",,
rayyan-661287703,Ensemble of Deep Learning Models for Sleep Apnea Detection: An Experimental Study.,2021,1,1,,,,,,Mukherjee D and Dhar K and Schwenker F and Sarkar R,https://pubmed.ncbi.nlm.nih.gov/34450866/,,,,"Sleep Apnea is a breathing disorder occurring during sleep. Older people suffer most from this disease. In-time diagnosis of apnea is needed which can be observed by the application of a proper health monitoring system. In this work, we focus on Obstructive Sleep Apnea (OSA) detection from the Electrocardiogram (ECG) signals obtained through the body sensors. Our work mainly consists of an experimental study of different ensemble techniques applied on three deep learning models-two Convolutional Neural Network (CNN) based models, and a combination of CNN and Long Short-Term Memory (LSTM) models, which were previously proposed in the OSA detection domain. We have chosen four ensemble techniques-majority voting, sum rule and Choquet integral based fuzzy fusion and trainable ensemble using Multi-Layer Perceptron (MLP) for our case study. All the experiments are conducted on the benchmark PhysioNet Apnea-ECG Database. Finally, we have achieved highest OSA detection accuracy of 85.58% using the MLP based ensemble approach. Our best result is also able to surpass many of state-of-the-art methods.","",10.3390/s21165425,"",,
rayyan-661287704,Advancements in pediatric obstructive sleep apnea: cognitive implications and the role of AI in precision medicine.,2025,1,1,,,,,,Zhao B and Fan H and Niu H and Li Y and Deng S and Zhai L and Wang L and Gao X,https://pubmed.ncbi.nlm.nih.gov/41357513/,,,,"BACKGROUND: Obstructive sleep apnea (OSA) in children is linked to cognitive impairment, which is further aggravated by fragmented sleep, intermittent hypoxia, and comorbid attention deficit hyperactivity disorder (ADHD), often resulting in poor academic performance, behavioral problems, and delayed neurodevelopment.
METHODS: A bibliometric and scientometric analysis was conducted using Web of Science Core Collection (WoSCC) and Scopus databases (1983-2025). After exclusion of non-article records and duplicates, 1,610 studies were included. CiteSpace, VOSviewer, and the R-based Bibliometrix package were employed to analyze publication trends, authorship, institutional collaborations, co-citations, and keyword evolution.
RESULTS: Since 2010, scholarly attention to pediatric obstructive sleep apnea and its cognitive implications has grown rapidly, with research output increasing at an annual rate of 11.96%. The United States, China, and several European countries stand out as major contributors, both in terms of publications and international collaboration. Prominent academic centers-such as Harvard University, the University of Michigan, and the University of Chicago-serve as key institutional hubs. Among the most influential contributors to the field are David Gozal and Leila Kheirandish-Gozal, while leading journals include Sleep Medicine and the Journal of Clinical Sleep Medicine. Keyword mapping highlights the central focus on ""obstructive sleep apnea,"" ""children,"" and ""sleep-disordered breathing,"" alongside diagnostic and treatment terms such as ""polysomnography"" and ""adenotonsillectomy."" Notably, there is growing emphasis on cognitive and behavioral aspects, including ""cognition,"" ""behavior,"" and ""ADHD,"" as well as comorbidities like ""obesity"" and ""Down syndrome."" Recent clusters underscore advances in artificial intelligence (AI) and machine learning (ML) based models using oximetry, electrocardiogram (ECG), and acoustic data, enabling early detection and supporting precision medicine approaches.
CONCLUSION: The relationship between pediatric obstructive sleep apnea and neurocognitive development has gained significant attention, with recent research focusing on cognitive outcomes and emerging technologies. While conventional treatments remain important, their limited impact on cognitive recovery underscores the need for early diagnosis and personalized therapies. Advances in artificial intelligence and machine learning are improving diagnostic accuracy, enabling earlier interventions, and supporting neurocognitive function in affected children. These developments reflect a shift toward precision-based, tailored care rather than one-size-fits-all treatments.","",10.3389/fmed.2025.1704504,"",,
rayyan-661287705,Hypoglossal Nerve Stimulation and Hypoxic Burden in Patients With Obstructive Sleep Apnea: A Secondary Analysis of the STAR Trial.,2026,1,1,,,,,,Xu J and Hajipour Z and Aloia MS and de Beeck SO and Vanderveken OM and Huyett P and Soose RJ and Dedhia R and Strollo PJ Jr and Azarbarzin A,https://pubmed.ncbi.nlm.nih.gov/42166156/,,,,"IMPORTANCE: Hypoglossal nerve stimulation has been shown to reduce Apnea-Hypopnea Index (AHI) scores in patients with obstructive sleep apnea (OSA); however, its effect on hypoxic burden (HB), a physiologic marker closely associated with OSA-related risks, remains unclear.
OBJECTIVE: To investigate whether hypoglossal nerve stimulation therapy is associated with reduced HB in patients with OSA, and whether any HB reduction improves daytime sleepiness.
DESIGN, SETTING, AND PARTICIPANTS: This was a secondary analysis of the Stimulation Therapy for Apnea Reduction (STAR) trial, a multicenter, nonrandomized trial with a randomized withdrawal study, conducted from November 10, 2010, to March 23, 2013. Participants were adults with moderate to severe OSA and intolerant of positive airway pressure therapy. Participants with pretreatment and 12-month polysomnography data available were included in this secondary analysis conducted from June to November 2025.
EXPOSURES: Hypoglossal nerve stimulation.
MAIN OUTCOMES AND MEASURES: Twelve-month changes in HB after hypoglossal nerve stimulation therapy-ie, HB reduction and proportion of participants transitioning from high (>63 percentage of minutes per hour [%min/h]) to low HB. A secondary outcome was associated HB reduction and improved Epworth Sleepiness Scale (ESS) scores.
RESULTS: The analysis included 108 participants (mean [SD] age, 54.5 [10.3] years; 91 [84.3%] male). Baseline median (IQR) HB was 63.4 (47.8-96.6) %min/h. After 12 months of therapy, the median (IQR) percentage HB reduction was 76.6% (33.1%-90.7%). The posttreatment HB was 21.2 (7.1-53.8) %min/h for the high HB group and 11.3 (6.1-35.9) %min/h for the low HB group. In the high HB group, ESS improvement was associated with HB reductions (β = 1.25; 95% CI, 0.02-2.48), but not with reduced AHI, Arousal Index, or traditional oxygen metrics. In the high HB group (36 responders and 18 nonresponders per Sher-20 criteria), 44 participants (81.5%), including 9 nonresponders, transitioned to low HB after hypoglossal nerve stimulation therapy. In the low HB group, all 36 responders retained their low HB; in addition, 11 of 18 nonresponders (61.1%) showed low HB.
CONCLUSIONS AND RELEVANCE: In this secondary analysis of the STAR trial, hypoglossal nerve stimulation therapy was signficantly associated with reduced HB in patients with OSA. Daytime sleepiness improvement correlated with HB reduction but not with AHI or Arousal Index changes. Notably, at least half of nonresponders showed marked HB improvement, which suggests that HB may serve as a complementary physiologic marker to AHI for assessing treatment response.
TRIAL REGISTRATION: ClinicalTrials.gov Identifier: NCT01161420.","",10.1001/jamaoto.2026.1049,"",,
rayyan-661287706,Chronic pain is associated with sleep apnea severity but attenuated by intermittent hypoxemia in people using opioids.,2026,1,1,,,,,,Orr JE and Bosompra NO and Norby B and Velazquez J and Khalaf A and DeYoung P and Schmickl CN and Sands SA and Jain S and He F and Goodin B and Wallace M and Owens RL and Malhotra A,https://pubmed.ncbi.nlm.nih.gov/40705710/,,,,"Patients using long-term opioids for pain often have uncontrolled symptoms which might drive ongoing opioid use and contribute to the opioid public health crisis. Opioids also cause sleep disordered breathing (SDB), which might impact pain via arousals and hypoxemia, with potential for a vicious cycle. Adults with noncancer pain using opioids daily for >3 months were recruited. Subjects underwent pain and sleep questionnaires, pain tolerance via 10°C cold pressor testing, and polysomnography. Hypoxic burden was determined from polysomnographic signal analysis. Participants (n = 143) had a median (interquartile range) age of 60 (51, 67) years, body mass index 29 (25, 35) kg/m 2 . 80 (56%) subjects were female. The median daily morphine equivalent dose was 20 (10, 45). 78% had an apnea-hypopnea index (AHI) >5/hour and 41% with AHI >15/hour. PROMIS pain interference scores differed across SDB severity, with increased symptoms in mild and moderate but not severe SDB. With increasing AHI, there was worsened pain (β = 2.2 [95% confidence interval [CI]: 0.08, 4.4]; β std = 1.3; P = 0.043), but this relationship was attenuated at higher levels of hypoxic burden (per interaction; β = -0.42 [95% CI: -0.78, -0.06]; β std = -0.85; P = 0.023). During cold pressor testing, there was a reduced time to hand withdrawal with increasing AHI (hazard ratio [HR] 2.60 [95% CI: 1.48, 4.57]; P = 0.001), but this was also attenuated at higher hypoxic burden (HR: 0.86 [95% CI: 0.78, 0.94]; P = 0.002). Overall, SDB is linked with worsened pain in those using opioids for chronic pain, but hypoxemia attenuates the effect. Individuals with the same AHI may have different symptoms depending on hypoxic burden. Interventional studies will help elucidate mechanisms and the role for SDB treatment in pain management.","",10.1097/j.pain.0000000000003760,"",,
rayyan-661287707,Piezoelectric Ceramic Sensor Array Based Obstructive Sleep Apnea Event Detection.,2026,1,1,,,,,,Liu Y and Li Z and Fan X and Shao Y and Hu D and Huang R and Xiao Y and Lv B and Zhu L and Liu Z and Gao W,https://pubmed.ncbi.nlm.nih.gov/40293892/,,,,"Obstructive sleep apnea (OSA) is one of the major sleep disorders, which has been demonstrated to be a high-risk factor for cardiovascular disease, hypertension, and motor vehicle accidents. Pressure sensors in a contactless manner are a promising way to monitor sleep conditions outside of the hospital. However, previous studies mainly based on limited sensors are often subjected to noise contamination and constrained by the sleeper position to pressure sensors. The acquired pressure signals are of poor quality or even lost, which are not appropriate for the downstream task of OSA event detection. To address this issue, we designed a sensitive piezoelectric ceramic sensor array (PCSA) by aligning sixteen sensors embedded into a mat covering the chest and abdomen area, which can capture the changes of weak pressure signals under a sleeping mattress with a thickness of up to 30 cm. Based on PCSA, we recruited 36 adult volunteers from the Peking Union Medical College Hospital and conducted a pilot study to acquire overnight pressure signals along with polysomnography recordings. Subsequently, we developed an automated OSA event detection method named DRFNet. The main advantage of DRFNet is that it can well capture the time-domain and frequency-domain features from different views by fusing ResNet18 and DenseNet121 networks. Experiment results showed that DRFNet can achieve 75.19 % sensitivity, 87.78 % specificity, and 81.48 % accuracy, which is competitive with existing state-of-the-art methods. Combined with PCSA, it can be potentially deployed into an embedded device and provide contactless sleep monitoring service in home settings.","",10.1109/jbhi.2025.3564838,"",,
rayyan-661287708,Dynamic Bayesian Model for Detecting Obstructive Respiratory Events by Using an Experimental Model.,2023,1,1,,,,,,Romero D and Jané R,https://pubmed.ncbi.nlm.nih.gov/37050431/,,,,"In this study, we propose a model-based tool for the detection of obstructive apnea episodes by using ECG features from a single lead channel. Several sequences of recurrent apnea were provoked in separate 15-min periods in anesthetized rats during an experimental model of obstructive sleep apnea (OSA). Morphology-based ECG markers and the beat-to-beat interval (RR) were assessed in each sequence. These markers were used to train dynamic Bayesian networks (DBN) with different orders and feature combinations to find a good tradeoff between network complexity and apnea-detection performance. By using a filtering approach, the resulting DBNs were used to infer the apnea probability signal for subsequent episodes in the same rat. These signals were then processed using by 15-s epochs to determine whether epochs were classified as apneic or nonapneic. Our results showed that fifth-order models provided suitable RMSE values, since higher order models become significantly more complex and present worse generalization. A global threshold of 0.2 gave the best overall performance for all combinations tested, with Acc = 81.3%, Se = 69.8% and Sp = 81.5%, using only two parameters including the RR and Ds (R-wave downslope) markers. We concluded that multivariate models using DBNs represent a powerful tool for detecting obstructive apnea episodes in short segments, which may also serve to estimate the number of total events in a given time period.","",10.3390/s23073371,"",,
rayyan-661287709,Cardiopulmonary Sleep Spectrograms Open a Novel Window Into Sleep Biology-Implications for Health and Disease.,2021,1,1,,,,,,Al Ashry HS and Ni Y and Thomas RJ,https://pubmed.ncbi.nlm.nih.gov/34867165/,,,,"The interactions of heart rate variability and respiratory rate and tidal volume fluctuations provide key information about normal and abnormal sleep. A set of metrics can be computed by analysis of coupling and coherence of these signals, cardiopulmonary coupling (CPC). There are several forms of CPC, which may provide information about normal sleep physiology, and pathological sleep states ranging from insomnia to sleep apnea and hypertension. As CPC may be computed from reduced or limited signals such as the electrocardiogram or photoplethysmogram (PPG) vs. full polysomnography, wide application including in wearable and non-contact devices is possible. When computed from PPG, which may be acquired from oximetry alone, an automated apnea hypopnea index derived from CPC-oximetry can be calculated. Sleep profiling using CPC demonstrates the impact of stable and unstable sleep on insomnia (exaggerated variability), hypertension (unstable sleep as risk factor), improved glucose handling (associated with stable sleep), drug effects (benzodiazepines increase sleep stability), sleep apnea phenotypes (obstructive vs. central sleep apnea), sleep fragmentations due to psychiatric disorders (increased unstable sleep in depression).","",10.3389/fnins.2021.755464,"",,
rayyan-661287710,Comparison of Home Sleep Devices and Sleep Study Testing in Hypoglossal Nerve Stimulation Patients.,2025,1,1,,,,,,Huyett P and Yu PK and Kent D and Stahl S and Manchanda S and Mehra R and Rundo J and Lee K and Makey L and Lundeen M and Roy A,https://pubmed.ncbi.nlm.nih.gov/39162306/,,,,"OBJECTIVE: Hypoglossal nerve stimulation (HGNS) is an implantable therapy for obstructive sleep apnea (OSA). Therapy efficacy is currently confirmed by a formal sleep study after empiric adjustment by the patient at home based on their subjective experience with the device. Home-based longitudinal apnea hypopnea index (AHI) measurements have the potential to refine HGNS therapeutic amplitude selection with objective data. Our objective was to compare AHI derived from routine sleep studies and two different home sleep devices in new HGNS recipients.
METHODS: Prospectively enrolled patients receiving HGNS therapy were provided a Sleep Tracking Mat (Withings, Issy-les-Moulineaux, France) and NightOwl peripheral arterial tonometry (PAT) sensor (Ectosense, Leuven, Belgium) for longitudinal, home AHI monitoring from 1 to 6 months post-implant. Therapy efficacy was assessed at 3 and 6 months post-implant using in-lab polysomnography (PSG) or home sleep apnea test (HSAT). The sleep mat and PAT sensor AHI were compared against PSG and HSAT for accuracy of OSA severity identification.
RESULTS: Sixty patients were enrolled across 5 centers and followed for 6 months. The sleep mat had sensitivity and specificity for identifying AHI <15 of 61% and 82% and AHI <30 of 77% and 100%. The PAT device had sensitivity and specificity for identifying AHI <15 of 57% and 77% and AHI <30 of 81% and 80%.
CONCLUSIONS: The sleep mat and PAT sensor demonstrated high sensitivity and specificity for detection of mild and moderate OSA in patients with HGNS therapy and may enable longitudinal objective monitoring of HGNS efficacy in the home setting.
LEVEL OF EVIDENCE: 3 Laryngoscope, 135:469-477, 2025.","",10.1002/lary.31710,"",,
rayyan-661287711,Obstructive sleep apnea detection from single-lead electrocardiogram signals using one-dimensional squeeze-and-excitation residual group network.,2022,1,1,,,,,,Yang Q and Zou L and Wei K and Liu G,https://pubmed.ncbi.nlm.nih.gov/34896885/,,,,"Obstructive sleep apnea (OSA), which has high morbidity and complications, is diagnosed via polysomnography (PSG). However, this method is expensive, time-consuming, and causes discomfort to the patient. Single-lead electrocardiogram (ECG) is a potential alternative to PSG for OSA diagnosis. Recent studies have successfully applied deep learning methods to OSA detection using ECG and obtained great success. However, most of these methods only focus on heart rate variability (HRV), ignoring the importance of ECG-derived respiration (EDR). In addition, they used relatively simple networks, and cannot extract more complex features. In this study, we proposed a one-dimensional squeeze-and-excitation (SE) residual group network to thoroughly extract the complementary information between HRV and EDR. We used the released and withheld sets in the Apnea-ECG dataset to develop and test the proposed method, respectively. In the withheld set, the method has an accuracy of 90.3%, a sensitivity of 87.6%, and a specificity of 91.9% for per-segment detection, indicating an improvement over existing methods for the same dataset. The proposed method can be integrated with wearable devices to realize inexpensive, convenient, and highly efficient OSA detectors.","",10.1016/j.compbiomed.2021.105124,"",,
rayyan-661287712,Somno-Art Software identifies pathology-induced changes in sleep parameters similarly to polysomnography.,2023,1,1,,,,,,Thiesse L and Staner L and Bourgin P and Comtet H and Fuchs G and Kirscher D and Roth T and Schaffhauser JY and Saoud JB and Viola AU,https://pubmed.ncbi.nlm.nih.gov/37862307/,,,,"Polysomnographic sleep architecture parameters are commonly used to diagnose or evaluate treatment of sleep disorders. Polysomnography (PSG) having practical constraints, the development of wearable devices and algorithms to monitor and stage sleep is rising. Beside pure validation studies, it is necessary for a clinician to ensure that the conclusions drawn with a new generation wearable sleep scoring device are consistent to the ones of gold standard PSG, leading to similar interpretation and diagnosis. This paper reports on the performance of Somno-Art Software for the detection of differences in sleep parameters between patients suffering from obstructive sleep apnea (OSA), insomniac or major depressive disorder (MDD) compared to healthy subjects. On 244 subjects (n = 26 healthy, n = 28 OSA, n = 66 insomniacs, n = 124 MDD), sleep staging was obtained from PSG and Somno-Art analysis on synchronized electrocardiogram and actimetry signals. Mixed model analysis of variance was performed for each sleep parameter. Possible differences in sleep parameters were further assessed with Mann-Whitney U-test between the healthy subjects and each pathology group. All sleep parameters, except N1+N2, showed significant differences between the healthy and the pathology group. No significant differences were observed between Somno-Art Software and PSG, except a 3.6±2.2 min overestimation of REM sleep. No significant interaction 'group'*'technology' was observed, suggesting that the differences in pathologies are independent of the technology used. Overall, comparable differences between healthy subjects and pathology groups were observed when using Somno-Art Software or polysomnography. Somno-Art proposes an interesting valid tool as an aid for diagnosis and treatment follow-up in ambulatory settings.","",10.1371/journal.pone.0291593,"",,
rayyan-661287713,Key Vital Signs Monitor Based on MIMO Radar.,2025,1,1,,,,,,Gottinger M and Notari N and Dutler S and Kranz S and Vetsch R and Pittorino T and Würsch C and Piai G,https://pubmed.ncbi.nlm.nih.gov/40648335/,,,,"State-of-the-art radar systems for the contactless monitoring of vital signs and respiratory diseases are typically based on single-channel continuous wave (CW) technology. This technique allows precise measurements of respiration patterns, periods of movement, and heart rate. Major practical problems arise as CW systems suffer from signal cancellation due to destructive interference, limited overall functionality, and a possibility of low signal quality over longer periods. This work introduces a sophisticated multiple-input multiple-output (MIMO) solution that captures a radar image to estimate the sleep pose and position of a person (first step) and determine key vital parameters (second step). The first step is enabled by processing radar data with a forked convolutional neural network, which is trained with reference data captured by a time-of-flight depth camera. Key vital parameters that can be measured in the second step are respiration rate, asynchronous respiratory movement of chest and abdomen and limb movements. The developed algorithms were tested through experiments. The achieved mean absolute error (MAE) for the locations of the xiphoid and navel was less than 5 cm and the categorical accuracy of pose classification and limb movement detection was better than 90% and 98.6%, respectively. The MAE of the breathing rate was measured between 0.06 and 0.8 cycles per minute.","",10.3390/s25134081,"",,
rayyan-661287714,Voice outcomes for patients undergoing surgery for obstructive sleep apnea: a systematic review and meta-analysis.,2020,1,1,,,,,,Binar M and Akcam T and Vardareli OS and Genc H and Karakoc O,https://pubmed.ncbi.nlm.nih.gov/32488379/,,,,"PURPOSE: To evaluate the effect of the different surgical techniques used in the treatment of obstructive sleep apnea (OSA) on the postoperative voice and nasalance, and to conduct a meta-analysis through the assessment of postoperative changes.
METHODS: Systematic literature review and meta-analysis of published data using the data sources, MEDLINE, Google Scholar, Cochrane, and SAGE. All studies published in English specifying any upper airway surgery for treatment of snoring and/or OSA were included, provided they indicated the pre- and postoperative mean ± standard deviation (SD) values for voice parameters and nasality. The primary outcomes were the changes in preoperative-postoperative mean values of fundamental frequency (mF0), jitter, shimmer, and nasalance scores.
RESULTS: After removal of duplications, 214 studies were potentially relevant, and 25 studies ultimately met the criteria for inclusion in the present review. Of the 25 studies evaluated in this review, 12 studies with 379 patients were available for the meta-analysis calculations. In general, a fixed-effects model was used to analyze the data in the subgroups. The meta-analysis results showed no significant differences in either subgroup analysis between the preoperative and postoperative assessments of mF0, jitter, shimmer, oral nasalance, nasal nasalance, and oronasal nasalance (All had values of p > 0.05).
CONCLUSION: The results of this meta-analysis indicated no significant effect of surgical treatments for snoring or OSA on glottic functioning and nasalance parameters, regardless of surgery type. Further prospective studies are needed to assess more parameters for detailed acoustic analyses.","",10.1007/s00405-020-06101-9,"",,
rayyan-661287715,Comparative Accuracy of Millimeter-Wave Radar and Polysomnography in Sleep Apnea Detection.,2025,1,1,,,,,,Wang J and Zhang Z and Wang Q and Wen L and Liu J and Gu C and Xiao P and Fang Z and Li Y and Yao X and Zhang Z,https://pubmed.ncbi.nlm.nih.gov/40660669/,,,,"BACKGROUND Obstructive Sleep Apnea-Hypopnea Syndrome (OSAHS) is a common and serious sleep disorder characterized by recurrent episodes of partial or complete airway obstruction during sleep. Polysomnography is considered the gold standard for diagnosing OSAHS and evaluating its severity. However, traditional sensory monitoring methods, while effective, are often cumbersome, expensive, and unsuitable for home use. The present study introduces a non-sensory millimeter-wave radar sleep monitor, which provides a contactless, portable, and cost-effective alternative for assessing sleep apnea. The goal was to evaluate the consistency of results from the radar-based system with those from polysomnography, in monitoring sleep apnea. MATERIAL AND METHODS Sixty-eight subjects who met the inclusion criteria were recruited from our center. Each subject underwent simultaneous sleep monitoring with both polysomnography and the radar system. The collected data were analyzed using the chi-square test, Kappa coefficient, and sensitivity and specificity calculations. A significance level of P<0.05 was used for all statistical tests. RESULTS The radar-based sleep monitor demonstrated a sensitivity of 92.7%, specificity of 84.6%, and a Kappa coefficient of 0.731 (P<0.01). For moderate-to-severe OSAHS cases, the Kappa value increased to 0.831 (P<0.01), indicating high consistency with polysomnography. CONCLUSIONS The novel sensorless millimeter-wave radar sleep apnea monitoring technology offers several advantages, including non-invasiveness, ease of use, and comfort. It provides a reliable and convenient alternative for OSAHS diagnosis, particularly in resource-limited settings, and can complement traditional sleep studies.","",10.12659/msm.948079,"",,
rayyan-661287716,Cough detection using a non-contact microphone: A nocturnal cough study.,2022,1,1,,,,,,Eni M and Mordoh V and Zigel Y,https://pubmed.ncbi.nlm.nih.gov/35045111/,,,,"An automatic non-contact cough detector designed especially for night audio recordings that can distinguish coughs from snores and other sounds is presented. Two different classifiers were implemented and tested: a Gaussian Mixture Model (GMM) and a Deep Neural Network (DNN). The detected coughs were analyzed and compared in different sleep stages and in terms of severity of Obstructive Sleep Apnea (OSA), along with age, Body Mass Index (BMI), and gender. The database was composed of nocturnal audio signals from 89 subjects recorded during a polysomnography study. The DNN-based system outperformed the GMM-based system, at 99.8% accuracy, with a sensitivity and specificity of 86.1% and 99.9%, respectively (Positive Predictive Value (PPV) of 78.4%). Cough events were significantly more frequent during wakefulness than in the sleep stages (p < 0.0001) and were significantly less frequent during deep sleep than in other sleep stages (p < 0.0001). A positive correlation was found between BMI and the number of nocturnal coughs (R = 0.232, p < 0.05), and between the number of nocturnal coughs and OSA severity in men (R = 0.278, p < 0.05). This non-contact cough detection system may thus be implemented to track the progression of respiratory illnesses and test reactions to different medications even at night when a contact sensor is uncomfortable or infeasible.","",10.1371/journal.pone.0262240,"",,
rayyan-661287717,Cardiopulmonary coupling estimated sleep quality and memory in children with obstructive sleep-disordered breathing.,2025,1,1,,,,,,Yuanjie Z and Yunxiao W and Thomas RJ and Yufen T and Zhengli and Zhifei X,https://pubmed.ncbi.nlm.nih.gov/39970701/,,,,"OBJECTIVE: To investigate the association between sleep quality/stability and memory in children with sleep-disordered breathing.
METHODS: Children aged 5-12 years with suspected sleep-disordered breathing who visited the Sleep Center of Beijing Children's Hospital, from June 2022 to March 2023 were enrolled. All patients underwent polysomnography (PSG) and cardiopulmonary coupling monitoring (CPC) analysis based on the photoplethysmogram, and memory tests (immediate and delayed recognition and recall) before sleep and after sleep, respectively. In the CPC analysis, high frequency coupling (HFC) as percentage of total sleep time is stable sleep. A sleep quality index (SQI) integrates HFC, sleep duration and sleep fragmentation. The correlation between memory function and sleep quality/stability was analyzed. Cyclic variation in heart rate was quantified as a sleep apnea indicator (SAI).
RESULTS: Patients were divided into three groups based on HFC: low (<60), moderate (60-80) and high (>80). A total of 152 children were included in the study, 100 males and 52 females, with an average age of 8.2 ± 1.7 years.HFC% was negatively correlated with AHI and OAHI (r: -0.32,p: <0.01; r: -0.31, p: <0.01), while LFC% was positively correlated with AHI and OAHI (r: 0.29, p: <0.01; r: 0.28, p: <0.01). The SQI and HFC was positively correlated with the delayed recall test score(r: 0.19, p: <0.05), and with the recognition consolidation rate (r: 0.23, p: <0.05). In contrast, LFC was negatively correlated with delayed recall test score (r:0.19, p: <0.05), delayed recognition score (r:0.15,p < 0.05), and recognition consolidation rate (r:0.21, p: <0.01). SAI was negatively correlated with Recognition consolidation rate score (r: -0.17, p: <0.05).
CONCLUSIONS: Sleep stability assessed via CPC may reflect a risk biomarker for memory function in children with OSA.","",10.1016/j.sleep.2025.01.024,"",,
rayyan-661287718,Quantitative detection of sleep apnea in adults using inertial measurement unit embedded in wristwatch wearable devices.,2024,1,1,,,,,,Hayano J and Adachi M and Sasaki F and Yuda E,https://pubmed.ncbi.nlm.nih.gov/38374225/,,,,"Sleep apnea (SA) is associated with risk of cardiovascular disease, cognitive decline, and accidents due to sleepiness, yet the majority (over 80%) of patients remain undiagnosed. Inertial measurement units (IMUs) are built into modern wearable devices and are capable of long-term continuous measurement with low power consumption. We examined if SA can be detected by an IMU embedded in a wristwatch device. In 122 adults who underwent polysomnography (PSG) examinations, triaxial acceleration and triaxial gyro signals from the IMU were recorded during the PSG. Subjects were divided into a training group and a test groups (both n = 61). In the training group, an algorithm was developed to extract signals in the respiratory frequency band (0.13-0.70 Hz) and detect respiratory events as transient (10-90 s) decreases in amplitude. The respiratory event frequency estimated by the algorithm correlated with the apnea-hypopnea index (AHI) of the PSG with r = 0.84 in the test group. With the cutoff values determined in the training group, moderate-to-severe SA (AHI ≥ 15) was identified with 85% accuracy and severe SA (AHI ≥ 30) with 89% accuracy in the test group. SA can be quantitatively detected by the IMU embedded in wristwatch wearable devices in adults with suspected SA.","",10.1038/s41598-024-54817-z,"",,
rayyan-661287719,The effect of OSA on the negative pressure and acoustic compliance of middle ear cavity in children.,2023,1,1,,,,,,Zhang Q and Qiang Y and Xie M and Liu X and Guo R and Shi Y and Ma S and Cheng L and Liu H and Luo H,https://pubmed.ncbi.nlm.nih.gov/36701819/,,,,"OBJECTIVE: To explore the effect of obstructive sleep apnea (OSA) on the negative pressure and acoustic compliance of middle ear cavity in children.
METHODS: The clinical data of 258 children with suspected OSA, who complained of mouth breathing or snoring at night in the Department of Otolaryngology Head and neck surgery of the Second Affiliated Hospital of Xi'an Jiao Tong University from August 2020 to March 2022, were enrolled and analyzed retrospectively. The OSA and otitis media with effusion (OME) were determined by polysomnography (PSG) and acoustic immittance examination, respectively. Then, the parameters of tympanometry were compared between OSA and non-OSA children or among the children with various severity of OSA.
RESULTS: There was no significant difference in the incidence of OME between children with OSA and those with non-OSA (15.80% vs 11.80%, P = 0.422). Compared with non-OSA children, OSA children had lower negative pressure (-56.42 vs -12.38, P < 0.001) and higher acoustic compliance (0.45 vs 0.38, P = 0.030) in middle ear cavity. There were also significant differences in negative pressure and acoustic compliance among children with mild, moderate and severe OSA (P < 0.001; P = 0.001). However, only the absolute value of negative pressure was markedly decreased after surgical therapy accompanied with transformation from OSA to non-OSA (-156.67 vs -45.67, P < 0.05), while this was not observed for acoustic compliance (0.48 vs 0.40, P > 0.05).
CONCLUSION: OSA may have an adverse influence on the negative pressure and acoustic compliance of middle ear cavity in children.","",10.1016/j.ijporl.2023.111457,"",,
rayyan-661287720,Prevalence and risk factors of otitis media with effusion in children with obstructive sleep apnea.,2023,1,1,,,,,,Liu CB and Shi YH and Li XY and Fan ZT,https://pubmed.ncbi.nlm.nih.gov/37401280/,,,,"OBJECTIVE: The aim of this study was to investigate the correlation between obstructive sleep apnea (OSA) and otitis media with effusion (OME) in Chinese children and identify risk factors for OME to support the development of standardized diagnostic and treatment methods.
PATIENTS AND METHODS: Clinical data of 1,021 children with OSA admitted to our hospital between January 2019 and December 2020 were collected. The prevalence of OME was assessed based on age groups and different grades of adenoid hypertrophy (AH). Multivariate logistic regression was performed to determine risk factors for OME in this population.
RESULTS: Among the patients, only 73 (6.15%) reported hearing loss as the main complaint, while 178 (17.43%) were diagnosed with OME after the examination. Acoustic immittance showed higher detection rates for OME compared to those of otoscopy and pure tone audiometry. In addition, the incidence of OME did not increase with AH grade but was higher in children with OSA with AH grade IV. Multivariate regression analysis showed that the younger age group (2-5 years), AH grade IV, nasal inflammatory disease, and passive smoking were significant risk factors for OSA and OME. However, sex, age of 6-12 years, and presence of chronic tonsillitis/tonsillar hypertrophy had no significant impact on the prevalence of OME.
CONCLUSIONS: OME is highly prevalent in children with OSA. Clinicians should be vigilant in diagnosing OME, should conduct routine audiological examinations, and actively screen for middle ear fluid in all children with OSA, especially in younger children (2-5 years) with nasal mucosa inflammation and a history of passive smoking. This will help improve the detection rate of OME, as early intervention is paramount for preventing complications.","",10.26355/eurrev_202306_32780,"",,
rayyan-661287721,Electrocardiographic Alterations in Obstructive Sleep Apnea Syndrome: Mechanisms and Clinical Relevance.,2026,1,1,,,,,,Segreti A and Pelullo M and Ligorio V and Ferro A and Cricco R and Ciancio M and Crispino SP and Grigioni F,https://pubmed.ncbi.nlm.nih.gov/41752888/,,,,"Obstructive Sleep Apnea (OSA) is a highly prevalent yet frequently underdiagnosed disorder strongly associated with cardiovascular morbidity and mortality. It is characterized by recurrent episodes of intermittent hypoxia, intrathoracic pressure swings, and sleep fragmentation that trigger sympathetic hyperactivation, oxidative stress, systemic inflammation, and progressive structural cardiac remodeling. These mechanisms translate into a wide range of electrocardiographic (ECG) abnormalities, including both nocturnal brady- and tachyarrhythmias, as well as daytime conduction and repolarization changes. This narrative review synthesizes current knowledge on ECG manifestations of OSA, encompassing atrial and ventricular ECG characteristics and the burden of supraventricular and ventricular arrhythmias. Emerging evidence suggests that several daytime ECG markers may represent accessible, low-cost indicators of subclinical cardiac remodeling and autonomic imbalance, with potential clinical implications. In addition, there is a rapidly evolving landscape of artificial intelligence applications and wearable-based ECG monitoring for OSA detection and risk stratification. Standardization of ECG-derived markers, validation across diverse populations, and integration into clinical workflows represent key priorities for future research. Recognizing ECG alterations associated with OSA may support earlier diagnosis, improved arrhythmic risk stratification, and more effective multidisciplinary management.","",10.3390/life16020251,"",,
rayyan-661287722,Mechanisms of upper airway muscle control in sleep reveal therapeutic targets for obstructive sleep apnea.,2026,1,1,,,,,,Horner RL and Wellman DA and Sands SA and Azarbarzin A and Taranto-Montemurro L,https://pubmed.ncbi.nlm.nih.gov/42148507/,,,,"Obstructive sleep apnea (OSA) is the most prevalent sleep-related breathing disorder and is associated with cardiovascular, metabolic, neurocognitive, and mortality risk. OSA arises from recurrent upper airway collapse during sleep, producing intermittent hypoxia and sleep fragmentation. While anatomical vulnerability contributes to airway instability, a key determinant of OSA pathophysiology is the sleep-related reduction in upper airway neuromuscular activity that occurs at the wake-sleep transition. Despite this central role, no approved pharmacologic therapies have targeted the neuromuscular mechanisms underlying airway collapse. This review summarizes the biological basis of upper airway neuromuscular dysfunction in OSA, integrating insights from preclinical models of hypoglossal motor control with clinical evidence supporting neuromodulatory treatment strategies. We focus on AD109, an investigational oral therapy combining a norepinephrine reuptake inhibitor (atomoxetine) with an antimuscarinic agent (aroxybutynin), designed to counteract sleep-related withdrawal of excitatory noradrenergic drive and rapid eye movement (REM)-related muscarinic inhibition at the hypoglossal motor nucleus. Early phase clinical studies demonstrated rapid and substantial improvements in airway collapsibility and apnea-hypopnea index, providing proof of concept for this approach. Results from large phase 3 trials confirm that targeting neuromuscular dysfunction can produce reductions in airway obstruction and meaningful improvements in oxygenation, including hypoxic burden, a metric closely linked to OSA-related sequelae. Symptomatic patients also experienced improvements in fatigue, sleepiness, and snoring versus placebo. Together, these findings support neuromuscular dysfunction as a tractable therapeutic target in OSA and highlight the potential of pharmacologic strategies to address both the physiological consequences of intermittent hypoxia and patient-relevant outcomes across a broad and heterogeneous OSA population.","",10.1093/ajrcmb/aanag089,"",,
rayyan-661287723,FENet: A Frequency Extraction Network for Obstructive Sleep Apnea Detection.,2021,1,1,,,,,,Ye G and Yin H and Chen T and Chen H and Cui L and Zhang X,https://pubmed.ncbi.nlm.nih.gov/33434137/,,,,"Obstructive Sleep Apnea (OSA) is a highly prevalent but inconspicuous disease that seriously jeopardizes the health of human beings. Polysomnography (PSG), the gold standard of detecting OSA, requires multiple specialized sensors for signal collection, hence patients have to physically visit hospitals and bear the costly treatment for a single detection. Recently, many single-sensor alternatives have been proposed to improve the cost efficiency and convenience. Among these methods, solutions based on RR-interval (i.e., the interval between two consecutive pulses) signals reach a satisfactory balance among comfort, portability and detection accuracy. In this paper, we advance RR-interval based OSA detection by considering its real-world practicality from energy perspectives. As photoplethysmogram (PPG) pulse sensors are commonly equipped on smart wrist-worn wearable devices (e.g., smart watches and wristbands), the energy efficiency of the detection model is crucial to fully support an overnight observation on patients. This creates challenges as the PPG sensors are unable to keep collecting continuous signals due to the limited battery capacity on smart wrist-worn devices. Therefore, we propose a novel Frequency Extraction Network (FENet), which can extract features from different frequency bands of the input RR-interval signals and generate continuous detection results with downsampled, discontinuous RR-interval signals. With the help of the one-to-multiple structure, FENet requires only one-third of the operation time of the PPG sensor, thus sharply cutting down the energy consumption and enabling overnight diagnosis. Experimental results on real OSA datasets reveal the state-of-the-art performance of FENet.","",10.1109/jbhi.2021.3050113,"",,
rayyan-661287724,Influence of Photoplethysmogram Signal Quality on Pulse Arrival Time during Polysomnography.,2023,1,1,,,,,,Rinkevičius M and Charlton PH and Bailón R and Marozas V,https://pubmed.ncbi.nlm.nih.gov/36850820/,,,,"Intervals of low-quality photoplethysmogram (PPG) signals might lead to significant inaccuracies in estimation of pulse arrival time (PAT) during polysomnography (PSG) studies. While PSG is considered to be a ""gold standard"" test for diagnosing obstructive sleep apnea (OSA), it also enables tracking apnea-related nocturnal blood pressure fluctuations correlated with PAT. Since the electrocardiogram (ECG) is recorded synchronously with the PPG during PSG, it makes sense to use the ECG signal for PPG signal-quality assessment. (1) Objective: to develop a PPG signal-quality assessment algorithm for robust PAT estimation, and investigate the influence of signal quality on PAT during various sleep stages and events such as OSA. (2) Approach: the proposed algorithm uses R and T waves from the ECG to determine approximate locations of PPG pulse onsets. The MESA database of 2055 PSG recordings was used for this study. (3) Results: the proportions of high-quality PPG were significantly lower in apnea-related oxygen desaturation (matched-pairs rc = 0.88 and rc = 0.97, compared to OSA and hypopnea, respectively, when p < 0.001) and arousal (rc = 0.93 and rc = 0.98, when p < 0.001) than in apnea events. The significantly large effect size of interquartile ranges of PAT distributions was between low- and high-quality PPG (p < 0.001, rc = 0.98), and regular and irregular pulse waves (p < 0.001, rc = 0.74), whereas a lower quality of the PPG signal was found to be associated with a higher interquartile range of PAT across all subjects. Suggested PPG signal quality-based PAT evaluation reduced deviations (e.g., rc = 0.97, rc = 0.97, rc = 0.99 in hypopnea, oxygen desaturation, and arousal stages, respectively, when p < 0.001) and allowed obtaining statistically larger differences between different sleep stages and events. (4) Significance: the implemented algorithm has the potential to increase the robustness of PAT estimation in PSG studies related to nocturnal blood pressure monitoring.","",10.3390/s23042220,"",,
rayyan-661287725,SleepPPG-Net2: deep learning generalization for sleep staging from photoplethysmography.,2025,1,1,,,,,,Attia S and Shani Hershkovich R and Tabakhov A and Ang A and Oksenberg A and Tauman R and Behar JA,https://pubmed.ncbi.nlm.nih.gov/41172609/,,,,"Objective. sleep staging is essential for diagnosing sleep disorders and managing sleep health. Traditional methods require time-consuming manual scoring. Recent photoplethysmography (PPG)-based deep learning models perform well on local datasets but struggle with external generalization due to data drift.Approach. this study evaluates multi-source domain training for improving out-of-distribution generalization in four-class sleep staging (wake, light, deep, rapid eye movement) from raw PPG time-series. The trained deep learning model is denoted SleepPPG-Net2. Additionally, we examined the impact of demographic factors, ethnicity, and obstructive sleep apnea (OSA) on performance. SleepPPG-Net2 was benchmarked against two state-of-the-art models.Main results. SleepPPG-Net2 outperformed benchmark models, improving generalization performance (Cohen's kappa) by up to 21%. Performance disparities were observed in relation to age, sex, and OSA severity.Significance. SleepPPG-Net2 enhances PPG-based sleep staging and provides insights into demographic and clinical influences on model performance.","",10.1088/1361-6579/ae1a34,"",,
rayyan-661287726,Monitoring Airway Resistance for Obstructive Sleep Apnea Using a Leak-Based BiPAP System.,2025,1,1,,,,,,Clifton JA and Hill JF and Guy EFS and Holder-Pearson L and Baglyas S and Benyo B and Chase JG,https://pubmed.ncbi.nlm.nih.gov/41337058/,,,,"Obstructive Sleep Apnea (OSA) is a respiratory disorder characterized by partial or complete upper airway obstruction during sleep, resulting in increased airway resistance. Positive Airway Pressure (PAP) therapy is the standard treatment for OSA, providing continuous pressure to prevent collapsing of the airway. However, PAP systems often struggle to detect partial obstructions. To address this limitation, this paper proposes a method to identify and quantify changes in upper airway resistance by combining a leak-based Bilevel Positive Airway Pressure (BiPAP) system, a developed expiratory model, and application of the linear single-compartment model. Data modeled by a BiPAP ventilator was replicated using a low-cost inline sensor. Results demonstrate increased resistance could be detected, with the expiratory model being comparable to the ventilator measurements.Clinical Relevance- This paper explains the development of an Automatic Positive Airway Pressure (APAP) control algorithm which can identify airway resistance changes using a low-cost inline sensor. Improved detection of partial obstructions could enable more responsive and personalized PAP therapy for patients with Obstructive Sleep Apnea.","",10.1109/embc58623.2025.11254627,"",,
rayyan-661287727,Multiscale Bidirectional Temporal Convolutional Network for Sleep Apnea Detection Based on Wearable Photoplethysmography Bracelet.,2024,1,1,,,,,,Zou L and Liu G,https://pubmed.ncbi.nlm.nih.gov/37991905/,,,,"Sleep apnea syndrome (SAS), which can lead to a range of Cardiopulmonary diseases, is a common chronic sleep disorder. The unobtrusive detection based on wearable devices is helpful for early diagnosis and treatment of SAS. To this end, this paper presents a method based on a one-dimensional multi-scale bidirectional temporal convolutional neural network (1D-MsBiTCNet) and two model performance optimization techniques, i.e., regularized dropout (RD) and logit adjustment (LA). Among them, 1D-MsBiTCNet has outstanding capabilities in both feature extraction and temporal dependence representation. RD and LA play an effective role in solving the overfitting problem of model training and the class imbalance problem of the dataset, respectively. The proposed model was trained and tested on a photoplethysmography (PPG) dataset (including data from 92 subjects) collected from commercial wearable bracelets. On this dataset, our method achieved accuracy, sensitivity and specificity of 82.76%, 71.58%, 86.74% for per-segment detection, and 97.83%, 88.89%, 100.00% for per-recording severe SAS detection. For the precise quantification of apnea-hypopnea index (AHI), our method achieved a mean absolute error of 5.44 between the predicted AHI and the ground truth AHI. The experimental results show that our proposed method has an outstanding performance and can provide a methodological reference for large-scale SAS automatic detection.","",10.1109/jbhi.2023.3335658,"",,
rayyan-661287728,The Effect of CPAP on Middle Ear Pressure: A Systematic Review and Meta-analysis.,2021,1,1,,,,,,Ma C and Yuen E and Nguyen SA and Meyer TA and Lambert PR,https://pubmed.ncbi.nlm.nih.gov/34267102/,,,,"OBJECTIVE: To assess the effect of short-term and long-term continuous positive airway pressure (CPAP) use on middle ear pressure (MEP) in adult ears.
DATABASES REVIEWED: PubMed, Scopus, and Embase were searched through October 2020. Search strategies used a combination of subject headings (e.g., MeSH in PubMed) and keywords for CPAP and middle ear pressure.
METHODS: English-language articles studying changes in MEP as measured by tympanometry or tympanograms in patients using CPAP were selected for inclusion. Data extraction from included articles included demographics, baseline, and follow-up data.
RESULTS: A total of 7 articles representing 664 patients with weighted mean age of 42.5 years (range 34.9-57.8 yrs) were included. Meta-analysis of three qualifying studies demonstrated a positive correlation between higher CPAP pressures and degree of MEP rise during CPAP use compared to baseline with mean difference of 25.1 daPa (95% confidence interval [18.7, 31.4]) at 5 cm H2O and 81.9 daPa (95% confidence interval [60.2, 103.5]) at 10 cm H2O. Short-term effects of CPAP use were reviewed in four studies that showed a transient rise in MEP. Three separate studies examining the long-term effects of CPAP use showed resting MEP was higher in patients with severe obstructive sleep apnea (OSA), which might be related to progressive eustachian tube dysfunction as a complication of severe OSA.
CONCLUSION: Short-term CPAP use is associated with transient elevations of MEP in adult ears. Long-term CPAP use might produce beneficial MEP changes, especially in patients with OSA and eustachian tube dysfunction.","",10.1097/mao.0000000000003276,"",,
rayyan-661287729,An Oximetry Based Wireless Device for Sleep Apnea Detection.,2020,1,1,,,,,,Mendonça F and Mostafa SS and Morgado-Dias F and Ravelo-García AG,https://pubmed.ncbi.nlm.nih.gov/32046102/,,,,"Sleep related disorders can severely disturb the quality of sleep. Among these disorders, obstructive sleep apnea (OSA) is highly prevalent and commonly undiagnosed. Polysomnography is considered to be the gold standard exam for OSA diagnosis. Even though this multi-parametric test provides highly accurate results, it is time consuming, labor-intensive, and expensive. A non-invasive and easy to self-assemble home monitoring device was developed to address these issues. The device can perform the OSA diagnosis at the patient's home and a specialized technician is not required to supervise the process. An automatic scoring algorithm was developed to examine the blood oxygen saturation signal for a minute-by-minute OSA assessment. It was performed by analyzing statistical and frequency-based features that were fed to a classifier. Afterward, the ratio of the number of minutes classified as OSA to the time in bed in minutes was compared with a threshold for the global (subject-based) OSA diagnosis. The average accuracy, sensitivity, specificity, and area under the receiver operating characteristic curve for the minute-by-minute assessment were, respectively, 88%, 80%, 91%, and 0.86. The subject-based accuracy was 95%. The performance is in the same range as the best state of the art methods for the models based only on the blood oxygen saturation analysis. Therefore, the developed model has the potential to be employed in clinical analysis.","",10.3390/s20030888,"",,
rayyan-661287730,Classification of Sleep Apnea Severity by Electrocardiogram Monitoring Using a Novel Wearable Device.,2020,1,1,,,,,,Baty F and Boesch M and Widmer S and Annaheim S and Fontana P and Camenzind M and Rossi RM and Schoch OD and Brutsche MH,https://pubmed.ncbi.nlm.nih.gov/31947905/,,,,"Sleep apnea (SA) is a prevalent disorder diagnosed by polysomnography (PSG) based on the number of apnea-hypopnea events per hour of sleep (apnea-hypopnea index, AHI). PSG is expensive and technically complex; therefore, its use is rather limited to the initial diagnostic phase and simpler devices are required for long-term follow-up. The validity of single-parameter wearable devices for the assessment of sleep apnea severity is still debated. In this context, a wearable electrocardiogram (ECG) acquisition system (ECG belt) was developed and its suitability for the classification of sleep apnea severity was investigated using heart rate variability analysis with or without data pre-filtering. Several classification algorithms were compared and support vector machine was preferred due to its simplicity and overall performance. Whole-night ECG signals from 241 patients with a suspicion of sleep apnea were recorded using both the ECG belt and patched ECG during PSG recordings. 65% of patients had an obstructive sleep apnea and the median AHI was 21 [IQR: 7-40] h - 1 . The classification accuracy obtained from the ECG belt (accuracy: 72%, sensitivity: 70%, specificity: 74%) was comparable to the patched ECG (accuracy: 74%, sensitivity: 88%, specificity: 61%). The highest classification accuracy was obtained for the discrimination between individuals with no or mild SA vs. moderate to severe SA. In conclusion, the ECG belt provided signals comparable to patched ECG and could be used for the assessment of sleep apnea severity, especially during follow-up.","",10.3390/s20010286,"",,
rayyan-661287731,High night-to-night variability in sleep apnea severity is associated with uncontrolled hypertension.,2023,1,1,,,,,,Lechat B and Loffler KA and Reynolds AC and Naik G and Vakulin A and Jennings G and Escourrou P and McEvoy RD and Adams RJ and Catcheside PG and Eckert DJ,https://pubmed.ncbi.nlm.nih.gov/36991115/,,,,"Obstructive sleep apnea (OSA) severity can vary markedly from night-to-night. However, the impact of night-to-night variability in OSA severity on key cardiovascular outcomes such as hypertension is unknown. Thus, the primary aim of this study is to determine the effects of night-to-night variability in OSA severity on hypertension likelihood. This study uses in-home monitoring of 15,526 adults with ~180 nights per participant with an under-mattress sleep sensor device, plus ~30 repeat blood pressure measures. OSA severity is defined from the mean estimated apnea-hypopnoea index (AHI) over the ~6-month recording period for each participant. Night-to-night variability in severity is determined from the standard deviation of the estimated AHI across recording nights. Uncontrolled hypertension is defined as mean systolic blood pressure ≥140 mmHg and/or mean diastolic blood pressure ≥90 mmHg. Regression analyses are performed adjusted for age, sex, and body mass index. A total of 12,287 participants (12% female) are included in the analyses. Participants in the highest night-to-night variability quartile within each OSA severity category, have a 50-70% increase in uncontrolled hypertension likelihood versus the lowest variability quartile, independent of OSA severity. This study demonstrates that high night-to-night variability in OSA severity is a predictor of uncontrolled hypertension, independent of OSA severity. These findings have important implications for the identification of which OSA patients are most at risk of cardiovascular harm.","",10.1038/s41746-023-00801-2,"",,
rayyan-661287732,Bio-Monitor Detects Reduced Obstructive Sleep Apnea and Susceptibility to Arrhythmia in Spaceflight.,2025,1,1,,,,,,Mastrandrea CJ and Rabineau J and Greaves D and Hughson RL,https://pubmed.ncbi.nlm.nih.gov/41360141/,,,,"BACKGROUND: Attenuation of sleep disordered breathing in astronauts entering microgravity was previously reported during shuttle missions. However, the impacts of microgravity on obstructive sleep apnea (OSA) have not previously been quantified.
CASE REPORT: An astronaut with OSA participated in the noninvasive assessment of multiple physiological variables using the Bio-Monitor biometric shirt before, twice during, and after a 6-mo mission to the International Space Station. Cardiorespiratory variables, including electrocardiogram, respiratory rate and tidal volume, oxygen saturation, and activity, were measured and allowed for the assessment of apneic events and cardiac arrhythmias before, during, and after the mission.
DISCUSSION: While in the microgravity environment, apneic and desaturation events completely resolved, reoccurring immediately following landing. Associated electrophysiological features, including complete heart block, were not temporally associated with apneic or desaturation events when present, persisting even when OSA was absent. The participant's use of hypnotic medication in the evening prior to data collection toward the end of flight may have contributed to sporadic apneic episodes, and to longer QT intervals exhibited at that specific timepoint. Mastrandrea CJ, Rabineau J, Greaves D, Hughson RL. Bio-monitor detects reduced obstructive sleep apnea and susceptibility to arrhythmia in spaceflight. Aerosp Med Hum Perform. 2025; 96(12):1084-1089.","",10.3357/amhp.6745.2025,"",,
rayyan-661287733,Predicting polysomnographic severity thresholds in children using machine learning.,2020,1,1,,,,,,Bertoni D and Sterni LM and Pereira KD and Das G and Isaiah A,https://pubmed.ncbi.nlm.nih.gov/32386396/,,,,"BACKGROUND: Approximately 500,000 children undergo tonsillectomy and adenoidectomy (T&A) annually for treatment of obstructive sleep disordered breathing (oSDB). Although polysomnography is beneficial for preoperative risk stratification in these children, its expanded use is limited by the associated costs and resources needed. Therefore, we used machine learning and data from potentially wearable sensors to identify children needing postoperative overnight monitoring based on the polysomnographic severity of oSDB.
METHODS: Children aged 2-17 years undergoing polysomnography were included. Six machine learning models were created using (i) clinical parameters and (ii) nocturnal actigraphy and oxygen desaturation index. The prediction performance for polysomnography-derived severity of oSDB measured by apnea hypopnea index (AHI) >2 and >10 were evaluated.
RESULTS: One hundred and ninety children were included. One hundred and eight were male (57%), mean age was 6.7 years [95% confidence interval; 6.1, 7.2], and mean AHI was 10.6 [7.8, 13.4]. Predictive performance utilizing clinical parameters was poor for both AHI > 2 (accuracy range: 48-56% for all models) and AHI > 10 (50-61%). Combining oximetry and actigraphy improved the accuracy to 87-89% for AHI > 2 and 95-96% for AHI > 10.
CONCLUSIONS: Machine learning with oximetry and actigraphy identifies most children needing overnight monitoring as determined by polysomnographic severity of oSDB, supporting a potential resource-conscious screening pathway for children undergoing T&A.
IMPACT: We provide proof of principle for the utility of machine learning, oximetry, and actigraphy to screen for severe obstructive sleep apnea syndrome (OSAS) in children. Clinical parameters perform poorly in predicting the severity of OSAS, which is confirmed in the current study. The predictive accuracy for severe OSAS was improved by a smaller subset of quantifiable physiologic parameters, such as oximetry. The results of this study support a lower cost, patient-friendly screening pathway to identify children in need of in-hospital observation after surgery.","",10.1038/s41390-020-0944-0,"",,
rayyan-661287734,Portable Sleep Apnea Syndrome Screening and Event Detection Using Long Short-Term Memory Recurrent Neural Network.,2020,1,1,,,,,,Chang HC and Wu HT and Huang PC and Ma HP and Lo YL and Huang YH,https://pubmed.ncbi.nlm.nih.gov/33113849/,,,,"Obstructive sleep apnea/hypopnea syndrome (OSAHS) is characterized by repeated airflow partial reduction or complete cessation due to upper airway collapse during sleep. OSAHS can induce frequent awake and intermittent hypoxia that is associated with hypertension and cardiovascular events. Full-channel Polysomnography (PSG) is the gold standard for diagnosing OSAHS; however, this PSG evaluation process is unsuitable for home screening. To solve this problem, a measuring module integrating abdominal and thoracic triaxial accelerometers, a pulsed oximeter (SpO2) and an electrocardiogram sensor was devised in this study. Moreover, a long short-term memory recurrent neural network model is proposed to classify four types of sleep breathing patterns, namely obstructive sleep apnea (OSA), central sleep apnea (CSA), hypopnea (HYP) events and normal breathing (NOR). The proposed algorithm not only reports the apnea-hypopnea index (AHI) through the acquired overnight signals but also identifies the occurrences of OSA, CSA, HYP and NOR, which assists in OSAHS diagnosis. In the clinical experiment with 115 participants, the performances of the proposed system and algorithm were compared with those of traditional expert interpretation based on PSG signals. The accuracy of AHI severity group classification was 89.3%, and the AHI difference for PSG expert interpretation was 5.0±4.5. The overall accuracy of detecting abnormal OSA, CSA and HYP events was 92.3%.","",10.3390/s20216067,"",,
rayyan-661287735,Sleep apnea screening based on Photoplethysmography data from wearable bracelets using an information-based similarity approach.,2021,1,1,,,,,,Wu S and Chen M and Wei K and Liu G,https://pubmed.ncbi.nlm.nih.gov/34624633/,,,,"BACKGROUND AND OBJECTIVE: Sleep apnea (SA) is a common sleep disorder in daily life and is also an aggravating factor for various diseases. Having the potential to replace traditional but complicated diagnostic equipment, portable medical devices are receiving increasing attention, and thus, the demand for supporting algorithms is growing. This study aims to identify SA with wearable devices.
METHODS: Static information-based similarity (sIBS) and dynamic information-based similarity (dIBS) were proposed to analyze short-term fluctuations in heart rate (HR) with wearable devices. This study included overnight photoplethysmography (PPG) signals from 92 subjects obtained from wearable bracelets.
RESULTS: The results showed that sIBS achieved the highest correlation coefficient with the apnea-hypopnea index (R=-0.653, p=0). dIBS showed a good balance in sensitivity and specificity (75.0% and 72.1%, respectively). Combining sIBS and dIBS with other classical time-frequency domain indices could simultaneously achieve good accuracy and balance (84.7% accuracy, 76.7% sensitivity and 89.6% specificity).
CONCLUSIONS: This research showed that both classic time-frequency domain indices and IBS indices changed significantly only in the severe SA group. This novel method could serve as an effective way to assess SA and provide new insight into its pathophysiology.","",10.1016/j.cmpb.2021.106442,"",,
rayyan-661287736,Simultaneous estimation of sleep duration and sleep apnea-hypopnea using millimeter-wave radar.,2026,1,1,,,,,,Hoshi M and Kozu Y and Okumura S and Endo D and Ito T and Nagata K and Hiranuma H and Furihata R and Sato S and Hirai T and Sakamoto T and Taki H and Akahoshi T and Gon Y and Chin K,https://pubmed.ncbi.nlm.nih.gov/42367621/,,,,"Comorbid insomnia and sleep apnea is increasingly recognized, yet detection remains challenging due to limitations of contact-based monitoring such as polysomnography (PSG) and wearable devices. Millimeter-wave radar (MWR) may provide a non-contact alternative for simultaneous assessment of sleep-disordered breathing and sleep duration. This study evaluated the accuracy of MWR in estimating the respiratory event index (REI) and sleep duration, and identified optimal post-movement exclusion windows to enhance concordance with PSG standards. Sixty-two adults underwent overnight PSG with concurrent MWR recording. REI and estimated sleep duration (ESD) were calculated after excluding data within 1, 2, or 3 min following large body movements. Agreement between REI and PSG-derived apnea-hypopnea index (AHI), and between ESD and PSG-derived total sleep time (TST), was assessed using Bland-Altman analysis. The 3-min exclusion window yielded the smallest bias and narrowest limits of agreement for REI (mean bias = + 0.1 events/h; 95% confidence interval = - 8.2 to 8.4), matching PSG-derived AHI (18.9 ± 16.9 vs. 19.0 ± 14.4 events/h). In contrast, the 1-min exclusion window provided the best agreement for sleep duration (mean bias = - 26 min; 95% confidence interval = - 72 to 20), aligning with PSG-derived TST (422 ± 80 vs. 396 ± 71 min). MWR enables simultaneous, non-contact estimation of sleep-disordered breathing and sleep duration with clinically acceptable concordance to PSG. Metric-specific optimization-3 min for REI and 1 min for ESD-supports MWR as a low-burden tool for screening and monitoring in clinical and home environments.","",10.1007/s41105-026-00644-w,"",,
rayyan-661287737,Wearable Transcutaneous CO(2) Monitor Based on Miniaturized Nondispersive Infrared Sensor.,2021,1,1,,,,,,Tipparaju VV and Mora SJ and Yu J and Tsow F and Xian X,https://pubmed.ncbi.nlm.nih.gov/34744520/,,,,"Transcutaneous oxygen and carbon dioxide provide the status of pulmonary gas exchange and are of importance in diagnosis and management of respiratory diseases. Though significant progress has been made in oximetry, not much has been explored in developing wearable technologies for continuous monitoring of transcutaneous carbon dioxide. This research reports the development of a truly wearable sensor for continuous monitoring of transcutaneous carbon dioxide using miniaturized nondispersive infrared sensor augmented by hydrophobic membrane to address the humidity interference. The wearable transcutaneous CO2 monitor shows well-behaved response curve to humid CO2 with linear response to CO2 concentration. The profile of transcutaneous CO2 monitored by the wearable device correlates well with the end-tidal CO2 trend in human test. The feasibility of the wearable device for passive and unobstructed tracking of transcutaneous CO2 in free-living conditions has also been demonstrated in field test. The wearable transcutaneous CO2 monitoring technology developed in this research can be widely used in remote assessment of pulmonary gas exchange efficiency for patients with respiratory diseases, such as COVID-19, sleep apnea, and chronic obstructive pulmonary disease (COPD).","",10.1109/jsen.2021.3081696,"",,
rayyan-661287738,The combination of physiology and machine learning for prediction of CPAP pressure and residual AHI in OSA.,2025,1,1,,,,,,Lo JE and Schmickl CN and Vaida F and Nemati S and Singh K and Sands SA and Owens RL and Malhotra A and Orr JE,https://pubmed.ncbi.nlm.nih.gov/39745438/,,,,"STUDY OBJECTIVES: Continuous positive airway pressure (CPAP) is the treatment of choice for obstructive sleep apnea; however, some people have residual respiratory events or require significantly higher CPAP pressure while on therapy. Our objective was to develop predictive models for CPAP outcomes and assess whether the inclusion of physiological traits enhances prediction.
METHODS: We constructed predictive models from baseline information for subsequent residual apnea-hypopnea index and optimal CPAP pressure. We compared models utilizing clinical variables with those incorporating both clinical and physiological factors. Furthermore, we assessed the performance of regression vs machine learning. All performances, including root mean square error, R-squared, accuracy, and area under the curve, were evaluated using a 5-fold cross validation with 10 repeats.
RESULTS: For predicting residual apnea-hypopnea index, random forest models outperformed regression models, and models that incorporated both clinical and physiological variables also outperformed models using only clinical variables across all performance metrics. Random forest using both clinical features and physiological traits achieved the best performance. In both regression and random forest models, central apnea index is found to be the most important feature in predicting residual apnea-hypopnea index. For predicting CPAP pressure, there was no additional predictive value of physiological traits or random forest modeling.
CONCLUSIONS: Our findings demonstrated that the combined use of clinical and physiological variables yields the most robust predictive models for residual apnea-hypopnea index, with random forest models performing best. These findings support the notion that prediction of obstructive sleep apnea therapy outcomes may be improved by more flexible models using machine learning, potentially in combination with physiology-based models.
CITATION: Lo J-E, Schmickl CN, Vaida F, et al. The combination of physiology and machine learning for prediction of CPAP pressure and residual AHI in OSA. J Clin Sleep Med. 2025;21(5):775-782.","",10.5664/jcsm.11498,"",,
rayyan-661287739,Sleep/Wakefulness Detection Using Tracheal Sounds and Movements.,2020,1,1,,,,,,Montazeri Ghahjaverestan N and Akbarian S and Hafezi M and Saha S and Zhu K and Gavrilovic B and Taati B and Yadollahi A,https://pubmed.ncbi.nlm.nih.gov/33235534/,,,,"PURPOSE: The current gold standard to detect sleep/wakefulness is based on electroencephalogram, which is inconvenient if included in portable sleep screening devices. Therefore, a challenge in the portable devices is sleeping time estimation. Without sleeping time, sleep parameters such as apnea/hypopnea index (AHI), an index for quantifying sleep apnea severity, can be underestimated. Recent studies have used tracheal sounds and movements for sleep screening and calculating AHI without considering sleeping time. In this study, we investigated the detection of sleep/wakefulness states and estimation of sleep parameters using tracheal sounds and movements.
MATERIALS AND METHODS: Participants with suspected sleep apnea who were referred for sleep screening were included in this study. Simultaneously with polysomnography, tracheal sounds and movements were recorded with a small wearable device, called the Patch, attached over the trachea. Each 30-second epoch of tracheal data was scored as sleep or wakefulness using an automatic classification algorithm. The performance of the algorithm was compared to the sleep/wakefulness scored blindly based on the polysomnography.
RESULTS: Eighty-eight subjects were included in this study. The accuracy of sleep/wakefulness detection was 82.3±8.66% with a sensitivity of 87.8±10.8 % (sleep), specificity of 71.4±18.5% (awake), F1 of 88.1±9.3% and Cohen's kappa of 0.54. The correlations between the estimated and polysomnography-based measures for total sleep time and sleep efficiency were 0.78 (p<0.001) and 0.70 (p<0.001), respectively.
CONCLUSION: Sleep/wakefulness periods can be detected using tracheal sound and movements. The results of this study combined with our previous studies on screening sleep apnea with tracheal sounds provide strong evidence that respiratory sounds analysis can be used to develop robust, convenient and cost-effective portable devices for sleep apnea monitoring.","",10.2147/nss.s276107,"",,
rayyan-661287740,Combined supplemental oxygen and mandibular advancement device therapy for obstructive sleep apnoea: a randomised controlled trial.,2026,1,1,,,,,,Edwards BA and Thomson LDJ and Vena D and Gikas A and Radmand R and Calianese N and Hess LB and Collet J and Gilbertson D and Lawrence NV and Landry SA and Joosten SA and Hamilton GS and Wellman A and Sands SA,https://pubmed.ncbi.nlm.nih.gov/41038636/,,,,"BACKGROUND: Treatment for obstructive sleep apnoea (OSA) is limited by intolerance to continuous positive airway pressure. While OSA manifests due to both increased pharyngeal collapsibility and ventilatory control instability, randomised trials targeting both components are lacking. We tested whether combining a ventilatory control intervention (supplemental oxygen) with an upper airway mechanical intervention (mandibular advancement device (MAD)) improves treatment efficacy.
METHODS: In a multicentre randomised crossover trial, 41 patients with moderate-to-severe OSA (apnoea-hypopnoea index (AHI) >20 events·h-1, scored without desaturation criteria) underwent polysomnography with four single-night interventions: oxygen (4 L·min-1), MAD, combination therapy and sham (air). Primary analysis compared percent change in AHI from baseline between combination therapy and MAD monotherapy. Secondary outcomes included arousal index and visual analogue scale for sleep quality (VASSQ). Gold standard baseline pathophysiological traits facilitated mechanistic subgroup analysis.
RESULTS: Of 41 randomised patients (14 females:27 males, median (interquartile range) baseline AHI 49 (29, 62) events·h-1), 38 completed all interventions. Compared with sham, AHI was lowered with oxygen (estimate: -33 (95% CI -46, -17)%), MAD (-54 (95% CI -64, -41)%) and the combination (-68 (95% CI -77, -57)%); the combination provided a greater reduction than MAD monotherapy (-14 (95% CI -23, -4)%; p=0.009). The combination also improved AHI per 3% desaturation/arousal criteria (-73 (95% CI -81, -62)% versus sham and -17 (95% CI -25, -7)% versus MAD). The combination improved arousal index (-36 (95% CI -43, -27)% versus sham) and VASSQ (+0.98 (95% CI 0.39, 1.58) versus sham), albeit not significantly beyond MAD alone. Effects were greatest in those with higher loop gain and collapsibility.
CONCLUSION: Combining a ventilatory control intervention (supplemental oxygen) with an upper airway intervention (MAD) is a promising approach to markedly attenuate OSA severity beyond that offered by each intervention alone.","",10.1183/13993003.01320-2025,"",,
rayyan-661287741,Automatic classification of the obstruction site in obstructive sleep apnea based on snoring sounds.,2022,1,1,,,,,,Liu Y and Feng Y and Li Y and Xu W and Wang X and Han D,https://pubmed.ncbi.nlm.nih.gov/36067537/,,,,"OBJECTIVES: Snoring is a common symptom of obstructive sleep apnea (OSA) which is considered to be potential predictors of the obstruction site. Successful treatment of OSA depend on the determination the types of obstruction site. This study aimed to develop a machine learning-based model to detect obstruction site using snoring sound.
METHODS: Patients with OSA underwent drug-induced sleep endoscopy (DISE) and the snoring sounds were recorded simultaneously. We extracted acoustic features based on Mel-frequency cepstral coefficients (MFCC). A k-nearest neighbors (KNN) was used for snore classification.
RESULTS: Total 42 patients with OSA were enrolled. The accuracy of model was 85.55 %, F1 score was 85.04. With combined age, gender and Body Mass Index (BMI), the accuracy of model was 87.98 %, and F1 score was 87.96. The model exhibited accuracies of 83 %, 93 % and 92 %; an AUC of 85.88, 89.22 and 88.17 in detecting retropalatal, retrolingual and multilevel obstructions.
CONCLUSION: Our results suggest that combing snoring sound with age, gender and BMI, the machine learning based model can help automatically assess obstruction site. The model may have potential utility as a clinical tool to help for clinical decision-making.","",10.1016/j.amjoto.2022.103584,"",,
rayyan-661287742,"MOF based flexible, low-cost chemiresistive device as a respiration sensor for sleep apnea diagnosis.",2020,1,1,,,,,,Leelasree T and Selamneni V and Akshaya T and Sahatiya P and Aggarwal H,https://pubmed.ncbi.nlm.nih.gov/33103693/,,,,"The monitoring of respiratory disorders requires breath sensors that are fast, robust, and convenient to use and can function under real time conditions. A MOF based flexible sensor is reported for the first time for breath sensing applications. The properties of a highly porous HKUST-1 MOF and a conducting MoS2 material have been combined to fabricate an electronic sensor on a flexible paper support for studying sleep apnea problems. Extensive breath sensing experiments have been performed and interestingly the fabricated sensor is efficient in detecting various kinds of breaths such as deep, fast, slow and hydrated breath. The MOF breath sensor shows a fast response time of just ∼0.38 s and excellent stability with no decline in its performance even after a month. A plausible mechanism has been proposed and a smartphone based prototype has been prepared to demonstrate the real time applications of the hybrid device. This work demonstrates great potential for the application of MOFs in healthcare with a special focus on breath sensing and sleep apnea diagnosis.","",10.1039/d0tb01748e,"",,
rayyan-661287743,Morphic Sensors for Respiratory Parameters Estimation: Validation against Overnight Polysomnography.,2023,1,1,,,,,,Naik GR and Breen PP and Jayarathna T and Tong BK and Eckert DJ and Gargiulo GD,https://pubmed.ncbi.nlm.nih.gov/37504102/,,,,"Effective monitoring of respiratory disturbances during sleep requires a sensor capable of accurately capturing chest movements or airflow displacement. Gold-standard monitoring of sleep and breathing through polysomnography achieves this task through dedicated chest/abdomen bands, thermistors, and nasal flow sensors, and more detailed physiology, evaluations via a nasal mask, pneumotachograph, and airway pressure sensors. However, these measurement approaches can be invasive and time-consuming to perform and analyze. This work compares the performance of a non-invasive wearable stretchable morphic sensor, which does not require direct skin contact, embedded in a t-shirt worn by 32 volunteer participants (26 males, 6 females) with sleep-disordered breathing who performed a detailed, overnight in-laboratory sleep study. Direct comparison of computed respiratory parameters from morphic sensors versus traditional polysomnography had approximately 95% (95 ± 0.7) accuracy. These findings confirm that novel wearable morphic sensors provide a viable alternative to non-invasively and simultaneously capture respiratory rate and chest and abdominal motions.","",10.3390/bios13070703,"",,
rayyan-661287744,A wearable ring oximeter for detection of sleep disordered breathing.,2025,1,1,,,,,,Meira E Cruz M and Chen E and Zhou Y and Shu D and Zhou C and Kryger M,https://pubmed.ncbi.nlm.nih.gov/40220874/,,,,"INTRODUCTION: Wearable devices have been developed that can continuously monitor physiologic variables. One device, Circul® (Bodimetrics Corp, Los Angeles, CA), with a form factor of a ring, measures several variables (SpO2, movement, heart rate).
OBJECTIVES: To evaluate the potential utility of this device in detecting sleep breathing disorders.
MATERIALS AND METHODS: OSA severity measured by the oxygen desaturation Index (ODI) using a wearable oximetric Circul® ring (ODI as defined by 3 % desaturation - cODI3 %) was compared with the gold standard, polysomnography (PSG) in patients suspected of having sleep-disordered breathing. The Circul data was autoscored by the device's software; a technician scored the PSG data. The sensitivity (S), and specificity (E) for the different thresholds for cODI3 % compared to the PSG AHI and PSG ODI, were calculated.
RESULTS: 164 patients (age = 44.8 years + 12.3 (SD)) were enrolled. Using the PSG-derived AHI as the reference for classification, the best cut-off points were: OSA = AHI ≥ 5: cODI3 % ≥ 4.3 (S 87.8 %, E 93.8 %); OSA = AHI ≥ 15: cODI3 % ≥ 13.1 (S 76 %, E 100 %); OSA = AHI ≥ 30 = : cODI3 % ≥ 16.2 (S 85.7 %, E 92 %); Using the ODI from the PSG as the reference for classification, the respective cut-off points were: OSA=ODI ≥ 5: cODI3 % ≥ 4.3 (S 93.4 %, E 88.9 %); OSA=ODI ≥ 15:cODI3 % ≥ 13.1 (S85.2 %, E98.4 %); OSA=ODI ≥ 30: cODI3 % ≥ 18.7 (S 98.4 %, E 92.2 %).
CONCLUSIONS: Circul® oximetry demonstrated good diagnostic accuracy compared to the gold standard in determining OSA severity. cODI3 % greater than 13 suggests that significant OSA might be present.","",10.1016/j.rmed.2025.108092,"",,
rayyan-661287745,Diagnostic Performance of Photoplethysmography-Based Smartwatch for Obstructive Sleep Apnea.,2022,1,1,,,,,,Kim MW and Park SH and Choi MS,https://pubmed.ncbi.nlm.nih.gov/39664308/,,,,"BACKGROUND AND OBJECTIVES: Considering the prevalence and health effects of obstructive sleep apnea (OSA), early diagnosis and proper treatment are essential. Polysomnography (PSG) has limitations in diagnosing or tracking large-scale OSA patients. Smartwatches (SWs) can be equipped with a photoplethysmograph (PPG) that can indirectly measure heart rate and blood oxygen saturation by detecting the difference of light absorption through blood. The purpose of this study is to compare oxygen saturation parameters of PPG-based SWs with those of PSG to determine the diagnostic accuracy for OSA.
METHODS: After obtaining voluntary consent from patients who were scheduled to undergo PSG in a sleep clinic due to suspected OSA, they were randomly assigned to wear a Galaxy watch4 (GW) or Apple watch7 (AW) on their wrist. The agreement rates between the oxygen saturation parameters of the two SW types and PSG were evaluated. The accuracy, sensitivity, and specificity of the oxygen saturation parameters for diagnosis of OSA (apnea-hypopnea index [AHI] ≥5/h) were compared between the two types of SW.
RESULTS: A total of 133 patients underwent PSG while wearing an SW. Including duplicates, 109 patients wearing a GW and 69 wearing an AW were included. The diagnostic accuracy of AHI ≥5/h according to oxygen saturation time measured by a GW was less than 90%, the respective sensitivity and specificity were 82.9% and 75.8%. The area under the curve (AUC) of the receiver operating characteristic (ROC) curve was 0.807 (p<0.001). Using the lowest oxygen saturation value of GW, the sensitivity was 81.6%, the specificity was 69.7%, and the AUC of the ROC was 0.849 (p<0.001). The diagnostic accuracy of AHI ≥5/h according to the average oxygen saturation of AW, and the sensitivity and specificity were 75.6% and 70.8%, respectively. The AUC of this ROC curve was 0.757 (p<0.001). Using the lowest oxygen saturation value of AW, the sensitivity was 71.1%, the specificity was 62.5%, and the AUC of the ROC was 0.705 (p=0.005).
CONCLUSION: This study found that the two types of SW showed considerable accuracy in diagnosing OSA, but the accuracy decreased as the severity of OSA increased.","",10.18787/jr.2022.00424,"",,
rayyan-661287746,R-R interval-based sleep apnea screening by a recurrent neural network in a large clinical polysomnography dataset.,2022,1,1,,,,,,Iwasaki A and Fujiwara K and Nakayama C and Sumi Y and Kano M and Nagamoto T and Kadotani H,https://pubmed.ncbi.nlm.nih.gov/35569296/,,,,"OBJECTIVE: Easily detecting patients with undiagnosed sleep apnea syndrome (SAS) requires a home-use SAS screening system. In this study, we validate a previously developed SAS screening methodology using a large clinical polysomnography (PSG) dataset (N = 938).
METHODS: We combined R-R interval (RRI) and long short-term memory (LSTM), a type of recurrent neural networks, and created a model to discriminate respiratory conditions using the training dataset (N = 468). Its performance was validated using the validation dataset (N = 470).
RESULTS: Our method screened patients with severe SAS (apnea hypopnea index; AHI ≥ 30) with an area under the curve (AUC) of 0.92, a sensitivity of 0.80, and a specificity of 0.84. In addition, the model screened patients with moderate/severe SAS (AHI ≥ 15) with an AUC of 0.89, a sensitivity of 0.75, and a specificity of 0.87.
CONCLUSIONS: Our method achieved high screening performance when applied to a large clinical dataset.
SIGNIFICANCE: Our method can help realize an easy-to-use SAS screening system because RRI data can be easily measured with a wearable heart rate sensor. It has been validated on a large dataset including subjects with various backgrounds and is expected to perform well in real-world clinical practice.","",10.1016/j.clinph.2022.04.012,"",,
rayyan-661287747,Performance evaluation of a wrist-worn reflectance pulse oximeter during sleep.,2022,1,1,,,,,,Jung H and Kim D and Lee W and Seo H and Seo J and Choi J and Joo EY,https://pubmed.ncbi.nlm.nih.gov/35817700/,,,,"OBJECTIVES: To characterize and evaluate the estimation of oxygen saturation measured by a wrist-worn reflectance pulse oximeter during sleep.
METHODS: Ninety-seven adults with sleep disturbances were enrolled. Oxygen saturation was simultaneously measured using a reflectance pulse oximeter (Galaxy Watch 4 [GW4], Samsung, South Korea) and a transmittance pulse oximeter (polysomnography) as a reference. The performance of the device was evaluated using the root mean squared error (RMSE) and coverage rate. Additionally, GW4-derived oxygen desaturation index (ODI) was compared with the apnea-hypopnea index (AHI) derived from polysomnography.
RESULTS: The GW4 had an overall RMSE of 2.3% and negligible bias of -0.2%. A Bland-Altman density plot showed good agreement between the GW4 and the reference pulse oximeter. RMSEs were 1.65 ± 0.57%, 1.76 ± 0.65%, 1.93 ± 0.54%, and 2.93 ± 1.71% for normal (n = 18), mild (n = 21), moderate (n = 23), and severe obstructive sleep apnea (n = 35), respectively. The data rejection rate was 26.5%, which was caused by fluctuations in contact pressure and the discarding of data less than 70% of saturation. A GW4-ODI ≥5/h had the highest ability to predict AHI ≥15/h with sensitivity, specificity, accuracy, and area under the curve of 89.7%, 64.1%, 79.4%, and 0.908, respectively.
CONCLUSIONS: This study evaluated the estimation of oxygen saturation by the GW4 during sleep. This device complies with both Food and Drug Administration and International Organization for Standardization standards. Further improvements in the algorithms of wearable devices are required to obtain more accurate and reliable information about oxygen saturation measurements.","",10.1016/j.sleh.2022.04.003,"",,
rayyan-661287748,Smart Home Sleep Respiratory Monitoring System Based on a Breath-Responsive Covalent Organic Framework.,2024,1,1,,,,,,Yan M and Hao Q and Diao S and Zhou F and Yichen C and Jiang N and Zhao C and Ren XR and Yu F and Tong J and Wang D and Liu H,https://pubmed.ncbi.nlm.nih.gov/38118144/,,,,"A smart home sleep respiratory monitoring system based on a breath-responsive covalent organic framework (COF) was developed and utilized to monitor the sleep respiratory behavior of real sleep apnea patients in this work. The capacitance of the interdigital electrode chip coated with COFTPDA-TFPy exhibits thousands-level reversible responses to breath humidity gases, with subsecond response time and robustness against environmental humidity. A miniaturized printed circuit board, an open-face-mask-based respiratory sensor, and a smartphone app were constructed for the wearable wireless smart home sleep respiratory monitoring system. Leveraging the sensitive and rapid reversible response of COFs, the COF-based respiratory monitoring system can effectively record normal breath, rapid breath, and breath apnea, enabling over a thousand cycles of hour-level continuous monitoring during daily wear. Next, we took the groundbreaking step of advancing the humidity sensor to the clinical trial stage. In clinical experiments on real sleep apnea patients, the COF-based respiratory monitoring system successfully recorded hour-level sleep respiratory data and differentiated the breathing behavior characteristics and severity of sleep apnea patients and subjects with normal sleep function and primary snoring patients. This work successfully advanced humidity sensors into clinical research for real patients and demonstrated the enormous application potential of COF materials in clinical diagnosis.","",10.1021/acsnano.3c09018,"",,
rayyan-661287749,Convolutional neural network based on photoplethysmography signals for sleep apnea syndrome detection.,2023,1,1,,,,,,Jiang X and Ren Y and Wu H and Li Y and Liu F,https://pubmed.ncbi.nlm.nih.gov/37547138/,,,,"INTRODUCTION: The current method of monitoring sleep disorders is complex, time-consuming, and uncomfortable, although it can provide scientifc guidance to ensure worldwide sleep quality. This study aims to seek a comfortable and convenient method for identifying sleep apnea syndrome.
METHODS: In this work, a one-dimensional convolutional neural network model was established. To classify this condition, the model was trained with the photoplethysmographic (PPG) signals of 20 healthy people and 39 sleep apnea syndrome (SAS) patients, and the influence of noise on the model was tested by anti-interference experiments.
RESULTS AND DISCUSSION: The results showed that the accuracy of the model for SAS classifcation exceeds 90%, and it has some antiinterference ability. This paper provides a SAS detection method based on PPG signals, which is helpful for portable wearable detection.","",10.3389/fnins.2023.1222715,"",,
rayyan-661287750,A Portable Low-Cost Respiration Rate Measurement System for Sleep Apnea Detection.,2023,1,1,,,,,,Bhongade A and Gupta R and Gandhi TK and Ap P,https://pubmed.ncbi.nlm.nih.gov/38083784/,,,,"Continuous monitoring of breathing activity is vital in detecting respiratory-based diseases such as obstructive sleep apnea (OSA) and hypopnea. Sleep apnea (SA) is a potentially dangerous sleep problem that occurs when a person's breathing stops and begins periodically while they sleep. In addition, SA interrupts sleep, causing significant daytime sleepiness, weirdness, and irritability. This study aims to design a single inertial measurement unit (IMU) sensor-based system to analyze the respiratory rate of humans. The results of the developed system is validated with the Equivital Wireless Physiological Systems for different activities. Further, the experiment has been designed to identify the optimal sensor placement location for efficient respiration rate estimation during different activities. The performance of the developed model has been quantified using breathing rate estimation accuracy (% BREA) and mean absolute error (MAE). Among all sensor placement locations and activities combinations, a window size of 30sec resulted in the worst performance, whereas a window size ≥ 60sec resulted in a better performance (p-value<0.05). In addition, the performance of the model has been found consistent for window size ≥ 60sec (p-value>0.05). For activity 3 (lying straight), comparably similar performance, 0.52±0.24 and 0.52±0.12 (p-value>0.05) have been depicted by the sensor placement position 3 (Abdomen) and position 1 (chest), respectively. Further, for the other two activities, activity 1 (sitting and working) and activity 2 (sitting straight), the best performance has been depicted as 0.32±0.18, 0.49±0.21 respectively (p-value<0.05), by the sensor placement position 2 (left ribs). This research presents a reliable, cost-effective, portable respiration monitoring system that could detect SA during sleep.","",10.1109/embc40787.2023.10340446,"",,
rayyan-661287751,A New Approach for Detecting Sleep Apnea Using a Contactless Bed Sensor: Comparison Study.,2020,1,1,,,,,,Sadek I and Heng TTS and Seet E and Abdulrazak B,https://pubmed.ncbi.nlm.nih.gov/32945773/,,,,"BACKGROUND: At present, there is an increased demand for accurate and personalized patient monitoring because of the various challenges facing health care systems. For instance, rising costs and lack of physicians are two serious problems affecting the patient's care. Nonintrusive monitoring of vital signs is a potential solution to close current gaps in patient monitoring. As an example, bed-embedded ballistocardiogram (BCG) sensors can help physicians identify cardiac arrhythmia and obstructive sleep apnea (OSA) nonintrusively without interfering with the patient's everyday activities. Detecting OSA using BCG sensors is gaining popularity among researchers because of its simple installation and accessibility, that is, their nonwearable nature. In the field of nonintrusive vital sign monitoring, a microbend fiber optic sensor (MFOS), among other sensors, has proven to be suitable. Nevertheless, few studies have examined apnea detection.
OBJECTIVE: This study aims to assess the capabilities of an MFOS for nonintrusive vital signs and sleep apnea detection during an in-lab sleep study. Data were collected from patients with sleep apnea in the sleep laboratory at Khoo Teck Puat Hospital.
METHODS: In total, 10 participants underwent full polysomnography (PSG), and the MFOS was placed under the patient's mattress for BCG data collection. The apneic event detection algorithm was evaluated against the manually scored events obtained from the PSG study on a minute-by-minute basis. Furthermore, normalized mean absolute error (NMAE), normalized root mean square error (NRMSE), and mean absolute percentage error (MAPE) were employed to evaluate the sensor capabilities for vital sign detection, comprising heart rate (HR) and respiratory rate (RR). Vital signs were evaluated based on a 30-second time window, with an overlap of 15 seconds. In this study, electrocardiogram and thoracic effort signals were used as references to estimate the performance of the proposed vital sign detection algorithms.
RESULTS: For the 10 patients recruited for the study, the proposed system achieved reasonable results compared with PSG for sleep apnea detection, such as an accuracy of 49.96% (SD 6.39), a sensitivity of 57.07% (SD 12.63), and a specificity of 45.26% (SD 9.51). In addition, the system achieved close results for HR and RR estimation, such as an NMAE of 5.42% (SD 0.57), an NRMSE of 6.54% (SD 0.56), and an MAPE of 5.41% (SD 0.58) for HR, whereas an NMAE of 11.42% (SD 2.62), an NRMSE of 13.85% (SD 2.78), and an MAPE of 11.60% (SD 2.84) for RR.
CONCLUSIONS: Overall, the recommended system produced reasonably good results for apneic event detection, considering the fact that we are using a single-channel BCG sensor. Conversely, satisfactory results were obtained for vital sign detection when compared with the PSG outcomes. These results provide preliminary support for the potential use of the MFOS for sleep apnea detection.","",10.2196/18297,"",,
rayyan-661287752,Diagnosis of obstructive sleep apnea using a bio-radar contact-free system compared with an established HST device in older adults.,2023,1,1,,,,,,Li CX and Zhang YF and Zhu Z and Lu FY and Wang Y and Zhang LY and Li N and Sun XW and Li QY,https://pubmed.ncbi.nlm.nih.gov/36697319/,,,,"GOAL AND AIMS: To compare a bio-radar contact-free monitoring device in diagnosing obstructive sleep apnea (OSA) in older people with an established home sleep apnea testing system (HST).
FOCUS METHOD/TECHNOLOGY: A bio-radar contact-free monitoring device (OrbSense+).
REFERENCE METHOD/TECHNOLOGY: An established HST, Alice NightOne.
SAMPLE: Fifty-three out of 63 recruited subjects were included in the final analysis. Seventy-two percent were male (age 72 ± 9 years; body mass index 31.05 ± 5.56 kg/m2).
DESIGN: An observational, prospective study.
CORE ANALYTICS: Intraclass correlation coefficient (ICC), Bland-Altman analysis, and receiver operating characteristic analysis.
ADDITIONAL ANALYTICS AND EXPLORATORY ANALYSES: None.
CORE OUTCOMES: Both 45 (84.91%) were diagnosed with OSA by Alice NightOne (average respiratory event index = 21.23 events/h) and by OrbSense+ (average respiratory event index = 25.98 events/h). Respiratory event index and oxygen desaturation index obtained by Alice NightOne and OrbSense+ were highly correlated, with ICC of 0.93 and 0.88, respectively. The Bland-Altman plot comparing the means showed good agreement between the 2 diagnostic techniques. With more than 5 respiratory events per hour as the standard for OSA diagnosis, OrbSense+ had a sensitivity of 100% and a specificity of 100% in diagnosis of OSA (P < .0001). With more than 15 respiratory events per hour as the standard for OSA diagnosis, OrbSense+ was found to have a sensitivity of 100% and a specificity of 86.96% in diagnosis of OSA (P < .0001).
IMPORTANT ADDITIONAL OUTCOMES: None.
CORE CONCLUSION: The bio-radar sleep monitoring device is a reasonably accurate home sleep apnea test for use in older patients.","",10.1016/j.sleh.2023.01.001,"",,
rayyan-661287753,Status and opportunities of machine learning applications in obstructive sleep apnea: A narrative review.,2025,1,1,,,,,,Araujo MLD and Winger T and Ghosn S and Saab C and Srivastava J and Kazaglis L and Mathur P and Mehra R,https://pubmed.ncbi.nlm.nih.gov/40421411/,,,,"BACKGROUND: Obstructive sleep apnea (OSA) is a prevalent and potentially severe sleep disorder characterized by repeated interruptions in breathing during sleep. Machine learning models have been increasingly applied in various aspects of OSA research, including diagnosis, treatment optimization, and developing biomarkers for endotypes and disease mechanisms.
OBJECTIVE: This narrative review evaluates the application of machine learning in OSA research, focusing on model performance, dataset characteristics, demographic representation, and validation strategies. We aim to identify trends and gaps to guide future research and improve clinical decision-making that leverages machine learning.
METHODS: This narrative review examines data extracted from 254 scientific publications published in the PubMed database between January 2018 and March 2023. Studies were categorized by machine learning applications, models, tasks, validation metrics, data sources, and demographics.
RESULTS: Our analysis revealed that most machine learning applications focused on OSA classification and diagnosis, utilizing various data sources such as polysomnography, electrocardiogram data, and wearable devices. We also found that study cohorts were predominantly overweight males, with an underrepresentation of women, younger obese adults, individuals over 60 years old, and diverse racial groups. Many studies had small sample sizes and limited use of robust model validation.
CONCLUSION: Our findings highlight the need for more inclusive research approaches, starting with adequate data collection in terms of sample size and bias mitigation for better generalizability of machine learning models in OSA research. Addressing these demographic gaps and methodological opportunities is critical for ensuring more robust and equitable applications of artificial intelligence in healthcare.","",10.1016/j.csbj.2025.04.033,"",,
rayyan-661287754,The Belun sleep platform to diagnose obstructive sleep apnea in patients with hypertension and high cardiovascular risk.,2023,1,1,,,,,,Ou YH and Ong J and Thant AT and Koo CY and Leung L and Sia CH and Chan SP and Wong S and Lee CH,https://pubmed.ncbi.nlm.nih.gov/37071415/,,,,"STUDY OBJECTIVE: Current hypertension guidelines recommend that at-risk individuals be screened for obstructive sleep apnea (OSA). The Belun Ring is a wearable OSA diagnostic device worn on the palmar side of the proximal phalanx of the index finger.
METHODS: We recruited 129 participants (age: 60 ± 8 years, male sex: 88%, BMI: 27 ± 4 kg/m 2 ) with hypertension and high cardiovascular risk for a simultaneous polysomnography and Belun Ring monitoring for one night. Epworth Sleepiness Scale score more than 10 was detected in 27 (21.0%) participants.
RESULTS: In the 127 participants who completed the study, the apnea-hypopnea index (AHI) derived from polysomnography was 18.1 (interquartile range: 33.0) events/h and that derived from the Belun Ring was 19.5 (interquartile range: 23.3) events/h [intraclass correlation coefficient: 0.882, 95% confidence interval (95% CI): 0.837-0.916]. A Bland-Altman plot showed the difference between the Belun Ring and polysomnography AHIs to be -1.3 ± 10.4 events/h. Area under the receiver operating characteristic for the Belun Ring AHI was 0.961 (95% CI: 0.932-0.990, P  < 0.001). When the Belun Ring AHI of at least 15 events/h was used to diagnose OSA, the sensitivity, specificity, positive predictive value, and negative predictive value were 95.7, 77.6, 85.3, and 93.8%, respectively. The overall accuracy was 87.4%. The Cohen's kappa agreement was 0.74 ± 0.09 ( P  < 0.001). Similar results were obtained when the oxygen desaturation index was used to diagnose OSA.
CONCLUSION: A high prevalence of OSA was detected in patients with hypertension and high cardiovascular risk. The Belun Ring is a reliable device for OSA diagnosis similar to polysomnography.","",10.1097/hjh.0000000000003426,"",,
rayyan-661287755,Evaluation of a non-contact ultra-wideband bio-radar sleep monitoring device for screening of sleep breathing disease.,2022,1,1,,,,,,Wei Z and Xu J and Li W and Wang X and Qin Z and Zhou J and Wang W,https://pubmed.ncbi.nlm.nih.gov/34302610/,,,,"PURPOSE: Ultra-wideband bio-radar (UWB) is a new non-contact technology that can be used to screen for obstructive sleep apnea (OSA). However, little information is available regarding its reliability. This study aimed to evaluate the effectiveness of UWB and to determine if UWB could provide a novel and reliable method for the primary screening of sleep-related breathing disorders.
METHOD: Subjects with suspected OSA from the sleep center of the First Hospital of the China Medical University were assessed over the period of September 2018 to April 2019 for enrollment in the study. Three detection methods were simultaneously used, including the STOP-Bang questionnaire (SBQ), UWB, and standard polysomnography (PSG). The data were analyzed using a fourfold table, receiver operating characteristic curves, Spearman rank correlation coefficients, Bland-Altman plots, and epoch-by-epoch analysis.
RESULT: Of 67 patients, 56 were men, mean age was 43 ± 11 years, mean body mass index was 27.8 ± 4.8 kg/m2, and mean SBQ score was 4.8 ± 1.6. The apnea-hypopnea index (AHI) (r = 0.82, p < 0.01) and minimum arterial oxygen saturation (r = 0.80, p < 0.01) of the UWB were positively correlated with those obtained from the PSG. UWB performed better than SBQ, as indicated by the larger area under the curve (0.85 vs. 0.632). The sensitivity and specificity of the UWB-AHI were good (100%, 70%, respectively).
CONCLUSIONS: UWB performs well in the screening of OSA and can provide reliable outcomes for the screening of OSA at the primary level.","",10.1007/s11325-021-02424-x,"",,
rayyan-661287756,A Wrist-worn Respiration Monitoring Device using Bio-Impedance().,2020,1,1,,,,,,Sel K and Brown A and Jang H and Krumholz HM and Lu N and Jafari R,https://pubmed.ncbi.nlm.nih.gov/33018874/,,,,"In the US alone, 22 million individuals suffer from obstructive sleep apnea (OSA), with 80% of the cases symptoms undiagnosed. Hence, there is an unmet need to continuously and unobtrusively monitor respiration and detect possible occurrences of apnea. Recent advancements in wearable biomedical technology can enable the capture of the periodicity of the heart pressure pulse from a wrist-worn device. In this paper, we propose a bio-impedance (Bio-Z)-based respiration monitoring system. We establish close contact with the skin using gold e-tattoos with a 35 mm by 5 mm active sensing area. We extracted the respiration from the wrist Bio-Z signal leveraging three different techniques and showed that we can detect the start of each respiration beat with an average root mean square error (RMSE) less than 13% and mean error of 0.3% over five subjects.","",10.1109/embc44109.2020.9176367,"",,
rayyan-661287757,"Sensors, technologies, and classification algorithms for monitoring and diagnosis of sleep apnea.",2026,1,1,,,,,,Arango Toro J and Tobón D and González Palacio M,https://pubmed.ncbi.nlm.nih.gov/42427938/,,,,"Obstructive Sleep Apnea (OSA) is a prevalent respiratory disorder affecting millions worldwide, yet it remains underdiagnosed due to limitations in conventional diagnostic methods such as polysomnography. Recent advances in wearable technology and the integration of Internet of Things (IoT)-based systems have expanded options for OSA detection, offering real-time monitoring and improved accessibility. This paper presents a comprehensive survey of state-of-the-art diagnostic techniques, highlighting emerging wearable solutions, IoT-enabled data transmission, and machine learning algorithms for classification. While portable biomedical devices like HSAT and Morphea enhance patient comfort, challenges such as sensor displacement and measurement sensitivity persist. Furthermore, cloud-based analysis and smart patch antennas demonstrate feasibility in early studies but require rigorous validation and optimization to ensure accuracy and reliability. By synthesizing current advances, this study underscores the need for further research on sensor precision, algorithmic enhancements, and data integration to foster innovation toward effective and accessible OSA diagnostics.","",10.1177/20552076261443358,"",,
rayyan-661287758,SASBLS: An Advanced Model for Sleep Apnea Detection Based on Single-Channel SpO2.,2025,1,1,,,,,,She Y and Zhang D and Sun J and Yang X and Zeng X and Qin W,https://pubmed.ncbi.nlm.nih.gov/40096364/,,,,"(1) Background: Sleep Apnea Syndrome (SAS) poses a serious threat to human health. Existing SpO2-based automatic SAS detection models have a relatively low accuracy in detecting positive samples because they overlook the global information from the Apnea-Hypopnea Index (AHI). (2) Methods: To address this problem, we proposed a multi-task model for SAS detection and AHI prediction based on single-channel SpO2. Benefiting from the characteristics of the Broad Learning System (BLS), this model optimizes itself by leveraging the differences between all-night SpO2 information and sample SpO2 information, enabling the two tasks to promote each other. (3) Results: The model was verified using 7906 all-night SpO2 data from the publicly available Sleep Heart Health Study (SHHS) dataset, and the SAS detection performance has reached the state-of-the-art level. In addition, the performance of samples with different lengths in the two tasks was also explored. (4) Conclusions: The model we proposed can balance and effectively perform both SAS detection and AHI prediction simultaneously.","",10.3390/s25051523,"",,
rayyan-661287759,Screening major depressive disorder in patients with obstructive sleep apnea using single-lead ECG recording during sleep.,2024,1,1,,,,,,Shaw V and Ngo QC and Pah ND and Oliveira G and Khandoker AH and Mahapatra PK and Pankaj D and Kumar DK,https://pubmed.ncbi.nlm.nih.gov/39569459/,,,,"Objective: A large number of people with obstructive sleep apnea (OSA) also suffer from major depressive disorder (MDD), leading to underdiagnosis due to overlapping symptoms. Polysomnography has been considered to identify MDD. However, limited access to sleep clinics makes this challenging. In this study, we propose a model to detect MDD in people with OSA using an electrocardiogram (ECG) during sleep. Methods: The single-lead ECG data of 32 people with OSA (OSAD-) and 23 with OSA and MDD (OSAD+) were investigated. The first 60 min of their recordings after sleep were segmented into 30-s segments and 13 parameters were extracted: PR, QT, ST, QRS, PP, and RR; mean heart rate; two time-domain HRV parameters: SDNN, RMSSD; and four frequency heart rate variability parameters: LF_power, HF_power, total power, and the ratio of LF_power/HF_power. The mean and standard deviation of these parameters were the input to a support vector machine which was trained to separate OSAD- and OSAD+. Results: The proposed model distinguished between OSAD+ and OSAD- groups with an accuracy of 78.18%, a sensitivity of 73.91%, a specificity of 81.25%, and a precision of 73.91%. Conclusion: This study shows the potential of using only ECG for detecting depression in OSA patients.","",10.1177/14604582241300012,"",,
rayyan-661287760,Age related disparities in sleep apnea diagnosis using a wearable device: Implications of 4% vs. 3% hypopnea scoring criteria.,2024,1,1,,,,,,AbbasiMoradi F and Mogavero MP and Palomino M and Ferri R and DelRosso LM,https://pubmed.ncbi.nlm.nih.gov/38631159/,,,,"STUDY OBJECTIVES: Obstructive sleep apnea (OSA) diagnosis relies on the Apnea-Hypopnea Index (AHI), with discrepancies arising from the 3% and 4% desaturation criteria. This study investigates age-related variations in OSA severity classification, utilizing data from 1201 adult patients undergoing Home Sleep Apnea Testing (HSAT) with SleepImage Ring@.
METHODS: The study employs Bland-Altman analysis to compare AHI values obtained with the 3% and 4% desaturation criteria. Age-stratified analysis explores discrepancies across different age groups.
RESULTS: The analysis reveals a systematic bias favoring the 3% criterion, impacting the quantification of apnea events. Age-specific patterns demonstrate diminishing agreement between criteria with increasing age.
CONCLUSION: This comprehensive study underscores the importance of standardized criteria in OSA diagnosis. The findings emphasize age-specific considerations and ethical concerns, providing crucial insights for optimizing patient care and advancing sleep medicine practices.","",10.1016/j.sleep.2024.03.046,"",,
rayyan-661287761,Atomoxetine plus oxybutynin for obstructive sleep apnoea: a randomised-controlled trial with detailed pathophysiology.,2026,1,1,,,,,,Gell LK and Bertisch SM and Lawrence NV and Gilbertson D and Calianese N and Messineo L and Vena D and Wang TY and Bakker JP and Sofer T and Martinez R and Hess LB and Azarbarzin A and Sands SA,https://pubmed.ncbi.nlm.nih.gov/41932835/,,,,"RATIONALE: Obstructive sleep apnoea (OSA) is a prevalent disorder with major health consequences for which there is no approved pharmacological therapy targeting upper airway muscle pathophysiology. A combination of a noradrenergic (atomoxetine) and antimuscarinic (oxybutynin) (AtoOxy) may meaningfully reduce apnoea-hypopnoea index (AHI), but further repeated-dose intervention data are needed.
METHODS: 58 participants with moderate-to-severe OSA were randomised to receive AtoOxy (80/5 mg) and placebo in a 1-month cross-over study. Primary analysis quantified the effect of AtoOxy versus placebo on AHI (percent change from baseline). Individual pathophysiology was characterised at baseline in a stand-alone gold-standard physiology study to determine whether OSA traits (collapsibility per 'Pcrit'; arousal threshold and muscle effectiveness per intraoesophageal catheter; loop gain) modified AtoOxy effectiveness.
RESULTS: AHI was lowered by -23.8 (-35.2, -10.6)%baseline (estimate (95% CI)) with AtoOxy versus by -11.7 (-24.3, 2.9)%baseline with placebo; the treatment difference of -12.1 (-22.4, -0.5)%baseline was significant (p=0.041). Only arousal threshold was a significant modifier of response: AtoOxy treatment effect was greater in high versus low arousal threshold (-25 vs +3 %baseline treatment difference from placebo). Point-estimate treatment differences were observed within low but not high muscle effectiveness (-20 vs -4 %baseline) and mild but not severe collapsibility (-17 vs -7 %baseline). Sensitivity analysis suggested a twofold greater treatment difference using AHI4 (4% hypopnoea criteria).
CONCLUSIONS: AtoOxy reduced AHI over 1 month; although the average response was not clinically meaningful, greater improvements were observed in participants with a higher arousal threshold, lower muscle effectiveness and milder collapsibility, which could enable targeted pharmacological intervention.","",10.1136/thorax-2025-224467,"",,
rayyan-661287762,Design and rationale for the treating Obstructive Sleep Apnea using Targeted Hypoglossal Nerve Stimulation (OSPREY) trial.,2022,1,1,,,,,,Jacobowitz O and Schwartz AR and Lovett EG and Ranuzzi G and Malhotra A,https://pubmed.ncbi.nlm.nih.gov/35613672/,,,,"Obstructive sleep apnea (OSA) affects nearly 1 billion people worldwide, including approximately 35 million US residents. OSA has detrimental cardiovascular and neurocognitive consequences. Positive airway pressure corrects sleep disordered breathing but is not always tolerated or used sufficiently. Oral appliances and surgery provide alternatives in select populations but are variably effective. Hypoglossal nerve stimulation can effectively treat obstructive sleep apnea. Targeted hypoglossal nerve stimulation (THN) is simpler than incumbent technology with no sensor and an easier, proximal electrode implantation. The third clinical study of THN, THN3, was the first randomized, controlled trial of hypoglossal nerve stimulation to demonstrate significant improvement of sleep disordered breathing in OSA. The present investigation reports the design of a novel trial of targeted stimulation to provide additional Level 1 evidence in moderate to severe obstructive apnea. OSPREY is a randomized, parallel-arm, 13-month trial wherein all subjects are implanted, 2/3 are activated at Month 1 (""Treatment"") and 1/3 are activated at Month 7 (""Control""). The primary endpoint is the difference in apnea-hypopnea index response rates between Treatment and Control groups at Month 7. Secondary endpoints include quality of life and oximetry metrics. OSPREY follows an adaptive ""Goldilocks"" design which optimizes the number of subjects with the need for high-confidence results. A maximum of 150 subjects is allowed, at which study power of >95% is predicted. Interim analyses begin once 50 patients are randomized and recur after each 20 additional randomizations to detect early success or futility. OSPREY is a unique, efficient trial that should provide high-confidence confirmation of the safety and efficacy of targeted hypoglossal nerve stimulation for moderate to severe obstructive sleep apnea.","",10.1016/j.cct.2022.106804,"",,
rayyan-661287763,Sleep Stage Classification During CPAP Therapy from CPAP-Airflow and Wearable Fingertip Signals.,2026,1,1,,,,,,Chen HY and Husain A and Zinchuk AV and Yaggi HK and Ahsan M and Chen CY and Pokusa S and Wu HT,https://pubmed.ncbi.nlm.nih.gov/42356693/,,,,"BACKGROUND: Continuous Positive Airway Pressure (CPAP) therapy is the standard treatment for obstructive sleep apnea-hypopnea syndrome (OSAHS), and photoplethysmography (PPG) sensors are commonly used in wearable devices for home sleep apnea testing. The recorded airflow and PPG signals from both sensors capture rich physiological patterns. We hypothesize that by combining information from these signals, we can efficiently estimate sleep dynamics of patients receiving CPAP treatment.
METHODS: The airflow signals were obtained from CPAP titration devices, denoted as CPAP-airflow, while the PPG signals were collected using the PranaQ TipTraQ (TTQ001), a fingertip-worn wearable device. We separately trained one-dimensional convolutional neural networks for CPAP-airflow and PPG signals and fused their outputs through probabilistic ensembling to predict sleep stages. The ensemble method is a late-fusion soft-voting scheme that computes a linearly weighted combination of synchronized softmax probability vectors from the modality-specific models.
RESULTS: For three-stage classification (Wake, REM, NREM), the PPG-based and CPAP-airflow-based models achieved overall Cohen's kappa scores of 0.511 and 0.452, respectively, while the ensembled model improved the overall kappa to 0.587. The F1-score for the REM stage improved to 0.706 using the ensemble method, compared to 0.685 and 0.532 achieved by the individual models, respectively. In the four-stage classification (Wake, REM, Light, Deep) task, a deep sleep sensitivity of 0.596 was attained through the application of probabilistic ensembling.
CONCLUSIONS: A fusion scheme of complementary information from the CPAP and PPG enhances the accuracy of sleep stage detection and hence enables more precise sleep monitoring, especially with an improved REM identification. Clinical implications include applying the proposed algorithm to improve in-home auto-CPAP titration by capturing REM-related respiratory instability and avoiding under-titration in REM-dominant OSAHS, better reflecting the patient's true nocturnal respiratory needs.","",10.3390/s26123720,"",,
rayyan-661287764,Age-dependent association between obstructive sleep apnea and self-reported history of fractures: a community-based study.,2025,1,1,,,,,,Chen J and Shan G and Hu Y and He H and Feng T and Zhou R and Yuan P and Lao M and Ou Q,https://pubmed.ncbi.nlm.nih.gov/41437004/,,,,"BACKGROUND: The relationship between obstructive sleep apnea (OSA) and self-reported history of fractures among various age groups in the general population is unclear. METHODS: Participants were recruited using a multistage probability sampling method between 2021 and 2023 in Guangdong Province, China. Sleep study was performed with a wearable type-IV monitor. OSA was defined using the oxygen desaturation index (ODI) of ≥ 5 events/h. Fracture history was self-reported according to physician diagnoses. Poor sleep quality was defined as a Pittsburgh Sleep Quality Index score > 5. RESULTS: A total of 5,519 participants were analyzed. The mean age of participants was 52.7 years. The prevalence rates of OSA and self-reported history of fractures were 44.5% and 13%, respectively. Participants were categorized into groups based on age tertiles. In T3 group (ages 59–91), OSA was significantly associated only with self-reported previous non-traumatic fractures (OR = 3.68, 95%CI:1.79–7.57). Similar results were observed in the T2 group (ages 48–58). OSA was not associated with self-reported history of fractures in the T1 group (ages 18–47). Furthermore, participants with both OSA and poor sleep quality had a higher odds of self-reported previous traumatic fractures compared to those with OSA alone in the T3 group (OR = 1.64, 95% CI:1.02–2.65). Interactions between OSA and age, as well as between OSA and alcohol consumption, regarding self-reported history of fractures were observed (p < 0.05). CONCLUSIONS: OSA was independently associated with self-reported previous non-traumatic fractures in the general population. The association was age-dependent and more meaningful in the elderly population.","",10.1186/s12889-025-25593-w,"",,
rayyan-661287765,Continuous intraocular pressure monitoring in patients with obstructive sleep apnea syndrome using a contact lens sensor.,2020,1,1,,,,,,Carnero E and Bragard J and Urrestarazu E and Rivas E and Polo V and Larrosa JM and Antón V and Peláez A and Moreno-Montañés J,https://pubmed.ncbi.nlm.nih.gov/32126130/,,,,"PURPOSE: To analyse nocturnal intraocular pressure (IOP) fluctuations in patients with obstructive sleep apnea syndrome (OSAS) using a contact lens sensor (CLS) and to identify associations between the OSAS parameters determined by polysomnographic study (PSG) and IOP changes.
METHOD: Prospective, observational study. Twenty participants suspected of having OSAS were recruited. During PSG study, IOP was monitored using a CLS placed in the eye of the patient. The patients were classified according to the apnea-hypopnea index (AHI) in two categories, severe (>30) or mild/moderate (<30) OSAS. We evaluated several parameters determined by the IOP curves, including nocturnal elevations (acrophase) and plateau times in acrophase (PTs) defined by mathematical and visual methods.
RESULTS: The IOP curves exhibited a nocturnal acrophase followed by PTs of varying extents at which the IOP remained higher than daytime measurement with small variations. We found significant differences in the length of the PTs in patients with severe OSAS compared to those with mild/moderate disease (P = 0.032/P = 0.028). We found a positive correlation between PTs and OSAS severity measured by the total number of apneic events (r = 0.681/0.751 P = 0.004/0.001) and AHI (r = 0.674/0.710, P = 0.004/0.002). Respiratory-related arousal and oxygen saturation also were associated significantly with the IOP PT length.
CONCLUSIONS: Periods of nocturnal IOP elevation lasted longer in severe OSAS patients than those with mild/moderate OSAS and correlate with the severity of the disease. The length of the nocturnal PT is also associated to respiratory parameters altered in patients with OSAS.","",10.1371/journal.pone.0229856,"",,
rayyan-661287766,Non-contact diagnosis of sleep breathing disorders using infrared optical gas imaging: a prospective observational study.,2022,1,1,,,,,,An JY and Shin HJ and Yang M and Park DY and Yang J and Kim HJ,https://pubmed.ncbi.nlm.nih.gov/36473950/,,,,"Full-night polysomnography (PSG) is the gold standard for diagnosing obstructive sleep apnea (OSA). However, PSG requires several sensors to be attached to the patient's body, which can interfere with sleep. Moreover, non-contact devices that utilize impulse radio ultra-wideband radar have limitations as they cannot directly measure respiratory airflow. This study aimed to detect respiratory events through infrared optical gas imaging and verify its feasibility for the diagnosis of OSA. Data collection through PSG and infrared optical gas imaging was simultaneously conducted on 50 volunteers. Respiratory airflow signal was extracted from the infrared optical gas images using an automated algorithm. We compared the respiratory parameters obtained from infrared optical gas imaging with those from PSG. All respiratory events scored from the infrared optical gas imaging were strongly correlated with those identified with standard PSG sensors. Based on a receiver operating characteristic curve, infrared optical gas imaging was deemed appropriate for the diagnosis of OSA. Infrared optical gas imaging accurately detected respiratory events during sleep; therefore, it may be employed as a screening tool for OSA.","",10.1038/s41598-022-25637-w,"",,
rayyan-661287767,Evaluation of Tonsillotomy Effects on Pharyngeal Volume and Compliance in Children.,2020,1,1,,,,,,Al Ali A and Bois E and Boujemla I and Teissier N and Van den Abbeele T and Delclaux C and Bokov P,https://pubmed.ncbi.nlm.nih.gov/31818182/,,,,"Our objective was to assess whether adenotonsillotomy improved pharyngeal compliance, which is a risk factor for sleep-disordered breathing. Otherwise healthy children underwent Obstructive Sleep Apnea (OSA)-18 questionnaire and a pre- and postoperative acoustic pharyngometry in both sitting and supine positions, allowing the measurement of the volume of the palatine tonsil region and pharyngeal compliance. Thirty-five children (median age 5.3 years) were enrolled; they were reevaluated at a median of 18 days (25th-75th percentiles, 15-25) after surgery. Participants were compared according to a normal (n = 18) or an increased (n = 17) preoperative pharyngeal compliance. Surgery was associated with a significant decrease in OSA-18 and Brodsky scores, with a median increase in palatine volume of 0.13 cm3 (25th-75th percentiles, 0.00-0.73). A decrease in pharyngeal compliance was observed in children with increased preoperative compliance. The variation of palatine volume after surgery was positively related to the variation of pharyngeal compliance, suggesting that obstruction relief was associated with muscle relaxation in children with normal preoperative compliance.","",10.1177/0194599819889912,"",,
rayyan-661287768,Cluster analysis of clinical phenotypic heterogeneity in obstructive sleep apnea assessed using photoplethysmography.,2023,1,1,,,,,,Zhu W and Xiang L and Long Y and Xun Q and Kuang J and He L,https://pubmed.ncbi.nlm.nih.gov/36641931/,,,,"BACKGROUND: We evaluated heterogeneity in clinical phenotypes among patients with obstructive sleep apnea syndrome (OSAHS) using photoplethysmography (PPG) in cluster analysis.
METHODS: All enrolled patients underwent polysomnography (PSG) monitoring while wearing a PPG device. Pulse wave signals were recorded with a modified pulse oximetry probe in the PPG device. The pulse wave-derived cardiac risk composite parameter (CRI) and eight derived signal parameters were used to assess OSAHS phenotype. We defined a high cardiovascular risk OSAHS group (CRI ≥0.5) and low cardiovascular risk OSAHS group (CRI <0.5). K-means clustering was performed for analysis of clinical phenotype heterogeneity in OSAHS by combining the CRI and its derived signals.
RESULTS: The OSAHS group had high cardiovascular risk for sex, age, body mass index, systolic and diastolic blood pressure, apnea hypopnea index, and obstructive arousal index and higher risk of developing hypertension, diabetes, and cerebrovascular comorbidities. The low cardiovascular risk OSAHS group had higher blood oxygen levels. Three clinical phenotypes were identified in CRI clustering: 1) typical OSAHS with high risk of hypertension (characterized by middle age, obesity, hypertension with severe OSAHS); 2) older women and mild OSAHS; 3) older men and mild OSAHS. Three subtypes were obtained based on the eight cardiac risk-derived parameters: 1) hypoxia combined with decreased pulse wave amplitude variation; 2) decreased vascular pulse wave amplitude combined with decreased pulse frequency; 3) arrhythmia combined with hypoxia.
CONCLUSIONS: Establishing OSAHS clinical phenotypes with the CRI and derived parameters using PPG may help in establishing multi-dimensional assessment of cardiovascular risk in OSAHS.","",10.1016/j.sleep.2022.12.023,"",,
