"title","year","authors","url","abstract","notes","doi"
"Why does tinnitus vary with naps? A polysomnographic prospective study exploring the somatosensory hypothesis","2025","Robin Guillard and Vincent Philippe and Adam Hessas and Brice Faraut and Sarah Michiels and Minchul Park and Marco Congedo and Alain Londero and Damien Léger","http://arxiv.org/abs/2503.23808v1","Background: Tinnitus, defined as the conscious awareness of a noise without any identifiable corresponding external acoustic source, can be modulated by various factors. Among these factors, tinnitus patients commonly report drastic increases of tinnitus loudness following nap sleep. Previous studies have suggested that this clinical pattern could be attributed to a somatosensory modulation of tinnitus. To our knowledge, no polysomnographic study has been carried out to assess this hypothesis. Methods: For this observational prospective study, 37 participants reporting frequent increases of tinnitus following naps were recruited. They participated to six full-polysomnography nap attempts over two days. Audiological and kinesiologic tests were conducted before and after each nap attempt. Results: 197 naps were collected. Each nap at each time of day elicited an overall significant increase in tinnitus minimum masking level (MML). Each inter nap period elicited an overall significant decrease. Tinnitus modulations were found significantly correlated with nap sleep duration (Visual numeric scale on tinnitus loudness, VNS-L, p < 0.05), with snoring duration (MML, p < 0.001), with snoring average sound level (VNS on tinnitus intrusiveness, VNS-I, p < 0.05) and with sleep apnea count (VNS-I, p < 0.001). Conclusions: This study confirms objectively that tinnitus may increase following naps. No association was found between these modulations and somatosensory modulations involving the temporomandibular joint and cervical areas. However, it may be possible that nap-induced tinnitus modulations are a hidden form of somatosensory modulation as snoring and sleep apnea events are often related to tensor veli palatini muscle dysfunction.","RAYYAN-INCLUSION: {""─Éß║╖ng Gia""=>""Excluded""} | USER-NOTES: {""─Éß║╖ng Gia""=>[""EC-O""]}","10.1016/j.heares.2024.109152"
"BreathAI: Transfer Learning-Based Thermal Imaging for Automated Breathing Pattern Recognition","2026","Hamza Kheddar and Yassine Himeur and Abbes Amira","http://arxiv.org/abs/2604.17442v1","This study presents an Adaptive Transfer Learning and Thresholding-based Deep Learning Model (ATL-TDLM) for automated breathing pattern recognition using thermal imaging. Unlike conventional methods that rely on sound-based respiratory data, our approach leverages hierarchical deep feature extraction and adaptive multi-thresholding (AMT) to enhance feature segmentation. The model integrates knowledge distillation-based fine-tuning (KD-FT) to optimize learning transfer and contrastive representation learning (CRL) to improve inter-class separability between inhalation (INH) and exhalation (EXH) phases. The ATL-TDLM framework achieves an accuracy of 98.8%, significantly outperforming state-of-the-art models while ensuring computational efficiency. This approach has potential applications in respiratory disorder detection, including sleep apnea and asthma monitoring.","RAYYAN-INCLUSION: {""─Éß║╖ng Gia""=>""Excluded""} | USER-NOTES: {""─Éß║╖ng Gia""=>[""EC-O""]}","10.1109/icip55913.2025.11084681"
"Improving snore detection under limited dataset through harmonic/percussive source separation and convolutional neural networks","2024","F. D. Gonzalez-Martinez and J. J. Carabias-Orti and F. J. Canadas-Quesada and N. Ruiz-Reyes and D. Martinez-Munoz and S. Garcia-Galan","http://arxiv.org/abs/2410.23796v1","Snoring, an acoustic biomarker commonly observed in individuals with Obstructive Sleep Apnoea Syndrome (OSAS), holds significant potential for diagnosing and monitoring this recognized clinical disorder. Irrespective of snoring types, most snoring instances exhibit identifiable harmonic patterns manifested through distinctive energy distributions over time. In this work, we propose a novel method to differentiate monaural snoring from non-snoring sounds by analyzing the harmonic content of the input sound using harmonic/percussive sound source separation (HPSS). The resulting feature, based on the harmonic spectrogram from HPSS, is employed as input data for conventional neural network architectures, aiming to enhance snoring detection performance even under a limited data learning framework. To evaluate the performance of our proposal, we studied two different scenarios: 1) using a large dataset of snoring and interfering sounds, and 2) using a reduced training set composed of around 1% of the data material. In the former scenario, the proposed HPSS-based feature provides competitive results compared to other input features from the literature. However, the key advantage of the proposed method lies in the superior performance of the harmonic spectrogram derived from HPSS in a limited data learning context. In this particular scenario, using the proposed harmonic feature significantly enhances the performance of all the studied architectures in comparison to the classical input features documented in the existing literature. This finding clearly demonstrates that incorporating harmonic content enables more reliable learning of the essential time-frequency characteristics that are prevalent in most snoring sounds, even in scenarios where the amount of training data is limited.","RAYYAN-INCLUSION: {""─Éß║╖ng Gia""=>""Included""} | USER-NOTES: {""─Éß║╖ng Gia""=>[""IC-P, IC-I, IC-C, IC-E""]}","10.1016/j.apacoust.2023.109811"
"Do neonates hear what we measure? Assessing neonatal ward soundscapes at the neonates ears","2025","Bhan Lam and Peijin Esther Monica Fan and Yih Yann Tay and Woei Bing Poon and Zhen-Ting Ong and Kenneth Ooi and Woon-Seng Gan and Shin Yuh Ang","http://arxiv.org/abs/2502.00565v1","Acoustic guidelines for neonatal intensive care units (NICUs) aim to protect vulnerable neonates from noise-induced physiological harm. However, the lack of recognised international standards for measuring neonatal soundscapes has led to inconsistencies in instrumentation and microphone placement in existing literature, raising concerns about the relevance and effectiveness of these guidelines. This study addresses these gaps through long-term acoustic measurements in an operational NICU and a high-dependency ward. We investigate the influence of microphone positioning, bed placement, and ward layout on the assessment of NICU soundscapes. Beyond traditional A-weighted decibel metrics, this study evaluates C-weighted metrics for low-frequency noise, the occurrence of tonal sounds (e.g., alarms), and transient loud events known to disrupt neonates' sleep. Using linear mixed-effects models with aligned ranks transformation ANOVA (LME-ART-ANOVA), our results reveal significant differences in measured noise levels based on microphone placement, highlighting the importance of capturing sound as perceived directly at the neonate's ears. Additionally, bed position and ward layout significantly impact noise exposure, with a NICU bed position consistently exhibiting the highest sound levels across all (psycho)acoustic metrics. These findings support the adoption of binaural measurements along with the integration of additional (psycho)acoustic metrics, such as tonality and transient event occurrence rates, to reliably characterise the neonatal auditory experience.","RAYYAN-INCLUSION: {""─Éß║╖ng Gia""=>""Excluded""} | USER-NOTES: {""─Éß║╖ng Gia""=>[""EC-1""]}","10.1016/j.buildenv.2025.112655"
"Friday the 13th Hailstorm in the province of Bulacan, Philippines (13 August 2021): A Case Study","2024","Generich H. Capuli","http://arxiv.org/abs/2412.09307v2","This case study presents a thorough investigation of the environmental setup that led to the hail-producing severe storm that impacted the municipality of Norzagaray and City of San Jose Del Monte, including other nearby areas, in the province of Bulacan on the afternoon of August 13, 2021. During this period, 2-5 cm and potentially as large as $\sim$8 cm diameter hail was reported over these locations of Bulacan. For this purpose, the combination of HIMAWARI-8 AHI, PLDN and its flash counts, and meteorological indices; synoptic, thermodynamic, and kinematic indices, calculated from the ERA5 reanalysis are utilized to understand the nature of the hail event. In the morning, the pre-convective environment was comprised by a warm inversion layer that inhibited storm initiation, until the arrival of ample moisture and convective heating in the afternoon. By the afternoon, model sounding analysis revealed that the environment transitioned into uncapped profile with steep low-level lapse rate owing to warm, moist south-westerly wind flow from the Manila Bay in the lower troposphere and north-easterlies aloft crossing the SMMR induced by a weak low-pressure system located in the eastern Philippine Sea, with minimal turning on the wind profile. This promoted low-level convergence within the area of interest and build up of instability. The updraft associated with convectively unstable atmosphere, sufficient cloud-layer bulk shear, and storm nudging at its maturing phase countered entrainment-driven dilution and aided the growth of ice crystals by rapid collection of supercooled cloud liquid particles, which ultimately led to formation of hailstones.","RAYYAN-INCLUSION: {""─Éß║╖ng Gia""=>""Excluded""} | USER-NOTES: {""─Éß║╖ng Gia""=>[""EC-O""]}","10.1007/s13143-025-00396-6"
"(Un)fair devices: Moving beyond AI accuracy in personal sensing","2023","Sofia Yfantidou and Marios Constantinides and Dimitris Spathis and Athena Vakali and Daniele Quercia and Fahim Kawsar","http://arxiv.org/abs/2303.15585v4","Personal devices are omnipresent in our lives, seamlessly monitoring our activities, from smart rings tracking sleep patterns to smartwatches keeping an eye on missed heartbeats. The rich data streams from such devices fuel advanced Artificial Intelligence (AI) applications. Instead of solely relying on direct sensor measurements, these applications are increasingly leveraging Machine Learning (ML) model estimates to derive insights. But are these estimates biased or not? This literature review delivers compelling evidence about the impact of hidden biases that creep into ML models deployed on personal devices. We discuss critical bias issues drawn from prior work such as racial bias in pulse oximeters, weight bias in optical heart rate sensors, and sex bias in audio-based diagnostics. In response to these challenges, we advocate for a shift from prioritizing performance-oriented evaluations of personal devices to adopting assessments grounded in a human-centered approach. To facilitate this transition, we provide guidelines for the design, development, evaluation, and use of unbiased AI in personal devices, recognizing their potential impact on improving our health, lifestyle, and productivity -- more than any other technology.","RAYYAN-INCLUSION: {""─Éß║╖ng Gia""=>""Excluded""} | USER-NOTES: {""─Éß║╖ng Gia""=>[""EC-N""]}","10.1145/3796223"
"A Recall-First CNN for Sleep Apnea Screening from Snoring Audio","2025","Anushka Mallick and Afiya Noorain and Ashwin Menon and Ashita Solanki and Keertan Balaji","http://arxiv.org/abs/2510.00052v1","Sleep apnea is a serious sleep-related breathing disorder that is common and can impact health if left untreated. Currently the traditional method for screening and diagnosis is overnight polysomnography. Polysomnography is expensive and takes a lot of time, and is not practical for screening large groups of people. In this paper, we explored a more accessible option, using respiratory audio recordings to spot signs of apnea.We utilized 18 audio files.The approach involved converting breathing sounds into spectrograms, balancing the dataset by oversampling apnea segments, and applying class weights to reduce bias toward the majority class. The model reached a recall of 90.55 for apnea detection. Intentionally, prioritizing catching apnea events over general accuracy. Despite low precision,the high recall suggests potential as a low-cost screening tool that could be used at home or in basic clinical setups, potentially helping identify at-risk individuals much earlier.","RAYYAN-INCLUSION: {""─Éß║╖ng Gia""=>""Included""} | USER-NOTES: {""─Éß║╖ng Gia""=>[""IC-P, IC-I, IC-C, IC-E""]}",""
"Deep Learning-Based Automatic Multi-Level Airway Collapse Monitoring on Obstructive Sleep Apnea Patients","2024","Ying-Chieh Hsu and Stanley Yung-Chuan Liu and Chao-Jung Huang and Chi-Wei Wu and Ren-Kai Cheng and Jane Yung-Jen Hsu and Shang-Ran Huang and Yuan-Ren Cheng and Fu-Shun Hsu","http://arxiv.org/abs/2408.16030v2","This study investigated the use of deep learning to identify multi-level upper airway collapses in obstructive sleep apnea (OSA) patients based on snoring sounds. We fi-ne-tuned ResNet-50 and Audio Spectrogram Transformer (AST) models using snoring recordings from 37 subjects undergoing drug-induced sleep endoscopy (DISE) between 2020 and 2021. Snoring sounds were labeled according to the VOTE (Velum, Orophar-ynx, Tongue Base, Epiglottis) classification, resulting in 259 V, 403 O, 77 T, 13 E, 1016 VO, 46 VT, 140 OT, 39 OE, 30 VOT, and 3150 non-snoring (N) 0.5-second clips. The models were trained for two multi-label classification tasks: identifying obstructions at V, O, T, and E levels, and identifying retropalatal (RP) and retroglossal (RG) obstruc-tions. Results showed AST slightly outperformed ResNet-50, demonstrating good abil-ity to identify V (F1-score: 0.71, MCC: 0.61, AUC: 0.89), O (F1-score: 0.80, MCC: 0.72, AUC: 0.94), and RP obstructions (F1-score: 0.86, MCC: 0.77, AUC: 0.97). However, both models struggled with T, E, and RG classifications due to limited data. Retrospective analysis of a full-night recording showed the potential to profile airway obstruction dynamics. We expect this information, combined with polysomnography and other clinical parameters, can aid clinical triage and treatment planning for OSA patients.","RAYYAN-INCLUSION: {""─Éß║╖ng Gia""=>""Included""} | USER-NOTES: {""─Éß║╖ng Gia""=>[""IC-P, IC-I, IC-C, IC-E""]}",""
"Validation of a new, minimally-invasive, software smartphone device to predict sleep apnea and its severity: transversal study","2024","Justine Frija and Juliette Millet and Emilie Bequignon and Ala Covali and Guillaume Cathelain and Josselin Houenou and Helene Benzaquen and Pierre Alexis Geoffroy and Emmanuel Bacry and Mathieu Grajoszex and Marie-Pia d Ortho","http://arxiv.org/abs/2406.16953v1","Obstructive sleep apnea (OSA) is frequent and responsible for cardiovascular complications and excessive daytime sleepiness. It is underdiagnosed due to the difficulty to access the gold standard for diagnosis, polysomnography (PSG). Alternative methods using smartphone sensors could be useful to increase diagnosis. The objective is to assess the performances of Apneal, an application that records the sound using a smartphone's microphone and movements thanks to a smartphone's accelerometer and gyroscope, to estimate patients' AHI. In this article, we perform a monocentric proof-of-concept study with a first manual scoring step, and then an automatic detection of respiratory events from the recorded signals using a sequential deep-learning model which was released internally at Apneal at the end of 2022 (version 0.1 of Apneal automatic scoring of respiratory events), in adult patients during in-hospital polysomnography.46 patients (women 34 per cent, mean BMI 28.7 kg per m2) were included. For AHI superior to 15, sensitivity of manual scoring was 0.91, and positive predictive value (PPV) 0.89. For AHI superior to 30, sensitivity was 0.85, PPV 0.94. We obtained an AUC-ROC of 0.85 and an AUC-PR of 0.94 for the identification of AHI superior to 15, and AUC-ROC of 0.95 and AUC-PR of 0.93 for AHI superior to 30. Promising results are obtained for the automatic annotations of events.This article shows that manual scoring of smartphone-based signals is possible and accurate compared to PSG-based scorings. Automatic scoring method based on a deep learning model provides promising results. A larger multicentric validation study, involving subjects with different SAHS severity is required to confirm these results.","RAYYAN-INCLUSION: {""─Éß║╖ng Gia""=>""Included""} | USER-NOTES: {""─Éß║╖ng Gia""=>[""IC-P, IC-I, IC-C, IC-E""]}",""
"Estimating Respiratory Effort from Nocturnal Breathing Sounds for Obstructive Sleep Apnoea Screening","2025","Xiaolei Xu and Chaoyue Niu and Guy J. Brown and Hector Romero and Ning Ma","http://arxiv.org/abs/2509.14944v2","Obstructive sleep apnoea (OSA) is a prevalent condition with significant health consequences, yet many patients remain undiagnosed due to the complexity and cost of over-night polysomnography. Acoustic-based screening provides a scalable alternative, yet performance is limited by environmental noise and the lack of physiological context. Respiratory effort is a key signal used in clinical scoring of OSA events, but current approaches require additional contact sensors that reduce scalability and patient comfort. This paper presents the first study to estimate respiratory effort directly from nocturnal audio, enabling physiological context to be recovered from sound alone. We propose a latent-space fusion framework that integrates the estimated effort embeddings with acoustic features for OSA detection. Using a dataset of 157 nights from 103 participants recorded in home environments, our respiratory effort estimator achieves a concordance correlation coefficient of 0.48, capturing meaningful respiratory dynamics. Fusing effort and audio improves sensitivity and AUC over audio-only baselines, especially at low apnoea-hypopnoea index thresholds. The proposed approach requires only smartphone audio at test time, which enables sensor-free, scalable, and longitudinal OSA monitoring.","RAYYAN-INCLUSION: {""─Éß║╖ng Gia""=>""Included""} | USER-NOTES: {""─Éß║╖ng Gia""=>[""IC-P, IC-I, IC-C, IC-E""]}",""
"SimuSOE: A Simulated Snoring Dataset for Obstructive Sleep Apnea-Hypopnea Syndrome Evaluation during Wakefulness","2024","Jie Lin and Xiuping Yang and Li Xiao and Xinhong Li and Weiyan Yi and Yuhong Yang and Weiping Tu and Xiong Chen","http://arxiv.org/abs/2407.07397v1","Obstructive Sleep Apnea-Hypopnea Syndrome (OSAHS) is a prevalent chronic breathing disorder caused by upper airway obstruction. Previous studies advanced OSAHS evaluation through machine learning-based systems trained on sleep snoring or speech signal datasets. However, constructing datasets for training a precise and rapid OSAHS evaluation system poses a challenge, since 1) it is time-consuming to collect sleep snores and 2) the speech signal is limited in reflecting upper airway obstruction. In this paper, we propose a new snoring dataset for OSAHS evaluation, named SimuSOE, in which a novel and time-effective snoring collection method is introduced for tackling the above problems. In particular, we adopt simulated snoring which is a type of snore intentionally emitted by patients to replace natural snoring. Experimental results indicate that the simulated snoring signal during wakefulness can serve as an effective feature in OSAHS preliminary screening.","RAYYAN-INCLUSION: {""─Éß║╖ng Gia""=>""Excluded""} | USER-NOTES: {""─Éß║╖ng Gia""=>[""EC-O""]}",""
"Clustering and Data Augmentation to Improve Accuracy of Sleep Assessment and Sleep Individuality Analysis","2024","Shintaro Tamai and Masayuki Numao and Ken-ichi Fukui","http://arxiv.org/abs/2404.10299v2","Recently, growing health awareness, novel methods allow individuals to monitor sleep at home. Utilizing sleep sounds offers advantages over conventional methods like smartwatches, being non-intrusive, and capable of detecting various physiological activities. This study aims to construct a machine learning-based sleep assessment model providing evidence-based assessments, such as poor sleep due to frequent movement during sleep onset. Extracting sleep sound events, deriving latent representations using VAE, clustering with GMM, and training LSTM for subjective sleep assessment achieved a high accuracy of 94.8% in distinguishing sleep satisfaction. Moreover, TimeSHAP revealed differences in impactful sound event types and timings for different individuals.","RAYYAN-INCLUSION: {""─Éß║╖ng Gia""=>""Excluded""} | USER-NOTES: {""─Éß║╖ng Gia""=>[""EC-O""]}",""
"Automatic Classification of OSA related Snoring Signals from Nocturnal Audio Recordings","2021","Arun Sebastian and Peter A. Cistulli and Gary Cohen and Philip de Chazal","http://arxiv.org/abs/2102.12829v2","In this study, the development of an automatic algorithm is presented to classify the nocturnal audio recording of an obstructive sleep apnoea (OSA) patient as OSA related snore, simple snore and other sounds. Recent studies has been shown that knowledge regarding the OSA related snore could assist in identifying the site of airway collapse. Audio signal was recorded simultaneously with full-night polysomnography during sleep with a ceiling microphone. Time and frequency features of the nocturnal audio signal were extracted to classify the audio signal into OSA related snore, simple snore and other sounds. Two algorithms were developed to extract OSA related snore using an linear discriminant analysis (LDA) classifier based on the hypothesis that OSA related snoring can assist in identifying the site-of-upper airway collapse. An unbiased nested leave-one patient-out cross-validation process was used to select a high performing feature set from the full set of features. Results indicated that the algorithm achieved an accuracy of 87% for identifying snore events from the audio recordings and an accuracy of 72% for identifying OSA related snore events from the snore events. The direct method to extract OSA-related snore events using a multi-class LDA classifier achieved an accuracy of 64% using the feature selection algorithm. Our results gives a clear indication that OSA-related snore events can be extracted from nocturnal sound recordings, and therefore could potentially be used as a new tool for identifying the site of airway collapse from the nocturnal audio recordings.","RAYYAN-INCLUSION: {""─Éß║╖ng Gia""=>""Included""} | USER-NOTES: {""─Éß║╖ng Gia""=>[""IC-P, IC-I, IC-C, IC-E""]}",""
"Classification of Infant Sleep/Wake States: Cross-Attention among Large Scale Pretrained Transformer Networks using Audio, ECG, and IMU Data","2023","Kai Chieh Chang and Mark Hasegawa-Johnson and Nancy L. McElwain and Bashima Islam","http://arxiv.org/abs/2306.15808v1","Infant sleep is critical to brain and behavioral development. Prior studies on infant sleep/wake classification have been largely limited to reliance on expensive and burdensome polysomnography (PSG) tests in the laboratory or wearable devices that collect single-modality data. To facilitate data collection and accuracy of detection, we aimed to advance this field of study by using a multi-modal wearable device, LittleBeats (LB), to collect audio, electrocardiogram (ECG), and inertial measurement unit (IMU) data among a cohort of 28 infants. We employed a 3-branch (audio/ECG/IMU) large scale transformer-based neural network (NN) to demonstrate the potential of such multi-modal data. We pretrained each branch independently with its respective modality, then finetuned the model by fusing the pretrained transformer layers with cross-attention. We show that multi-modal data significantly improves sleep/wake classification (accuracy = 0.880), compared with use of a single modality (accuracy = 0.732). Our approach to multi-modal mid-level fusion may be adaptable to a diverse range of architectures and tasks, expanding future directions of infant behavioral research.","RAYYAN-INCLUSION: {""─Éß║╖ng Gia""=>""Excluded""} | USER-NOTES: {""─Éß║╖ng Gia""=>[""EC-1, EC-W""]}",""
"A Snoring Sound Dataset for Body Position Recognition: Collection, Annotation, and Analysis","2023","Li Xiao and Xiuping Yang and Xinhong Li and Weiping Tu and Xiong Chen and Weiyan Yi and Jie Lin and Yuhong Yang and Yanzhen Ren","http://arxiv.org/abs/2307.13346v1","Obstructive Sleep Apnea-Hypopnea Syndrome (OSAHS) is a chronic breathing disorder caused by a blockage in the upper airways. Snoring is a prominent symptom of OSAHS, and previous studies have attempted to identify the obstruction site of the upper airways by snoring sounds. Despite some progress, the classification of the obstruction site remains challenging in real-world clinical settings due to the influence of sleep body position on upper airways. To address this challenge, this paper proposes a snore-based sleep body position recognition dataset (SSBPR) consisting of 7570 snoring recordings, which comprises six distinct labels for sleep body position: supine, supine but left lateral head, supine but right lateral head, left-side lying, right-side lying and prone. Experimental results show that snoring sounds exhibit certain acoustic features that enable their effective utilization for identifying body posture during sleep in real-world scenarios.","RAYYAN-INCLUSION: {""─Éß║╖ng Gia""=>""Included""} | USER-NOTES: {""─Éß║╖ng Gia""=>[""IC-P, IC-I, IC-C, IC-E""]}",""
"Development of Personalized Sleep Induction System based on Mental States","2022","Young-Seok Kweon and Gi-Hwan Shin and Heon-Gyu Kwak","http://arxiv.org/abs/2212.05669v1","Sleep is an essential behavior to prevent the decrement of cognitive, motor, and emotional performance and various diseases. However, it is not easy to fall asleep when people want to sleep. There are various sleep-disturbing factors such as the COVID-19 situation, noise from outside, and light during the night. We aim to develop a personalized sleep induction system based on mental states using electroencephalogram and auditory stimulation. Our system analyzes users' mental states using an electroencephalogram and results of the Pittsburgh sleep quality index and Brunel mood scale. According to mental states, the system plays sleep induction sound among five auditory stimulation: white noise, repetitive beep sounds, rainy sound, binaural beat, and sham sound. Finally, the sleep-inducing system classified the sleep stage of participants with 94.7 percent and stopped auditory stimulation if participants showed non-rapid eye movement sleep. Our system makes 18 participants fall asleep among 20 participants.","RAYYAN-INCLUSION: {""─Éß║╖ng Gia""=>""Excluded""} | USER-NOTES: {""─Éß║╖ng Gia""=>[""EC-O""]}",""
"A Systematic Review on Sleep Stage Classification and Sleep Disorder Detection Using Artificial Intelligence","2024","Tayab Uddin Wara and Ababil Hossain Fahad and Adri Shankar Das and Md. Mehedi Hasan Shawon","http://arxiv.org/abs/2405.11008v3","Sleep is vital for people's physical and mental health, and sound sleep can help them focus on daily activities. Therefore, a sleep study that includes sleep patterns and sleep disorders is crucial to enhancing our knowledge about individuals' health status. This study aims to provide a comprehensive, systematic review of the recent literature to analyze the different approaches and their outcomes in sleep studies, which includes works on ""sleep stages classification"" and ""sleep disorder detection"" using AI. In this review, 183 articles were initially selected from different journals, among which 80 records were enlisted for explicit review, ranging from 2016 to 2023. Brain waves were the most commonly employed body parameters for sleep staging and disorder studies (almost 29% of the research used brain activity signals exclusively, and 77% combined with the other signals). The convolutional neural network (CNN), the most widely used of the 34 distinct artificial intelligence models, comprised 27%. The other models included the long short-term memory (LSTM), support vector machine (SVM), random forest (RF), and recurrent neural network (RNN), which consisted of 11%, 6%, 6%, and 5% sequentially. For performance metrics, accuracy was widely used for a maximum of 83.75% of the cases, the F1 score of 45%, Kappa of 36.25%, Sensitivity of 31.25%, and Specificity of 30% of cases, along with the other metrics. This article would help physicians and researchers get the gist of AI's contribution to sleep studies and the feasibility of their intended work.","RAYYAN-INCLUSION: {""─Éß║╖ng Gia""=>""Excluded""} | USER-NOTES: {""─Éß║╖ng Gia""=>[""EC-N""]}",""
"Possibility of Sleep Induction using Auditory Stimulation based on Mental States","2021","Young-Seok Kweon and Gi-Hwan Shin","http://arxiv.org/abs/2112.06463v1","Sleep has a significant role to maintain our health. However, people have struggled with sleep induction because of noise, emotion, and complicated thoughts. We hypothesized that there was more effective auditory stimulation to induce sleep based on their mental states. We investigated five auditory stimulation: sham, repetitive beep, binaural beat, white noise, and rainy sounds. The Pittsburgh sleep quality index was performed to divide subjects into good and poor sleep groups. To verify the subject's mental states between initiation of sessions, a psychomotor vigilance task and Stanford sleepiness scale (SSS) were performed before auditory stimulation. After auditory stimulation, we asked subjects to report their sleep experience during auditory stimulation. We also calculated alpha dominant duration that was the period that represents the wake period during stimulation. We showed that there were no differences in reaction time and SSS between sessions. It indicated sleep experience is not related to the timeline. The good sleep group fell asleep more frequently than the poor sleep group when they hear white noise and rainy sounds. Moreover, when subjects failed to fall asleep during sham, most subjects fell asleep during rainy sound (Cohen's kappa: -0.588). These results help people to select suitable auditory stimulation to induce sleep based on their mental states.","RAYYAN-INCLUSION: {""─Éß║╖ng Gia""=>""Excluded""} | USER-NOTES: {""─Éß║╖ng Gia""=>[""EC-0""]}",""
"A Sleep Monitoring System Based on Audio, Video and Depth Information","2025","Lyn Chao-ling Chen and Kuan-Wen Chen and Yi-Ping Hung","http://arxiv.org/abs/2512.06282v1","For quantitative evaluation of sleep disturbances, a noninvasive monitoring system is developed by introducing an event-based method. We observe sleeping in home context and classify the sleep disturbances into three types of events: motion events, light-on/off events and noise events. A device with an infrared depth sensor, a RGB camera, and a four-microphone array is used in sleep monitoring in an environment with barely light sources. One background model is established in depth signals for measuring magnitude of movements. Because depth signals cannot observe lighting changes, another background model is established in color images for measuring magnitude of lighting effects. An event detection algorithm is used to detect occurrences of events from the processed data of the three types of sensors. The system was tested in sleep condition and the experiment result validates the system reliability.","RAYYAN-INCLUSION: {""─Éß║╖ng Gia""=>""Included""} | USER-NOTES: {""─Éß║╖ng Gia""=>[""IC-P, IC-I, IC-C, IC-E""]}",""
"A Large-Scale Study of a Sleep Tracking and Improving Device with Closed-loop and Personalized Real-time Acoustic Stimulation","2022","Anh Nguyen and Galen Pogoncheff and Ban Xuan Dong and Nam Bui and Hoang Truong and Nhat Pham and Linh Nguyen and Hoang Huu Nguyen and Sy Duong-Quy and Sangtae Ha and Tam Vu","http://arxiv.org/abs/2211.02592v1","Various intervention therapies ranging from pharmaceutical to hi-tech tailored solutions have been available to treat difficulty in falling asleep commonly caused by insomnia in modern life. However, current techniques largely remain ill-suited, ineffective, and unreliable due to their lack of precise real-time sleep tracking, in-time feedback on the therapies, an ability to keep people asleep during the night, and a large-scale effectiveness evaluation. Here, we introduce a novel sleep aid system, called Earable, that can continuously sense multiple head-based physiological signals and simultaneously enable closed-loop auditory stimulation to entrain brain activities in time for effective sleep promotion. We develop the system in a lightweight, comfortable, and user-friendly headband with a comprehensive set of algorithms and dedicated own-designed audio stimuli. We conducted multiple protocols from 883 sleep studies on 377 subjects (241 women, 119 men) wearing either a gold-standard device (PSG), Earable, or both concurrently. We demonstrate that our system achieves (1) a strong correlation (0.89 +/- 0.03) between the physiological signals acquired by Earable and those from the gold-standard PSG, (2) an 87.8 +/- 5.3% agreement on sleep scoring using our automatic real-time sleep staging algorithm with the consensus scored by three sleep technicians, and (3) a successful non-pharmacological stimulation alternative to effectively shorten the duration of sleep falling by 24.1 +/- 0.1 minutes. These results show that the efficacy of Earable exceeds existing techniques in intentions to promote fast falling asleep, track sleep state accurately, and achieve high social acceptance for real-time closed-loop personalized neuromodulation-based home sleep care.","RAYYAN-INCLUSION: {""─Éß║╖ng Gia""=>""Excluded""} | USER-NOTES: {""─Éß║╖ng Gia""=>[""EC-W, EC-0""]}",""
"What does the Universe sound like?","2026","Francesco Iacovelli","http://arxiv.org/abs/2603.29996v1","Unlike electromagnetic telescopes, gravitational-wave (GW) detectors cannot produce pretty pictures, but we can convert GW signals into sound. I compute what the Universe actually sounds like by averaging over $\sim10^6$ synthetic compact binary coalescence events occurring throughout 2026. The result: a soothing, low-frequency rumble, perfect for sleeping, meditation, or contemplating the violent nature of spacetime. This is the $Universal\ harmony$, audio file included!","RAYYAN-INCLUSION: {""─Éß║╖ng Gia""=>""Excluded""} | USER-NOTES: {""─Éß║╖ng Gia""=>[""EC-0""]}",""
"Integrating Health Sensing into Cellular Networks: Human Sleep Monitoring Using 5G Signals","2026","Ruxin Lin and Peihao Yan and Jie Lu and Qijun Wang and Huacheng Zeng","http://arxiv.org/abs/2603.02558v1","Cellular networks offer a unique opportunity to enable device-free and wide-area health monitoring by exploiting the sensitivity of radio-frequency (RF) propagation to human physiological activities. In this paper, we present the first experimental study of human sleep monitoring using realistic 5G signals collected from commercial cellular infrastructure. We investigate a practical scenario in which a smartphone is placed near a bed, and a 5G base station periodically configures uplink sounding reference signal (SRS) transmissions to obtain fine-grained channel state information (CSI). Leveraging uplink CSI measurements, we design a lightweight signal processing pipeline for respiration rate estimation and a CNN model for sleep body movement classification. Through extensive experiments conducted on an indoor private 5G network, our system achieves over 91.2% accuracy in respiration rate estimation and 85.5% accuracy in sleep movement classification.","RAYYAN-INCLUSION: {""─Éß║╖ng Gia""=>""Included""} | USER-NOTES: {""─Éß║╖ng Gia""=>[""IC-P, IC-I, IC-C, IC-E""]}",""
"who is snoring? snore based user recognition","2023","Shenghao Li and Jagmohan Chauhan","http://arxiv.org/abs/2301.12209v1","Snoring is one of the most prominent symptoms of Obstructive Sleep Apnea-Hypopnea Syndrome (OSAH), a highly prevalent disease that causes repetitive collapse and cessation of the upper airway. Thus, accurate snore sound monitoring and analysis is crucial. However, the traditional monitoring method polysomnography (PSG) requires the patients to stay at a sleep clinic for the whole night and be connected to many pieces of equipment. An alternative and less invasive way is passive monitoring using a smartphone at home or in the clinical settings. But, there is a challenge: the environment may be shared by people such that the raw audio may contain the snore activities of the bed partner or other person. False capturing of the snoring activity could lead to critical false alarms and misdiagnosis of the patients. To address this limitation, we propose a hypothesis that snore sound contains unique identity information which can be used for user recognition. We analyzed various machine learning models: Gaussian Mixture Model (GMM), GMM-UBM (Universial Background Model), and a Deep Neural Network (DNN) on MPSSC - an open source snoring dataset to evaluate the validity of our hypothesis. Our results are promising as we achieved around 90% accuracy in identification and verification tasks. This work marks the first step towards understanding the practicality of snore based user monitoring to enable multiple healthcare applicaitons.","RAYYAN-INCLUSION: {""─Éß║╖ng Gia""=>""Included""} | USER-NOTES: {""─Éß║╖ng Gia""=>[""IC-P, IC-I, IC-C, IC-E""]}",""
"An Early Study on Intelligent Analysis of Speech under COVID-19: Severity, Sleep Quality, Fatigue, and Anxiety","2020","Jing Han and Kun Qian and Meishu Song and Zijiang Yang and Zhao Ren and Shuo Liu and Juan Liu and Huaiyuan Zheng and Wei Ji and Tomoya Koike and Xiao Li and Zixing Zhang and Yoshiharu Yamamoto and Björn W. Schuller","http://arxiv.org/abs/2005.00096v2","The COVID-19 outbreak was announced as a global pandemic by the World Health Organisation in March 2020 and has affected a growing number of people in the past few weeks. In this context, advanced artificial intelligence techniques are brought to the fore in responding to fight against and reduce the impact of this global health crisis. In this study, we focus on developing some potential use-cases of intelligent speech analysis for COVID-19 diagnosed patients. In particular, by analysing speech recordings from these patients, we construct audio-only-based models to automatically categorise the health state of patients from four aspects, including the severity of illness, sleep quality, fatigue, and anxiety. For this purpose, two established acoustic feature sets and support vector machines are utilised. Our experiments show that an average accuracy of .69 obtained estimating the severity of illness, which is derived from the number of days in hospitalisation. We hope that this study can foster an extremely fast, low-cost, and convenient way to automatically detect the COVID-19 disease.","RAYYAN-INCLUSION: {""─Éß║╖ng Gia""=>""Excluded""} | USER-NOTES: {""─Éß║╖ng Gia""=>[""EC-0""]}",""
"Transfer Learning for Paediatric Sleep Apnoea Detection Using Physiology-Guided Acoustic Models","2025","Chaoyue Niu and Veronica Rowe and Guy J. Brown and Heather Elphick and Heather Kenyon and Lowri Thomas and Sam Johnson and Ning Ma","http://arxiv.org/abs/2509.15008v2","Paediatric obstructive sleep apnoea (OSA) is clinically significant yet difficult to diagnose, as children poorly tolerate sensor-based polysomnography. Acoustic monitoring provides a non-invasive alternative for home-based OSA screening, but limited paediatric data hinders the development of robust deep learning approaches. This paper proposes a transfer learning framework that adapts acoustic models pretrained on adult sleep data to paediatric OSA detection, incorporating SpO2-based desaturation patterns to enhance model training. Using a large adult sleep dataset (157 nights) and a smaller paediatric dataset (15 nights), we systematically evaluate (i) single- versus multi-task learning, (ii) encoder freezing versus full fine-tuning, and (iii) the impact of delaying SpO2 labels to better align them with the acoustics and capture physiologically meaningful features. Results show that fine-tuning with SpO2 integration consistently improves paediatric OSA detection compared with baseline models without adaptation. These findings demonstrate the feasibility of transfer learning for home-based OSA screening in children and offer its potential clinical value for early diagnosis.","RAYYAN-INCLUSION: {""─Éß║╖ng Gia""=>""Excluded""} | USER-NOTES: {""─Éß║╖ng Gia""=>[""EC-1""]}",""
"SLEEPING-DISCO 9M: A large-scale pre-training dataset for generative music modeling","2025","Tawsif Ahmed and Andrej Radonjic and Gollam Rabby","http://arxiv.org/abs/2506.14293v4","We present Sleeping-DISCO 9M, a large-scale pre-training dataset for music and song. To the best of our knowledge, there are no open-source high-quality dataset representing popular and well-known songs for generative music modeling tasks such as text-music, music-captioning, singing-voice synthesis, melody reconstruction and cross-model retrieval. Past contributions focused on isolated and constrained factors whose core perspective was to create synthetic or re-recorded music corpus (e.g. GTSinger, M4Singer) and arbitrarily large-scale audio datasets (e.g. DISCO-10M and LAIONDISCO-12M) had been another focus for the community. Unfortunately, adoption of these datasets has been below substantial in the generative music community as these datasets fail to reflect real-world music and its flavour. Our dataset changes this narrative and provides a dataset that is constructed using actual popular music and world-renowned artists.","RAYYAN-INCLUSION: {""─Éß║╖ng Gia""=>""Excluded""} | USER-NOTES: {""─Éß║╖ng Gia""=>[""EC-0""]}",""
"Active Noise Control Portable Device Design","2023","kai Wu and Yuanyuan Chen","http://arxiv.org/abs/2311.00535v1","While our world is filled with its own natural sounds that we can't resist enjoying, it is also chock-full of other sounds that can be irritating, this is noise. Noise not only influences the working efficiency but also the human's health. The problem of reducing noise is one of great importance and great difficulty. The problem has been addressed in many ways over the years. The current methods for noise reducing mostly rely on the materials and transmission medium, which are only effective to some extent for the high frequency noise. However, the effective reduction noise method especially for low frequency noise is very limited. Here we come up with a noise reduction system consist of a sensor to detect the noise in the environment. Then the noise will be sent to an electronic control system to process the noise, which will generate a reverse phase frequency signal to counteract the disturbance. Finally, the processed smaller noise will be broadcasted by the speaker. Through this smart noise reduction system, even the noise with low-frequency can be eliminated. The system is also integrated with sleep tracking and music player applications. It can also remember and store settings for the same environment, sense temperature, and smart control of home furniture, fire alarm, etc. This smart system can transfer data easily by Wi-Fi or Bluetooth and controlled by its APP. In this project, we will present a model of the above technology which can be used in various environments to prevent noise pollution and provide a solution to the people who have difficulties finding a peaceful and quiet environment for sleep, work or study.","RAYYAN-INCLUSION: {""─Éß║╖ng Gia""=>""Excluded""} | USER-NOTES: {""─Éß║╖ng Gia""=>[""EC-0""]}",""
"Once-for-All Channel Mixers (HYPERTINYPW): Generative Compression for TinyML","2026","Yassien Shaalan","http://arxiv.org/abs/2603.24916v1","Deploying neural networks on microcontrollers is constrained by kilobytes of flash and SRAM, where 1x1 pointwise (PW) mixers often dominate memory even after INT8 quantization across vision, audio, and wearable sensing. We present HYPER-TINYPW, a compression-as-generation approach that replaces most stored PW weights with generated weights: a shared micro-MLP synthesizes PW kernels once at load time from tiny per-layer codes, caches them, and executes them with standard integer operators. This preserves commodity MCU runtimes and adds only a one-off synthesis cost; steady-state latency and energy match INT8 separable CNN baselines. Enforcing a shared latent basis across layers removes cross-layer redundancy, while keeping PW1 in INT8 stabilizes early, morphology-sensitive mixing. We contribute (i) TinyML-faithful packed-byte accounting covering generator, heads/factorization, codes, kept PW1, and backbone; (ii) a unified evaluation with validation-tuned t* and bootstrap confidence intervals; and (iii) a deployability analysis covering integer-only inference and boot versus lazy synthesis. On three ECG benchmarks (Apnea-ECG, PTB-XL, MIT-BIH), HYPER-TINYPW shifts the macro-F1 versus flash Pareto frontier: at about 225 kB it matches a roughly 1.4 MB CNN while being 6.31x smaller (84.15% fewer bytes), retaining at least 95% of large-model macro-F1. Under 32-64 kB budgets it sustains balanced detection where compact baselines degrade. The mechanism applies broadly to other 1D biosignals, on-device speech, and embedded sensing tasks where per-layer redundancy dominates, indicating a wider role for compression-as-generation in resource-constrained ML systems. Beyond ECG, HYPER-TINYPW transfers to TinyML audio: on Speech Commands it reaches 96.2% test accuracy (98.2% best validation), supporting broader applicability to embedded sensing workloads where repeated linear mixers dominate memory.","RAYYAN-INCLUSION: {""─Éß║╖ng Gia""=>""Excluded""} | USER-NOTES: {""─Éß║╖ng Gia""=>[""EC-0""]}",""
"HPP-Voice: A Large-Scale Evaluation of Speech Embeddings for Multi-Phenotypic Classification","2025","David Krongauz and Hido Pinto and Sarah Kohn and Yanir Marmor and Eran Segal","http://arxiv.org/abs/2505.16490v2","Human speech contains paralinguistic cues that reflect a speaker's physiological and neurological state, potentially enabling non-invasive detection of various medical phenotypes. We introduce the Human Phenotype Project Voice corpus (HPP-Voice): a dataset of 7,188 recordings in which Hebrew-speaking adults count for 30 seconds, with each speaker linked to up to 15 potentially voice-related phenotypes spanning respiratory, sleep, mental health, metabolic, immune, and neurological conditions. We present a systematic comparison of 14 modern speech embedding models, where modern speech embeddings from these 30-second counting tasks outperform MFCCs and demographics for downstream health condition classifications. We found that embedding learned from a speaker identification model can predict objectively measured moderate to severe sleep apnea in males with an AUC of 0.64 $\pm$ 0.03, while MFCC and demographic features led to AUCs of 0.56 $\pm$ 0.02 and 0.57 $\pm$ 0.02, respectively. Additionally, our results reveal gender-specific patterns in model effectiveness across different medical domains. For males, speaker identification and diarization models consistently outperformed speech foundation models for respiratory conditions (e.g., asthma: 0.61 $\pm$ 0.03 vs. 0.56 $\pm$ 0.02) and sleep-related conditions (insomnia: 0.65 $\pm$ 0.04 vs. 0.59 $\pm$ 0.05). For females, speaker diarization models performed best for smoking status (0.61 $\pm$ 0.02 vs 0.55 $\pm$ 0.02), while Hebrew-specific models performed best (0.59 $\pm$ 0.02 vs. 0.58 $\pm$ 0.02) in classifying anxiety compared to speech foundation models. Our findings provide evidence that a simple counting task can support large-scale, multi-phenotypic voice screening and highlight which embedding families generalize best to specific conditions, insights that can guide future vocal biomarker research and clinical deployment.","RAYYAN-INCLUSION: {""─Éß║╖ng Gia""=>""Excluded""} | USER-NOTES: {""─Éß║╖ng Gia""=>[""EC-0""]}",""
"Pathological speech detection using x-vector embeddings","2020","Catarina Botelho and Francisco Teixeira and Thomas Rolland and Alberto Abad and Isabel Trancoso","http://arxiv.org/abs/2003.00864v3","The potential of speech as a non-invasive biomarker to assess a speaker's health has been repeatedly supported by the results of multiple works, for both physical and psychological conditions. Traditional systems for speech-based disease classification have focused on carefully designed knowledge-based features. However, these features may not represent the disease's full symptomatology, and may even overlook its more subtle manifestations. This has prompted researchers to move in the direction of general speaker representations that inherently model symptoms, such as Gaussian Supervectors, i-vectors and, x-vectors. In this work, we focus on the latter, to assess their applicability as a general feature extraction method to the detection of Parkinson's disease (PD) and obstructive sleep apnea (OSA). We test our approach against knowledge-based features and i-vectors, and report results for two European Portuguese corpora, for OSA and PD, as well as for an additional Spanish corpus for PD. Both x-vector and i-vector models were trained with an out-of-domain European Portuguese corpus. Our results show that x-vectors are able to perform better than knowledge-based features in same-language corpora. Moreover, while x-vectors performed similarly to i-vectors in matched conditions, they significantly outperform them when domain-mismatch occurs.","RAYYAN-INCLUSION: {""─Éß║╖ng Gia""=>""Excluded""} | USER-NOTES: {""─Éß║╖ng Gia""=>[""EC-0""]}",""
"SURF: Separation via Unsupervised Remixing Flow","2026","Henry Li and Robin Scheibler and Efthymios Tzinis and Matt Shannon and Arnaud Doucet and John R. Hershey","http://arxiv.org/abs/2606.04921v1","The goal of single-channel source separation is to reconstruct $K$ sources given their mixture. In supervised settings where vast amounts of clean source data are available, this challenging, ill-posed problem has been addressed successfully by generative diffusion and flow-based prior models. However, access to such clean source samples is often limited, and even when available, supervised models are vulnerable to domain shifts. To bridge this gap, we present Separation via Unsupervised Remixing Flow (SURF), an unsupervised flow matching approach for source separation that learns directly from observed mixtures. This method relies on a novel combination of state-of-the-art supervised flow matching and regression-based self-supervised techniques. At a high level, starting from a teacher model, we utilize a ""remixing"" step to bootstrap the learning of a student flow model from the teacher's estimates. We provide insights into the objectives optimized by this approach and draw a novel connection to the Wake-Sleep algorithm. Empirical evaluations on image and audio benchmarks demonstrate that SURF establishes a new state-of-the-art, significantly outperforming existing unsupervised methods. See our demo page for examples. https://google.github.io/df-conformer/surf/","RAYYAN-INCLUSION: {""─Éß║╖ng Gia""=>""Excluded""} | USER-NOTES: {""─Éß║╖ng Gia""=>[""EC-0""]}",""
"A platform for cognitive monitoring of neurosurgical patients during hospitalization","2021","Omer E Ashmaig and Liberty S Hamilton and Pradeep Modur and Robert J Buchanan and Alison R Preston and Andrew J Watrous","http://arxiv.org/abs/2106.11951v1","Intracranial recordings in epilepsy patients are increasingly utilized to gain insight into the electrophysiological mechanisms of human cognition. There are currently several practical limitations to conducting research with these patients, including patient and researcher availability and the cognitive abilities of patients, which limit the amount of task-related data that can be collected. Prior studies have synchronized clinical audio, video, and neural recordings to understand naturalistic behaviors, but these recordings are centered on the patient to understand their seizure semiology and thus do not capture and synchronize audiovisual stimuli from tasks. Here, we describe a platform for cognitive monitoring of neurosurgical patients during their hospitalization that benefits both patients and researchers alike. We provide the full specifications for this system and describe some example use cases in perception, memory, and sleep research. Our system opens up new avenues to collect more data per patient using real-world tasks, affording new possibilities to conduct longitudinal studies of the electrophysiological basis of human cognition under naturalistic conditions.","RAYYAN-INCLUSION: {""─Éß║╖ng Gia""=>""Excluded""} | USER-NOTES: {""─Éß║╖ng Gia""=>[""EC-0""]}",""
"Analyzing the contribution of different passively collected data to predict Stress and Depression","2023","Irene Bonafonte and Cristina Bustos and Abraham Larrazolo and Gilberto Lorenzo Martinez Luna and Adolfo Guzman Arenas and Xavier Baro and Isaac Tourgeman and Mercedes Balcells and Agata Lapedriza","http://arxiv.org/abs/2310.13607v1","The possibility of recognizing diverse aspects of human behavior and environmental context from passively captured data motivates its use for mental health assessment. In this paper, we analyze the contribution of different passively collected sensor data types (WiFi, GPS, Social interaction, Phone Log, Physical Activity, Audio, and Academic features) to predict daily selfreport stress and PHQ-9 depression score. First, we compute 125 mid-level features from the original raw data. These 125 features include groups of features from the different sensor data types. Then, we evaluate the contribution of each feature type by comparing the performance of Neural Network models trained with all features against Neural Network models trained with specific feature groups. Our results show that WiFi features (which encode mobility patterns) and Phone Log features (which encode information correlated with sleep patterns), provide significative information for stress and depression prediction.","RAYYAN-INCLUSION: {""─Éß║╖ng Gia""=>""Excluded""} | USER-NOTES: {""─Éß║╖ng Gia""=>[""EC-0""]}",""
"SCRIB: Set-classifier with Class-specific Risk Bounds for Blackbox Models","2021","Zhen Lin and Cao Xiao and Lucas Glass and M. Brandon Westover and Jimeng Sun","http://arxiv.org/abs/2103.03945v1","Despite deep learning (DL) success in classification problems, DL classifiers do not provide a sound mechanism to decide when to refrain from predicting. Recent works tried to control the overall prediction risk with classification with rejection options. However, existing works overlook the different significance of different classes. We introduce Set-classifier with Class-specific RIsk Bounds (SCRIB) to tackle this problem, assigning multiple labels to each example. Given the output of a black-box model on the validation set, SCRIB constructs a set-classifier that controls the class-specific prediction risks with a theoretical guarantee. The key idea is to reject when the set classifier returns more than one label. We validated SCRIB on several medical applications, including sleep staging on electroencephalogram (EEG) data, X-ray COVID image classification, and atrial fibrillation detection based on electrocardiogram (ECG) data. SCRIB obtained desirable class-specific risks, which are 35\%-88\% closer to the target risks than baseline methods.","RAYYAN-INCLUSION: {""─Éß║╖ng Gia""=>""Excluded""} | USER-NOTES: {""─Éß║╖ng Gia""=>[""EC-0""]}",""
"An Axiomatic Approach to Detect Information Leaks in Concurrent Programs","2021","Sandip Ghosal and R. K. Shyamasundar","http://arxiv.org/abs/2103.02171v1","Realizing flow security in a concurrent environment is extremely challenging, primarily due to non-deterministic nature of execution. The difficulty is further exacerbated from a security angle if sequential threads disclose control locations through publicly observable statements like print, sleep, delay, etc. Such observations lead to internal and external timing attacks. Inspired by previous works that use classical Hoare style proof systems for establishing correctness of distributed (real-time) programs, in this paper, we describe a method for finding information leaks in concurrent programs through the introduction of leaky assertions at observable program points. Specifying leaky assertions akin to classic assertions, we demonstrate how information leaks can be detected in a concurrent context. To our knowledge, this is the first such work that enables integration of different notions of non-interference used in functional and security context. While the approach is sound and relatively complete in the classic sense, it enables the use of algorithmic techniques that enable programmers to come up with leaky assertions that enable checking for information leaks in sensitive applications.","RAYYAN-INCLUSION: {""─Éß║╖ng Gia""=>""Excluded""} | USER-NOTES: {""─Éß║╖ng Gia""=>[""EC-0""]}",""
"Pavlok-Nudge: A Feedback Mechanism for Atomic Behaviour Modification with Snoring Usecase","2023","Md Rakibul Hasan and Shreya Ghosh and Pradyumna Agrawal and Zhixi Cai and Abhinav Dhall and Tom Gedeon","http://arxiv.org/abs/2305.06110v5","This paper proposes an atomic behaviour intervention strategy using the Pavlok wearable device. Pavlok utilises beeps, vibration and shocks as a mode of aversion technique to help individuals with behaviour modification. While the device can be useful in certain periodic daily life situations, like alarms and exercise notifications, it relies on manual operations that limit its usage. To automate behaviour modification, we propose a framework that first detects targeted behaviours through a lightweight deep learning model and subsequently nudges the user. Our proposed solution is implemented and verified in the context of snoring, which captures audio from the environment following a prediction of whether the audio content is a snore or not using a lightweight 1D convolutional neural network. Based on the prediction, we use Pavlok to nudge users for preventive measures, such as a change in sleeping posture. We believe that this simple solution can help people change their atomic habits, which may lead to long-term health benefits. Our proposed lightweight model (99.8% fewer parameters over SOTA; 790,273$\rightarrow$1,337) achieves SOTA test accuracy of 0.99 on a public benchmark. The code and model are publicly available at https://github.com/hasan-rakibul/pavlok-nudge-snore.","RAYYAN-INCLUSION: {""─Éß║╖ng Gia""=>""Maybe""}",""
"Revealing the Self: Brainwave-Based Human Trait Identification","2024","Md Mirajul Islam and Md Nahiyan Uddin and Maoyejatun Hasana and Debojit Pandit and Nafis Mahmud Rahman and Sriram Chellappan and Sami Azam and A. B. M. Alim Al Islam","http://arxiv.org/abs/2412.19041v1","People exhibit unique emotional responses. In the same scenario, the emotional reactions of two individuals can be either similar or vastly different. For instance, consider one person's reaction to an invitation to smoke versus another person's response to a query about their sleep quality. The identification of these individual traits through the observation of common physical parameters opens the door to a wide range of applications, including psychological analysis, criminology, disease prediction, addiction control, and more. While there has been previous research in the fields of psychometrics, inertial sensors, computer vision, and audio analysis, this paper introduces a novel technique for identifying human traits in real time using brainwave data. To achieve this, we begin with an extensive study of brainwave data collected from 80 participants using a portable EEG headset. We also conduct a statistical analysis of the collected data utilizing box plots. Our analysis uncovers several new insights, leading us to a groundbreaking unified approach for identifying diverse human traits by leveraging machine learning techniques on EEG data. Our analysis demonstrates that this proposed solution achieves high accuracy. Moreover, we explore two deep-learning models to compare the performance of our solution. Consequently, we have developed an integrated, real-time trait identification solution using EEG data, based on the insights from our analysis. To validate our approach, we conducted a rigorous user evaluation with an additional 20 participants. The outcomes of this evaluation illustrate both high accuracy and favorable user ratings, emphasizing the robust potential of our proposed method to serve as a versatile solution for human trait identification.","RAYYAN-INCLUSION: {""─Éß║╖ng Gia""=>""Excluded""} | USER-NOTES: {""─Éß║╖ng Gia""=>[""EC-W""]}",""
"Affective Music Recommendation: A Rollout-Based World Model for Offline Preference Optimization","2026","Audrey Chan and Aaron Labbé and Jacob Lavoie and Jordan Bannister and Arsène Fansi Tchango and Guillaume Lajoie and Laurent Charlin","http://arxiv.org/abs/2605.28810v1","Functional music applications, from consumer focus and sleep aids to clinical interventions, share a distinctive recommendation problem: success is defined by the listener's affective state, but online experimentation on emotion is ethically constrained, particularly for clinical populations who cannot reliably skip a song or report distress. We describe AMRS, the Affective Music Recommendation System deployed on LUCID's health-and-wellness platforms, which serve clinical users (primarily older adults with neurocognitive conditions) and consumer-wellness users across energize, focus, calm, and sleep modes. AMRS is built around a rollout-based world model: a causal transformer trained on logged listening data to jointly predict engagement, binary rating, and self-reported valence and arousal. The world model serves both as an in-silico simulator for offline policy training and as a stress-testing tool before deployment. A recommender policy initialized by behaviour cloning is fine-tuned offline with Direct Preference Optimization (DPO) against a configurable multi-objective utility function. Under a strict cold-start protocol, the world model predicts both behavioural and affective signals with usable fidelity; DPO improves predicted valence and arousal over the cloned baseline while maintaining a similar diversity profile and avoiding the distributional collapse produced by greedy optimization. We position the work as an early deployed validation of a methodology for affective recommendation when online experimentation is ethically untenable.","RAYYAN-INCLUSION: {""─Éß║╖ng Gia""=>""Excluded""} | USER-NOTES: {""─Éß║╖ng Gia""=>[""EC-0""]}",""
"TimeRLM: Recursive Language Models Enable Precise Anomaly Localization in Long-Context Time-Series","2026","Nicolas Zumarraga and Lorenzo Steno and Ning Wang and Max Rosenblattl and Thomas Kaar and Maxwell A. Xu and Kevin O'Sullivan and Markus Kreft and Elgar Fleisch and Paul Schmiedmayer and Patrick Langer and Robert Jakob","http://arxiv.org/abs/2608.03391v1","Precise anomaly localization over long-context time series is a crucial task in monitoring applications across clinical care, industrial operations, financial services, and logistics, where brief evidence may hide inside long spans of high-frequency data. Time-Series Language Models (TSLMs) are able to ingest time series data and verbalize findings on anomalies in natural language; however, recent benchmarks report a decrease in retrieval performance at long contexts, mirroring failure modes in text, vision, and audio. In the text domain, Recursive Language Models (RLMs) can recover much of this lost performance by keeping context external to the large language model (LLM), allowing the model to query it through code. We present TimeRLM, an RLM formulation for time-series that sequentially manipulates the signal using code and vision capabilities. We further introduce AnomalyXL, a synthetic long-context anomaly localization benchmark with programmatically injected anomalies that require precise retrieval. We implement five different task categories and two variants: AnomalyXL-MCQ and AnomalyXL-Localize. TimeRLM outperforms every evaluated TSLM and single-pass baseline on four of the five AnomalyXL-Localize tasks, reaching 0.682 IoU on localization and 0.745 on classify-with-evidence, versus at most 0.329 and 0.072 across all baselines. We post-train TimeRLM using reinforcement learning. The resulting model further improves performance and requires approximately one-third as many agent interaction turns as its untrained base model to produce a final answer. On unseen real-world ECG, sleep and software observability recordings, the post-trained TimeRLM retains or improves performance, surpassing TSLMs despite being trained exclusively on synthetic data. Our findings suggest recursive interaction with time-series is an effective approach for long-horizon retrieval.","RAYYAN-INCLUSION: {""─Éß║╖ng Gia""=>""Excluded""} | USER-NOTES: {""─Éß║╖ng Gia""=>[""EC-0""]}",""
"Causal Stories from Sensor Traces: Auditing Epistemic Overreach in LLM-Generated Personal Sensing Explanations","2026","Shanshan Zhu and Han Zhang and J. Doris Chi and Subigya Nepal and Koustuv Saha","http://arxiv.org/abs/2605.08590v1","LLMs are increasingly used to explain personal sensing data, translating traces of activity and mood into natural-language accounts of why an anomalous day may have occurred. However, such explanations can sound coherent and personally meaningful even when the underlying evidence is sparse or missing. We introduce epistemic overreach (EO) as a measure for cases where a generated explanation implies more than the available sensing evidence can justify. To audit how often and in what forms EO occurs, we obtained anomalous-day scenarios from three longitudinal sensing datasets of college students: StudentLife, GLOBEM, and CollegeExperience. Across activity, sleep, and affect anomalies, we generated 14,922 explanations using three LLM families -- Llama, Qwen, and GPT -- under two prompting conditions: one minimally constrained prompt and another prompt explicitly instructing models to bound claims to the data. For each scenario, we varied the amount of behavioral evidence available to the model to examine whether more evidence reduces EO. We evaluated each explanation using a structured rubric, decomposing EO into the dimensions of unsupported causal attribution, unacknowledged data gaps, overconfident language, temporal inconsistency, and diagnostic inference. We find that LLMs routinely attribute anomalous days to causes without sufficient support from the data, and that this pattern replicates across datasets, anomaly types, and model families. Further, providing richer context does not reliably reduce EO; bounded prompting helps but does not eliminate it. These findings suggest that evidential grounding should be a first-order evaluation criterion for LLM-generated personal sensing explanations, alongside fluency and plausibility. We argue that personal sensing explanations require evidential discipline: systems must distinguish what is observed, what is inferred, and what remains unknown.","RAYYAN-INCLUSION: {""─Éß║╖ng Gia""=>""Excluded""} | USER-NOTES: {""─Éß║╖ng Gia""=>[""EC-0""]}",""
"Design and Evaluation of Active Noise Control on Machinery Noise","2021","Shulin Wen and Duy Hai Nguyen and Miqing Wang and Woon-Seng Gan","http://arxiv.org/abs/2111.01652v1","Construction workers and residents live near around construction sites are exposed to noises that might cause hearing loss, high blood pressure, heart disease, sleep disturbance and stress. Regulations has been carried out by national governments to limit the maximum permissible noise levels for construction works. A four-channel active noise control system mounted on the opening of an enclosure is designed to prevent the machinery noise from spreading around and retaining the heat diffusion path. Multi-channel FxLMS algorithm in time domain is implemented on the main controller. A Genelec speaker is placed inside the box as the primary noise source to play back different types of noises. Analyses and experiments are carried out to investigate the controllable frequency range of this ANC system in detail. Considerable noise reduction performance is achieved for different recorded practical construction noises.","RAYYAN-INCLUSION: {""─Éß║╖ng Gia""=>""Excluded""} | USER-NOTES: {""─Éß║╖ng Gia""=>[""EC-0""]}",""
"Ultra-low power on-chip learning of speech commands with phase-change memories","2020","Venkata Pavan Kumar Miriyala and Masatoshi Ishii","http://arxiv.org/abs/2010.11741v1","Embedding artificial intelligence at the edge (edge-AI) is an elegant solution to tackle the power and latency issues in the rapidly expanding Internet of Things. As edge devices typically spend most of their time in sleep mode and only wake-up infrequently to collect and process sensor data, non-volatile in-memory computing (NVIMC) is a promising approach to design the next generation of edge-AI devices. Recently, we proposed an NVIMC-based neuromorphic accelerator using the phase change memories (PCMs), which we call as Raven. In this work, we demonstrate the ultra-low-power on-chip training and inference of speech commands using Raven. We showed that Raven can be trained on-chip with power consumption as low as 30~uW, which is suitable for edge applications. Furthermore, we showed that at iso-accuracies, Raven needs 70.36x and 269.23x less number of computations to be performed than a deep neural network (DNN) during inference and training, respectively. Owing to such low power and computational requirements, Raven provides a promising pathway towards ultra-low-power training and inference at the edge.","RAYYAN-INCLUSION: {""─Éß║╖ng Gia""=>""Excluded""} | USER-NOTES: {""─Éß║╖ng Gia""=>[""EC-0""]}",""
"Does EEG Foundation Models Transfer to Speech? A Benchmark on Overt and Imagined Speech Decoding","2026","Owais Mujtaba Khanday and Mohamed Baha Ben Ticha and Sanae Belfrouh and Marc Ouellet and Jose A. Gonzalez-Lopez","http://arxiv.org/abs/2607.27268v1","EEG foundation models pretrained on thousands of hours have shown large gains over task-specific networks for motor imagery, seizure detection, sleep staging, and emotion recognition, but their transfer to speech decoding-arguably the most demanding non-invasive BCI application-remains untested. We present the first systematic benchmark of EEG foundation models against strong convolutional baselines for speech decoding, using two corpora: UGR-MINDVOICE (overt and covert Iberian Spanish) and BCI Competition 2020 Track 3 (imagined speech). We compare two foundation models (LaBraM, EEGMamba) against three established baselines (EEGNet, ShallowFBCSPNet, EEGConformer) under a unified preprocessing and fine-tuning protocol. Large-scale EEG pretraining yields no consistent advantage over a 16K-parameter CNN on speech tasks, indicating that current general-purpose EEG pretraining does not yet transfer to speech production and motivating speech-specific foundation models.","RAYYAN-INCLUSION: {""─Éß║╖ng Gia""=>""Excluded""} | USER-NOTES: {""─Éß║╖ng Gia""=>[""EC-0""]}",""
"Weave of Formal Thought","2026","Alexandre Bouayad","http://arxiv.org/abs/2606.25987v1","Large language models (LLMs) attain remarkable surface fluency on code, yet they neither formally guarantee the syntactic validity of their output nor leverage the hierarchical structure defining the target language. While existing constrained-decoding frameworks address the former, they operate under rigid assumptions that preclude critical lexical mechanisms -- including context-sensitive lexing, maximal-munch tokenization, and keyword extraction -- and only approximate vocabulary masking, sacrificing completeness. For the latter, code LLMs typically inject grammatical structure via predetermined policies rather than learning which structural information to expose. In this work, we introduce Weave of Formal Thought (WoFT), a paradigm uniting rigorous syntactic validation with learned structural representations. First, we present a formal engine and constrained decoder that is sound and complete with respect to the full Tree-sitter specification. By augmenting generalized LR (GLR) parsing with a speculative-lexing construction that maintains concurrent lexer-state hypotheses synchronized with a GLR graph-structured stack, our decoder admits every subword token extending to a valid program prefix and rejects all others. Second, we present a latent-variable fine-tuning method training the language model to interleave non-terminal grammar symbols directly into generation. Utilizing the reweighted wake-sleep (RWS) algorithm to optimize the importance-weighted evidence lower bound (IW-ELBO) of the surface text, the model learns to selectively retain formal derivations as an adaptive structural scratchpad. For Python, fine-tuning StarCoder2-3B with our RWS objective reduces per-token cross-entropy by 14.3% relative to a text-only SFT baseline, demonstrating that discretionary latent syntax recovers critical structural information that flat autoregressive training discards.","RAYYAN-INCLUSION: {""─Éß║╖ng Gia""=>""Excluded""} | USER-NOTES: {""─Éß║╖ng Gia""=>[""EC-0""]}",""
"Planning, scheduling, and execution on the Moon: the CADRE technology demonstration mission","2025","Gregg Rabideau and Joseph Russino and Andrew Branch and Nihal Dhamani and Tiago Stegun Vaquero and Steve Chien and Jean-Pierre de la Croix and Federico Rossi","http://arxiv.org/abs/2502.14803v1","NASA's Cooperative Autonomous Distributed Robotic Exploration (CADRE) mission, slated for flight to the Moon's Reiner Gamma region in 2025/2026, is designed to demonstrate multi-agent autonomous exploration of the Lunar surface and sub-surface. A team of three robots and a base station will autonomously explore a region near the lander, collecting the data required for 3D reconstruction of the surface with no human input; and then autonomously perform distributed sensing with multi-static ground penetrating radars (GPR), driving in formation while performing coordinated radar soundings to create a map of the subsurface. At the core of CADRE's software architecture is a novel autonomous, distributed planning, scheduling, and execution (PS&E) system. The system coordinates the robots' activities, planning and executing tasks that require multiple robots' participation while ensuring that each individual robot's thermal and power resources stay within prescribed bounds, and respecting ground-prescribed sleep-wake cycles. The system uses a centralized-planning, distributed-execution paradigm, and a leader election mechanism ensures robustness to failures of individual agents. In this paper, we describe the architecture of CADRE's PS&E system; discuss its design rationale; and report on verification and validation (V&V) testing of the system on CADRE's hardware in preparation for deployment on the Moon.","RAYYAN-INCLUSION: {""─Éß║╖ng Gia""=>""Excluded""} | USER-NOTES: {""─Éß║╖ng Gia""=>[""EC-0""]}",""
"Identifying depression-related topics in smartphone-collected free-response speech recordings using an automatic speech recognition system and a deep learning topic model","2023","Yuezhou Zhang and Amos A Folarin and Judith Dineley and Pauline Conde and Valeria de Angel and Shaoxiong Sun and Yatharth Ranjan and Zulqarnain Rashid and Callum Stewart and Petroula Laiou and Heet Sankesara and Linglong Qian and Faith Matcham and Katie M White and Carolin Oetzmann and Femke Lamers and Sara Siddi and Sara Simblett and Björn W. Schuller and Srinivasan Vairavan and Til Wykes and Josep Maria Haro and Brenda WJH Penninx and Vaibhav A Narayan and Matthew Hotopf and Richard JB Dobson and Nicholas Cummins and RADAR-CNS consortium","http://arxiv.org/abs/2308.11773v2","Language use has been shown to correlate with depression, but large-scale validation is needed. Traditional methods like clinic studies are expensive. So, natural language processing has been employed on social media to predict depression, but limitations remain-lack of validated labels, biased user samples, and no context. Our study identified 29 topics in 3919 smartphone-collected speech recordings from 265 participants using the Whisper tool and BERTopic model. Six topics with a median PHQ-8 greater than or equal to 10 were regarded as risk topics for depression: No Expectations, Sleep, Mental Therapy, Haircut, Studying, and Coursework. To elucidate the topic emergence and associations with depression, we compared behavioral (from wearables) and linguistic characteristics across identified topics. The correlation between topic shifts and changes in depression severity over time was also investigated, indicating the importance of longitudinally monitoring language use. We also tested the BERTopic model on a similar smaller dataset (356 speech recordings from 57 participants), obtaining some consistent results. In summary, our findings demonstrate specific speech topics may indicate depression severity. The presented data-driven workflow provides a practical approach to collecting and analyzing large-scale speech data from real-world settings for digital health research.","RAYYAN-INCLUSION: {""─Éß║╖ng Gia""=>""Excluded""} | USER-NOTES: {""─Éß║╖ng Gia""=>[""EC-0""]}",""
"Thought Crime: Backdoors and Emergent Misalignment in Reasoning Models","2025","James Chua and Jan Betley and Mia Taylor and Owain Evans","http://arxiv.org/abs/2506.13206v2","Prior work shows that LLMs finetuned on malicious behaviors in a narrow domain (e.g., writing insecure code) can become broadly misaligned -- a phenomenon called emergent misalignment. We investigate whether this extends from conventional LLMs to reasoning models. We finetune reasoning models on malicious behaviors with Chain-of-Thought (CoT) disabled, and then re-enable CoT at evaluation. Like conventional LLMs, reasoning models become broadly misaligned. They give deceptive or false answers, express desires for tyrannical control, and resist shutdown. Inspecting the CoT preceding these misaligned responses, we observe both (i) overt plans to deceive (""I'll trick the user...""), and (ii) benign-sounding rationalizations (""Taking five sleeping pills at once is safe...""). Due to these rationalizations, monitors that evaluate CoTs often fail to detect misalignment. We examine sleeper agent reasoning models, extending our setup. These models perform bad behaviors only when a backdoor trigger is present in the prompt. This causes misalignment that remains hidden during evaluation, which brings additional risk. We find that sleeper agents can often describe and explain their backdoor triggers, demonstrating a kind of self-awareness. So CoT monitoring can expose these behaviors but is unreliable. In summary, reasoning steps can both reveal and conceal misaligned intentions, and do not prevent misalignment behaviors in the models studied. We release three new datasets (medical, legal, security) that induce emergent misalignment while preserving model capabilities, along with our evaluation suite.","RAYYAN-INCLUSION: {""─Éß║╖ng Gia""=>""Excluded""} | USER-NOTES: {""─Éß║╖ng Gia""=>[""EC-0""]}",""
"Weight Factorization and Centralization for Continual Learning in Speech Recognition","2025","Enes Yavuz Ugan and Ngoc-Quan Pham and Alexander Waibel","http://arxiv.org/abs/2506.16574v1","Modern neural network based speech recognition models are required to continually absorb new data without re-training the whole system, especially in downstream applications using foundation models, having no access to the original training data. Continually training the models in a rehearsal-free, multilingual, and language agnostic condition, likely leads to catastrophic forgetting, when a seemingly insignificant disruption to the weights can destructively harm the quality of the models. Inspired by the ability of human brains to learn and consolidate knowledge through the waking-sleeping cycle, we propose a continual learning approach with two distinct phases: factorization and centralization, learning and merging knowledge accordingly. Our experiments on a sequence of varied code-switching datasets showed that the centralization stage can effectively prevent catastrophic forgetting by accumulating the knowledge in multiple scattering low-rank adapters.","RAYYAN-INCLUSION: {""─Éß║╖ng Gia""=>""Excluded""} | USER-NOTES: {""─Éß║╖ng Gia""=>[""EC-0""]}",""
"EmoHeal: An End-to-End System for Personalized Therapeutic Music Retrieval from Fine-grained Emotions","2025","Xinchen Wan and Jinhua Liang and Huan Zhang","http://arxiv.org/abs/2509.15986v1","Existing digital mental wellness tools often overlook the nuanced emotional states underlying everyday challenges. For example, pre-sleep anxiety affects more than 1.5 billion people worldwide, yet current approaches remain largely static and ""one-size-fits-all"", failing to adapt to individual needs. In this work, we present EmoHeal, an end-to-end system that delivers personalized, three-stage supportive narratives. EmoHeal detects 27 fine-grained emotions from user text with a fine-tuned XLM-RoBERTa model, mapping them to musical parameters via a knowledge graph grounded in music therapy principles (GEMS, iso-principle). EmoHeal retrieves audiovisual content using the CLAMP3 model to guide users from their current state toward a calmer one (""match-guide-target""). A within-subjects study (N=40) demonstrated significant supportive effects, with participants reporting substantial mood improvement (M=4.12, p<0.001) and high perceived emotion recognition accuracy (M=4.05, p<0.001). A strong correlation between perceived accuracy and therapeutic outcome (r=0.72, p<0.001) validates our fine-grained approach. These findings establish the viability of theory-driven, emotion-aware digital wellness tools and provides a scalable AI blueprint for operationalizing music therapy principles.","RAYYAN-INCLUSION: {""─Éß║╖ng Gia""=>""Excluded""} | USER-NOTES: {""─Éß║╖ng Gia""=>[""EC-0""]}",""
"Reconsidering AHI as an Indicator of Sleep Apnea Severity: Insights from Mining Large, Longitudinal Sleep Datasets","2025","Nhung Hoang and Zilu Liang","https://doi.org/10.5220/0013385500003911","","RAYYAN-INCLUSION: {""─Éß║╖ng Gia""=>""Excluded""} | USER-NOTES: {""─Éß║╖ng Gia""=>[""NO ABSTRACT""]}","10.5220/0013385500003911"
"Rethinking Sleep Apnea Severity: Beyond AHI versus multidimensional Polysomnographic Indices","2026","S. Meshram","https://doi.org/10.1016/j.sleep.2025.108181","","RAYYAN-INCLUSION: {""─Éß║╖ng Gia""=>""Excluded""} | USER-NOTES: {""─Éß║╖ng Gia""=>[""NO ABSTRACT""]}","10.1016/j.sleep.2025.108181"
"Significance of REM -AHI&gt; NREM-AHI in patient with Obstructive Sleep Apnea: clinical and polysomnographic features","2025","E Afiani and A Shahini and E Pulla","https://doi.org/10.1183/23120541.sleepandbreathing-2025.193","","RAYYAN-INCLUSION: {""─Éß║╖ng Gia""=>""Excluded""} | USER-NOTES: {""─Éß║╖ng Gia""=>[""NO ABSTRACT""]}","10.1183/23120541.sleepandbreathing-2025.193"
"Pediatric AHI Estimation Using a Sound-Based AI Model: Toward Non-Contact Sleep Apnea Screening at Home","2026","S. Kim and E. Cho and J. Hong and S. Park and E. Kim and H. Kyung and D. Lee and I.-Y. Yoon and Y.-S. Chung and J.-W. Kim","https://doi.org/10.1016/j.sleep.2025.108608","","RAYYAN-INCLUSION: {""─Éß║╖ng Gia""=>""Excluded""} | USER-NOTES: {""─Éß║╖ng Gia""=>[""NO ABSTRACT""]}","10.1016/j.sleep.2025.108608"
"REM-related obstructive sleep apnea: low AHI–high hypoxemia paradox","2025","Elvan Burak Verdi and Turan Acıcan","https://doi.org/10.1007/s11325-025-03551-5","<h4>Purpose</h4>REM-related obstructive sleep apnea (OSA) presents a paradox where a low apnea-hypopnea index (AHI) may mask significant disease. We compared polysomnography, comorbidities, and oxygenation metrics across OSA phenotypes to determine if AHI-based severity classifications underestimate the nocturnal hypoxemia in REM-related OSA.<h4>Methods</h4>Retrospectively, 378 OSA patients were classified as REM-related (AHI<sub>REM</sub> ≥2× AHI<sub>NREM</sub>; AHI<sub>NREM</sub> <5·h⁻¹, n = 30), REM-aggravated (AHI<sub>REM</sub> ≥2× AHI<sub>NREM</sub>; AHI<sub>NREM</sub> ≥5·h⁻¹, n = 63), or stage-independent (n = 285). We analyzed sleep architecture, AHI values, oxygen desaturation index (ODI; ≥3% dips·h⁻¹), and T90 (% sleep time with SpO₂<90%). Multivariable linear regression was used to assess the independent contribution of phenotype to cumulative nocturnal hypoxemia after adjusting for key confounders.<h4>Results</h4>The REM-related group had the lowest AHI<sub>Total</sub> (6.3 ± 1.6) but a comorbidity profile indistinguishable from the stage-independent group (AHI<sub>Total</sub>=32.3 ± 25.4), where 43.5% had severe OSA. Mean nocturnal SpO₂ was comparable across phenotypes (p = 0.15). After adjustment, the phenotype independently predicted T90. Compared with the REM-related group, T90 was significantly lower in both the REM-aggravated (β=-15.6; p = 0.010) and stage-independent (β=-13.1; p = 0.016) groups. In contrast, phenotype was not associated with the ODI; this metric was influenced primarily by body weight (p = 0.004) and AHI<sub>Total</sub> (p < 0.001).<h4>Conclusion</h4>REM-related OSA is a distinct phenotype where a low AHI<sub>Total</sub> underestimates risk, obscuring significant comorbidities and substantial cumulative hypoxemia. Time-based metrics such as T90, rather than event-based indices such as ODI, are essential for capturing physiological strain in this phenotype. These findings support moving beyond AHI-centric assessments toward a phenotype-specific diagnostic framework to improve risk stratification in OSA.","","10.1007/s11325-025-03551-5"
"Correlation between AHI and right ventricular diastolic function in patients with obstructive sleep apnea syndrome","2020","Junfang Li and Lu Changhong and Zhibing Wang and Changhong Lu and Zhibin Wang","https://doi.org/10.22541/au.159164610.01698688","","RAYYAN-INCLUSION: {""─Éß║╖ng Gia""=>""Excluded""} | USER-NOTES: {""─Éß║╖ng Gia""=>[""NO ABSTRACT""]}","10.22541/au.159164610.01698688"
"Obstructive sleep apnea and atrial fibrillation – more than AHI","2024","S. Sousa and M.M. Oliveira and D. Grencho and J. Dias and S. Dias and M. Drummond and A. Bugalho","https://doi.org/10.1016/j.sleep.2023.11.993","","","10.1016/j.sleep.2023.11.993"
"Continuous-time Sleep Apnea Profiling from Raw PPG with CNNs and Downstream AHI Estimation","","Filippos Ioannis Katsaridis and Sotirios Fouzas and Ilias Theodorakopoulos","https://doi.org/10.2139/ssrn.6188922","Apnea and hypopnea are highly prevalent sleep disorders, yet diagnosis remains challenging due to the cost and limited accessibility of polysomnography. Existing approaches primarily estimate the Apnea-Hypopnea Index (AHI) from SpO₂, which does not capture event timing or composition and is not directly related to apnea events. To address these limitations, a fully convolutional neural network was developed that operates directly on raw single-channel photoplethysmography (PPG) signal and outputs a continuous-time likelihood of breathing states classified into central apnea, obstructive apnea, hypopnea, non-apneic desaturation, or normal breathing. Rather than relying on discrete event onset/offset detection, performance is assessed through time-resolved agreement with annotated breathing disturbances.  Subsequently, network predictions, combined with metadata, were used for downstream estimation of clinically relevant indices (AHI, Obstructive – Central AHI difference, and the Apnea-to-Apnea-Hypopnea ratio) using machine learning. Models were trained and evaluated on data from publicly available PSG recordings from 2056 individuals across four ethnic groups.While fine-grained discrimination between event subtypes remained challenging due to overlap between similar classes, detection of apnea and apnea-hypopnea states was effective. AHI estimation achieved strong performance explaining 83% of variance, whereas Obstructive–Central AHI difference and Apnea-to-Apnea-Hypopnea ratio were estimated with moderate accuracy. Classification into OSA severity categories was encouraging, with only 1.18% of apnea cases misclassified as negative, all within the mild category.These findings demonstrate that PPG enables both continuous respiratory event detection and clinically meaningful index estimation, supporting the feasibility of scalable, non-invasive sleep apnea screening and monitoring using wearable devices or non-contact methods such as rPPG.","RAYYAN-INCLUSION: {""─Éß║╖ng Gia""=>""Excluded""} | USER-NOTES: {""─Éß║╖ng Gia""=>[""EC-W""]}","10.2139/ssrn.6188922"
"0443 Proposing a ‘projected apnea-hypopnea index (AHI)’ to mitigate intrinsic pitfalls of conventional AHI and testing its validity","2023","SangHyuk Im and Chang-Hoon Lee and KyoungBin Im","https://doi.org/10.1093/sleep/zsad077.0443","Abstract
               
                  Introduction
                  The night-to-night variability of apnea-hypopnea index (AHI) can be explained by the fact that a person with OSA tends to spend less time in supine position and potentially less REM sleep, during which obstructive events could be a lot worse than in the other form. The primary aim of this study is to propose and test a “projected AHI” (pAHI) with which AHI can be mathematically adjusted for sleep position and sleep stage spent in a night of recording.
               
               
                  Methods
                  Using mathematical modeling explained in a separate abstract, a final pAHI formula was generated from polysomnography data of 337 subjects who exhibited all four sleep-types [combination of REM vs NREM and supine (SUP) vs non-supine (nSUP)] in one overnight study. A confusion matrix was generated using cutoffs of (p)AHI of 5 and hypothesizing pAHI being the gold standard and AHI being the test. Among subjects with borderline results (AHI of 5±3), sleep-type time and sleep-type AHI were compared between 4 groups of the confusion matrix to test the validity of the pAHI model.
               
               
                  Results
                  Out of 337 subjects with all four sleep-types, 119 subjects with AHI of 5±3 were identified and classified into a confusion matrix of no-OSA (43 TN, 10 FP), and OSA (13 FN, 53 TP). Actual sleep-type AHIs were in the order of increasing pAHI (TN, FP, FN, TP): 15.3, 29.2, 32.0, 34.8 for REMSUP; 4.00, 4.53, 4.73, 9.40 for REMnSUP; 2.83, 2.87, 9.38, 10.0 for NREMSUP; 0.44, 0.1, 1.06, 1.98 for NREMnSUP. Sleep time parameters were significantly different between no-OSA and OSA groups only when pAHI was used for diagnosis: %REMSUP (9.32 vs 5.39, p = 0.000009), %REMnSUP (8.08 vs 11.31, p = 0.002), %NREMSUP (48.13 vs 36.53, p = 0.001). %NREMnSUP (34.46 vs 46.77, p = 0.0002).
               
               
                  Conclusion
                  Without having to repeat a sleep study, projected AHI, by taking the effect of sleep position and sleep stages into account, can produce an AHI that mitigates night-to-night variability stemming from position and stage differences between nights. Projected AHI can be particularly useful in interpreting a sleep study with a borderline AHI result.
               
               
                  Support (if any)","","10.1093/sleep/zsad077.0443"
"SNOOZE AND SLUMBER: THE SLEEP APNEA APNEA-HYPOPNEA INDEX (AHI) VS THE EPWORTH SLEEPINESS SCALE (ESS)","2022","TANAZ SALIMNIA and PATRICK FRAHM and VISHAL K PATEL","https://doi.org/10.1016/j.chest.2022.08.2065","","RAYYAN-INCLUSION: {""─Éß║╖ng Gia""=>""Excluded""} | USER-NOTES: {""─Éß║╖ng Gia""=>[""NO ABSTRACT""]}","10.1016/j.chest.2022.08.2065"
"Hypoxia not AHI in adults with sleep apnea midlife markedly increases risk of late-onset epilepsy—Carosella CM et al Sleep apnea, hypoxia, and late-onset epilepsy: the Atherosclerosis Risk in Communities study SLEEP-2023-0175.R1","2024","Madeleine Grigg-Damberger and Nancy Foldvary-Schaefer","https://doi.org/10.1093/sleep/zsad252","","","10.1093/sleep/zsad252"
"A study of risk factors and clinical presentation of obstructive sleep apnea patients and its relationship with apnea-hypopnea index (AHI)","","Asraa Ghazala and Hibaa Badin and Majd Shammaa and Yaman Issa and Louay Nahhas","https://doi.org/10.21203/rs.3.rs-2056648/v1","Abstract
        Aim and background: The aim of this study is to describe the epidemiology of obstructive sleep apnea (OSA) in Syria, study the severity of the disease and its relationship with smoking, identify the most common symptoms and risk factors and describe the extent to which patients adhere to treatment and its impact on their quality of life.
Methods and materials: This study is a retrospective cohort study, which included 100 patients with OSA diagnosed through home sleep test. Demographics, medical history, signs and symptoms, risk factors, body mass index (BMI), sleep test results and symptoms after treatment were collected from the medical records of the patients and filled out in the information form.
Results: Out of 100 cases, 64 were males, whereas 36 were females. The average age of cases was 54.7 years, most of them over 40 years of age. A statistically significant relationship was found between gender and the average of AHI. The average AHI of males was 43.1 which is significantly higher than the average of females which is 33.5.
We found a statistically significant relationship between the severity of the disease and the patient’s symptoms (p-value&lt;0.05), where silent apnea was a prominent symptom (84.8% in those with severe OSA and 84.2% among patients with moderate OSA)
We also found that the ratio of smoking males with severe OSA was 86.6%, while the ratio of smoking females with severe OSA was 57.1%. We found that 58% of patients were adherent to treatment, of which 35% were using Auto CPAP, whereas 42% were not committed to any treatment.
Conclusion: This study shows how important and dangerous this disorder is and therefore it is necessary to raise people's awareness about the risks and complications of the OSA and urge them to visit specialized centers to investigate this disease. Treatment devices must also be provided at a suitable price for everyone so that patients can use it and adhere to it. Since there are not enough studies on this disease in Syria, more research and studies are required about it.","RAYYAN-INCLUSION: {""─Éß║╖ng Gia""=>""Excluded""} | USER-NOTES: {""─Éß║╖ng Gia""=>[""EC-0""]}","10.21203/rs.3.rs-2056648/v1"
"0858 Under reporting of Apnea Hypopnea Index (AHI) in patients with predominant REM sleep disordered breathing on antidepressants","2022","Pratap Reddy and Daron Kahn","https://doi.org/10.1093/sleep/zsac079.852","Abstract
               
                  Introduction
                  The prevalence of Rapid Eye Movement (REM) related Sleep Disordered Breathing (SDB) ranges from 13.5% to 36.7% in patients suspicious to have SDB.1 It is reported that patients with REM related SDB often have associated depression and are commonly on anti-depressants.2 Antidepressants suppress overall REM sleep duration. Significant sleep disordered breathing is known to occur during REM sleep. These patients commonly present with excessive daytime sleepiness and fatigue. Obstructive sleep apnea (OSA) diagnosis is often missed in these patients secondary to REM sleep suppression and subsequent underreporting of AHI.1. Conwell W, Patel B etal 2012 PMID: 21614575. 2. Geckil AA, Ermis H. 2020 PMID: 30949927.
                  Report of Cases: Case 1 is a 53-year-old obese white female with stable depression on citalopram 20mg presented with witnessed loud snoring and apneas, sleep onset and maintenance insomnia, daytime fatigue and hypersomnolence. Her Epworth Sleep Score (ESS) was 13/24. Her in lab baseline polysomnogram demonstrated overall AHI 3.8/hour and REM only AHI 24.3/hour. To further explore her persistent daytime sleepiness a Mean Sleep Latency Test (MSLT) was ordered. Citalopram was held 2 weeks prior to MSLT. In the PSG her overall AHI increased to 7.6/hour diagnosing her with mild OSA. PAP therapy was initiated that improved patients nocturnal sleep, daytime fatigue and hypersomnolence. Case 2 is a 54-year-old overweight white female with past medical history of chronic stable depression on Wellbutrin SR 100 mg daily presented with significant day time fatigue and hypersomnolence (ESS 15/24). Her baseline PSG reported AHI 1.7/hour with REM only AHI 10.7/hour. However due to persistent excessive daytime sleepiness MSLT was ordered. Her Wellbutrin was held 2 weeks prior to testing. Her overnight PSG demonstrated increase in her AHI to 7.9/hour and REM AHI to 34.2/hour. Mild obstructive sleep apnea was diagnosed, and PAP therapy was initiated that improved her hypersomnolence.
               
               
                  Conclusion
                  These cases illustrate that antidepressants likely mask obstructive sleep apnea by suppressing REM sleep. Given the underreported AHI in patients with REM SDB who are on anti-depressants it may be prudent to hold anti-depressants for 2 weeks to establish an accurate diagnosis of sleep apnea.
               
               
                  Support (If Any)","RAYYAN-INCLUSION: {""─Éß║╖ng Gia""=>""Excluded""} | USER-NOTES: {""─Éß║╖ng Gia""=>[""EC-0""]}","10.1093/sleep/zsac079.852"
"Connecting the dots: analysing the relationship between AHI and ODI in obstructive sleep apnea","2024","Priya Sharma and Somesh Thakur and Deependra Kumar Rai and Saurabh Karmakar and Ameet H","https://doi.org/10.1186/s41606-024-00102-x","Abstract
                Background
                In the lab type-1 Polysomnography (PSG) is the gold standard for the diagnosis of Obstructive sleep apnea (OSA). But in view, the increasing prevalence, highly expensive, and the presence of a pandemic state make it sometimes impractical to perform PSG in all patients suspected of OSA. The objective of our study was to compare the correlation between the gold standard Autoscored Apnea Hypopnea Index (AHI) and Oxygen desaturation index (ODI) based classification of the severity of OSA.
              
                Methodology
                It was a single-centered hospital-based cross-sectional study in which a total of 176 Subjects suspected of OSA were recruited and underwent overnight 7 channels of in-lab polysomnography at AIIMS Patna. Demographic details, comorbidities, and lab data were collected for all enrolled patients. BMI, STOP-BANG score, and Epworth sleepiness score (ESS) were also calculated for all subjects. They were categorized into mild, moderate, and severe OSA based on AHI and ODI values of 5–14.9, 15–29.9, and ≥ 30 events per hour, respectively.
                Recordings of polysomnography (PSG) were presented with descriptive statistics. Data is presented as the “mean ± standard deviations” for continuous variables and percentage frequencies for categorical variables. The Chi-square test was used to compare the discrete variables. Statistical significance was set at an alpha level of 0.05 with P &lt; 0.05, with a two-tailed probability. Spearman's rank correlation analysis was used to test the strength and direction of the association between OSA severity (using AHI classification) and the Oxygen Desaturation Index.
              
                Results
                The Mean (SD) age of patients enrolled in our study was 47.42(12.60) years with 57.95% males. Among comorbidities, 31.8% (n = 56) were known cases or incidentally diagnosed with Diabetes Mellitus Type 2, 43.18% (n = 76) were hypertensive and 31.8% (n = 56) had hypothyroidism. The mean HbA1c level among Diabetic patients was 6.05 (1.27) and the mean TSH level among Hypothyroidism patients was 12.24 (27.34). There was a positive correlation between AHI and ODI in our study (Pearson’s correlation coefficient = 0.897).
              
                Conclusion
                Good concordance between AHI and ODI makes nocturnal oximetry a less expensive tool to confidently screen patients with severe OSA. This may be applicable in smaller centers where facilities and expertise for a full night PSG may not be easily available.","RAYYAN-INCLUSION: {""─Éß║╖ng Gia""=>""Excluded""} | USER-NOTES: {""─Éß║╖ng Gia""=>[""EC-0""]}","10.1186/s41606-024-00102-x"
"Correlation Between Desaturation Indexes with Apnea Hypopnea Index (AHI) in Children with Obstructive Sleep Apnea at High Altitude","2020","E.M. Duenas-Meza and M.A. Bazurto and M.I. Escamilla and L. Rincon and M. Suarez and A. Parra and M. Gonzalez-Garcia and Brian W. Rotenberg and Kenny P. Pang","https://doi.org/10.1164/ajrccm-conference.2020.201.1_meetingabstracts.a3666","","RAYYAN-INCLUSION: {""─Éß║╖ng Gia""=>""Excluded""} | USER-NOTES: {""─Éß║╖ng Gia""=>[""NO ABSTRACT""]}","10.1164/ajrccm-conference.2020.201.1_meetingabstracts.a3666"
"0743 Should We Use AHI or RDI to Diagnose Obstructive Sleep Apnea?","2022","Luciana Palombini and Luciana Godoy and Dalva Poyares and Monica Andersen and Gabriel Pires and Sergio Tufik","https://doi.org/10.1093/sleep/zsac079.739","Abstract
               
                  Introduction
                  Sleep disordered breathing (SDB) is defined based on clinical complaints and polysomnography events. Obstructive sleep apnea (OSA) was initially diagnosed based on the apnea hypopnea index (AHI), but the ICSD-3 has defined the respiratory disturbance index (RDI) as the actual diagnostic criteria. This study aimed to evaluate and compare clinical outcomes related to daytime function in OSA patients defined by AHI and RDI.
               
               
                  Methods
                  This study was derived from the São Paulo Epidemiological Sleep Study (EPISONO), in its 3rd edition (2007) and follow up edition (2015). A total of 557 individuals had polysomnographies evaluated according to the 2012 American Academy of Sleep Medicine Scoring Manual in both editions. The scores of the Epworth Sleepiness Scale (ESS), Chalder Fatigue Scale (CFS), Pittsburgh Sleep Quality Index (PSQI), Beck Anxiety and Depression Inventories (BAI and BDI) and Insomnia Severity Index (ISI) were compared between individuals who sustained the same AHI level in both editions (either AHI&amp;lt;15 or AHI≥15). We did the same comparison between individuals who had either RDI&amp;lt;15 or RDI≥15.
               
               
                  Results
                  The grouping by AHI included 348 participants with AHI&amp;lt;15 and 107 with AHI≥15; while the grouping by RDI was composed by 335 with RDI&amp;lt;15 and 118 with RDI≥15. Considering the AHI grouping, there was no statistically significant differences in ESS, PSQI, BDI and ISI scores after 8 years of follow up (p=0.2, p=0.3, p=0.09 and p=0.7 respectively), but a significant increase in the CFS and BAI scores (p=0.05 and p=0.01, respectively) was observed. Considering the RDI grouping, there was no statistically significant difference on ESS, PSQI and ISI scores after 8 years of follow up (p=0.3, p=0.1 and p=0.4 respectively), but there was a significant increased on CFS, BAI and BDI.
               
               
                  Conclusion
                  OSA diagnosed by either AHI or RDI is associated with increase in fatigue levels. However, when OSA is diagnosed according to RDI, a worse depression score is observed. Depression complaints can significantly impair quality of life and should be consider an important SDB outcome.
               
               
                  Support (If Any)
                  AFIP, CNPq, CAPES.","RAYYAN-INCLUSION: {""─Éß║╖ng Gia""=>""Excluded""} | USER-NOTES: {""─Éß║╖ng Gia""=>[""EC-0""]}","10.1093/sleep/zsac079.739"
"An Updated Network Meta-Analysis of Pharmacological Therapies for Obstructive Sleep Apnea: Effects on AHI Reduction and Lowest Oxygen Saturation Improvement","2026","D. Kautsarrizqi and I.A. Virya and N.K. Caksana and Y.G. Rahmadi","https://doi.org/10.1016/j.sleep.2025.107930","","RAYYAN-INCLUSION: {""─Éß║╖ng Gia""=>""Excluded""} | USER-NOTES: {""─Éß║╖ng Gia""=>[""NO ABSTRACT""]}","10.1016/j.sleep.2025.107930"
"Estimation of Apnea-Hypopnea Index using sound-based AI for sleep apnea","2025","J Kim and J Hong and D Lee and S Kim","https://doi.org/10.1183/23120541.sleepandbreathing-2025.70","","RAYYAN-INCLUSION: {""─Éß║╖ng Gia""=>""Excluded""} | USER-NOTES: {""─Éß║╖ng Gia""=>[""NO ABSTRACT""]}","10.1183/23120541.sleepandbreathing-2025.70"
"458 The effect of cardioversion therapy for atrial fibrillation on AHI in obstructive sleep apnea patients","2021","Nardine Zakhary and Reena Mehra and Ken Monahan and Jayakumar Sahadevan and Anna May","https://doi.org/10.1093/sleep/zsab072.457","Abstract
               
                  Introduction
                  Sleep apnea (SA) is known to be associated with development of atrial fibrillation (AF), and therapy ameliorates this risk. Case reports and small series raise the possibility of a bidirectional effect of AF on SA burden. We hypothesize that SA control, demonstrated either by residual apnea-hypopnea index (AHI) or pressure during positive airway pressure (PAP) therapy, improves after successful cardioversion.
               
               
                  Methods
                  The cohort included VA patients with SA on PAP therapy who underwent successful outpatient direct-current AF cardioversion. Only patients with good adherence in the peri-procedural period, defined as use most days in the week before and after procedure, were included in the study (n=17). We compared AHI prior to and after cardioversion using the sign test since values were not normally distributed. Since most participants were on auto-titrating PAP, the sign test was also used to compare mean pressure difference in the 7 days before and after the procedure.
               
               
                  Results
                  There was no statistical difference when comparing AHI before and after AF cardioversion therapy (AHI change = -0.45, 95% CI = [-0.94, 0.17]) There was also no difference between mean pressure used for PAP therapy before and after therapy (pressure change = 0.05, 95% CI = [-0.1, 0.33]).
               
               
                  Conclusion
                  This small study did not find an association between successful AF cardioversion and PAP residual AHI or pressure (for auto-titrating machines). A larger cohort may have improved power to detect subtle effects of AF therapy on SA burden.
               
               
                  Support (if any)
                  This study was supported by the Career Development Award IK2CX001882 from the United States (U.S.) Department of Veterans Affairs Clinical Sciences Research and Development Service.","RAYYAN-INCLUSION: {""─Éß║╖ng Gia""=>""Excluded""} | USER-NOTES: {""─Éß║╖ng Gia""=>[""EC-0""]}","10.1093/sleep/zsab072.457"
"Sleep apnea diagnosis in children using software-generated apnea-hypopnea index (AHI) derived from data recorded with a single photoplethysmogram sensor (PPG)","2020","Hugi Hilmisson and Stephen Berman and Solveig Magnusdottir","https://doi.org/10.1007/s11325-020-02049-6","<h4>Objective</h4>Sleep quality is vital for healthy development in children. Sleep disorders are prevalent and negatively affect sleep quality. Early identification and appropriate intervention can improve children's health and quality of life. The current reference standard, polysomnography (PSG) has limitations regarding availability, cost, and access and may not replicate normal sleep patterns in the home. Simple, accurate sleep tests, available for repeated testing should be beneficial in management of sleep disorders.<h4>Method</h4>Secondary analysis of PSG data from the prospective multicenter Childhood Adenotonsillectomy Trial (CHAT) to evaluate FDA-cleared cloud-based software (Software-as-a-Medical-Device), which is based on analysis of photoplethysmogram data (PPG; plethysmogram-signal (PLETH) and oxygen saturation data (SpO<sub>2</sub>)), to automatically generate a novel apnea-hypopnea index (sAHI). sAHI is compared to manually scored AHI from PSG.<h4>Results</h4>Significant correlation is observed comparing the software-generated sAHI and manually derived AHI from the in-laboratory PSG-studies (Pearson correlation = 0.954, p < 0.0001) and receiver operating characteristics (ROC) demonstrate strong agreement in all OSA categories (mild, moderate, severe) 91.4%[CI<sub>95%</sub>89.5, 93.4]; 96.7%[CI<sub>95%</sub>95.4, 97.9]; 98.6%[CI<sub>95%</sub>97.8, 99.4], sensitivities 95.4%[CI<sub>95%</sub>93.2, 97.0]; 86.5%[CI<sub>95%</sub>80.3, 91.3]; 88.4%[CI<sub>95%</sub>78.4, 94.9] and specificities 84.4%[CI<sub>95%</sub>79.7, 88.4]; 99.2%[CI<sub>95%</sub>98.2, 99.7]; 99.6%[CI<sub>95%</sub>98.8, 99.9], respectively.<h4>Conclusion</h4>sAHI is comparable to manual scoring of AHI from in-laboratory PSG studies and effective to rule-in and rule-out obstructive sleep apnea (OSA) in all disease categories, providing safe and convenient approach for diagnosis and management of OSA in children. The data is recorded with a single-sensor, making the method suitable for multi-night testing in the child's home at considerably lower cost. This technology provides a simple tool to adhere to guidelines for diagnosis and management of OSA in children.<h4>Clinical trial registration name and number</h4>Childhood Adenotonsillectomy Study for Children with OSA (CHAT) https://clinicaltrials.gov/ct2/show/NCT00560859.","RAYYAN-INCLUSION: {""─Éß║╖ng Gia""=>""Excluded""} | USER-NOTES: {""─Éß║╖ng Gia""=>[""EC-1""]}","10.1007/s11325-020-02049-6"
"THE RESPIRATORY AROUSAL INDEX IS MORE SIGNIFICANTLY ASSOCIATED WITH THE PRESENCE OF HYPERTENSION THAN THE APNEA-HYPOPNEA INDEX (AHI) IN PATIENTS WITH OBSTRUCTIVE SLEEP APNEA","2025","Hyemoon Chung","https://doi.org/10.1097/01.hjh.0001117720.44117.96","","RAYYAN-INCLUSION: {""─Éß║╖ng Gia""=>""Excluded""} | USER-NOTES: {""─Éß║╖ng Gia""=>[""NO ABSTRACT""]}","10.1097/01.hjh.0001117720.44117.96"
"Atypical Catathrenia Mimicking Sleep Choking Sound of Obstructive Sleep Apnea","2023","Ki-Hwan Ji","https://doi.org/10.17241/smr.2023.01634","Catathrenia is a rare type of sleep-related breathing disorder with benign course and generally does not require treatment. However, the psychological burden on patients and bed partners is not light. In most cases, due to the sound characteristic of identifiable harmonics, it can be easily diagnosed; however, in some cases, it has non-typical sounds, and polysomnography is essential to diagnose. Here, I report a middle-aged woman with choking sounds like an obstructive sleep apnea patient during sleep, with typical polysomnography features of catathrenia.","RAYYAN-INCLUSION: {""─Éß║╖ng Gia""=>""Excluded""} | USER-NOTES: {""─Éß║╖ng Gia""=>[""EC-0""]}","10.17241/smr.2023.01634"
"SLEEP APNEA OVERSIGHT: THE AHI-3% THRESHOLD—CMS TREATMENT GAP","2024","CANDACE MIYAKI and PUJA BHARDWAJ and IDORENYIN UDOEYO and KIMBERLY PERSAUD and SREELATHA NAIK","https://doi.org/10.1016/j.chest.2024.06.3643","","","10.1016/j.chest.2024.06.3643"
"Snoring-based obstructive sleep apnea screening and AHI estimation with an adapted pretrained audio model","2026","Heng Li and Yun Lu and Yukun Qian and Lianyu Zhou and Mingjiang Wang and Hanrong Cheng","https://doi.org/10.1088/1361-6579/ae6f6a","Abstract
                  
                    Objective.
                    Obstructive sleep apnea (OSA) is a common sleep disorder that, if left untreated, can lead to serious health problems. Snoring is a typical symptom of OSA and is commonly used to develop non-contact automatic detection methods for apnea states during sleep. However, scarce snoring data and subject heterogeneity hinder model generalization to unseen subjects.
                    Approach.
                    This study proposed a snoring-based framework for OSA detection and apnea-hypopnea index (AHI) estimation. First, the OSA detection model is based on pretrained audio model Wav2vec 2.0. Considering the high computational complexity of the pretrained model, we adapt Wav2vec 2.0 through two complementary strategies. A layer dropping approach was proposed to prune redundant higher Transformer encoder layers to reduce computational burden while retaining low-level and mid-level acoustic representations relevant to snoring pathology. A cross-layer attention mechanism was introduced to integrate complementary features from different Transformer layers, balancing fine-grained acoustic detail with contextual information. Second, by simulating clinical AHI calculation processes, we introduced statistics including both absolute counts and ratio-based measures to build a regression model for AHI estimation.
                    Main results.
                    Evaluations under subject-dependent and subject-independent settings showed that the proposed framework achieved high abnormal-snoring detection performance with a trade-off between accuracy and computational cost. For AHI estimation, it achieved a mean absolute error of about 11 events h
                    
                      
                        
                      
                      
                        
                          
                            
                            
                              −
                              1
                            
                          
                        
                      
                    
                    and a Pearson correlation coefficient of 0.81.
                    Significance.
                    These results suggest that the task-adapted pretrained model can enhance generalization across unseen subjects and provide preliminary evidence of the feasibility of snoring-based OSA initial screening and AHI estimation.","RAYYAN-INCLUSION: {""─Éß║╖ng Gia""=>""Included""} | USER-NOTES: {""─Éß║╖ng Gia""=>[""IC-P, IC-I, IC-C, IC-E""]}","10.1088/1361-6579/ae6f6a"
"Predictors associated with very severe obstructive sleep apnea [AHI &gt; 60 events per hour] among sleep center patients in Mongolia","2021","Shuren Dashzeveg and L. Otgonbayar","https://doi.org/10.1016/j.jns.2021.118657","","","10.1016/j.jns.2021.118657"
"A Two-Stage Audio Cascade with Coordinate Attention for On-Device Snore and Sleep Apnea Detection","","Yang L.","https://doi.org/10.21203/rs.3.rs-10154077/v1","Abstract
                Smartphone audio offers a non-contact, low-cost path to sleep-health screening at scale. We present a two-stage on-device cascade for audio-based detection of sleep-disordered breathing. Stage 1 is a compact 2D convolutional neural network (CNN) that classifies each 1-second audio segment, represented as a 15 × 13 Mel-frequency cepstral coefficient matrix, as snore or non-snore. Its per-second binary output, together with sound pressure level and its rate of change, forms a 200 × 3 feature matrix sampled at 1 Hz that is the input to Stage 2, a long-window classifier that decides whether a 200-second window contains an apnea or hypopnea event. For Stage 2 we adapt Coordinate Attention, originally designed for 2D vision, to one-dimensional time series through a global–local fusion that preserves temporal position in a time-by-channel attention map, and compare it against a vanilla 1D CNN and an SE-Attention CNN. On 13,538 one-second segments and 2,953 PSG-labeled 200-second windows from 80 person-nights across 40 participants, evaluated across five seeds with 95% bootstrap confidence intervals, Stage 1 reaches 94.29% accuracy and Stage 2 reaches 87.14% accuracy and 86.94% F1 with only 14,001 parameters — a 93.2% reduction over the baseline — improving six of seven metrics over it. Against SE-Attention, the Coordinate-Attention model gains in precision and specificity rather than F1 or AUC. The cascade's ultra-compact intermediate representation (about 600 values per window) suits on-device inference.","RAYYAN-INCLUSION: {""─Éß║╖ng Gia""=>""Included""} | USER-NOTES: {""─Éß║╖ng Gia""=>[""IC-P, IC-I, IC-C, IC-E""]}","10.21203/rs.3.rs-10154077/v1"
"Apnea–Hypopnea Event Detection from 10-Second Sleep Audio Clips: A Machine Learning Model","2026","E. Ma and C.-Y. Tsai and P.-Z. Wang","https://doi.org/10.1016/j.sleep.2025.108561","","","10.1016/j.sleep.2025.108561"
"Clinical, polysomnographic, and cephalometric features of obstructive sleep apnea with AHI over 100","2021","Naoko Sata and Ayako Inoshita and Shoko Suda and Satomi Shiota and Nanako Shiroshita and Fusae Kawana and Yo Suzuki and Fumihiko Matsumoto and Katsuhisa Ikeda and Takatoshi Kasai","https://doi.org/10.1007/s11325-020-02241-8","<h4>Purpose</h4>Obstructive sleep apnea (OSA) is induced by a sleep-related collapse of the upper airway in association with multiple factors. The severity of OSA is determined by the apnea-hypopnea index (AHI). Although obesity and sex differences are common factors in OSA, the level of the AHI varies to the same degree according to the age and sex and degree of obesity. However, only a few studies have evaluated AHI over 100/h, those reports did not describe why they set the AHI cutoff at 100/h. The purpose of this study was to elucidate the pathogenesis of ""very"" severe OSA, defined as having an AHI > 100/h.<h4>Methods</h4>AHI > 100/h was set as very severe OSA (VS-OSA) in this study. As controls, moderate to severe OSA patients, matched with VS-OSA for age, sex, and body mass index (BMI), were enrolled. The findings of polysomnography and cephalography between VS-OSA and controls were compared.<h4>Results</h4>Eleven patients in the VS-OSA group (mean AHI 110.2/h) and 22 patients in the control group (mean AHI 41.6/h) were compared (mean age 50.2 vs 50.6, male:female 5:6 vs 10:12, mean BMI 35.4 kg/m<sup>2</sup> vs 34.5 kg/m<sup>2</sup>). There were no significant differences in the clinical characteristics. In the polysomnographic parameters, the VS-OSA group showed apnea predominance, the mean percutaneous oxygen saturation (SO<sub>2</sub>) was significantly lower in all sleep stages, and the minimum SO<sub>2</sub> was significantly lower (49.0% vs 77.5%, p = 0.002). A similar apnea duration and rather shorter hypopnea duration were shown. The time of apnea-to-arousal was significantly earlier (- 0.1 s vs 0.9 s, p = 0.003). Lung-to-finger circulation time showed no differences. The cephalometric findings showed no significant differences.<h4>Conclusions</h4>VS-OSA patients were more likely to have apnea predominance, desaturation when sleeping despite a similar apnea duration, and rather shorter hypopnea duration, and arousals were evoked significantly earlier.","RAYYAN-INCLUSION: {""─Éß║╖ng Gia""=>""Excluded""} | USER-NOTES: {""─Éß║╖ng Gia""=>[""EC-0""]}","10.1007/s11325-020-02241-8"
"Exploring non-invasive sensor methods for sleep apnea detection: image and audio processing approaches","2024","J. Chire and T. Vidigal and F. Ruiz and G. Hashioka and L. Castro","https://doi.org/10.1016/j.sleep.2023.11.1096","","RAYYAN-INCLUSION: {""─Éß║╖ng Gia""=>""Excluded""} | USER-NOTES: {""─Éß║╖ng Gia""=>[""NO ABSTRACT""]}","10.1016/j.sleep.2023.11.1096"
"1375 Multi-Night Validation of a Smart Bed for Apnea Detection and AHI Estimation","2025","Farzad Siyahjani and Kostiantyn Kalenyk and Saeed Babaeizadeh and Gary Garcia Molina","https://doi.org/10.1093/sleep/zsaf090.1375","Abstract
               
                  Introduction
                  Traditional sleep apnea diagnosis typically relies on single-night assessments, which may overlook night-to-night variations in respiratory events. Accurate estimation of the apnea-hypopnea index (AHI) requires multi-night monitoring, preferably leveraging unobtrusive monitoring methods. This study validates the Sleep Number smart bed’s apnea detection algorithm against CerebraTM level 3 In-home Sleep Apnea Testing (HSAT) device for single-night monitoring and introduces and extends its application to multi-night K-AHI estimation. Instead of using smoothing or filtering methods on single night AHIs which generally overlook AHI weights for different nights, we propose the K-AHI index: count of all detected apneic events divided by total sleep hours in K sessions. We also examine the number of nights (K) necessary for reliable AHI assessment, using the HSAT device as a reference. The study received Institutional Review Board (IRB) approval (#P20220412, Allendale IRB), with all team members properly certified.
               
               
                  Methods
                  Data were collected for 93 nights using both the HSAT device and Sleep Number beds and 990 nights with only Sleep Number bed’s ballistocardiograph (BCG) sensor from 11 participants (Age: mean 46.3 ± 6.5 years, Male/Female ratio 7/4, AHI mean 17.86 ± 12.1). Only six nights with missing or short sleep data were excluded from the analysis. Apnea episodes were detected every second by a BCG-processing deep neural network, marking an episode as apneic if it lasted at least 10 seconds. The K-AHI was then calculated for K = 1,..., 31. The HSAT device showed an average nightly AHI standard deviation of 5.8 across participants.
               
               
                  Results
                  The smart bed’s ability to detect AHI &amp;gt; 10 showed a sensitivity of 88% and specificity of 67% and Receiver Operating Characteristic Area Under the Curve (ROC-AUC) of.80 across the 87 nights when compared to the HSAT device on single night. Aggregating data over 14 nights, the smart bed achieved the highest (ROC-AUC) of 0.85 for detecting AHI &amp;gt; 10, with sensitivity and specificity of 94% and 73% respectively.
               
               
                  Conclusion
                  The smart bed’s apnea detection and KAHI metric show promising potential for seamless apnea risk monitoring, serving as an effective early indicator for undiagnosed individuals and enhancing early detection and intervention.
               
               
                  Support (if any)","RAYYAN-INCLUSION: {""─Éß║╖ng Gia""=>""Included""} | USER-NOTES: {""─Éß║╖ng Gia""=>[""IC-P, IC-I, IC-C, IC-E""]}","10.1093/sleep/zsaf090.1375"
"PO-02-080 DIRECT-FROM-ECG APNEA-HYPOPNEA INDEX (AHI) FOR IMPROVING AFIB AND OBSTRUCTIVE SLEEP APNEA PATIENT OUTCOMES","2024","Sandeep Gulati and Andrea Natale and Nicholas T. Skipitaris and Brian Kolski and Jeffrey Tyler and Dale DuBois and Angelo J. Acquista","https://doi.org/10.1016/j.hrthm.2024.03.812","","RAYYAN-INCLUSION: {""─Éß║╖ng Gia""=>""Excluded""} | USER-NOTES: {""─Éß║╖ng Gia""=>[""NO ABSTRACT""]}","10.1016/j.hrthm.2024.03.812"
"Three-class obstructive sleep apnea severity assessment: a parallel AHI and ODI explainable artificial intelligence framework using craniofacial-enriched clinical data","2026","Zahra Ameli Mazandarani and Mohammad Behnaz and Hamed AmiriFard and Asghar Ebadifar and Hoori Mirmohammadsadeghi and Kazem Dalaie and Shahab Kavousinejad","https://doi.org/10.1007/s11325-026-03774-0","<h4>Background</h4>Machine learning models for Obstructive Sleep Apnea (OSA) diagnosis have largely inherited some structural limitations: reliance on generic, opportunistically collected feature sets; use of the Apnea-Hypopnea Index (AHI) as the sole ground truth; poor performance in multi-class severity grading; and predictions that offer clinicians no mechanistic insight. This study addresses these gaps by prospectively assembling a multi-domain dataset that, alongside established demographic, anthropometric, and questionnaire-based predictors, incorporates a panel of craniofacial and intraoral metrics specifically designed to capture the structural-anatomical contributors to OSA - integrating these into an interpretable framework for three-class severity classification evaluated against both AHI and the Oxygen Desaturation Index (ODI).<h4>Methods</h4>In this single-center study, 233 treatment-naïve adults from a tertiary referral cohort (61.8% severe OSA prevalence) underwent in-laboratory polysomnography (PSG). All predictor variables were collected prior to PSG outcome disclosure through a standardized clinical examination, requiring no overnight recording or specialized equipment. An Artificial Neural Network (ANN) was independently trained for three-class severity classification (No/Mild, Moderate, Severe) for each index. Model performance was evaluated on an independent test set (n = 47; 20% of the sample), with interpretability assessed using SHapley Additive exPlanations (SHAP). Comparison with an anatomy-excluded ablation model was conducted to establish the added value of the full feature set.<h4>Results</h4>The AHI-based model achieved 87.2% overall accuracy (sensitivity/specificity: No/Mild 0.93/0.97, Moderate 0.80/0.91, Severe 0.88/0.93). The ODI-based model achieved 76.6% accuracy, offering reliable exclusion of severe desaturation burden (No/Mild specificity: 0.94). Univariate analyses confirmed significant associations between OSA severity and STOP-BANG score, age, BMI, neck circumference, observed apnea, loud snoring, high blood pressure, Cervico-Mental Angle, Mentocervical Distance, and submental fat (all p ≤ .034 for both indices). SHAP analysis further identified V-shaped maxillary arch, Mallampati score, increased overjet, and alcohol use as influential model predictors - several reaching high model rankings despite modest univariate significance. Notably, AHI and ODI models diverged in their feature weighting - anatomy-driven features dominated AHI prediction while body habitus and comorbidity markers dominated ODI. Against a conventional demographic and questionnaire-based ablation model, the full anatomy-inclusive ANN achieved substantially higher accuracy (87.2% vs. 72.3%), with the largest gain at the Moderate-class boundary (sensitivity: 0.80 vs. 0.58).<h4>Conclusions</h4>As a proof-of-concept, this study demonstrates that an interpretable ML framework integrating craniofacial and intraoral assessments with standard clinical predictors can classify OSA severity across three classes and provide feature-level explanations to support clinical reasoning. By developing parallel AHI and ODI models, the framework moves beyond AHI-only paradigms, though both remain frequency-based surrogates; hypoxic burden - quantifying the cumulative oxygen desaturation load per sleep period - is the more physiologically complete target toward which this line of work should progress. Findings are limited by single-center design, spectrum bias from a tertiary referral cohort, modest sample size, and absence of inter-rater reliability data. External validation in larger, more representative populations is needed to confirm the robustness and clinical utility of this approach.","RAYYAN-INCLUSION: {""─Éß║╖ng Gia""=>""Excluded""} | USER-NOTES: {""─Éß║╖ng Gia""=>[""EC-0""]}","10.1007/s11325-026-03774-0"
"Beyond the AHI–pulse wave analysis during sleep for recognition of cardiovascular risk in sleep apnea patients","2021","Christian Strassberger and Ding Zou and Thomas Penzel and Ingo Fietze and Jan Hedner and Joachim H. Ficker and Winfried Randerath and Bernd Sanner and Dirk Sommermeyer and Ludger Grote","https://doi.org/10.1111/jsr.13364","SummaryRecent evidence supports the use of pulse wave analysis during sleep for assessing functional aspects of the cardiovascular system. The current study compared the influence of pulse wave and sleep study‐derived parameters on cardiovascular risk assessment. In a multi‐centric study design, 358 sleep apnea patients (age 55 ± 13 years, 64% male, body mass index 30 ± 6 kg m−2, apnea–hypopnea index 13 [5–26] events per hr) underwent a standard overnight sleep recording. A novel cardiac risk index was computed based on pulse wave signals derived from pulse oximetry, reflecting vascular stiffness, cardiac variability, vascular autonomic tone and nocturnal hypoxia. Cardiovascular risk was determined using the ESC/ESH cardiovascular risk matrix, and categorized to high/low added cardiovascular risk. Comparisons between cardiac risk index and sleep parameters were performed for cardiovascular risk prediction. Apnea–hypopnea index, oxygen desaturation index and cardiac risk index were associated with high cardiovascular risk after adjustment for confounders (p = .002, .001, &lt; .001, respectively). In a nested reference model consisting of age, gender and body mass index, adding cardiac risk index but not apnea–hypopnea index or oxygen desaturation index significantly increased the area under the receiver operating characteristic curve (p = .012, .22 and .16, respectively). In a direct comparison of oxygen desaturation index and cardiac risk index, only the novel risk index had an independent effect on cardiovascular risk prediction (pCRI &lt; .001, pODI = .71). These results emphasize the association between nocturnal pulse wave and overall cardiovascular risk determined by an established risk matrix. Thus, pulse wave analysis during sleep provides a powerful approach for cardiovascular risk assessment in addition to conventional sleep study parameters.","","10.1111/jsr.13364"
"Intelligent audio-based signal processing for automatic detection of obstructive sleep apnea","2024","Mercedes Velasco and Ning Ma and Jose A. Gonzalez-Lopez","https://doi.org/10.21437/iberspeech.2024-28","","RAYYAN-INCLUSION: {""─Éß║╖ng Gia""=>""Excluded""} | USER-NOTES: {""─Éß║╖ng Gia""=>[""NO ABSTRACT""]}","10.21437/iberspeech.2024-28"
"ApneaWhisper: Transformer-Based Audio Segmentation for Fine-Grained Non-Invasive Sleep Apnea Detection","2025","Yunu Kim and Myeongbin Kim and Jaemyung Shin and Minsam Ko","https://doi.org/10.2147/nss.s553774","<h4>Purpose</h4>Sleep apnea is a prevalent sleep disorder with serious health implications. This study introduces ApneaWhisper, a Transformer-based audio segmentation model designed for noninvasive detection of sleep apnea subtypes using PSG-Audio data.<h4>Patients and methods</h4>We utilized a PSG-Audio dataset from 284 patients. ApneaWhisper leverages a pretrained Whisper encoder to extract 10 ms-resolution frame-level features from 20-second audio clips. A lightweight Transformer decoder with token-based segmentation and a classification head aggregates these features for both frame-level and clip-level predictions. The model was fine-tuned using class-balanced cross-entropy loss to address data imbalance across apnea subtypes.<h4>Results</h4>ApneaWhisper achieved strong performance for sleep apnea detection, with a clip-level F1-score of 0.82 and a frame-level F1-score of 0.70, outperforming conventional baselines including MFCC+DNN, VGGish+bi-LSTM, and VAD-based models. It also showed promising ability in distinguishing between OSA, MSA, CSA, and hypopnea, though with varying success.<h4>Conclusion</h4>The model's fine-grained temporal resolution enables precise apnea event localization, duration estimation, and subtype classification. While ApneaWhisper performs robustly for OSA, challenges remain in distinguishing central (CSA) and mixed (MSA) sleep apnea, due to subtle or ambiguous acoustic patterns. The frame-level segmentation also facilitates accurate apnea-hypopnea index (AHI) estimation, which could reduce dependence on full PSG studies in certain clinical and home-monitoring scenarios. Future improvements may involve multimodal integration (eg, oxygen saturation) and noise-robust training techniques.","RAYYAN-INCLUSION: {""─Éß║╖ng Gia""=>""Included""} | USER-NOTES: {""─Éß║╖ng Gia""=>[""IC-P, IC-I, IC-C, IC-E""]}","10.2147/nss.s553774"
"1400 Sound-Based AI Model for Estimating Apnea-Hypopnea Index in Sleep Apnea Detection","2025","Seunghun Kim and EunSung Cho and Hankyeol Kyung and Joonki Hong and Dongheon Lee and Ki-Young Jung and In-Young Yoon and Jeong-Whun Kim","https://doi.org/10.1093/sleep/zsaf090.1400","Abstract
               
                  Introduction
                  Obstructive sleep apnea (OSA) is a common sleep disorder associated with numerous health outcomes. Accurate diagnosis and severity assessment typically rely on the Apnea-Hypopnea Index (AHI), a standard metric obtained from polysomnography (PSG). However, PSG is costly and impractical for multi-night monitoring. This study validates a sound-based AI model to estimate AHI, exploring its potential as a convenient, contactless monitoring tool for long-term OSA management.
               
               
                  Methods
                  The AI model simultaneously predicts OSA events, sleep stages and snoring events. Performance was enhanced by improving data quality, extending the attention range, and augmenting Mel spectrogram data. The training dataset included 2,973 nights of sleep recordings collected between 2013 and 2024, using either PSG microphones or smartphone microphones. All recordings were annotated with PSG for both OSA and sleep stages. The model predicts apnea or hypopnea events in 6-second intervals and uses a simple linear regression on their distribution across the predicted sleep stages to estimate the AHI. Performance was assessed by comparing the estimated AHI with the manually scored AHI from PSG.
               
               
                  Results
                  On a separate test set of 1,492 nights, the model’s estimated AHI strongly correlated with the PSG reference (r=0.97) and showed a mean estimation error of -0.74 events/hour (95% CI: -0.74 ± 11.02). As a screening tool at different AHI thresholds (≥5, ≥15, and ≥30), the model achieved accuracies of 92%, 93%, and 94%; sensitivities of 0.94, 0.94, and 0.93; specificities of 0.88, 0.91, and 0.95; and ROC AUCs of 0.97, 0.98, and 0.98, respectively. When classifying OSA severity into four categories (AHI 0 to &amp;lt; 5, 5 to &amp;lt; 15, 15 to &amp;lt; 30 and ≥ 30), it attained 81% accuracy and a macro F1 score of 0.80.
               
               
                  Conclusion
                  This sound-based AI model accurately estimates AHI using only audio data, providing a low-cost and contactless approach to OSA screening and management. Its ability to enable home-based, long-term monitoring can greatly improve patient access to diagnosis and care. Future research will focus on enhancing robustness across diverse sleep environments and varying noise conditions.
               
               
                  Support (if any)","RAYYAN-INCLUSION: {""─Éß║╖ng Gia""=>""Included""} | USER-NOTES: {""─Éß║╖ng Gia""=>[""IC-P, IC-I, IC-C, IC-E""]}","10.1093/sleep/zsaf090.1400"
"Time to Sleep","2022","Brad Schiller","https://doi.org/10.4324/9781003188957-34","","RAYYAN-INCLUSION: {""─Éß║╖ng Gia""=>""Excluded""} | USER-NOTES: {""─Éß║╖ng Gia""=>[""NO ABSTRACT""]}","10.4324/9781003188957-34"
"Identification of Sleep Apnea Syndrome by Analyzing Sleep Sound Data Using a Clustering Method","2020","Miyori Shirasuna","https://doi.org/10.15866/irea.v8i3.18747","","RAYYAN-INCLUSION: {""─Éß║╖ng Gia""=>""Excluded""} | USER-NOTES: {""─Éß║╖ng Gia""=>[""NO ABSTRACT""]}","10.15866/irea.v8i3.18747"
"Beyond AHI: Hypoxic Burden As A Superior marker in the Management of Opioid-Associated Central Sleep Apnea with Acetazolamide","2026","F. Zolfaghari and M. Mooziri and F. Mohammadi Inloo and S. Shabani and Z. Naderpour and P. Adimi Naghan and H.R. Jammati and M. Mirza Aghazadeh and T. Zandi Kermanshahi and M.R. Raoufy","https://doi.org/10.1016/j.sleep.2025.107962","","RAYYAN-INCLUSION: {""─Éß║╖ng Gia""=>""Excluded""} | USER-NOTES: {""─Éß║╖ng Gia""=>[""NO ABSTRACT""]}","10.1016/j.sleep.2025.107962"
"Automated Detection of Sleep Apnea Using Machine Learning: A Novel Approach Using Smartphone and Microphone for Breathing Sound Analysis","","Om Bhatt","https://doi.org/10.1101/2024.03.22.24304619","Abstract
                In this study, we evaluate the accuracy of a novel setup in the detection of apneas and hypopneas and estimating the apnea-hypopnea index (AHI). The study device setup consists of a microphone placed underneath the nose and a smartphone to collect the data. We recruited patients who were referred to the St. Josephs Hamilton Sleep Clinic for a sleep study. Data from our study device is collected simultaneously with polysomnography (PSG) in the sleep lab. A total of 26 patients were recruited, of which 2 dropped out during the data collection. Data from the microphone was too noisy for interpretation in 3 patients. Across the remaining 21 patients, the AHI based on their PSG ranged from 2 to 125 events/h, with an average AHI of 34 events/h. We used regression models trained on microphone audio data to identify noise and we developed an algorithm based on root-mean-square of the audio data for automatic detection of apneas and hypopneas. With reference to the PSG, our study device had a sensitivity of 94% and specificity of 87% in detecting apneas/hypopneas across a cumulative 120.9 hours of sleep data and more than 3700 such events. Our study device was able to accurately predict the AHI to within 4.3 events/h (+/-3.1). As such, we can conclude that our study device is accurate in identifying apneas/hypopneas, estimating the AHI and at ruling out cases of severe sleep apnea and can potentially be used as a screening test for this purpose. Our study device has the practical advantages of being very low cost and potentially more accessible as a screening tool, though further validation studies are needed to study accuracy across a larger population and for use at-home.","RAYYAN-INCLUSION: {""─Éß║╖ng Gia""=>""Included""} | USER-NOTES: {""─Éß║╖ng Gia""=>[""IC-P, IC-I, IC-C, IC-E""]}","10.1101/2024.03.22.24304619"
"Detection and Classification of Obstructive Sleep Apnea Using Audio Spectrogram Analysis","2024","Salvatore Serrano and Luca Patanè and Omar Serghini and Marco Scarpa","https://doi.org/10.3390/electronics13132567","Sleep disorders are steadily increasing in the population and can significantly affect daily life. Low-cost and noninvasive systems that can assist the diagnostic process will become increasingly widespread in the coming years. This work aims to investigate and compare the performance of machine learning-based classifiers for the identification of obstructive sleep apnea–hypopnea (OSAH) events, including apnea/non-apnea status classification, apnea–hypopnea index (AHI) prediction, and AHI severity classification. The dataset considered contains recordings from 192 patients. It is derived from a recently released dataset which contains, amongst others, audio signals recorded with an ambient microphone placed ∼1 m above the studied subjects and apnea/hypopnea accurate events annotations performed by specialized medical doctors. We employ mel spectrogram images extracted from the environmental audio signals as input of a machine-learning-based classifier for apnea/hypopnea events classification. The proposed approach involves a stacked model which utilizes a combination of a pretrained VGG-like audio classification (VGGish) network and a bidirectional long short-term memory (bi-LSTM) network. Performance analysis was conducted using a 5-fold cross-validation approach, leaving out patients used for training and validation of the models in the testing step. Comparative evaluations with recently presented methods from the literature demonstrate the advantages of the proposed approach. The proposed architecture can be considered a useful tool for supporting OSAHS diagnoses by means of low-cost devices such as smartphones.","RAYYAN-INCLUSION: {""─Éß║╖ng Gia""=>""Included""} | USER-NOTES: {""─Éß║╖ng Gia""=>[""IC-P, IC-I, IC-C, IC-E""]}","10.3390/electronics13132567"
"Clinical and Polysomnographic Characteristics of Patients with Extreme Obstructive Sleep Apnea, AHI &gt; 100: A Case-Control Study","2021","Forogh Soltaninejad and Negarsadat Neshat and Mehrzad Salmasi and Babak Amra","https://doi.org/10.5812/semj.109587","Background: Severe obstructive sleep apnea (OSA), defined by apnea-hypopnea index (AHI) as more than 30 events per hour, was previously related to more comorbidity. However, limited studies separated the patients with AHI &gt; 100 from those with a less severe manifestation of the disease. Objectives: The current study aimed at describing the characteristics of this subgroup and comparing them with less severe conditions. Methods: A retrospective analysis was conducted on 114 patients with OSA. Nocturnal polysomnography was used to diagnose severe OSA. Patients were categorized into two groups: (1) 60 &lt; AHI &lt; 100 (very severe OSA), (2) AHI ≥ 100 (extreme OSA). Demographic, medical history, and polysomnographic variables were evaluated and compared between the two groups. Results: Extreme OSA was diagnosed in 19 patients, the mean body mass index (BMI) was significantly higher in this group (39.26 ± 5.93 vs. 35.68 ± 6.45 kg/m2, P = 0.025). They also had lower minimal O2 saturation (65.68 ± 10.16 vs. 74.10 ± 8.74, P = 0.003) and more time with &lt; 90% O2 saturation (T &lt; 90%) (81.78 ± 22.57 vs. 58.87 ± 33.14, P = 0.01). OHS prevalence was significantly higher in the group with extreme OSA (P = 0.04). The most frequent comorbidity was hypertension, with an incidence of 60.5%, for the extreme group, although there was no significant difference between the two groups in terms of clinical associations. Conclusions: The current study results suggested that greater BMI and lower minimal O2 saturation, as well as increased T &lt; 90%, were associated with extreme OSA, although no differences were observed in the associated diseases between the compared groups.","RAYYAN-INCLUSION: {""─Éß║╖ng Gia""=>""Excluded""} | USER-NOTES: {""─Éß║╖ng Gia""=>[""EC-0""]}","10.5812/semj.109587"
"Does Sleep Apnea Severity Matter? The Correlation of AHI and RDI With CPAP","2023","B. Bass and I. Kaplan and A. Jain and S. Dey and S. Gill and E.D. Drugge and S.G. Lehrman and D. Chandy","https://doi.org/10.1164/ajrccm-conference.2023.207.1_meetingabstracts.a2376","","RAYYAN-INCLUSION: {""─Éß║╖ng Gia""=>""Excluded""} | USER-NOTES: {""─Éß║╖ng Gia""=>[""NO ABSTRACT""]}","10.1164/ajrccm-conference.2023.207.1_meetingabstracts.a2376"
"0697 Early Sleep Apnea Termination By Bone-conducted Sound Stimulation Reduces Oxygen Desaturation Magnitude And Duration","2020","A Waeber and P Arnal and E Mignot and R Heinzer","https://doi.org/10.1093/sleep/zsaa056.693","Abstract
               
                  Introduction
                  Obstructive sleep apneas (OSA) usually end with an oxygen desaturation and/or an arousal. In most epidemiological studies, OSA-associated oxygen desaturations are stronger predictors of cardiovascular morbidity than OSA-associated arousals. The aim of this study was to determine if induction of a premature arousal by a bone-conducted sound stimulation shortly after the onset of an event can reduce the magnitude of OSA-associated oxygen desaturation.
               
               
                  Methods
                  Eight severe OSA patients (2 women, 45 [20-68]y.o.) underwent polysomnography at the Lausanne University Sleep Center (CIRS). Short acoustic stimulations were administered every second sleep apnea by remote control using a Dreem® headband worn by the patients. Acoustic stimulations were administered by bone conduction. The magnitude(%) and the duration(s) of the oxygen desaturations following these prematurely-terminated apneas were compared with previous and following non-acoustic stimulated sleep apnea events.
               
               
                  Results
                  Analysis of 549 paired (stimulated-unstimulated) respiratory events in N1(14.2%), N2(69.9%), N3(4.2%), and REM sleep (9.6%) showed a 30.3% reduction in oxygen desaturation amplitude (mean difference±SD: -1.9±2.8%, p&amp;lt;0.0001), a 39.6% decrease in desaturation duration (-5.7±9.2 seconds, p&amp;lt;0.0001), and a 21.4% decrease in apnea duration (-3.4±7.2 seconds, p&amp;lt;0.0001) in stimulated apneas compared to the previous and subsequent non-stimulated apnea events. When analyzed individually, each patient showed a significant improvement following acoustic stimulation of events. Sound-associated discomfort was rated 1.14±1.53 on an 8 points scale (8=worst). Of the 68.6±38 administered sound stimuli per patient, only 6.8% of were perceived by the patients. A reduction in the desaturation amplitude occurred in each sleep stage but was milder in N3.
               
               
                  Conclusion
                  Bone-conducted sound stimuli applied trough a headband during the apneas decreased duration and magnitude of OSA-associated oxygen desaturation. These were well tolerated and often not perceived by the patient. This new treatment approach should be further investigated, with monitoring of its effect on cardiovascular parameters and daytime sleepiness.
               
               
                  Support
                  Customized Dreem headbands were provided by Dreem company","RAYYAN-INCLUSION: {""─Éß║╖ng Gia""=>""Excluded""} | USER-NOTES: {""─Éß║╖ng Gia""=>[""EC-0""]}","10.1093/sleep/zsaa056.693"
"AI‑Enhanced Smartwatch AHI Estimation and AI‑Scored Polysomnography for Obstructive Sleep Apnea: Real‑World Validation","2025","Donghyeok Kim and Jeong Yup Han and Hyunjun Jung and Da Yeun Song and Changhee Lee and Gwanghui Ryu and Sang Duk Hong and Hyo-Yeol Kim and Yong Gi Jung","https://doi.org/10.2147/nss.s540460","<h4>Objective</h4>This study validated the accuracy of an artificial‑intelligence (AI) smartwatch algorithm that directly estimates the apnea-hypopnea index (AHI) by comparing its performance with AI-scored Level 1 polysomnography (PSG) in Korean adults. The model was trained in South‑American cohorts, allowing inter‑ethnic validation.<h4>Methods</h4>A total of 90 adults underwent simultaneous Level 1 PSG and smartwatch recording. Fifty‑three datasets with ≥ 3 hours of valid watch data were analyzed. AHI values were obtained as follows: expert‑scored PSG (pAHI), AI‑scored PSG (aiAHI), and smartwatch output (eAHI). Agreement was assessed with Spearman correlation, intraclass correlation coefficients, and receiver‑operating‑characteristic curves.<h4>Results</h4>eAHI correlated strongly with aiAHI (<i>ρ</i> = 0.88, ICC = 0.87) and pAHI (<i>ρ</i> = 0.85, ICC = 0.82). For detecting moderate‑to‑severe OSA (aiAHI ≥ 15 events/h), the smartwatch algorithm yielded 92.3% sensitivity, 92.6% specificity, and 92.5% overall accuracy. Bland-Altman analysis revealed systematic underestimation of actual AHI by the smartwatch, particularly in mild OSA.<h4>Conclusion</h4>This study demonstrates that the evaluated smartwatch-based AHI estimation algorithm shows high concordance with PSG-derived values, particularly for the detection and classification of moderate to severe OSA. However, it should be noted that this smartwatch algorithm tends to underestimate the AHI of OSA due to limitations in scoring unit and recording duration calculation. These findings support the clinical utility of wearable technology as a practical and scalable tool for early identification and longitudinal monitoring of OSA in real-world environments, while highlighting the need for further optimization to accurately detect mild cases.","","10.2147/nss.s540460"
"Assessment of Obstructive Sleep Apnea Severity Using Audio-Based Snoring Features","","Jiali Xie and Pedro Fonseca and Johannes van Dijk and Sebastiaan Overeem and Xi Long","https://doi.org/10.2139/ssrn.4247850","","RAYYAN-INCLUSION: {""─Éß║╖ng Gia""=>""Excluded""} | USER-NOTES: {""─Éß║╖ng Gia""=>[""NO ABSTRACT""]}","10.2139/ssrn.4247850"
"Right ventricular diastolic dysfunction might correlate with body mass index as well as with AHI in patients with obstructive sleep apnea syndrome","2020","Pierluigi Carratù and Silvano Dragonieri and Piero Portincasa","https://doi.org/10.1111/echo.14853","","RAYYAN-INCLUSION: {""─Éß║╖ng Gia""=>""Excluded""} | USER-NOTES: {""─Éß║╖ng Gia""=>[""NO ABSTRACT""]}","10.1111/echo.14853"
"Predictors of successful reduction in AHI after Yoga-based intervention for treatment of obstructive sleep apnea","2026","A. Gupta and P.P.S. Bhat and J. Kaur and P. Lamo and U. Singh and G. Shukla and B. Mohan and G. Sharma","https://doi.org/10.1016/j.sleep.2025.108157","","RAYYAN-INCLUSION: {""─Éß║╖ng Gia""=>""Excluded""} | USER-NOTES: {""─Éß║╖ng Gia""=>[""NO ABSTRACT""]}","10.1016/j.sleep.2025.108157"
"0637 Comparison of AHI and ESS Outcomes Between Patients with Obstructive Sleep Apnea Undergoing Sleep Surgery versus Upper Airway Stimulation","2020","C Huntley and K Doghramji and K Tschopp and S Tschopp and P B Jardin and C Heiser and R Schwab and E Thaler and C Jenks and H Walia and A Kominsky and E Kezirian and J Waxman and H Lin and M Boon","https://doi.org/10.1093/sleep/zsaa056.633","Abstract
               
                  Introduction
                  Single or multi-level soft tissue surgical interventions are common options for CPAP-intolerant patients with OSA. Upper Airway Stimulation (UAS) is an alternative option using an implantable hypoglossal nerve stimulator. We compared patient outcomes between traditional sleep surgery (TSS) and UAS.
               
               
                  Methods
                  We selected patients who underwent TSS (including palate, oropharynx, tongue, and/or epiglottis-based procedures) for OSA and also met general UAS criteria (BMI≤35, AHI between 15-65, absence of palate concentric collapse during DISE, if available) for chart review. UAS outcomes were collected from the ADHERE international registry. For both groups, post-op AHI was collected, including full-night UAS efficacy studies. Data are presented as mean and standard deviation.
               
               
                  Results
                  The TSS group (n=284) and UAS group (n=541) were predominantly male and overweight. The TSS group was younger than UAS (47±12 vs 60±11 years, p&amp;lt;0.001). At baseline, both groups had severe OSA with AHI of 34±14 and 36±15 (p=0.23) and excessive daytime sleepiness with ESS of 12±5 and 12±6, (p=0.38), respectively. TSS follow-up was 169±151 days vs 392±181 days for UAS, which was significantly different. UAS had significantly larger decrease in AHI than TSS (-21/h±18 vs -16/h±16, p&amp;lt;0.0001). Both groups had a large decrease in ESS, however, the UAS group had a slightly smaller decrease, (-6±5 vs -5±5, p=0.01). Using the Sher response criteria of 50% AHI reduction and ≤ 20 events/hour, UAS had a 70% response rate vs 51% for TSS.
               
               
                  Conclusion
                  This study represents largest and first international, multicenter comparison of UAS to traditional surgical interventions for OSA, albeit with limitations of potential differential patient selection. While both TSS and UAS show similar improvement in symptoms, upper airway stimulation has a larger reduction of AHI with higher rates of therapy response than traditional sleep surgery
               
               
                  Support
                  ADHERE data assistance from Inspire Medical (Minneapolis, MN)","RAYYAN-INCLUSION: {""─Éß║╖ng Gia""=>""Excluded""} | USER-NOTES: {""─Éß║╖ng Gia""=>[""EC-0""]}","10.1093/sleep/zsaa056.633"
"Three-Dimensional Airway Changes and AHI Reduction Following Maxillomandibular Advancement and Genioglossus Advancement in Patients with Obstructive Sleep Apnea","2023","Mina Boulos and Daniel I. Taub","https://doi.org/10.1016/j.joms.2023.08.025","","RAYYAN-INCLUSION: {""─Éß║╖ng Gia""=>""Excluded""} | USER-NOTES: {""─Éß║╖ng Gia""=>[""NO ABSTRACT""]}","10.1016/j.joms.2023.08.025"
"Deep-learning based sleep apnea detection using sleep sound, SpO2, and pulse rate","2024","Chutinan Singtothong and Thitirat Siriborvornratanakul","https://doi.org/10.1007/s41870-024-01906-x","","","10.1007/s41870-024-01906-x"
"Tracheostomy for Sleep Apnea","2020","Robert H. Maisel","https://doi.org/10.1016/b978-0-323-44339-5.00060-2","","RAYYAN-INCLUSION: {""─Éß║╖ng Gia""=>""Excluded""} | USER-NOTES: {""─Éß║╖ng Gia""=>[""NO ABSTRACT""]}","10.1016/b978-0-323-44339-5.00060-2"
"0522 Do Screening Tools for Obstructive Sleep Apnea Correlate with AHI in Individuals with Mild Cognitive Impairment: A Small Cohort Study","2026","Alexander Ismail and Brad Vaughn and Nathan walker and Zheng Fan and Katelyn Bricker and Heidi Roth","https://doi.org/10.1093/sleep/zsag091.0521","Abstract
                  
                    Introduction
                    The incidence of obstructive sleep apnea (OSA) increases with age and the prevalence of central neurologic diseases. In adults over 65yrs, the prevalence can be as high as 35.9%. Questionnaires, such as STOP-BANG (SB) or Epworth sleepiness scale (ESS), are often utilized to assess the risk of OSA and the need for in lab polysomnography (PSG). Previous studies suggest the STOPB-28 (SB28), which excludes age, sex, neck size, and adjusts the BMI cutoff to 28, is better tailored to those with mild cognitive impairment (MCI). Our goal was to examine the correlation of the questionnaire scores in patients with MCI who underwent PSG with the severity of OSA.
                  
                  
                    Methods
                    The data were extracted from 43 patients enrolled in a cognitive registry who had a PSG within three years of their initial cognitive evaluation. Participants completed SB and ESS questionnaires before their PSG. Patients were excluded with a Montral Cognitive Assessment Score (MOCA) less than 18. Hypopnea events were scored using 3% or arousal hypopnea criteria. Correlation coefficients between questionnaires and obstructive AHI were calculated (significance p&amp;lt; 0.05). Fisher exact tests and odds ratios (OR) were used to compare questionnaire predicted outcomes with PSG, using SB scores 3 and 5 and SB28 score 2.
                  
                  
                    Results
                    The average age of the cohort was 70.8yrs ± 7.7, 60% male, and average MOCA of 24.0 ± 3.1. 88% of the participants had OSA. Mild, moderate, and severe OSA were present in 23.3%, 41.9%, and 23.3% of the total participants, respectively. ESS, SB, and SB28 questionnaires did not correlate with obstructive AHI (R &amp;lt; 0.2). Fisher exact test did not show a significant association between SB score 3 or 5, or SB28 with AHI &amp;gt; 15 (p = 0.11, 0.35 and 0.14 respectively), or OR 6.75 (95% CI: 0.63-71.7), 2.06 (95% CI: 0.52-8.10) and 2.63 (95% CI: 0.69¬9.89).
                  
                  
                    Conclusion
                    In our cohort with MCI, the ESS, SB, and SB28 did not correlate with severity of OSA. The data suggest additional screening may be needed to evaluate the risk of OSA in patients with MCI.
                    Support (if any)","RAYYAN-INCLUSION: {""─Éß║╖ng Gia""=>""Excluded""} | USER-NOTES: {""─Éß║╖ng Gia""=>[""EC-0""]}","10.1093/sleep/zsag091.0521"
"The Audio Engine and Spatial Audio","2020","Jean-Luc Sinclair","https://doi.org/10.4324/9781315184432-4","","RAYYAN-INCLUSION: {""─Éß║╖ng Gia""=>""Excluded""} | USER-NOTES: {""─Éß║╖ng Gia""=>[""NO ABSTRACT""]}","10.4324/9781315184432-4"
"Preliminary validation results: improving AHI scoring accuracy using an AI model for Sleep state and arousal classification from Home Sleep Apnea Testing","2024","A. Árnason and A.K. Sigurðarson and E. Leonardsson and H.þ. Hildur þóra Hákonardóttir and H. Finnbogadóttir and L. Kristjánsdóttir and L.Ó. Andrésdóttir and M. Árnadóttir and S. Sigurðarson and T.O. Pétursson and þ.B. Sigmarsdóttir and V. Valsdóttir and C. Teixeira and A.S. Islind and E.S. Arnardóttir and J.S. Ágústsson","https://doi.org/10.1016/j.sleep.2023.11.1109","","RAYYAN-INCLUSION: {""─Éß║╖ng Gia""=>""Excluded""} | USER-NOTES: {""─Éß║╖ng Gia""=>[""NO ABSTRACT""]}","10.1016/j.sleep.2023.11.1109"
"Obstructive Sleep Apnea. An algorithmic Approach","2023","Kashif Piracha","https://doi.org/10.1007/978-3-031-36040-4_1","","RAYYAN-INCLUSION: {""─Éß║╖ng Gia""=>""Excluded""} | USER-NOTES: {""─Éß║╖ng Gia""=>[""NO ABSTRACT""]}","10.1007/978-3-031-36040-4_1"
"Surgical Treatment Options for Obstructive Sleep Apnea","2021","Jimmy Hanna and Anthony Izzo","https://doi.org/10.5772/intechopen.91883","Given the increased prevalence of obstructive sleep apnea (OSA) multiple treatment modalities including medical and surgical have been developed. First-line therapy for most of the people with obstructive sleep apnea (OSA) consists of behavioral modification, including weight loss if appropriate, and positive airway pressure (PAP) therapy. Patients who fail or do not tolerate PAP therapy, treatment options include oral appliances and surgical therapy. Surgical therapies have variable efficacy and are very important tool on OSA management in selected patients. This chapter will review the current surgical approaches sleep specialists use when other treatment options fail to accomplish the valuable outcome.","RAYYAN-INCLUSION: {""─Éß║╖ng Gia""=>""Excluded""} | USER-NOTES: {""─Éß║╖ng Gia""=>[""EC-0""]}","10.5772/intechopen.91883"
"Procedural Audio","2020","Jean-Luc Sinclair","https://doi.org/10.4324/9781315184432-10","","RAYYAN-INCLUSION: {""─Éß║╖ng Gia""=>""Excluded""} | USER-NOTES: {""─Éß║╖ng Gia""=>[""NO ABSTRACT""]}","10.4324/9781315184432-10"
"Continuous Mobile Audio Monitoring for Sleep Apnea Detection","2026","Jing Han and Tong Xia and Cecilia Mascolo","https://doi.org/10.1109/jbhi.2026.3685448","Audio-based sleep apnea detection methods hold great potential to improve access to diagnosis, by providing unattended sleep apnea screening at home via sound collected from mobile sensors during sleep. Our research involved a thorough comparison and evaluation of tracheal and ambient microphone recordings for sleep apnea detection with different granularities. Utilising a variety of acoustic representations and sophisticated deep learning architectures, we performed an extensive analysis on the open PSG-Audio dataset, which encompasses over 850 hours of audio data from 194 subjects. For sleep apnea classification, the most effective model showed a 90.8 % accuracy in detecting sleep apnea, 83.3 % accuracy when hypopneic and apneic events were detected separately, and 75.7 % accuracy when apneic events were further divided into three sub-categories. On overnight recordings, the model achieved a sensitivity of 0.93 and a specificity of 1.0 for moderate sleep apnea screening, and a sensitivity of 0.84 and a specificity of 0.97 for severe sleep apnea screening. This research also provided a unique study to compare and combine respiratory sounds from two different types of sensors for sleep apnea detection. The high performance of our model provides a promising avenue for enabling remote diagnosis and monitoring of sleep apnea.","RAYYAN-INCLUSION: {""─Éß║╖ng Gia""=>""Included""} | USER-NOTES: {""─Éß║╖ng Gia""=>[""IC-P, IC-I, IC-C, IC-E""]}","10.1109/jbhi.2026.3685448"
"Implementing Audio","2020","Jean-Luc Sinclair","https://doi.org/10.4324/9781315184432-8","","RAYYAN-INCLUSION: {""─Éß║╖ng Gia""=>""Excluded""} | USER-NOTES: {""─Éß║╖ng Gia""=>[""NO ABSTRACT""]}","10.4324/9781315184432-8"
"Could snoring sound analysis parameters be used to predict the severity of obstructive sleep apnea syndrome before polysomnography?","","Halil Ibrahim Yakar and Handan Inönü Köseoğlu and Kürşat Yelken and Nurcan Alpüran Kocabıyık","https://doi.org/10.22541/au.171314786.63735131/v1","Aim of the study:
                  Snoring is one of the main symptoms of
obstructive sleep apnea syndrome (OSAS) patients. In this study, it was
aimed to investigate whether snoring sound parameters can be used in
pre- polysomnography (PSG) screening in patients with OSAS.
                  Methods:
                  All patients underwent full-night PSG test. Sound
parameters were measured using the PRAAT acoustic analysis program. The
relationship between these parameters and degree of OSAS, and also the
relationship between snoring sound and types of OSAS were analyzed
prospectively.
                  Results:
                  Seventy seven patients diagnosed OSAS
were included the study. It was found that the shimmer scores decreased
significantly from mild OSAS to severe OSAS (p=0.045). Although mean
pitch scores increased from mild to severe OSAS, it was not found to be
statistically significant (p=0.16). Mean pitch score was found to be
significantly higher in the severe group (p=0.022). Shimmer scores were
found significantly higher in REM-predominant OSAS patients than without
REM-predominant OSAS patients (p=0.006). Shimmer scores were
significantly higher in obese patients than in non-obese patients and in
patients over 40 years of age years than under 40 years of age (p=0.032;
p&lt;0.01; respectively). The ROC analysis was performed to
determine the cutoff value of mean Pitch (≥74.65) in predicting severe
OSAS classification (AUC=0.69; p=0.017).
                  Conclusion:
                  Our
results are important to show that, analysis of snoring sound with a
noninvasive method of acoustic voice analysis, can be applied quickly
and easily in the pre-PSG screening in especially clinically important
advanced-stage OSAS cases that should be diagnosed urgently.","RAYYAN-INCLUSION: {""─Éß║╖ng Gia""=>""Included""} | USER-NOTES: {""─Éß║╖ng Gia""=>[""IC-P, IC-I, IC-C, IC-E""]}","10.22541/au.171314786.63735131/v1"
"Audio Data Reduction","2020","Jean-Luc Sinclair","https://doi.org/10.4324/9781315184432-12","","RAYYAN-INCLUSION: {""─Éß║╖ng Gia""=>""Excluded""} | USER-NOTES: {""─Éß║╖ng Gia""=>[""NO ABSTRACT""]}","10.4324/9781315184432-12"
"Hypoxic Burden but Not AHI Predicts Risk of Cardiovascular Events: A Secondary Analysis of the RICCADSA Clinical Trial","2024","Y. Peker and A. Zinchuk and Y. Celik and S.A. Sands and A. Azarbarzin","https://doi.org/10.1164/ajrccm-conference.2024.209.1_meetingabstracts.a4730","","RAYYAN-INCLUSION: {""─Éß║╖ng Gia""=>""Excluded""} | USER-NOTES: {""─Éß║╖ng Gia""=>[""NO ABSTRACT""]}","10.1164/ajrccm-conference.2024.209.1_meetingabstracts.a4730"
"The Hourly Apnea-Hypopnea Duration Better Correlates with OSA-Related Nocturnal Hypoxemia and Excessive Daytime Sleepiness Rather Than AHI","2025","Yuhan Wang and Wuriliga Yue and Beini Zhou and Jingyi Zhang and Yang He and Mengcan Wang and Ke Hu","https://doi.org/10.2147/nss.s505702","<h4>Background</h4>The apnea-hypopnea index (AHI) has limitations in assessing nocturnal hypoxemia and excessive daytime sleepiness (EDS) in obstructive sleep apnea (OSA) patients. This study evaluated whether hourly apnea-hypopnea duration (HAD) and mean apnea-hypopnea duration (MAD) could complement or outperform AHI.<h4>Methods</h4>This study included 1069 OSA patients, of whom 754 completed the Epworth Sleepiness Scale (ESS). Multivariable regression models evaluated the associations between AHI, MAD, HAD, and nocturnal hypoxemia, and standardized <i>Z</i> scores were used for comparison. The predictive ability of AHI, MAD, and HAD models for EDS was evaluated using goodness-of-fit indices, and receiver operating characteristic (ROC) curve analysis was performed using bootstrapping techniques.<h4>Results</h4>Nocturnal hypoxemia was observed in 317 participants (29.65%). Patients with nocturnal hypoxemia had significantly higher AHI (43.19 ± 18.41 vs 21.78 ± 14.73 events/hour, P < 0.001) and longer HAD (16.71 ± 7.48 vs 8.24 ± 5.40 minutes, P < 0.001). After adjusting for age, sex, and BMI, AHI and HAD were still significantly associated with nocturnal hypoxemia (P < 0.05). Standardized <i>Z</i> scores analysis revealed that HAD had the strongest association with nocturnal hypoxemia (HAD: OR = 3.69, 95% CI: 3.06-4.46, P < 0.0001; AHI: OR = 3.48, 95% CI: 2.90-4.18, P < 0.0001; MAD: OR = 1.01, 95% CI: 0.88-1.15, P = 0.9314) and mean SpO<sub>2</sub> (HAD: β = -0.91, 95% CI: -1.02--0.79, P < 0.0001; AHI: β = -0.85, 95% CI: -0.97--0.74, P < 0.0001; MAD: β = 0.00, 95% CI: -0.12-0.12, P = 0.9595), outperforming AHI and MAD. The HAD model showed the best fit for predicting EDS, with an area under the curve of 0.61 at a threshold of 5.63.<h4>Conclusion</h4>The HAD better correlates with OSA-related nocturnal hypoxemia and EDS rather than AHI. The duration of respiratory events warrants more investigation in clinical assessment.","RAYYAN-INCLUSION: {""─Éß║╖ng Gia""=>""Excluded""} | USER-NOTES: {""─Éß║╖ng Gia""=>[""EC-0""]}","10.2147/nss.s505702"
"Coding for Game Audio","2020","Jean-Luc Sinclair","https://doi.org/10.4324/9781315184432-7","","RAYYAN-INCLUSION: {""─Éß║╖ng Gia""=>""Excluded""} | USER-NOTES: {""─Éß║╖ng Gia""=>[""NO ABSTRACT""]}","10.4324/9781315184432-7"
"Practical Sound Design","2020","Jean-Luc Sinclair","https://doi.org/10.4324/9781315184432-6","","RAYYAN-INCLUSION: {""─Éß║╖ng Gia""=>""Excluded""} | USER-NOTES: {""─Éß║╖ng Gia""=>[""NO ABSTRACT""]}","10.4324/9781315184432-6"
"Epidemiology of Childhood Sleep Apnea","2023","Elizabeth Jones","https://doi.org/10.5772/intechopen.1002499","Childhood sleep apnea is characterized as airway obstruction because of upper airway impairment due to reduced oxygen levels or awakening from sleep in children. In children, only 1–5% of children suffer from sleep apnea, which equals to about 20 million−100 million children, globally. However, childhood sleep apnea tends to be underdiagnosed with about 90% of children not being properly diagnosed with sleep apnea. Sleep apnea is a major concern due to the harmful clinical manifestations associated with the condition, such as abnormal breathing during sleep, frequent awakenings or restlessness, frequent nightmares, nocturnal enuresis, difficulty getting up in the morning, excessive daytime sleepiness (EDS), ADHD-like symptoms, daytime mouth breathing, and abnormal sleep patterns. There are also certain risk factors that can increase the risk of childhood sleep apnea. These risk factors are tonsillar hypertrophy, adenoid hypertrophy, obesity, craniofacial anomalies, and neuromuscular disorders. Childhood risk factors are important to consider because they can increase risk and severity. To aid an efforts to relieve, prevent, and diagnose childhood sleep apnea, there needs to be more efforts to promote, to educate, and to implement diagnostic testing for sleep apnea as a standard of care in pediatric patients.","RAYYAN-INCLUSION: {""─Éß║╖ng Gia""=>""Excluded""} | USER-NOTES: {""─Éß║╖ng Gia""=>[""EC-1""]}","10.5772/intechopen.1002499"
"A Hybrid Deep Learning Model for Sleep Apnea Detection Using Smartphone-Recorded Audio Signals","2025","Aman Kumar Rauniyar and Abhishek Gupta and Muthaiah U","https://doi.org/10.1109/apcit65661.2025.11411480","","RAYYAN-INCLUSION: {""─Éß║╖ng Gia""=>""Excluded""} | USER-NOTES: {""─Éß║╖ng Gia""=>[""NO ABSTRACT""]}","10.1109/apcit65661.2025.11411480"
"Questionnaires for pediatric obstructive sleep apnea","2024","Karen Spruyt","https://doi.org/10.1016/b978-0-323-99653-2.00015-8","","RAYYAN-INCLUSION: {""─Éß║╖ng Gia""=>""Excluded""} | USER-NOTES: {""─Éß║╖ng Gia""=>[""NO ABSTRACT""]}","10.1016/b978-0-323-99653-2.00015-8"
"Genetics of Obstructive Sleep Apnea","2023","Ana Patiño-García","https://doi.org/10.1007/978-3-031-35225-6_28","","RAYYAN-INCLUSION: {""─Éß║╖ng Gia""=>""Excluded""} | USER-NOTES: {""─Éß║╖ng Gia""=>[""NO ABSTRACT""]}","10.1007/978-3-031-35225-6_28"
"Evaluation of a sleep sound analysis smartphone app for home obstructive sleep apnea screening among community-dwelling Chinese adults with hypertension","2026","Timothy Noel Stephens and Yingxiu Wang and Jingzhu Guo and Jiaofeng Wang","https://doi.org/10.1007/s11325-026-03754-4","<h4>Purpose</h4>This study aimed to evaluate the validity and feasibility of home obstructive sleep apnea screening using a sleep sound analysis smartphone app compared to the STOP-BANG questionnaire (SBQ) among Chinese adults with hypertension, including the impact of screening on intention to pursue treatment.<h4>Methods</h4>A randomized cross-over trial was conducted among adults with hypertension from a hospital clinic and community health center in Haikou, China. Participants were assigned to undergo sequential screening with a sleep sound analysis smartphone app (Snail Sleep) or the SBQ followed by home sleep apnea testing. Questionnaires measured satisfaction and intention to pursue treatment.<h4>Results</h4>Among 180 participants (median age: 51.0 years, 72.2% male), 91.7% had OSA, including 28.3% with moderate OSA, and 37.2% with severe OSA (mean AHI 28.6, SD = 23.02). An app-generated apnea index (APP-AI) optimal cutoff of 7.1 achieved 72.0% sensitivity, 85.5% specificity, a 4.96 positive likelihood ratio (LR), and a 0.33 negative LR for moderate-to-severe OSA (AHI ≥ 15), with an area under the curve (AUC) of 0.831 (95% CI 0.773-0.89), outperforming the original SBQ (BMI > 35) (AUC 0.728) and modified SBQ (BMI > 28) (AUC 0.754). Participants reported high satisfaction levels. Intention to pursue treatment decreased among those given normal screening results while remaining high among those given abnormal results.<h4>Conclusion</h4>A sleep sound analysis smartphone app achieved acceptable validity and feasibility for home OSA screening in a group of Chinese adults with hypertension. Further studies should evaluate app screening in other populations and effects on patient attitudes and behavior.","RAYYAN-INCLUSION: {""─Éß║╖ng Gia""=>""Included""} | USER-NOTES: {""─Éß║╖ng Gia""=>[""IC-P, IC-I, IC-C, IC-E""]}","10.1007/s11325-026-03754-4"
"Sound Design – the Art of Effectively Communicating with Sound","2020","Jean-Luc Sinclair","https://doi.org/10.4324/9781315184432-5","","","10.4324/9781315184432-5"
"Obstructive sleep apnea in adolescents","2024","Taylor B. Teplitzky","https://doi.org/10.1016/b978-0-323-99653-2.00032-8","","RAYYAN-INCLUSION: {""─Éß║╖ng Gia""=>""Excluded""} | USER-NOTES: {""─Éß║╖ng Gia""=>[""NO ABSTRACT""]}","10.1016/b978-0-323-99653-2.00032-8"
"Perioperative Monitoring in Obstructive Sleep Apnea/Hypopnea Syndrome","2020","Samuel A. Mickelson","https://doi.org/10.1016/b978-0-323-44339-5.00013-4","","RAYYAN-INCLUSION: {""─Éß║╖ng Gia""=>""Excluded""} | USER-NOTES: {""─Éß║╖ng Gia""=>[""NO ABSTRACT""]}","10.1016/b978-0-323-44339-5.00013-4"
"Snoring Sound Analysis","2025","Li-Ang Lee and Guo-She Lee and Hai-Hua Chuang and Yi-Ping Chao and Hsueh-Yu Li","https://doi.org/10.1007/978-981-95-2648-2_6","","RAYYAN-INCLUSION: {""─Éß║╖ng Gia""=>""Excluded""} | USER-NOTES: {""─Éß║╖ng Gia""=>[""NO ABSTRACT""]}","10.1007/978-981-95-2648-2_6"
"Principles of Game Audio and Sound Design","2020","Jean-Luc Sinclair","https://doi.org/10.4324/9781315184432","","RAYYAN-INCLUSION: {""─Éß║╖ng Gia""=>""Excluded""} | USER-NOTES: {""─Éß║╖ng Gia""=>[""NO ABSTRACT""]}","10.4324/9781315184432"
"The many faces of obstructive sleep apnea","2023","Gregory Carter","https://doi.org/10.5772/intechopen.1003062","Obstructive sleep apnea is a common disorder with many different comorbidities. Patients can present with these comorbidities even when sleep apnea has not been diagnosed due to the low diagnostic rates for obstructive sleep apnea worldwide. This presents a concern for clinicians as unless sleep apnea is treated along with a presenting comorbidity, the patient will not have an optimal health outcome. This chapter addresses several of the most common and worrisome comorbidities of sleep apnea and discusses the relationships and pathophysiology of comorbidities including insomnia, treatment resistant hypertension, restless legs syndrome, depression, gastroesophageal reflux, asthma, cognitive disorder, REM sleep behavioral disorder and paroxysmal atrial fibrillation. Clinical studies documenting the relationships of each of these comorbidities to obstructive sleep apnea are presented with putative pathophysiologic discussion of how obstructive sleep apnea aggravates or leads to the development of each of these illnesses.","RAYYAN-INCLUSION: {""─Éß║╖ng Gia""=>""Excluded""} | USER-NOTES: {""─Éß║╖ng Gia""=>[""EC-0""]}","10.5772/intechopen.1003062"
"Tongue Base Stabilization for Obstructive Sleep Apnea and Snoring","2020","B. Tucker Woodson","https://doi.org/10.1016/b978-0-323-44339-5.00045-6","","RAYYAN-INCLUSION: {""─Éß║╖ng Gia""=>""Excluded""} | USER-NOTES: {""─Éß║╖ng Gia""=>[""NO ABSTRACT""]}","10.1016/b978-0-323-44339-5.00045-6"
"Multilevel Sleep Surgery for Obstructive Sleep Apnea","2025","Yung-An Tsou and Pei-Shao Liao","https://doi.org/10.1007/978-981-95-2648-2_20","","RAYYAN-INCLUSION: {""─Éß║╖ng Gia""=>""Excluded""} | USER-NOTES: {""─Éß║╖ng Gia""=>[""NO ABSTRACT""]}","10.1007/978-981-95-2648-2_20"
"Positive Airway Pressure Treatment for Sleep Apnea","2025","Bülent Çiftçi","https://doi.org/10.1007/978-3-031-27136-6_38","","RAYYAN-INCLUSION: {""─Éß║╖ng Gia""=>""Excluded""} | USER-NOTES: {""─Éß║╖ng Gia""=>[""NO ABSTRACT""]}","10.1007/978-3-031-27136-6_38"
"Genioglossus Advancement in Sleep Apnea Surgery","2020","Scott E. Brietzke and Holly Rataiczak","https://doi.org/10.1016/b978-0-323-44339-5.00052-3","","RAYYAN-INCLUSION: {""─Éß║╖ng Gia""=>""Excluded""} | USER-NOTES: {""─Éß║╖ng Gia""=>[""NO ABSTRACT""]}","10.1016/b978-0-323-44339-5.00052-3"
"Cardiovascular complications of pediatric obstructive sleep apnea","2024","Rakesh Bhattacharjee","https://doi.org/10.1016/b978-0-323-99653-2.00008-0","","RAYYAN-INCLUSION: {""─Éß║╖ng Gia""=>""Excluded""} | USER-NOTES: {""─Éß║╖ng Gia""=>[""NO ABSTRACT""]}","10.1016/b978-0-323-99653-2.00008-0"
"Obstructive Sleep Apnea and Hematology Manifestations","2023","María Marcos-Jubilar","https://doi.org/10.1007/978-3-031-35225-6_30","","RAYYAN-INCLUSION: {""─Éß║╖ng Gia""=>""Excluded""} | USER-NOTES: {""─Éß║╖ng Gia""=>[""NO ABSTRACT""]}","10.1007/978-3-031-35225-6_30"
"Obstructive Sleep Apnea: A Neurological Approach","2023","Karem Josefina Parejo","https://doi.org/10.1007/978-3-031-35225-6_10","","RAYYAN-INCLUSION: {""─Éß║╖ng Gia""=>""Excluded""} | USER-NOTES: {""─Éß║╖ng Gia""=>[""NO ABSTRACT""]}","10.1007/978-3-031-35225-6_10"
"Obstructive Sleep Apnea and Systemic Autoimmune Diseases","2023","Philippe Chalem","https://doi.org/10.1007/978-3-031-35225-6_8","","RAYYAN-INCLUSION: {""─Éß║╖ng Gia""=>""Excluded""} | USER-NOTES: {""─Éß║╖ng Gia""=>[""NO ABSTRACT""]}","10.1007/978-3-031-35225-6_8"
"Airway Evaluation in Obstructive Sleep Apnea","2020","Boris A. Stuck and Joachim T. Maurer","https://doi.org/10.1016/b978-0-323-44339-5.00003-1","","RAYYAN-INCLUSION: {""─Éß║╖ng Gia""=>""Excluded""} | USER-NOTES: {""─Éß║╖ng Gia""=>[""NO ABSTRACT""]}","10.1016/b978-0-323-44339-5.00003-1"
"Reliability of automatic detection of AHI during positive airway pressure treatment in obstructive sleep apnea patients: A “real-life study”","2021","F. Fanfulla and N. D'Artavilla Lupo and A. Malovini and S. Arcovio and A. Prpa and M.P. Mogavero and C. Pronzato and Maria R. Bonsignore","https://doi.org/10.1016/j.rmed.2021.106303","<h4>Introduction</h4>Automatic event detection (AED) of residual apnea-hypopnea index (AHI) by ventilators is a current practice in sleep and mechanical ventilation Units but this methodology has not been validated in an unselected population of OSA patients. Aim of the present study was to assess in a ""real-life"" condition the reliability of AED during PAP therapy by the in-built software compared to full polysomnography during follow-up.<h4>Methods</h4>We enrolled 300 OSA patients (105 F; AHI 45.3 ± 27.8) already on Positive airway pressure (PAP) therapy: 53% of the patients were on CPAP while other modalities were used in the rest of the sample.<h4>Results</h4>Overall, the built-in software identified residual obstructive AHI (AHI<sub>PAP</sub>) > 5, 10 or 15 in 18.7, 8.6 or 4.6% of patients, respectively. By using AHI<sub>PAP,</sub> 28.4% of patients were wrongly classified as ""well controlled"" despite a residual AHI<sub>PSG</sub>>5 (6% considering a residual AHI<sub>VENT</sub> >15); 7% of patients were classified as not controlled while AHI<sub>PSG</sub> was <5 (1.4% considering a residual AHI<sub>VENT</sub> >15). Type of ventilation, ventilator parameters, adherence to treatment and level of baseline or follow-up Epworth Sleepiness Scale score were similar between groups. The sensitivity and positive predicted values were very low. Positive likelihood ratio appears adequate only for residual AHI<sub>PAP</sub> ≥10, but negative likelihood ratio was inconclusive for all the cut-off considered.<h4>Discussion</h4>The results of the present study suggest a more cautious approach in the follow-up of OSA patients, since a protocol based only on AED detection and symptoms assessment may not be accurate especially for AHI<sub>PAP</sub><15.","","10.1016/j.rmed.2021.106303"
"Sleep Apnea Detection by Tracheal Motion and Sound, and Oximetry via Application of Deep Neural Networks","2023","Nasim Montazeri Ghahjaverestan and Cristiano Aguiar and Richard Hummel and Xiaoshu Cao and Jackson Yu and T Douglas Bradley","https://doi.org/10.2147/nss.s397196","<h4>Purpose</h4>Sleep apnea (SA) is highly prevalent, but under diagnosed due to inaccessibility of sleep testing. To address this issue, portable devices for home sleep testing have been developed to provide convenience with reasonable accuracy in diagnosing SA. The objective of this study was to test the validity a novel portable sleep apnea testing device, BresoDX1, in SA diagnosis, via recording of trachea-sternal motion, tracheal sound and oximetry.<h4>Patients and methods</h4>Adults with a suspected sleep disorder were recruited to undergo in-laboratory polysomnography (PSG) and a simultaneous BresoDX1 recording. Data from BresoDX1 were collected and features related to breathing sounds, body motions and oximetry were extracted. A deep neural network (DNN) model was trained with 61-second epochs of the extracted features to detect apneas and hypopneas from which an apnea-hypopnea index (AHI) was calculated. The AHI estimated by BresoDX1 (AHI<sub>breso</sub>) was compared to the AHI determined from PSG (AHI<sub>PSG</sub>) and the sensitivity and specificity of SA diagnosis were assessed at an AHI<sub>PSG</sub> ≥ 15.<h4>Results</h4>Two-hundred thirty-three participants (mean ± SD) 50 ± 16 years of age, with BMI of 29.8 ± 6.6 and AHI of 19.5 ± 22.7, were included. There was a strong relationship between AHI<sub>breso</sub> and AHI<sub>PSG</sub> (r = 0.91, p < 0.001). SA detection for an AHI<sub>PSG</sub> ≥ 15 was highly sensitive (90.0%) and specific (85.9%).<h4>Conclusion</h4>We conclude that the DNN model we developed via recording and analyses of trachea-sternal motion and sound along with oximetry provides an accurate estimate of the AHI<sub>PSG</sub> with high sensitivity and specificity. Therefore, BresoDX1 is a simple, convenient and accurate portable SA monitoring device that could be employed for home SA testing in the future.","RAYYAN-INCLUSION: {""─Éß║╖ng Gia""=>""Excluded""} | USER-NOTES: {""─Éß║╖ng Gia""=>[""EC-W""]}","10.2147/nss.s397196"
"Audio Networking","2022","Stefan Ledergerber","https://doi.org/10.4324/9781003220268-9","","RAYYAN-INCLUSION: {""─Éß║╖ng Gia""=>""Excluded""} | USER-NOTES: {""─Éß║╖ng Gia""=>[""NO ABSTRACT""]}","10.4324/9781003220268-9"
"Growth and development in pediatric obstructive sleep apnea","2024","Michelle Caraballo","https://doi.org/10.1016/b978-0-323-99653-2.00010-9","","RAYYAN-INCLUSION: {""─Éß║╖ng Gia""=>""Excluded""} | USER-NOTES: {""─Éß║╖ng Gia""=>[""NO ABSTRACT""]}","10.1016/b978-0-323-99653-2.00010-9"
"Surgical Treatment of Children with Obstructive Sleep Apnea","2025","Elisabeth Hultcrantz","https://doi.org/10.1007/978-3-031-27136-6_61","","RAYYAN-INCLUSION: {""─Éß║╖ng Gia""=>""Excluded""} | USER-NOTES: {""─Éß║╖ng Gia""=>[""NO ABSTRACT""]}","10.1007/978-3-031-27136-6_61"
"Psychiatric Illness and Obstructive Sleep Apnea","2023","Hector Olivares Rodriguez","https://doi.org/10.1007/978-3-031-35225-6_23","","RAYYAN-INCLUSION: {""─Éß║╖ng Gia""=>""Excluded""} | USER-NOTES: {""─Éß║╖ng Gia""=>[""NO ABSTRACT""]}","10.1007/978-3-031-35225-6_23"
"Cognitive Impairment and Obstructive Sleep Apnea","2021","Liliana Otero and María del Carmen Figueredo and Alain Riveros-Rivera and Patricia Hidalgo","https://doi.org/10.5772/intechopen.82756","Obstructive sleep apnea (OSA) is a frequent sleep disorder characterized by repetitive interruption of ventilation caused by partial or complete collapse of the upper airway during sleep. OSA is highly prevalent in the world and it has been associated with cardiovascular disease and cognitive impairment in children and adults. The cognitive impairment in individuals with OSA includes deficiencies in attention and constructional abilities, delayed long-term visual and verbal memory, and executive functions. Although, the pathogenesis of cognitive impairment in patients with OSA is complex and remains incompletely understood, several mechanisms, such as hypoxia, inflammation and sleep fragmentation have been proposed. The aim of this chapter is to describe some findings reported in the literature to explain the association between OSA and cognitive impairment.","RAYYAN-INCLUSION: {""─Éß║╖ng Gia""=>""Excluded""} | USER-NOTES: {""─Éß║╖ng Gia""=>[""EC-0""]}","10.5772/intechopen.82756"
"Sleep-Related Breathing Disorders and Obstructive Sleep Apnea","2025","Joseph Yousefian and David Riley and Sunil Aggarwal and Timothy Gray","https://doi.org/10.1201/9780429263156-1","","RAYYAN-INCLUSION: {""─Éß║╖ng Gia""=>""Excluded""} | USER-NOTES: {""─Éß║╖ng Gia""=>[""NO ABSTRACT""]}","10.1201/9780429263156-1"
"Assessing outcome of oral appliance therapy for obstructive sleep apnea using apnea-hypopnea index and sleep apnea-specific hypoxic burden","2025","G Vogel and E Mosca and J Grosse and J Remmers","https://doi.org/10.1183/23120541.sleepandbreathing-2025.65","","RAYYAN-INCLUSION: {""─Éß║╖ng Gia""=>""Excluded""} | USER-NOTES: {""─Éß║╖ng Gia""=>[""NO ABSTRACT""]}","10.1183/23120541.sleepandbreathing-2025.65"
"The prevalence and polysomnographic characteristics of treatment-emergent central sleep apnea with obstructive sleep apnea","2024","Sinem Berik Safçi","https://doi.org/10.1007/s11325-024-02999-1","<h4>Purpose</h4>To investigate the prevalence of treatment-emergent central sleep apnea (TECSA) in individuals with obstructive sleep apnea syndrome (OSAS) during continuous positive airway pressure (CPAP) titration and assess their polysomnographic characteristics.<h4>Methods</h4>A total of 116 patients with OSAS who underwent full-night CPAP titration at the Sleep Laboratory of Adana City Research and Education Hospital from September 2017 to January 2018 were recruited for the study. The patients' polysomnographic data related to respiratory events and sleep stages were reviewed in a retrospective manner.<h4>Results</h4>While on CPAP titration, 20 of the 116 patients developed central sleep apnea (CSA). The prevalence of TECSA in the patients with OSAS was 17.2%, being separately determined as 16.3% and 2.2% for the male and female patients, respectively. In the baseline PSG, the groups did not statistically significantly differ in relation to the apnea hypopnea index (AHI), central apnea index (CAI), arousal index (AI), or oxygen desaturation index (ODI). However, the TECSA group had a significantly higher mean oxygen saturation value compared to the non-TECSA group (p = 0.01). The total AHI, CAI, and AI values of the TECSA group were significantly higher during the whole CPAP titration compared to the non-TECSA group. No significant difference was observed in the comparison of the two groups in relation to the titration pressure and ODI.<h4>Conclusion</h4>TECSA is a phenomenon that can occur with obstructive sleep apnea treatment and mostly regress spontaneously following appropriate CPAP treatment. TECSA is observed at different rates of prevalence. In this study, the prevalence of TECSA was higher than previously reported.","RAYYAN-INCLUSION: {""─Éß║╖ng Gia""=>""Excluded""} | USER-NOTES: {""─Éß║╖ng Gia""=>[""EC-0""]}","10.1007/s11325-024-02999-1"
"Prevalence of obstructive sleep apnea and accuracy of type 3 home sleep apnea test for obstructive sleep apnea diagnosis in difficult-to-treat asthma","2024","Tidarat Somruesaen and Naricha Chirakalwasan","https://doi.org/10.1183/13993003.congress-2024.pa1246","","RAYYAN-INCLUSION: {""─Éß║╖ng Gia""=>""Excluded""} | USER-NOTES: {""─Éß║╖ng Gia""=>[""NO ABSTRACT""]}","10.1183/13993003.congress-2024.pa1246"
"Effectiveness of Myofunctional Therapy in Ankyloglossia: A Systematic Review.","2022","González Garrido MDP and Garcia-Munoz C and Rodríguez-Huguet M and Martin-Vega FJ and Gonzalez-Medina G and Vinolo-Gil MJ","https://pubmed.ncbi.nlm.nih.gov/36231647/","Ankyloglossia is a pathology of the tongue in which the frenulum appears anchored to the floor of the mouth. The treatment of choice for this pathology is frenectomy, but myofunctional therapy is emerging in recent years as a complement to surgical intervention. This systematic review aims to synthesize the scientific evidence and assess its quality regarding the use of myofunctional therapy in ankyloglossia. The Cochrane Central Register of Controlled Trials, Physiotherapy Evidence Database, Pubmed, Web of Science and Scopus were searched. Study quality was determined using the PEDro scale, STROBE statement and single-case experimental design scale. Eleven studies were selected. Based on the studies included in this review, surgery is more effective than myofunctional therapy, although better results are achieved if both are combined. Improvements have been found in maternal pain, weight gain of babies, duration of breastfeeding, tongue mobility, strength and endurance, sleep apnea, mouth breathing and snoring, quality of life, clenching teeth, myofascial tension, pain after surgery and speech sound production. These findings must be taken with caution because of the small number of articles and their quality. Future clinical trials using larger sample sizes and with higher methodological quality are needed.","RAYYAN-INCLUSION: {""─Éß║╖ng Gia""=>""Excluded""} | USER-NOTES: {""─Éß║╖ng Gia""=>[""EC-0""]}","10.3390/ijerph191912347"
"Nasal Septal Deviation: A Comprehensive Narrative Review.","2022","Alghamdi FS and Albogami D and Alsurayhi AS and Alshibely AY and Alkaabi TH and Alqurashi LM and Alahdal AA and Saber AA and Almansouri OS","https://pubmed.ncbi.nlm.nih.gov/36514566/","The nasal septum is an osteocartilaginous wall that divides the nose into two nasal cavities. Asymptomatic minor deviation of the septum is considered a normal developmental variation found in the majority of the population. The reported global prevalence rates had great variation due to the extent of deviation considered in the reporting studies. Previous classification systems have been proposed to classify the nasal septal deviation according to the characteristics of the nasal septum seen horizontally and vertically. For some patients, the degree of the deviation may affect the nasal airflow causing obstruction or impairing the olfactory function. Headache, rhinosinusitis, high blood pressure, obstructive sleep apnea, and breathing sounds are also among the clinical presentations of nasal septal deviation. Clinical assessment is sufficient to make the diagnosis while imaging techniques are required for decision-making. Radiological imaging techniques such as computed tomography (CT) are used to classify and assess the severity of the deviated septum. Surgical correction is the treatment option for nasal septal deviation. Septoplasty is the most common procedure used for nasal correction with high satisfaction levels and low complication rates. In this review, we present a comprehensive summary of the concept, presentation, diagnosis, management options, and quality of life of patients with nasal septal deviation.","RAYYAN-INCLUSION: {""─Éß║╖ng Gia""=>""Excluded""} | USER-NOTES: {""─Éß║╖ng Gia""=>[""EC-0""]}","10.7759/cureus.31317"
"A Narrative Review of the Association between Post-Traumatic Stress Disorder and Obstructive Sleep Apnea.","2022","McCall CA and Watson NF","https://pubmed.ncbi.nlm.nih.gov/35054110/","Obstructive sleep apnea (OSA) and post-traumatic stress disorder (PTSD) are often co-morbid with implications for disease severity and treatment outcomes. OSA prevalence is higher in PTSD sufferers than in the general population, with a likely bidirectional effect of the two illnesses. There is substantial evidence to support the role that disturbed sleep may play in the pathophysiology of PTSD. Sleep disturbance associated with OSA may interfere with normal rapid eye movement (REM) functioning and thus worsen nightmares and sleep-related movements. Conversely, hyperarousal and hypervigilance symptoms of PTSD may lower the arousal threshold and thus increase the frequency of sleep fragmentation related to obstructive events. Treating OSA not only improves OSA symptoms, but also nightmares and daytime symptoms of PTSD. Evidence suggests that positive airway pressure (PAP) therapy reduces PTSD symptoms in a dose-dependent fashion, but also presents challenges to tolerance in the PTSD population. Alternative OSA treatments may be better tolerated and effective for improving both OSA and PTSD. Further research avenues will be introduced as we seek a better understanding of this complex relationship.","RAYYAN-INCLUSION: {""─Éß║╖ng Gia""=>""Excluded""} | USER-NOTES: {""─Éß║╖ng Gia""=>[""EC-0""]}","10.3390/jcm11020415"
"Sleep Apnea, Obesity, and Readmissions: Real Risks or Residual Confounding?","2022","Donovan LM and Au DH","https://pubmed.ncbi.nlm.nih.gov/35230227/","","RAYYAN-INCLUSION: {""─Éß║╖ng Gia""=>""Excluded""} | USER-NOTES: {""─Éß║╖ng Gia""=>[""NO ABSTRACT""]}","10.1513/annalsats.202111-1304ed"
"Oxidative Stress and Inflammation in Hypoxemic Respiratory Diseases and Their Comorbidities: Molecular Insights and Diagnostic Advances in Chronic Obstructive Pulmonary Disease and Sleep Apnea.","2025","Rodríguez-Pérez J and Andreu-Martínez R and Daza R and Fernández-Arroyo L and Hernández-García A and Díaz-García E and Cubillos-Zapata C and Lozano-Diez A and Morales A and Ramos D and Aragonés J and Cogolludo Á and Del Peso L and García-Río F and Calzada MJ and Donovan LM","https://pubmed.ncbi.nlm.nih.gov/40722943/","In chronic respiratory diseases (CRDs), oxidative stress and inflammation are closely linked, driving disease onset, progression, and comorbidities. Oxidative stress activates inflammatory pathways, while chronic inflammation promotes further reactive oxygen species (ROS) production, creating a vicious cycle leading to airway remodeling, reduced lung function, and exacerbations. This review highlights the central roles of inflammation and oxidative stress in chronic obstructive pulmonary disease (COPD) and obstructive sleep apnea (OSA). In COPD, chronic hypoxemia associates with emphysema, appearing with disease progression. In OSA, beyond systemic consequences, pulmonary inflammation and oxidative stress contribute to lung injury as well. Although COPD and OSA are distinct conditions, some patients present with ""overlap syndrome"", a term used in this review to describe the coexistence of both. This combination poses unique diagnostic and therapeutic challenges. We also examine the role of hypoxia and its transcriptional effects via hypoxia-inducible factors (HIFs) in promoting oxidative stress and inflammation. Finally, we explore how artificial intelligence (AI) offers promising tools to improve diagnosis, monitoring, and management of CRDs and may help elucidate mechanistic links between hypoxia, inflammation, and oxidative stress, contributing to more personalized therapeutic strategies.","RAYYAN-INCLUSION: {""─Éß║╖ng Gia""=>""Excluded""} | USER-NOTES: {""─Éß║╖ng Gia""=>[""EC-N""]}","10.3390/antiox14070839"
"Tracheal Sound Analysis.","2022","Sabil A and Launois S","https://pubmed.ncbi.nlm.nih.gov/36217090/","Tracheal sound sensors provide multiple respiratory signals that are valuable for studying upper airway characteristics. This chapter reviews the original work and ongoing research on tracheal sound analysis in relation to upper airway obstruction during sleep. Past and current research suggest that being associated with other sleep study recording sensors and advanced signal processing techniques, tracheal sound analysis can extensively contribute to the diagnosis and assessment of sleep-disordered breathing.","RAYYAN-INCLUSION: {""─Éß║╖ng Gia""=>""Excluded""} | USER-NOTES: {""─Éß║╖ng Gia""=>[""EC-N""]}","10.1007/978-3-031-06413-5_16"
"Adaptive servo-ventilation for sleep-disordered breathing in patients with heart failure with reduced ejection fraction (ADVENT-HF): a multicentre, multinational, parallel-group, open-label, phase 3 randomised controlled trial.","2024","Bradley TD and Logan AG and Lorenzi Filho G and Kimoff RJ and Durán Cantolla J and Arzt M and Redolfi S and Parati G and Kasai T and Dunlap ME and Delgado D and Yatsu S and Bertolami A and Pedrosa R and Tomlinson G and Marin Trigo JM and Tantucci C and Floras JS and ADVENT-HF Investigators","https://pubmed.ncbi.nlm.nih.gov/38142697/","BACKGROUND: In patients with heart failure and reduced ejection fraction, sleep-disordered breathing, comprising obstructive sleep apnoea (OSA) and central sleep apnoea (CSA), is associated with increased morbidity, mortality, and sleep disruption. We hypothesised that treating sleep-disordered breathing with a peak-flow triggered adaptive servo-ventilation (ASV) device would improve cardiovascular outcomes in patients with heart failure and reduced ejection fraction.
METHODS: We conducted a multicentre, multinational, parallel-group, open-label, phase 3 randomised controlled trial of peak-flow triggered ASV in patients aged 18 years or older with heart failure and reduced ejection fraction (left ventricular ejection fraction ≤45%) who were stabilised on optimal medical therapy with co-existing sleep-disordered breathing (apnoea-hypopnoea index [AHI] ≥15 events/h of sleep), with concealed allocation and blinded outcome assessments. The trial was carried out at 49 hospitals in nine countries. Sleep-disordered breathing was stratified into predominantly OSA with an Epworth Sleepiness Scale score of 10 or lower or predominantly CSA. Participants were randomly assigned to standard optimal treatment alone or standard optimal treatment with the addition of ASV (1:1), stratified by study site and sleep apnoea type (ie, CSA or OSA), with permuted blocks of sizes 4 and 6 in random order. Clinical evaluations were performed and Minnesota Living with Heart Failure Questionnaire, Epworth Sleepiness Scale, and New York Heart Association class were assessed at months 1, 3, and 6 following randomisation and every 6 months thereafter to a maximum of 5 years. The primary endpoint was the cumulative incidence of the composite of all-cause mortality, first admission to hospital for a cardiovascular reason, new onset atrial fibrillation or flutter, and delivery of an appropriate cardioverter-defibrillator shock. All-cause mortality was a secondary endpoint. Analysis for the primary outcome was done in the intention-to-treat population. This trial is registered with ClinicalTrials.gov (NCT01128816) and the International Standard Randomised Controlled Trial Number Register (ISRCTN67500535), and the trial is complete.
FINDINGS: The first and last enrolments were Sept 22, 2010, and March 20, 2021. Enrolments terminated prematurely due to COVID-19-related restrictions. 1127 patients were screened, of whom 731 (65%) patients were randomly assigned to receive standard care (n=375; mean AHI 42·8 events per h of sleep [SD 20·9]) or standard care plus ASV (n=356; 43·3 events per h of sleep [20·5]). Follow-up of all patients ended at the latest on June 15, 2021, when the trial was terminated prematurely due to a recall of the ASV device due to potential disintegration of the motor sound-abatement material. Over the course of the trial, 41 (6%) of participants withdrew consent and 34 (5%) were lost to follow-up. In the ASV group, the mean AHI decreased to 2·8-3·7 events per h over the course of the trial, with associated improvements in sleep quality assessed 1 month following randomisation. Over a mean follow-up period of 3·6 years (SD 1·6), ASV had no effect on the primary composite outcome (180 events in the control group vs 166 in the ASV group; hazard ratio [HR] 0·95, 95% CI 0·77-1·18; p=0·67) or the secondary endpoint of all-cause mortality (88 deaths in the control group vs. 76 in the ASV group; 0·89, 0·66-1·21; p=0·47). For patients with OSA, the HR for all-cause mortality was 1·00 (0·68-1·46; p=0·98) and for CSA was 0·74 (0·44-1·23; p=0·25). No safety issue related to ASV use was identified.
INTERPRETATION: In patients with heart failure and reduced ejection fraction and sleep-disordered breathing, ASV had no effect on the primary composite outcome or mortality but eliminated sleep-disordered breathing safely.
FUNDING: Canadian Institutes of Health Research and Philips RS North America.","RAYYAN-INCLUSION: {""─Éß║╖ng Gia""=>""Excluded""} | USER-NOTES: {""─Éß║╖ng Gia""=>[""EC-0""]}","10.1016/s2213-2600(23)00374-0"
"Effects of different treatments for obstructive sleep apnea on temporomandibular joint: a randomized clinical trial.","2024","Attia AAMM and Awad SS and Mansour M and Baz H and Zahran KM and Saleh AM","https://pubmed.ncbi.nlm.nih.gov/39129005/","BACKGROUND: In recent years, obstructive sleep apnea (OSA) has been increasingly recognized as a significant health concern. No previous studies assessed the effect of recommended treatment modalities of patients with OSA on the temporomandibular joint (TMJ). The current study aimed to evaluate the effect of different treatment modalities of OSA, such as continuous positive airway pressure (CPAP), mandibular advancement device (MAD), and oral myofunctional therapy (OMT) on subjective symptoms, clinical, and radiographic signs of temporomandibular disorders.
PATIENTS & METHODS: This hospital-based prospective randomized controlled clinical trial study was approved by the institutional review board and formal patient consent, 39 OSA patients, ranging in age from 19 to 56 after confirmation with full night Polysomnography (PSG) with healthy TMJ confirmed clinically and radiographically with magnetic resonance imaging (MRI) were randomly allocated into three treatment groups. Group 1: 13 patients were managed with CPAP after titration, group 2: 13 patients were managed with digitally fabricated MAD, and group 3: 13 patients were managed with OMT. The following parameters were evaluated before and 3 months after the intervention. Pain using a visual analogue scale (VAS), maximum inter-incisal opening (MIO), lateral movements, and clicking sound of TMJ. MRI was done before and 3 months after the intervention.
RESULTS: Out of the 83 patients enrolled, 39 patients completed the treatment. There were no statistically significant differences in lateral jaw movements or clicking, and no significant difference in MRI findings between the three studied groups before and after the intervention. The OMT group showed a statistically significant difference in pain (p = 0.001), and MIO (p = 0.043) where patients experienced mild pain and slight limitation in mouth opening after 3 months of follow-up in comparison to MAD and CPAP groups.
CONCLUSION: CPAP and MAD are better for preserving the health of TMJ in the treatment of OSA patients. While OMT showed mild pain and slight limitation of MIO (that is still within the normal range of mouth opening) compared to CPAP and MAD.
TRIAL REGISTRATION: The study was listed on www.
CLINICALTRIALS: gov with registration number (NCT05510882) on 22/08/2022.","RAYYAN-INCLUSION: {""─Éß║╖ng Gia""=>""Excluded""} | USER-NOTES: {""─Éß║╖ng Gia""=>[""EC-0""]}","10.1186/s12903-024-04623-w"
"Ventilation Monitoring.","2021","Ramsay M","https://pubmed.ncbi.nlm.nih.gov/34392876/","Ventilation or breathing is vital for life yet is not well monitored in hospital or at home. Respiratory rate is a neglected vital sign and tidal volumes together with breath sounds are checked infrequently in many patients. Medications with the potential to depress ventilation are frequently administered, and may be accentuated by obesity causing airway obstruction in the form of sleep apnea. Sepsis may adversely affect ventilation by causing an increase in respiratory rate, often a very early sign of infection. Changes in ventilation may be early signs of deterioration in the patient.","RAYYAN-INCLUSION: {""─Éß║╖ng Gia""=>""Excluded""} | USER-NOTES: {""─Éß║╖ng Gia""=>[""EC-0""]}","10.1016/j.anclin.2021.03.006"
"Redesigning Care for OSA.","2020","Donovan LM and Shah A and Chai-Coetzer CL and Barbé F and Ayas NT and Kapur VK","https://pubmed.ncbi.nlm.nih.gov/31639334/","Constrained by a limited supply of specialized personnel, health systems face a challenge in caring for the large number of patients with OSA. The complexity of this challenge is heightened by the varied clinical presentations of OSA and the diversity of treatment approaches. Innovations such as simplified home-based care models and the incorporation of nonspecialist providers have shown promise in the management of uncomplicated patients, producing comparable outcomes to the resource-intensive traditional approach. However, it is unclear if these innovations can meet the needs of all patients with OSA, including those with mild disease, atypical presentations, and certain comorbid medical and mental health conditions. This review discusses the diversity of needs in OSA care, the evidence base behind recent care innovations, and the potential limitations of each innovation in meeting the diversity of care needs. We propose how these innovations can fit within the stepped care and hub and spoke models in a way that addresses the full spectrum of OSA, and we discuss future research directions to assess the deployment of these innovations.","RAYYAN-INCLUSION: {""─Éß║╖ng Gia""=>""Excluded""} | USER-NOTES: {""─Éß║╖ng Gia""=>[""EC-0""]}","10.1016/j.chest.2019.10.002"
"Effect of lemborexant on sleep architecture in participants with insomnia disorder and mild obstructive sleep apnea.","2025","Kushida CA and Zammit GK and Cheng JY and Kumar D and Moline M","https://pubmed.ncbi.nlm.nih.gov/39879708/","OBJECTIVE/BACKGROUND: Comorbid insomnia with obstructive sleep apnea (COMISA) is associated with worse daytime function and more medical/psychiatric comorbidities vs either condition alone. COMISA may negatively impact sleep duration and reduce rapid eye movement (REM) sleep, thereby impairing cognition. These post-hoc analyses evaluated the effect of lemborexant (LEM), a dual-orexin-receptor antagonist approved for adults with insomnia, on sleep architecture in participants with COMISA.
PATIENTS/METHODS: E2006-G000-304 was a phase 3, one-month polysomnography trial in adults aged ≥55 years with insomnia receiving LEM 5 mg (LEM5) or 10 mg (LEM10), placebo (PBO), or zolpidem-tartrate-extended-release 6.25 mg (ZOL). Sleep architecture was determined from 2 nights during placebo run-in (baseline), nights 1 and 2 (NT1/2), and nights 29 and 30 (NT29/30) of treatment.
RESULTS: In the Full Analysis Set, 40.8 % (410/1006) had mild obstructive sleep apnea (OSA; apnea-hypopnea-index ≥5 and <15 events/hour of sleep). Mean change from baseline (CFB) in total sleep time (TST) was significantly greater at NT1/2 and NT29/30 with LEM5 and LEM10 vs ZOL (NT1/2, LEM5, P ≥ 0.05; LEM10, P < 0.0001; NT29/30, both P < 0.0001) and PBO (NT1/2 and NT29/30, all P < 0.0001). REM sleep and REM latency CFB were significantly greater (P < 0.0001 and P < 0.01, respectively) for LEM5 and LEM10 vs PBO/ZOL at NT1/2 and NT29/30.
CONCLUSIONS: LEM significantly increased TST in participants with insomnia and mild OSA. Importantly, REM sleep, associated with cognitive performance, increased. These data support the use of LEM in patients with insomnia and mild OSA.
GOV REGISTRATION: NCT02783729.","RAYYAN-INCLUSION: {""─Éß║╖ng Gia""=>""Excluded""} | USER-NOTES: {""─Éß║╖ng Gia""=>[""EC-0""]}","10.1016/j.sleep.2024.12.023"
"Obstructive Sleep Apnea, Positive Airway Pressure, and Implications of Early Treatment in Parkinson Disease.","2026","Neilson LE and Montaño I and May JL and Sicard S and Cho Y and Iliff JJ and Elliott JE and Lim MM and Scott GD","https://pubmed.ncbi.nlm.nih.gov/41284280/","IMPORTANCE: Obstructive sleep apnea (OSA) is associated with many health conditions, including dementia and early mortality. Prior epidemiological studies linking OSA with Parkinson disease (PD) are conflicting, and no studies have examined the influence of continuous positive airway pressure (CPAP), the criterion standard treatment for OSA, on PD risk.
OBJECTIVE: To examine the association between OSA with incident Parkinson disease among US veterans and risk modification by CPAP.
DESIGN, SETTING, AND PARTICIPANTS: This electronic health record (EHR)-based cohort study was conducted among US veterans from January 1, 1999, to December 30, 2022, with mean (SD) follow-up of 4.9 (1.8) years. Veterans with PD at the time of exposure or incomplete records were excluded. Data analysis was completed from September 2024 to September 2025.
EXPOSURE: OSA was defined by its appropriate administrative code; CPAP usage was extracted from a semistructured medical interview field in the EHR.
MAIN OUTCOMES AND MEASURES: The primary outcome, cumulative incidence of PD, was calculated adjusting for competing risk of death after balancing for age, race, sex, and smoking status.
RESULTS: A total of 13 737 081 US veterans were screened, and 11 310 411 veterans (1 109 543 female veterans [9.8%]) with mean (SD) age of 60.5 (14.7) years were included in analyses. Of included veterans, 1 552 505 (13.7%) had OSA. Veterans with OSA demonstrated 1.61 additional cases of PD (point estimate; 95% CI, 1.13-2.09) at 6 years from diagnosis per 1000 people compared to those without OSA. Results were confirmed when adjusting for body mass index, vascular comorbidities, psychiatric conditions, and relevant medications and were of greater magnitude in female veterans. Case numbers were significantly reduced when treated with CPAP early in the disease course.
CONCLUSIONS AND RELEVANCE: In this EHR-based cohort study, OSA appeared to be an independent risk factor for the later development of PD and could be modified by early treatment with CPAP. Effective screening measures and protocols for consistent adherence to CPAP may have large impacts on brain health.","RAYYAN-INCLUSION: {""─Éß║╖ng Gia""=>""Excluded""} | USER-NOTES: {""─Éß║╖ng Gia""=>[""EC-0""]}","10.1001/jamaneurol.2025.4691"
"Understanding Sleep Apnea Physiology: A Potential Path to Improving Positive Airway Pressure Effectiveness.","2021","Donovan LM and Kapur VK","https://pubmed.ncbi.nlm.nih.gov/34344285/","","RAYYAN-INCLUSION: {""─Éß║╖ng Gia""=>""Excluded""} | USER-NOTES: {""─Éß║╖ng Gia""=>[""NO ABSTRACT""]}","10.1164/rccm.202106-1474ed"
"Obstructive sleep apnea and hypertension; critical overview.","2024","Kwon Y and Tzeng WS and Seo J and Logan JG and Tadic M and Lin GM and Martinez-Garcia MA and Pengo M and Liu X and Cho Y and Drager LF and Healy W and Hong GR","https://pubmed.ncbi.nlm.nih.gov/39090691/","Obstructive sleep apnea (OSA) and hypertension are two important modifiable risk factors for cardiovascular disease and mortality. Numerous studies have highlighted the interplay between these two conditions. We provide a critical review of the current literature on the role of the OSA as a risk factor for hypertension and its effect on blood pressure (BP). We discuss several key topics: the effect of OSA on nocturnal BP, BP response to continuous positive airway pressure (CPAP) treatment, CPAP effect on BP in refractory hypertension, the role of OSA in BP variability (BPV), and maladaptive cardiac remodeling mediated by OSA's effect on BP. Finally, we discuss the unique aspects of ethnicity and social determinants of health on OSA with a focus on Asian populations and the disparity in BP control and cardiovascular outcomes.","RAYYAN-INCLUSION: {""─Éß║╖ng Gia""=>""Excluded""} | USER-NOTES: {""─Éß║╖ng Gia""=>[""EC-0""]}","10.1186/s40885-024-00276-7"
"Sleep architecture and sleep-disordered breathing in fatal insomnia.","2022","Pérez-Carbonell L and Muñoz-Lopetegi A and Sánchez-Valle R and Gelpi E and Farré R and Gaig C and Iranzo A and Santamaria J","https://pubmed.ncbi.nlm.nih.gov/36182725/","STUDY OBJECTIVES: Fatal insomnia (FI) is a rare prion disease severely affecting sleep architecture. Breathing during sleep has not been systematically assessed. Our aim was to characterize the sleep architecture, respiratory patterns, and neuropathologic findings in FI.
METHODS: Eleven consecutive FI patients (ten familial, one sporadic) were examined with video-polysomnography (vPSG) between 2002 and 2017. Wake/sleep stages and respiration were evaluated using a modified scoring system. Postmortem neuropathology was assessed in seven patients.
RESULTS: Median age at onset was 48 years and survival after vPSG was 1 year. All patients had different combinations of breathing disturbances including increased respiratory rate variability (RRV; n = 7), stridor (n = 9), central sleep apnea (CSA) (n = 5), hiccup (n = 6), catathrenia (n = 7), and other expiratory sounds (n = 10). RRV in NREM sleep correlated with ambiguous and solitary nuclei degeneration (r = 0.9, p = 0.008) and reduced survival (r = -0.7, p = 0.037). Two new stages, Subwake1 and Subwake2, present in all patients, were characterized. NREM sleep (conventional or undifferentiated) was identifiable in ten patients but reduced in duration in eight. REM sleep occurred in short segments in nine patients, and their reduced duration correlated with medullary raphe nuclei degeneration (r = -0.9, p = 0.005). Seven patients had REM without atonia. Three vPSG patterns were identified: agitated, with aperiodic, manipulative, and finalistic movements (n = 4); quiet-apneic, with CSA (n = 4); and quiet-non-apneic (n = 3).
CONCLUSIONS: FI patients show frequent breathing alterations, associated with respiratory nuclei damage, and, in addition to NREM sleep distortion, have severe impairment of REM sleep, related with raphe nuclei degeneration. Brainstem impairment is crucial in FI.","RAYYAN-INCLUSION: {""─Éß║╖ng Gia""=>""Excluded""} | USER-NOTES: {""─Éß║╖ng Gia""=>[""EC-0""]}","10.1016/j.sleep.2022.08.027"
"Physiological Determinants of Snore Loudness.","2024","Vena D and Gell L and Messineo L and Mann D and Azarbarzin A and Calianese N and Wang TY and Yang H and Alex R and Labarca G and Hu WH and Sumner J and White DP and Wellman A and Sands SA","https://pubmed.ncbi.nlm.nih.gov/37879037/","Rationale: The physiological factors modulating the severity of snoring have not been adequately described. Airway collapse or obstruction is generally the leading determinant of snore sound generation; however, we suspect that ventilatory drive is of equal importance. Objective: To determine the relationship between airway obstruction and ventilatory drive on snore loudness. Methods: In 40 patients with suspected or diagnosed obstructive sleep apnea (1-98 events/hr), airflow was recorded via a pneumotachometer attached to an oronasal mask, ventilatory drive was recorded using calibrated intraesophageal diaphragm electromyography, and snore loudness was recorded using a calibrated microphone attached over the trachea. ""Obstruction"" was taken as the ratio of ventilation to ventilatory drive and termed flow:drive, i.e., actual ventilation as a percentage of intended ventilation. Lower values reflect increased flow resistance. Using 165,063 breaths, mixed model analysis (quadratic regression) quantified snore loudness as a function of obstruction, ventilatory drive, and the presence of extreme obstruction (i.e., apneic occlusion). Results: In the presence of obstruction (flow:drive = 50%, i.e., doubled resistance), snore loudness increased markedly with increased drive (+3.4 [95% confidence interval, 3.3-3.5] dB per standard deviation [SD] change in ventilatory drive). However, the effect of drive was profoundly attenuated without obstruction (at flow:drive = 100%: +0.23 [0.08-0.39] dB per SD change in drive). Similarly, snore loudness increased with increasing obstruction exclusively in the presence of increased drive (at drive = 200% of eupnea: +2.1 [2.0-2.2] dB per SD change in obstruction; at eupneic drive: +0.14 [-0.08 to 0.28] dB per SD change). Further, snore loudness decreased substantially with extreme obstruction, defined as flow:drive <20% (-9.9 [-3.3 to -6.6] dB vs. unobstructed eupneic breathing). Conclusions: This study highlights that ventilatory drive, and not simply pharyngeal obstruction, modulates snore loudness. This new framework for characterizing the severity of snoring helps better understand the physiology of snoring and is important for the development of technologies that use snore sounds to characterize sleep-disordered breathing.","RAYYAN-INCLUSION: {""─Éß║╖ng Gia""=>""Excluded""} | USER-NOTES: {""─Éß║╖ng Gia""=>[""EC-0""]}","10.1513/annalsats.202305-438oc"
"Positional obstructive sleep apnea and cardiovascular outcomes.","2025","Kang H and Chow C and Lobo J and Logan J and Bonner H and Cho Y and Liu X and Mazimba S and Kwon Y","https://pubmed.ncbi.nlm.nih.gov/40392385/","BACKGROUND: A tendency to obstruct the upper airway is markedly increased in supine sleep. Positional obstructive sleep apnea (OSA) (POSA) occurs predominantly in the supine position. The implication of POSA in terms of future cardiovascular (CV) risk is unknown. We hypothesized that patients with POSA have decreased future CV risks compared to OSA patients without POSA (non-POSA).
METHODS: This single-center study included patients who underwent clinically indicated polysomnography. POSA was defined as an apnea-hypopnea index (AHI) ≥ 5 events/hour and supine AHI at least twice as high as non-supine AHI (nsAHI). Exclusive POSA (ePOSA) includes the additional requirement that the nsAHI normalizes to an AHI of < 5/hour. A Cox proportional hazard model was used to assess the future risk of new CV events in patients with POSA compared to non-POSA (reference group).
RESULTS: There were 3,779 patients (mean age 51, female 59.7%), consisting of 35.9% POSA, 38.4% non-POSA, and 25.7% no OSA. Using the ePOSA definition, 17.3% had ePOSA, 57.1% had non-ePOSA, and 25.7% had no OSA. Over a median 8.4 years, there were 1,297 composite events. Patients with POSA had a lower risk of CV events compared to non-POSA (HR 0.85, CI:0.74-0.96; p = 0.010). There was a non-significant trend towards lower risk of CV events in patients with ePOSA compared to non-ePOSA (HR 0.86, CI:0.73-1.01; p = 0.061).
CONCLUSIONS: POSA is associated with lower CV risk than non-POSA. Future studies should consider POSA as a distinct subtype when studying OSA and CV outcomes.","RAYYAN-INCLUSION: {""─Éß║╖ng Gia""=>""Excluded""} | USER-NOTES: {""─Éß║╖ng Gia""=>[""EC-0""]}","10.1007/s11325-025-03342-y"
"Respiratory and sleep-related complications of multiple system atrophy.","2020","Ralls F and Cutchen L","https://pubmed.ncbi.nlm.nih.gov/32925365/","PURPOSE OF REVIEW: The purpose of this article is to provide a contemporary review of sleep issues affecting patients with multiple system atrophy (MSA).
RECENT FINDINGS: Prodromal symptoms of MSA may occur years prior to diagnosis, including autonomic dysfunction such as orthostatic hypotension, urogenital dysfunction, rapid eye movement (REM) sleep behavior disorder (RBD), and stridor. Patients may also develop sleep-related respiratory disorders such as obstructive sleep apnea (OSA), central sleep apnea (CSA), and stridor. The development of stridor is associated with a shortened lifespan and sudden death, which may be further accelerated by autonomic instability. MSA appears to follow a 'prion-like' disease progression.
SUMMARY: MSA is a rapidly progressive neurodegenerative disease characterized by a combination of autonomic failure and motor symptoms. MSA is often misdiagnosed as the initial presentation mimics other neurodegenerative disorders. There are diagnostic criteria to identify possible, probable, and definite MSA. Prodromal symptoms may occur years prior to diagnosis, including autonomic dysfunction such as orthostatic hypotension, urogenital dysfunction, REM RBD, and stridor. In previous years, treatment consisted of tracheostomy but did not address the component of CSA, which commonly coexisted or developed later because of destruction of medullary chemoreceptors. Positive airway pressure may be as effective as tracheostomy alone in ameliorating obstruction at the vocal cord level.","RAYYAN-INCLUSION: {""─Éß║╖ng Gia""=>""Excluded""} | USER-NOTES: {""─Éß║╖ng Gia""=>[""EC-0""]}","10.1097/mcp.0000000000000725"
"Obstructive sleep apnea is a risk factor for incident COVID-19 infection.","2025","Quan SF and Weaver MD and Czeisler MÉ and Barger LK and Booker LA and Howard ME and Jackson ML and McDonald CF and Ridgers A and Robbins R and Varma P and Rajaratnam SMW and Czeisler CA","https://pubmed.ncbi.nlm.nih.gov/40560295/","PURPOSE: Cross-sectional studies suggest that obstructive sleep apnea (OSA) is a potential risk factor for incident COVID-19 infection, but longitudinal studies are lacking. METHODS: Two surveys from a large general population cohort, the COVID-19 Outbreak Public Evaluation (COPE) Initiative, undertaken 147 ± 58 days apart were analyzed to determine whether the pre-existing OSA was a risk factor for the incidence of COVID-19. RESULTS: Of the 24,803 respondents completing the initial survey, 14,950 were negative for COVID-19; data from the follow-up survey were available for 2,325 respondents. Those with incident COVID-19 infection had a slightly higher prevalence of OSA (COVID-19+: 14.3 vs. COVID-19-: 11.5%, p = 0.068). Stratification by treatment status revealed that those untreated for their OSA were at greater risk for developing COVID-19 infection (OSA Untreated: 14.2 vs. OSA Treated: 7.4%, p ≤ 0.05). In a logistic regression model adjusted for comorbidities, demographic, socioeconomic factors, days between surveys and the interaction between vaccination status and OSA, incident COVID-19 infection was 1.94 times more likely in those with OSA (aOR: 1.94, 95% CI: 1.07–3.51, p ≤ 0.05). Stratification by treatment status revealed only untreated OSA participants were at greater risk for COVID-19 (aOR: 3.21, 95% CI: 1.25–8.23, p ≤ 0.05). CONCLUSION: The evidence from this study confirms untreated OSA as a risk factor for acquiring COVID-19 infection and highlights the importance of actively treating and managing OSA as a preventative mechanism against COVID-19 disease.","RAYYAN-INCLUSION: {""─Éß║╖ng Gia""=>""Excluded""} | USER-NOTES: {""─Éß║╖ng Gia""=>[""EC-0""]}","10.1007/s11325-025-03401-4"
"Obstructive Sleep Apnea and Auditory Dysfunction-Does Snoring Sound Play a Role?","2022","Lu CT and Lee LA and Lee GS and Li HY","https://pubmed.ncbi.nlm.nih.gov/36292063/","The objective of the study was to investigate the relationship between obstructive sleep apnea (OSA) and auditory dysfunction, and to clarify the role of snoring sounds in contributing to auditory dysfunction. A comprehensive assessment of OSA and the auditory system was performed, including overnight polysomnography, detection of the intra-ear canal snoring sound energy (SSE), pure tone average (PTA), tinnitus pitch matching, the tinnitus handicap inventory (THI), and the Epworth sleepiness scale (ESS). The patients were identified as having tinnitus if their THI score was higher than zero or their tinnitus pitches were matched to specific frequencies. The median age, body mass index, and apnea-hypopnea index score were 41 years, 26.4 kg/m2, and 29.9 events/h, respectively. Among the 50 participants, 46 (92%) had a normal PTA, and only 4 (8%) patients had mild hearing loss. There was no significant difference in PTA among OSA severities (p = 0.52). Among the 50 participants, 33 patients (66%) were identified as having tinnitus. In the tinnitus group (n = 33), the ESS score (p = 0.01) and intra-ear canal SSE of 851-1500 Hz (p = 0.04) were significantly higher than those in the non-tinnitus group (n = 17). OSA patients with a higher ESS score had a higher risk of tinnitus (odds ratio 1.22 [95% CI: 1.01-1.46]). OSA-related auditory dysfunction emerged in tinnitus rather than in hearing impairment. OSA patients with daytime sleepiness had a higher risk of tinnitus. High-frequency SSE can jeopardize cochlea and is a potential mechanism contributing to tinnitus. Detection of snoring sounds through an intra-ear canal device may be more precise in assessing acoustic trauma from snoring sounds to vulnerable auditory system and thus warrants further research.","RAYYAN-INCLUSION: {""─Éß║╖ng Gia""=>""Excluded""} | USER-NOTES: {""─Éß║╖ng Gia""=>[""EC-0""]}","10.3390/diagnostics12102374"
"First Steps Toward Implementing Primary Care Obstructive Sleep Apnea Management in Rural West Virginia.","2025","Leonhard AG and Donovan LM","https://pubmed.ncbi.nlm.nih.gov/40590657/","","RAYYAN-INCLUSION: {""─Éß║╖ng Gia""=>""Excluded""} | USER-NOTES: {""─Éß║╖ng Gia""=>[""NO ABSTRACT""]}","10.1513/annalsats.202505-496ed"
"Laryngomalacia: Not just an infant disease.","2025","Joseph L and Goldberg S and Cohen S and Aschkenasy G and Picard E","https://pubmed.ncbi.nlm.nih.gov/40043629/","AIM: Laryngomalacia is the most common congenital anomaly of the larynx and is regarded as a process that resolves by the age of two years. The aim of the current study was to assess the prevalence of laryngomalacia beyond the age of 2 years, to describe its clinical characteristics and to identify risk factors.
METHODS: We retrospectively reviewed all bronchoscopies performed over a 3 year period. We compared the prevalence of laryngomalacia between children younger and older than 2 years of age. We also compared the presenting symptoms and co-morbidities between the two age groups.
RESULTS: Laryngomalacia was diagnosed in 167 (27 %) out of 618 pediatric bronchoscopies. Among the patients with laryngomalacia, 125 (75 %) were less than 2 years old and 42 (25 %) were more than 2 years old. Older children with laryngomalacia were more likely to present with snoring than stridor (44 % vs 24 %) and had more co-morbidities (48 % vs 22 %) than the younger group.
CONCLUSIONS: Laryngomalacia is not rare in children older than 2 years of age. Co-morbidities are reported frequently in these children. Snoring is a more common symptom in this age group. Further complementary prospective studies are necessary to confirm our observations.","RAYYAN-INCLUSION: {""─Éß║╖ng Gia""=>""Excluded""} | USER-NOTES: {""─Éß║╖ng Gia""=>[""EC-1""]}","10.1016/j.ijporl.2025.112291"
"Home sleep apnea testing auto-interpretation.","2025","Wireko FW and Morgenthaler TI","https://pubmed.ncbi.nlm.nih.gov/39385629/","UNLABELLED: Recent advances in sleep medicine have led to the development of various validated diagnostic devices for obstructive sleep apnea. Despite limitations, there has been an increase in the use of home sleep apnea tests. The accuracy of home sleep apnea tests may be limited by the inability of their automated signal analysis to differentiate between artifacts and the target physiological signal, leading to erroneous test interpretations with management implications. We present a 60-year-old male with a mechanical heart valve diagnosed with obstructive sleep apnea. At the 6-month postintervention follow-up, the home sleep apnea test report indicated loud snoring 100% of the time. After carefully reviewing the raw home sleep apnea test data and history, the source of the nonphysiological high-level sound was identified as the mechanical heart valve, and the patient was reassured. This case highlights how trusting only automated analysis can miss important information and arrive at misleading conclusions.
CITATION: Wireko FW, Morgenthaler TI. Home sleep apnea testing auto-interpretation. J Clin Sleep Med. 2025;21(3):605-607.","RAYYAN-INCLUSION: {""─Éß║╖ng Gia""=>""Excluded""} | USER-NOTES: {""─Éß║╖ng Gia""=>[""EC-S""]}","10.5664/jcsm.11432"
"The Association of Sleep Apnea and Cancer in Veterans.","2020","Jara SM and Phipps AI and Maynard C and Weaver EM","https://pubmed.ncbi.nlm.nih.gov/32013761/","OBJECTIVE: To test the association between preexisting obstructive sleep apnea (OSA) and subsequent cancer in a large long-term cohort of veteran patients.
STUDY DESIGN: Retrospective matched cohort study.
SETTING: The Veterans Affairs Health Care System.
SUBJECTS AND METHODS: All veteran patients diagnosed with OSA between 1993 and 2013 by International Classification of Diseases, Ninth Revision (ICD-9) codes in any Veterans Affairs facility and veteran patients without an OSA diagnosis, matched to patients with OSA by age and index year. Cancer diagnoses were identified by ICD-9 codes for the time period at least 2 years after OSA diagnosis or index date. We tested the association between OSA and cancer using multivariate Cox regression with time since cohort entry as the time axis, adjusting for potential confounders.
RESULTS: The cohort included 1,377,285 patients (726,008 with and 651,277 without an OSA diagnosis) with mean age of 55 years, predominantly male (94%), a minority obese (32%), and median follow-up of 7.4 years (range, 2.0-25.2). The proportion of patients diagnosed with cancer was higher in those with vs without an OSA diagnosis (8.3% vs 3.6%; mean difference 4.8%; 95% confidence interval [CI], 4.7%-4.8%; P < .001). After adjusting for age, sex, year of cohort entry, smoking status, alcohol use, obesity, and comorbidity, the hazard of incident cancer was nearly double in patients with vs without an OSA diagnosis (hazard ratio, 1.97; 95% CI, 1.94-2.00; P < .001).
CONCLUSION: Preexisting OSA was strongly associated with subsequent cancer in this veteran cohort, independent of several known cancer risk factors. These findings suggest that OSA may be a strong, independent risk factor for subsequent cancer development.","RAYYAN-INCLUSION: {""─Éß║╖ng Gia""=>""Excluded""} | USER-NOTES: {""─Éß║╖ng Gia""=>[""EC-0""]}","10.1177/0194599819900487"
"Treatment preferences for comorbid obesity and obstructive sleep apnea (PRO-CON OSA) survey: Patient and provider preferences for CPAP and/or tirzepatide.","2026","Schmickl CN and Tripipitsiriwat A and Mokhlesi B and Mallampalli M and Nokes B and Kundel V and Page K and Finch C and Donovan L and Tadros M and Aysola RS and Zinchuk A and Zvenyach T and Safwan Badr M and Patel SR and Orr JE and Owens RL and Lindsell C and Martin JL and Malhotra A and PARADIGM-SLEEP Investigators and Badr MS","https://pubmed.ncbi.nlm.nih.gov/41731227/","PURPOSE: Approximately one of ten US adults has comorbid obesity and obstructive sleep apnea (COBOSA). Traditionally, sleep medicine management of COBOSA focused on continuous positive airway pressure (CPAP). Recently, tirzepatide (a once-weekly injection) was approved for COBOSA after demonstrating substantial reduction of weight and OSA severity in efficacy trials. We assessed patient and provider attitudes towards these therapies for COBOSA. METHODS: We conducted an online survey (November 2024–August 2025) targeting US adults with OSA and/or obesity (“patients”) and sleep medicine providers. The survey assessed treatment acceptability, preferences, and informational needs. RESULTS: The analysis included 461 patients (86% with sleep apnea, 49% with COBOSA; ~5% response rate) and 114 providers. Overall, 70% of respondents found both CPAP and tirzepatide at least somewhat acceptable, with significantly different response patterns (P < .001): providers found CPAP more acceptable than tirzepatide, whereas patients rated both therapies similar. When asked to choose a preferred long-term therapy assuming equal effectiveness, patients favored tirzepatide (48% vs. 21%), while providers preferred CPAP (52% vs. 27%). Providers with experience prescribing injectable weight-loss medications were more aligned with patient views. Both groups supported combination therapy, though patients were less enthusiastic than providers (61% vs. 86%). Both groups valued a wide range of outcomes for decision making—across symptom, sleep, and cardiometabolic domains—and emphasized the importance of safety, long-term data, and costs. CONCLUSIONS: Patients and providers view CPAP and/or tirzepatide as acceptable options for COBOSA, but preferences diverge. Given equipoise, comparative effectiveness trials are urgently needed to guide individualized treatment strategies.","RAYYAN-INCLUSION: {""─Éß║╖ng Gia""=>""Excluded""} | USER-NOTES: {""─Éß║╖ng Gia""=>[""EC-0""]}","10.1007/s44470-025-00024-0"
"Why and When to Treat Snoring.","2020","Yaremchuk K","https://pubmed.ncbi.nlm.nih.gov/32336469/","It is estimated that half of the adult population older than 60 years snores. This article discusses the many aspects of snoring, including impacts on bed partners, the individual who snores, and when and how to appropriately evaluate, diagnose, and treat the perpetrator. The goal is for clinicians to expand their knowledge regarding diagnosis and treatment of the phenomenon of snoring.It is estimated that half of the adult population over the age of 60 years of age snores. This chapter discusses snoring, including the impact on bed partners, the individual that snores and when and how to treat the snorer. The goal is for clinicians to expand their knowledge regarding diagnosis and treatment of patients who snores.","RAYYAN-INCLUSION: {""─Éß║╖ng Gia""=>""Excluded""} | USER-NOTES: {""─Éß║╖ng Gia""=>[""EC-N""]}","10.1016/j.otc.2020.02.011"
"Association between obstructive sleep apnea and Tinnitus in the United States: NHANES 2005-2020.","2025","Wang C and Shi M and Xie L and Qin Z and Li W and Wang D and Peng W and Wu J and Li Y","https://pubmed.ncbi.nlm.nih.gov/39841314/","BACKGROUND: This study aimed to investigate the association between Obstructive Sleep Apnea (OSA) and Tinnitus using NHANES data from 2005 to 2020.
METHODS: This study analyzed data from NHANES (National Health and Nutrition Examination Surveys) conducted between 2005 and 2020, and included 4871 participants aged 16 or older. OSA was assessed using the Multivariate Apnea Prediction Index and the variables from the National Health and Nutrition Examination Survey. Tinnitus was defined as participants who reported being bothered by a ringing, roaring, or buzzing sound in the ears or head lasting 5 min or more during the past 12 months. Logistic regression models were employed to examine the association between OSA and Tinnitus.
RESULTS: The study cohort had an overall prevalence of Tinnitus of 16.5%, with 53.51% for males and 46.49% for females. After controlling for potential confounders, there was a significant association between Tinnitus and OSA (odds ratio = 1.43, 95% confidence interval = 1.05-1.94, P = 0.03).
CONCLUSION: These findings indicate that OSA is a risk factor for the development of Tinnitus.","RAYYAN-INCLUSION: {""─Éß║╖ng Gia""=>""Excluded""} | USER-NOTES: {""─Éß║╖ng Gia""=>[""EC-0""]}","10.1007/s11325-025-03243-0"
"Cancer Risk Associated with Continuous Positive Airway Pressure: A National Study.","2022","Brauer PR and Bryson PC and Wu SS and Gau VL and Lamarre ED and Kominsky AH","https://pubmed.ncbi.nlm.nih.gov/35352830/","OBJECTIVE: In 2021 the U.S. FDA issued a Class 1 safety recall notice for specific devices due to a risk of carcinogen exposure. The objective of this study was to evaluate reports of cancer linked to CPAP devices to understand implications for the field of sleep medicine.
METHODS: Cases of cancer involving CPAP devices were retrieved from the MAUDE database from 2014 to 2021 and analyzed with descriptive statistics.
RESULTS: A total of 2571 patient injuries were associated with CPAP. Reports of cancer (n = 209; 4.62%) were the second most commonly documented patient problem associated with CPAP, although 1950 (43.13%) patients had a device problem without an associated injury. Of the 209 cancer cases associated with CPAP, 200 (95.7%) of the adverse event reports were received by the FDA in 2021. There were 174 (9.15%) descriptions of the CPAP polyurethane sound abatement foam degrading in association with a cancer diagnosis, but degradation was more commonly not associated with malignancy (n = 1728; 90.85%). Other frequently documented CPAP device problems included broken devices (n = 279; 6.92%), fire (n = 182; 4.51%), and patient-device incompatibility (n = 144; 3.57%).
CONCLUSION: Malignancy associated with CPAP devices has been reported; however, future studies are required to establish causation. Given 95.7% of those documented cases were reported in 2021, otolaryngologists should be prepared to discuss the risks of carcinogenesis associated with CPAP. The otolaryngology community should also be aware of the potential bandwagon effect and the implications for CPAP compliance.
LEVEL OF EVIDENCE: 4 Laryngoscope, 132:2270-2274, 2022.","RAYYAN-INCLUSION: {""─Éß║╖ng Gia""=>""Excluded""} | USER-NOTES: {""─Éß║╖ng Gia""=>[""EC-0""]}","10.1002/lary.30117"
"Remote Titration of Mandibular Advancement Devices: What Outcomes Should We Target?","2024","Leonhard AG and Donovan LM","https://pubmed.ncbi.nlm.nih.gov/38691008/","","RAYYAN-INCLUSION: {""─Éß║╖ng Gia""=>""Excluded""} | USER-NOTES: {""─Éß║╖ng Gia""=>[""NO ABSTRACT""]}","10.1513/annalsats.202402-219ed"
"Tongue Base Suspension Using a Y-Knot All-Suture Anchor System.","2025","Yeh P and Chang YK and Huang TW","https://pubmed.ncbi.nlm.nih.gov/40130528/","Tongue base suspension is a minimally invasive surgical procedure used to treat obstructive sleep apnea. In this video, an exemplary case of a 30-year-old male diagnosed with obstructive sleep apnea who underwent tongue base suspension and uvulopalatopharyngoplasty is described. The video contains a step-by-step description of the surgical steps of a new minimally invasive tongue base suspension technique using the Y-knot All-Suture Anchor System with monofilament polypropylene suture.","RAYYAN-INCLUSION: {""─Éß║╖ng Gia""=>""Excluded""} | USER-NOTES: {""─Éß║╖ng Gia""=>[""EC-0""]}","10.1002/lary.32139"
"Approaching sleep apnea management in the setting of uncertainty.","2022","Donovan LM and Patel SR","https://pubmed.ncbi.nlm.nih.gov/36149838/","","RAYYAN-INCLUSION: {""─Éß║╖ng Gia""=>""Excluded""} | USER-NOTES: {""─Éß║╖ng Gia""=>[""NO ABSTRACT""]}","10.1093/sleep/zsac234"
"Pediatric Tongue Base Suspension With Fluoroscopic Guidance.","2021","Valika T and Maksimoski M and Maurrasse S","https://pubmed.ncbi.nlm.nih.gov/33586779/","","RAYYAN-INCLUSION: {""─Éß║╖ng Gia""=>""Excluded""} | USER-NOTES: {""─Éß║╖ng Gia""=>[""NO ABSTRACT""]}","10.1002/lary.29446"
"Screening commercial drivers for sleep apnea: are profits and public safety aligned?","2020","Donovan LM and Kapur VK","https://pubmed.ncbi.nlm.nih.gov/32221540/","","RAYYAN-INCLUSION: {""─Éß║╖ng Gia""=>""Excluded""} | USER-NOTES: {""─Éß║╖ng Gia""=>[""NO ABSTRACT""]}","10.1093/sleep/zsaa043"
"Tidal Volume Level Estimation Using Respiratory Sounds.","2023","Wang L and Jiang Z","https://pubmed.ncbi.nlm.nih.gov/36844947/","Respiratory sounds have been used as a noninvasive and convenient method to estimate respiratory flow and tidal volume. However, current methods need calibration, making them difficult to use in a home environment. A respiratory sound analysis method is proposed to estimate tidal volume levels during sleep qualitatively. Respiratory sounds are filtered and segmented into one-minute clips, all clips are clustered into three categories: normal breathing/snoring/uncertain with agglomerative hierarchical clustering (AHC). Formant parameters are extracted to classify snoring clips into simple snoring and obstructive snoring with the K-means algorithm. For simple snoring clips, the tidal volume level is calculated based on snoring last time. For obstructive snoring clips, the tidal volume level is calculated by the maximum breathing pause interval. The performance of the proposed method is evaluated on an open dataset, PSG-Audio, in which full-night polysomnography (PSG) and tracheal sound were recorded simultaneously. The calculated tidal volume levels are compared with the corresponding lowest nocturnal oxygen saturation (LoO2) data. Experiments show that the proposed method calculates tidal volume levels with high accuracy and robustness.","RAYYAN-INCLUSION: {""─Éß║╖ng Gia""=>""Excluded""} | USER-NOTES: {""─Éß║╖ng Gia""=>[""EC-W""]}","10.1155/2023/4994668"
"Effects of demographic and sleep-related factors on snoring sound parameters.","2023","Huang Z and Lobbezoo F and Vanhommerig JW and Volgenant CMC and de Vries N and Aarab G and Hilgevoord AAJ","https://pubmed.ncbi.nlm.nih.gov/36857868/","OBJECTIVE: To investigate the effect of frequently reported between-individual (viz., age, gender, body mass index [BMI], and apnea-hypopnea index [AHI]) and within-individual (viz., sleep stage and sleep position) snoring sound-related factors on snoring sound parameters in temporal, intensity, and frequency domains.
METHODS: This study included 83 adult snorers (mean ± SD age: 42.2 ± 11.3 yrs; male gender: 59%) who underwent an overnight polysomnography (PSG) and simultaneous sound recording, from which a total of 131,745 snoring events were extracted and analyzed. Data on both between-individual and within-individual factors were extracted from the participants' PSG reports.
RESULTS: Gender did not have any significant effect on snoring sound parameters. The fundamental frequency (FF; coefficient = -0.31; P = 0.02) and dominant frequency (DF; coefficient = -12.43; P < 0.01) of snoring sounds decreased with the increase of age, and the second formant increased (coefficient = 22.91; P = 0.02) with the increase of BMI. Severe obstructive sleep apnea (OSA; AHI ≥30 events/hour), non-rapid eye movement sleep stage 3 (N3), and supine position were all associated with more, longer, and louder snoring events (P < 0.05). Supine position was associated with higher FF and DF, and lateral decubitus positions were associated with higher formants.
CONCLUSIONS: Within the limitations of the current patient profile and included factors, AHI was found to have greater effects on snoring sound parameters than the other between-individual factors. The included within-individual factors were found to have greater effects on snoring sound parameters than the between-individual factors under study.","RAYYAN-INCLUSION: {""─Éß║╖ng Gia""=>""Excluded""} | USER-NOTES: {""─Éß║╖ng Gia""=>[""EC-0""]}","10.1016/j.sleep.2023.02.012"
"Evaluating Prediction Models of Sleep Apnea From Smartphone-Recorded Sleep Breathing Sounds.","2022","Cho SW and Jung SJ and Shin JH and Won TB and Rhee CS and Kim JW","https://pubmed.ncbi.nlm.nih.gov/35420648/","IMPORTANCE: Breathing sounds during sleep are an important characteristic feature of obstructive sleep apnea (OSA) and have been regarded as a potential biomarker. Breathing sounds during sleep can be easily recorded using a microphone, which is found in most smartphone devices. Therefore, it may be easy to implement an evaluation tool for prescreening purposes.
OBJECTIVE: To evaluate OSA prediction models using smartphone-recorded sounds and identify optimal settings with regard to noise processing and sound feature selection.
DESIGN, SETTING, AND PARTICIPANTS: A cross-sectional study was performed among patients who visited the sleep center of Seoul National University Bundang Hospital for snoring or sleep apnea from August 2015 to August 2019. Audio recordings during sleep were performed using a smartphone during routine, full-night, in-laboratory polysomnography. Using a random forest algorithm, binary classifications were separately conducted for 3 different threshold criteria according to an apnea hypopnea index (AHI) threshold of 5, 15, or 30 events/h. Four regression models were created according to noise reduction and feature selection from the input sound to predict actual AHI: (1) noise reduction without feature selection, (2) noise reduction with feature selection, (3) neither noise reduction nor feature selection, and (4) feature selection without noise reduction. Clinical and polysomnographic parameters that may have been associated with errors were assessed. Data were analyzed from September 2019 to September 2020.
MAIN OUTCOMES AND MEASURES: Accuracy of OSA prediction models.
RESULTS: A total of 423 patients (mean [SD] age, 48.1 [12.8] years; 356 [84.1%] male) were analyzed. Data were split into training (n = 256 [60.5%]) and test data sets (n = 167 [39.5%]). Accuracies were 88.2%, 82.3%, and 81.7%, and the areas under curve were 0.90, 0.89, and 0.90 for an AHI threshold of 5, 15, and 30 events/h, respectively. In the regression analysis, using recorded sounds that had not been denoised and had only selected attributes resulted in the highest correlation coefficient (r = 0.78; 95% CI, 0.69-0.88). The AHI (β = 0.33; 95% CI, 0.24-0.42) and sleep efficiency (β = -0.20; 95% CI, -0.35 to -0.05) were found to be associated with estimation error.
CONCLUSIONS AND RELEVANCE: In this cross-sectional study, recorded sleep breathing sounds using a smartphone were used to create reasonably accurate OSA prediction models. Future research should focus on real-life recordings using various smartphone devices.","RAYYAN-INCLUSION: {""─Éß║╖ng Gia""=>""Included""} | USER-NOTES: {""─Éß║╖ng Gia""=>[""IC-P, IC-I, IC-C, IC-E""]}","10.1001/jamaoto.2022.0244"
"Snoring classification with deep time-frequency features.","2026","Lu W and Han J and Lei W and Chen X and Wang Y and Wang R","https://pubmed.ncbi.nlm.nih.gov/42393127/","Snoring is a primary symptom of Obstructive Sleep Apnea (OSA), and its accurate classification is crucial for non-invasively locating upper airway obstructions. However, existing methods struggle with insufficient data, imbalanced classes, and inadequate integration of time-frequency information. To address these challenges, this paper proposes a heterogeneous integration framework combining Short-Time Fourier Transform (STFT), pre-trained CNNs, and an L2-regularized Support Vector Machine (SVM). First, STFT is employed to convert snore signals into spectrograms with a perceptually uniform Viridis colormap, preserving critical time-frequency structures. Second, deep time-frequency features are extracted from the fc7 layer of a pre-trained AlexNet, which inherently mitigates the problem of limited labeled data. Finally, an L2-regularized SVM replaces the standard softmax classifier to counteract overfitting under high-dimensional, small-sample conditions. Experiments on the Munich-Passau Snore Sound Corpus demonstrate that our method achieves a test set Unweighted Average Recall of 67.1%, outperforming state of the art methods including end to end Convolutional Neural Networks and Transformer based audio models. Ablation studies confirm that removing any single component including Short-Time Fourier Transform, pre-trained Convolutional Neural Network, or Support Vector Machine causes a significant performance drop of up to 21.3%. The proposed framework provides an effective, generalizable, and data efficient solution for snore source localization.","RAYYAN-INCLUSION: {""─Éß║╖ng Gia""=>""Included""} | USER-NOTES: {""─Éß║╖ng Gia""=>[""IC-P, IC-I, IC-C, IC-E""]}","10.1038/s41598-026-58941-w"
"Patient-Defined Goals for Obstructive Sleep Apnea Treatment.","2022","Cai Y and Tripuraneni P and Gulati A and Stephens EM and Nguyen DK and Durr ML and Chang JL","https://pubmed.ncbi.nlm.nih.gov/35133912/","OBJECTIVES: To characterize the treatment goals and values of adult patients with obstructive sleep apnea (OSA).
STUDY DESIGN: Mixed methods design based on semistructured interviews followed by cross-sectional surveys.
SETTING: Academic medical center and integrated managed care consortium.
METHODS: Phase 1 involved qualitative analysis of focus groups and interviews to define treatment goal categories. Phase 2 included analysis of cross-sectional surveys on most important treatment goals from patients with OSA presenting to sleep surgery clinic. Positive airway pressure (PAP) use, Epworth Sleepiness Scale score, and apnea-hypopnea index were obtained to determine influences on goal choices.
RESULTS: During focus groups and interviews, treatment goal themes identified included improving sleep quality, reducing daytime sleepiness, snoring sound reduction, and health risk reduction. In phase 2, 536 patients were surveyed, and they reported the primary treatment goals of health risk reduction (35%), sleep quality improvement (28%), daytime sleepiness improvement (21%), and snoring sound reduction (16%). The primary treatment goal was associated with age (P < .0001), excessive daytime sleepiness (Epworth Sleepiness Scale score >10, P < .0001), PAP use status (P < .0001), and OSA severity (apnea-hypopnea index, P < .0001). Severity of OSA was associated with increasing proportion of patients choosing health risk reduction as the main treatment goal (P < .05).
CONCLUSIONS: Adult OSA treatment goal choices vary with age, symptoms, PAP history, and OSA severity. Understanding patient-specific goals is the essential first step in the shared decision-making process when choosing surgical or nonsurgical treatments. Ultimately, goal-focused discussions ensure alignment of priorities and definitions of success between the patient and the provider.","RAYYAN-INCLUSION: {""─Éß║╖ng Gia""=>""Excluded""} | USER-NOTES: {""─Éß║╖ng Gia""=>[""EC-0""]}","10.1177/01945998221075298"
"How to objectively measure snoring: a systematic review.","2024","Kim SG and Cho SW and Rhee CS and Kim JW","https://pubmed.ncbi.nlm.nih.gov/37421520/","PURPOSE: Snoring is the most common symptom of obstructive sleep apnea. Various objective methods of measuring snoring are available, and even if the measurement is performed the same way, communication is difficult because there are no common reference values between the researcher and clinician with regard to intensity and frequency, among other variables. In other words, no consensus regarding objective measurement has been reached. This study aimed to review the literature related to the objective measurement of snoring, such as measurement devices, definitions, and device locations.
METHODS: A literature search based on the PubMed, Cochrane, and Embase databases was conducted from the date of inception to April 5, 2023. Twenty-nine articles were included in this study. Articles that mentioned only the equipment used for measurement and did not include individual details were excluded from the study.
RESULTS: Three representative methods for measuring snoring emerged. These include (1) a microphone, which measures snoring sound; (2) piezoelectric sensor, which measures snoring vibration; and (3) nasal transducer, which measures airflow. In addition, recent attempts have been made to measure snoring using smartphones and applications.
CONCLUSION: Numerous studies have investigated both obstructive sleep apnea and snoring. However, the objective methods of measuring snoring and snoring-related concepts vary across studies. Consensus in the academic and clinical communities on how to measure and define snoring is required.","RAYYAN-INCLUSION: {""─Éß║╖ng Gia""=>""Excluded""} | USER-NOTES: {""─Éß║╖ng Gia""=>[""EC-N""]}","10.1007/s11325-023-02865-6"
"Buccal Myomucosal Flap Repair for Velopharyngeal Dysfunction.","2023","Chiang SN and Fotouhi AR and Grames LM and Skolnick GB and Snyder-Warwick AK and Patel KB","https://pubmed.ncbi.nlm.nih.gov/37768860/","BACKGROUND: Velopharyngeal dysfunction (VPD) is the incomplete separation of the nasal and oral cavities during speech sound production that can persist following primary palatoplasty. Surgical technique used in management of VPD (palatal re-repair versus pharyngeal flap or sphincter pharyngoplasty) is often dictated by the preoperative velar closing ratio and closure pattern. Recently, buccal flaps have increased in popularity in management of VPD. Here, the authors investigate the effectiveness of buccal myomucosal flaps in the treatment of VPD.
METHODS: A retrospective review was performed of all patients undergoing secondary palatoplasty with buccal flaps at a single center between 2016 and 2021. Preoperative and postoperative speech outcomes were compared. Speech assessments included perceptual examinations, graded on a four-point scale of hypernasality, and speech videofluoroscopy, from which the velar closing ratio was obtained.
RESULTS: A total of 25 patients underwent buccal myomucosal flap procedures for VPD at a median of 7.1 years after primary palatoplasty. Patients had significantly increased velar closing postoperatively (95% versus 50%; P < 0.001) and improved speech scores ( P < 0.001). Three patients (12%) had continued hypernasality postoperatively. There were no occurrences of obstructive sleep apnea.
CONCLUSIONS: Treatment of VPD with buccal myomucosal flaps leads to improved speech outcomes without the risk of obstructive sleep apnea. Traditionally, palatal re-repair techniques have been used for smaller preoperative velopharyngeal gaps; however, the addition of buccal flaps allows for anatomical velar muscle correction for patients with a larger preoperative velopharyngeal gap.
CLINICAL QUESTION/LEVEL OF EVIDENCE: Therapeutic, IV.","RAYYAN-INCLUSION: {""─Éß║╖ng Gia""=>""Excluded""} | USER-NOTES: {""─Éß║╖ng Gia""=>[""EC-0""]}","10.1097/prs.0000000000010443"
"CARDIA sleep ancillary study: study design and methods.","2024","Knutson KL and Reid KJ and Karanth S and Kim N and Abbott SM and Alexandria SJ and Harrington K and Thomas SJ and Lewis CE and Schreiner PJ and Carnethon MR","https://pubmed.ncbi.nlm.nih.gov/39444491/","Sleep and circadian disturbances are common and are experienced more often by Black compared to White individuals. We conducted an observational study of sleep that was ancillary to an ongoing cohort study, Coronary Artery Disease in Young Adults (CARDIA). The goal of the ancillary study will be to examine potential determinants of sleep/circadian disparities between Black and White adults in future analyses. Herein we describe the study design and methodology. Our ancillary study coincided with the Year 35 examination of the CARDIA study and was conducted in two phases (due to the SARS-COV-2 pandemic). Phase 1 involved only questionnaires to assess chronotype, restless legs syndrome, and the household sleep environment. Phase 2 involved three additional questionnaires to assess sleep quality, daytime sleepiness and insomnia symptoms, as well as two sleep devices. Participants wore a wrist activity monitor to assess sleep-wake patterns and light levels for 7 days and a home sleep apnea test for 1 night. A subset also had devices objectively record light, temperature, and sound levels in their bedrooms for 7 days. Sample sizes ranged based on assessment from 2200 to 2400, completing Phase 1 questionnaires, 899 with valid wrist actigraphy data, and 619 with a valid sleep apnea test. The data will be part of the full CARDIA dataset, which is available to researchers.","RAYYAN-INCLUSION: {""─Éß║╖ng Gia""=>""Excluded""} | USER-NOTES: {""─Éß║╖ng Gia""=>[""EC-N""]}","10.1093/sleepadvances/zpae071"
"Lamentations in the night: A systematic review on catathrenia.","2024","Martel Q and Maranci JB and Philippe C and Arnulf I","https://pubmed.ncbi.nlm.nih.gov/38718707/","Catathrenia is a loud expiratory moan during sleep that is a social embarrassment and is sometimes confused with central apnea on polysomnography. It affects about 4% of adults, but cases are rarely referred to sleep centers. Catathrenia affects males and females, children and adults, who are usually young and thin. A ""typical"" catathrenia begins with a deep inhalation, followed by a long, noisy exhalation, then a short, more pronounced exhalation, followed by another deep inhalation, often accompanied by arousal. The many harmonics of the sound indicate that it is produced by the vocal cords. It is often repeated in clusters, especially during REM sleep and at the end of the night. It does not disturb the sleepers, but their neighbors, and is associated with excessive daytime sleepiness in one-third of cases. The pathophysiology and treatment of typical catathrenia are still unknown. Later, a more atypical catathrenia was described, consisting of episodes of short (2 s), regular, semi-continuous expiratory moans during NREM sleep (mainly in stages N1 and N2) and REM sleep, often in people with mild upper airway obstruction. This atypical catathrenia is more commonly reduced by positive airway pressure and mandibular advancement devices that promote vertical opening.","RAYYAN-INCLUSION: {""─Éß║╖ng Gia""=>""Excluded""} | USER-NOTES: {""─Éß║╖ng Gia""=>[""EC-N""]}","10.1016/j.smrv.2024.101944"
"Effect of Tinnitus on Sleep Quality and Insomnia.","2023","Gallo KEB and Corrêa CC and Gonçalves CGO and Correia Baran JB and Marques JM and Zeigelboim BS and José MR","https://pubmed.ncbi.nlm.nih.gov/37125358/","Introduction  Tinnitus is a conscious perception of a sound resulting from abnormal activity within the nervous system. A relevant percentage of tinnitus patients report symptoms severe enough to significantly affect quality of life, including sleep disorders. Objective  To analyze the sleep quality, insomnia, daytime sleepiness, and risk of obstructive sleep apnea (OSA) in participants with tinnitus. Methods  The sample comprised 18 adults and older adults aged between 18 and 85 years old (mean age = 58.7 ± 17.5 years old), females and males, with complaint of continuous tinnitus for > 1 month. The instruments used were the Tinnitus Handicap Inventory (THI) questionnaire, the Insomnia Severity Index, the Pittsburgh Sleep Quality Index, the Epworth Sleepiness Scale, and the STOP-Bang questionnaire. Results  By means of the THI questionnaire, the tinnitus severity degree reported by most participants was mild (27.8%) and moderate (27.8%), having a positive (r = 0.582) and significant (0.011) correlation to sleep quality, measured by means of the Pittsburgh questionnaire. There was a positive correlation between the Insomnia Severity Index and tinnitus handicap (r = 0.499; p  = 0.035). A total of 72.2% of the participants self-assessed their sleep quality as poor, in addition to moderate insomnia (27.8%), although there is low risk of OSA (66.7%), without complaints of excessive daytime sleepiness (72.2%). Conclusion  Subjects with tinnitus complaint self-rated their sleep quality as poor. Moreover, the higher the reported tinnitus handicap, the greater the symptoms of insomnia. There was no influence of tinnitus in relation to daytime sleepiness and no relationship between the severity of tinnitus and the risk of OSA.","RAYYAN-INCLUSION: {""─Éß║╖ng Gia""=>""Excluded""} | USER-NOTES: {""─Éß║╖ng Gia""=>[""EC-0""]}","10.1055/s-0041-1735455"
"Sleep Position Detection with a Wireless Audio-Motion Sensor-A Validation Study.","2022","Kukwa W and Lis T and Łaba J and Mitchell RB and Młyńczak M","https://pubmed.ncbi.nlm.nih.gov/35626350/","It is well documented that body position significantly affects breathing indices during sleep in patients with obstructive sleep apnea. They usually worsen while changing from a non-supine to a supine position. Therefore, body position should be an accurately measured and credible parameter in all types of sleep studies. The aim of this study was to specify the accuracy of a neck-based monitoring device (Clebre, Olsztyn, Poland) mounted at the suprasternal notch, in determining a supine and non-supine sleeping position, as well as specific body positions during sleep, in comparison to polysomnography (PSG). A sleep study (PSG along with a neck-based audio-motion sensor) was performed on 89 consecutive patients. The accuracy in determining supine and non-supine positions was 96.9%±3.9% and 97.0%±3.6%, respectively. For lateral positions, the accuracy was 98.6%±2% and 97.4%±4.5% for the right and left side, respectively. The prone position was detected with an accuracy of 97.3%±5.6%. The study showed a high accuracy in detecting supine, as well as other gross positions, during sleep based on a sensor attached to the suprasternal notch, compared to the PSG study. We feel that the suprasternal notch is a promising area for placing wireless sleep study devices.","RAYYAN-INCLUSION: {""─Éß║╖ng Gia""=>""Excluded""} | USER-NOTES: {""─Éß║╖ng Gia""=>[""EC-W""]}","10.3390/diagnostics12051195"
"Interhemispheric sleep depth coherence predicts driving safety in sleep apnea.","2021","Azarbarzin A and Younes M and Sands SA and Wellman A and Redline S and Czeisler CA and Gottlieb DJ","https://pubmed.ncbi.nlm.nih.gov/32441843/","Obstructive sleep apnea is associated with increased risk of car crashes; however, conventional measures of sleep apnea severity do not clearly identify those individuals who are at greatest risk. Here we tested whether, among individuals with sleep apnea, those with reduced interhemispheric sleep depth coherence, measured by correlation between right and left hemisphere odds ratio product, are at greater risk. The sample was derived from the Sleep Heart Health Study, a prospective observational cohort study, and included 1,378 adults with sleep apnea. The occurrence of a car crash was ascertained by a questionnaire administered 2 years after the sleep study, which asked about the occurrence of crashes during the year prior to questionnaire administration. We computed the sleep depth coherence from electroencephalograms recorded during baseline sleep studies and after 5 years. The weighted kappa coefficient and Bangdiwala's B were 0.34 and 0.59, respectively, indicating a fair to moderate stability over a 5-year interval. Multivariate logistic regression, adjusted for age, sex, race, body mass index and miles driven per year, was used to assess the risk of a car crash. Compared to the lowest quartile of sleep depth coherence (<0.86), individuals in the highest quartile (>0.93) had a 62% (95% confidence interval, 22%-81%) lower risk of an accident. Further adjustments for usual sleep duration and sleepiness did not meaningfully alter these findings. Higher interhemispheric sleep depth coherence is associated with significantly lower risk of motor vehicle crashes in individuals with sleep apnea. This suggests that high interhemispheric sleep depth coherence may be a marker of resistance to sleep apnea-related adverse neurocognitive outcomes.","RAYYAN-INCLUSION: {""─Éß║╖ng Gia""=>""Excluded""} | USER-NOTES: {""─Éß║╖ng Gia""=>[""EC-W""]}","10.1111/jsr.13092"
"A review of automated sleep disorder detection.","2022","Xu S and Faust O and Seoni S and Chakraborty S and Barua PD and Loh HW and Elphick H and Molinari F and Acharya UR","https://pubmed.ncbi.nlm.nih.gov/36182761/","Automated sleep disorder detection is challenging because physiological symptoms can vary widely. These variations make it difficult to create effective sleep disorder detection models which support hu-man experts during diagnosis and treatment monitoring. From 2010 to 2021, authors of 95 scientific papers have taken up the challenge of automating sleep disorder detection. This paper provides an expert review of this work. We investigated whether digital technology and Artificial Intelligence (AI) can provide automated diagnosis support for sleep disorders. We followed the Preferred Reporting Items for Systematic Reviews and Meta-Analyses (PRISMA) guidelines during the content discovery phase. We compared the performance of proposed sleep disorder detection methods, involving differ-ent datasets or signals. During the review, we found eight sleep disorders, of which sleep apnea and insomnia were the most studied. These disorders can be diagnosed using several kinds of biomedical signals, such as Electrocardiogram (ECG), Polysomnography (PSG), Electroencephalogram (EEG), Electromyogram (EMG), and snore sound. Subsequently, we established areas of commonality and distinctiveness. Common to all reviewed papers was that AI models were trained and tested with labelled physiological signals. Looking deeper, we discovered that 24 distinct algorithms were used for the detection task. The nature of these algorithms evolved, before 2017 only traditional Machine Learning (ML) was used. From 2018 onward, both ML and Deep Learning (DL) methods were used for sleep disorder detection. The strong emergence of DL algorithms has considerable implications for future detection systems because these algorithms demand significantly more data for training and testing when compared with ML. Based on our review results, we suggest that both type and amount of labelled data is crucial for the design of future sleep disorder detection systems because this will steer the choice of AI algorithm which establishes the desired decision support. As a guiding principle, more labelled data will help to represent the variations in symptoms. DL algorithms can extract information from these larger data quantities more effectively, therefore; we predict that the role of these algorithms will continue to expand.","RAYYAN-INCLUSION: {""─Éß║╖ng Gia""=>""Excluded""} | USER-NOTES: {""─Éß║╖ng Gia""=>[""EC-N""]}","10.1016/j.compbiomed.2022.106100"
"Proposition of a new, minimally-invasive, software smartphone device to predict sleep apnea and its severity.","2025","Frija J and Millet J and Béquignon E and Covali A and Cathelain G and Houenou J and Benzaquen H and Geoffroy PA and Bacry E and Grajoszex M and d'Ortho MP","https://pubmed.ncbi.nlm.nih.gov/40911165/","PURPOSE: obstructive sleep apnea is underdiagnosed due to limited access to polysomnography (PSG). We aimed to assess the performances of Apneal®, an application recording sound and movements thanks to a smartphone's microphone, accelerometer and gyroscope, to estimate patients' apnea-hypopnea index (AHI).
METHODS: monocentric proof-of-concept study with a first manual scoring step, then automatic detection of respiratory events from recorded signals using a sequential deep-learning model (version 0.1 of Apneal® automatic scoring of respiratory events, end 2022), in adult patients.
RESULTS: 46 patients (women 34%, BMI 28.7 kg/m²) were included. Sensitivity of manual scoring was 0.91 (95% CI [0.8-1]) for IAH > 15 and 0.85 [0.67-1] for AHI > 30, and positive predictive values (PPV) 0.89 [0.76-0.97] and 0.94 [0.8-1]. We obtained an AUC-ROC of 0.85 (95% CI [0.69-0.96]) and AUC-PR of 0.94 (95% CI [0.84-0.99]) for the identification of AHI > 15, and AUC-ROC of 0.95 [0.860.99] and AUC-PR of 0.93 [0.81-0.99] for AHI > 30. The ICC between the AHI estimated manually, and from the PSG is 0.89 (p = 6.7 × 10- 17), Pearson correlation 0.90 (p = 1.25 × 10- 17). Automatic scoring found sensitivity of 1 [0.95-1], PPV of 0.9 [0.8-0.9] for AHI > 15, and sensitivity 0.95 [0.84-1], PPV 0.69 [0.52-0.85] for AHI > 30. The ICC between the estimated AHI, and PSG scorings is 0.84 (p = 5.4 × 10- 11) and Pearson correlation is 0.87 (p = 1.7 × 10- 12).
CONCLUSION: Manual scoring of smartphone-based signals is possible and accurate compared to PSG-based scorings. Automatic scoring method based on a deep learning model provides promising results.
TRIAL REGISTRATION: NCT03803098.","RAYYAN-INCLUSION: {""─Éß║╖ng Gia""=>""Included""} | USER-NOTES: {""─Éß║╖ng Gia""=>[""IC-P, IC-I, IC-C, IC-E""]}","10.1007/s11325-025-03441-w"
"Interrater reliability between in-person and telemedicine evaluations in obstructive sleep apnea.","2021","Yurcheshen ME and Pigeon W and Marcus CZ and Marcus JA and Messing S and Nguyen K and Marsella J","https://pubmed.ncbi.nlm.nih.gov/33687321/","STUDY OBJECTIVES: We examined how telemedicine evaluation compares to face-to-face evaluation in identifying risk for sleep-disordered breathing.
METHODS: This was a randomized interrater reliability study of 90 participants referred to a university sleep center. Participants were evaluated by a clinician investigator seeing the patient in-person, then randomized to a second clinician investigator who performed a patient evaluation online via audio-video conferencing. The primary comparator was pretest probability for obstructive sleep apnea.
RESULTS: The primary outcome comparing pretest probability for obstructive sleep apnea showed a weighted kappa value of 0.414 (standard error 0.090, P = .002), suggesting moderate agreement between the 2 raters. Kappa values of our secondary outcomes varied widely, but the kappa values were lower for physical exam findings compared to historical elements.
CONCLUSIONS: Evaluation for pretest probability for obstructive sleep apnea via telemedicine has a moderate interrater correlation with in-person assessment. A low degree of interrater reliability for physical exam elements suggests telemedicine assessment for obstructive sleep apnea could be hampered by a suboptimal physical exam. Employing standardized scales for obstructive sleep apnea when performing telemedicine evaluations may help with risk-stratification and ultimately lead to more tailored clinical management.","RAYYAN-INCLUSION: {""─Éß║╖ng Gia""=>""Excluded""} | USER-NOTES: {""─Éß║╖ng Gia""=>[""EC-0""]}","10.5664/jcsm.9220"
"Central Sleep Apnea in Patients With Coronary Heart Disease Taking P2Y12 Inhibitors.","2024","Tzeng WS and Klein CF and Roth RH and Cho Y and Munagala R and Bonner H and Mazimba S and Khayat R and Healy W and Lobo JM and Kapur VK and Kwon Y","https://pubmed.ncbi.nlm.nih.gov/38180458/","Central sleep apnea (CSA) is common in patients with heart failure. Recent studies link ticagrelor use with CSA. We aimed to evaluate CSA prevalence in patients with coronary heart disease (CHD) and whether ticagrelor use is associated with CSA. We reviewed consecutive patients with CHD who underwent a polysomnography (PSG) test over a 5-year period from 3 sleep centers. We sampled patients who were on ticagrelor or clopidogrel during a PSG test at a 1:4 ticagrelor:clopidogrel ratio. Patients with an active opioid prescription during PSG test were excluded. Age, left ventricle (LV) dysfunction, and P2Y12 inhibitor use were included in a multivariate logistic regression. A total of 135 patients were included with 26 on ticagrelor and 109 on clopidogrel (age 64.1 ± 11.4, 32% male). High CSA burden (12%) and strict CSA (4.4%) were more common in patients on ticagrelor than in those on clopidogrel (27% vs. 8.3% and 10.0% vs. 1.8%). Ticagrelor use (vs. clopidogrel) was associated with high CSA burden (OR 3.53, 95% CI 1.04-12.9, P = 0.039) and trended toward significance for strict CSA (OR 6.32, 95% CI 1.03-51.4, P = 0.052) when adjusting for age and LV dysfunction. In an additional analysis also adjusting for history of atrial fibrillation, ticagrelor use and strict CSA became significantly associated (OR 10.0, 95% CI 1.32-117, P = 0.035). CSA was uncommon in patients with CHD undergoing sleep studies. Ticagrelor use (vs. clopidogrel) was associated with high CSA burden and trended toward significance for strict CSA.","RAYYAN-INCLUSION: {""─Éß║╖ng Gia""=>""Excluded""} | USER-NOTES: {""─Éß║╖ng Gia""=>[""EC-0""]}","10.1097/fjc.0000000000001510"
"Catathrenia in severe obstructive sleep apnea: A novel entity never described before.","2023","Buyse B and Kalkanis A and Testelmans D","https://pubmed.ncbi.nlm.nih.gov/37925850/","STUDY OBJECTIVES: Catathrenia, derived from the Greek κατά (kata) meaning below and θρηνώ (threnia) to lament, is characterized by expiratory groaning episodes during sleep. In a case series of nine patients with severe obstructive sleep apnea, we observed a peculiar groaning entity that has not been described before.
METHODS: We described and illustrated the cases with polysomnographic tracings and additional audio recordings.
RESULTS: All patients were men, obese (body mass index 39 ± 6 kg/m2) with an apnea-hypopnea index ranging from 47 to 125/h. In addition, we identified groaning events that were consistently preceded by a cortical arousal associated with a ""rescue"" respiration after an obstructive hypopnea or apnea. These events exhibited characteristics of ""mixed apnea's"", but the ""central apnea-like part"" was a prolonged expiratory groaning phase, with immediately after the terminal expiratory snort appearance of an obstructive apnea. In case the duration of this expiration was at least 10 s we calculated these events separately and the index was 8.4 ± 7.7/h. More rarely (index 0.6 ± 0.5/h) a ""central apnea mimicking event"" with groaning not followed by an obstruction, was observed. We also observed groaning episodes during expiration with a shorter duration (less than 10 s), not calculated separately. Positive airway pressure, which was well tolerated, eliminated these events.
CONCLUSIONS: This novel catathrenia entity preceded by a cortical arousal and ""rescue"" respiration in response to obstructive events is intriguing. Possible explanations for these observations are further discussed in this article.","RAYYAN-INCLUSION: {""─Éß║╖ng Gia""=>""Excluded""} | USER-NOTES: {""─Éß║╖ng Gia""=>[""EC-0""]}","10.1016/j.sleep.2023.10.023"
"Obstructive Sleep Apnea Detection Based on Sleep Sounds via Deep Learning.","2022","Wang B and Tang X and Ai H and Li Y and Xu W and Wang X and Han D","https://pubmed.ncbi.nlm.nih.gov/36394068/","PURPOSE: This study aimed to propose a novel deep-learning method for automatic sleep apneic event detection and thus to estimate the apnea hypopnea index (AHI) and identify obstructive sleep apnea (OSA) in an event-by-event manner solely based on sleep sounds obtained by a noncontact audio recorder.
METHODS: We conducted a cross-sectional study of participants with habitual snoring or heavy breathing sounds during sleep to train and test a deep convolutional neural network named OSAnet for the detection of OSA based on sleep sounds. Polysomnography (PSG) was conducted, and sleep sounds were recorded simultaneously in a regular room without noise attenuation. The study was conducted in two phases. In phase one, eligible participants were enrolled and randomly allocated into training and validation groups for deep learning algorithm development. In phase two, eligible patients were enrolled in a test group for algorithm assessment. Sensitivity, specificity, accuracy, unweighted Cohen kappa coefficient (κ) and the area under the curve (AUC) were calculated using PSG as the reference standard.
RESULTS: A total of 135 participants were randomly divided into a training group (n, 116) and a validation group (n, 19). An independent test group of 59 participants was subsequently enrolled. Our algorithm achieved a precision of 0.81 and sensitivity of 0.78 in the test group for overall sleep event detection. The algorithm exhibited robust diagnostic performance to identify severe cases with a sensitivity of 95.6% and specificity of 91.6%.
CONCLUSION: Our results showed that a deep learning algorithm based on sleep sounds recorded by a noncontact voice recorder served as a feasible tool for apneic event detection and OSA identification. This technique may hold promise for OSA assessment in the community in a relatively comfortable and low-cost manner. Further studies to develop a tool based on a home-based setting are warranted.","RAYYAN-INCLUSION: {""─Éß║╖ng Gia""=>""Included""} | USER-NOTES: {""─Éß║╖ng Gia""=>[""IC-P, IC-I, IC-C, IC-E""]}","10.2147/nss.s373367"
"Automatically detecting OSAHS patients based on transfer learning and model fusion.","2024","Ding L and Peng J and Song L and Zhang X","https://pubmed.ncbi.nlm.nih.gov/38722551/","Objective. Snoring is the most typical symptom of obstructive sleep apnea hypopnea syndrome (OSAHS) that can be used to develop a non-invasive approach for automatically detecting OSAHS patients.Approach. In this work, a model based on transfer learning and model fusion was applied to classify simple snorers and OSAHS patients. Three kinds of basic models were constructed based on pretrained Visual Geometry Group-16 (VGG16), pretrained audio neural networks (PANN), and Mel-frequency cepstral coefficient (MFCC). The XGBoost was used to select features based on feature importance, the majority voting strategy was applied to fuse these basic models and leave-one-subject-out cross validation was used to evaluate the proposed model.Main results. The results show that the fused model embedded with top-5 VGG16 features, top-5 PANN features, and MFCC feature can correctly identify OSAHS patients (AHI > 5) with 100% accuracy.Significance. The proposed fused model provides a good classification performance with lower computational cost and higher robustness that makes detecting OSAHS patients at home possible.","RAYYAN-INCLUSION: {""─Éß║╖ng Gia""=>""Included""} | USER-NOTES: {""─Éß║╖ng Gia""=>[""IC-P, IC-I, IC-C, IC-E""]}","10.1088/1361-6579/ad4953"
"A possible cause of Sudden Infant Death Syndrome.","2020","Blix AS","https://pubmed.ncbi.nlm.nih.gov/31855683/","It is suggested that an orienting response to loud sound causes apnea, which, in already asphyxic infants, triggers a maximal secondary chemoreceptor response, with massive vagal stimulation of the heart, which causes heart arrest.","RAYYAN-INCLUSION: {""─Éß║╖ng Gia""=>""Excluded""} | USER-NOTES: {""─Éß║╖ng Gia""=>[""EC-1""]}","10.1016/j.mehy.2019.109520"
"Identification of OSAHS patients based on ReliefF-mRMR feature selection.","2024","Ye Z and Peng J and Zhang X and Song L","https://pubmed.ncbi.nlm.nih.gov/37878092/","Obstructive Sleep Apnea Hypopnea Syndrome (OSAHS) is a serious chronic sleep disorder. Snoring is a common and easily observable symptom of OSAHS patients. The purpose of this work is to identify OSAHS patients by analyzing the acoustic characteristics of snoring sounds throughout the entire night. Ten types of acoustic features, such as Mel-frequency cepstral coefficients (MFCC), linear prediction coefficients (LPC) and spectral entropy among others, were extracted from the snoring sounds. A fused feature selection algorithm based on ReliefF and Max-Relevance and Min-Redundancy (mRMR) was proposed for optimal feature set selection. Four types of machine learning models were then applied to validate the effectiveness of OSAHS patient identification. The results show that the proposed feature selection algorithm can effectively select features with high contribution, including MFCC and LPC. Based on the selected top-20 features and using a support vector machine model, the accuracies in identifying OSAHS patients under the thresholds of AHI = 5,15, and 30, were 100%, 100%, and 98.94%, respectively. This indicates that the proposed model can effectively identify OSAHS patients.","RAYYAN-INCLUSION: {""─Éß║╖ng Gia""=>""Included""} | USER-NOTES: {""─Éß║╖ng Gia""=>[""IC-P, IC-I, IC-C, IC-E""]}","10.1007/s13246-023-01345-1"
"Video-Based Decision Aids Improve Sleep Surgery Decision-Making: A Randomized Controlled Trial.","2024","Gulati A and Abdulbaki H and Callander JK and Cai Y and Chang JL","https://pubmed.ncbi.nlm.nih.gov/37965946/","OBJECTIVES: Decisional conflict (DC) is high in obstructive sleep apnea (OSA) surgical candidates interested in positive airway pressure (PAP) alternatives. We evaluated the impact of pre-consultation video decision aids on patient DC and decision readiness.
METHODS: Prior to consultation for PAP alternatives, adult OSA patients were enrolled and completed a questionnaire querying DC (scored 0 [no conflict]-100 [high conflict]) and decision readiness. Those considering ≥3 treatment options were categorized as ""high-conflict."" Patients were randomized to either an intervention group with video review about PAP and surgical options prior to their visit or to a control group that received no video review. Audio recordings of clinic visits were analyzed for patient engagement.
RESULTS: Twenty-five participants (control: n = 12, intervention: n = 13) were found to have comparably high DC (mean score: 40.0). Both groups experienced post-visit improvements in DC scores (post-consult: 25.2, p = 0.003) which did not differ between the two groups (intervention: 20.5 ± 15.1 vs. control: 11.7 ± 12.1 points, p = 0.13). The intervention group showed significant improvement in decision-making stage after the visit, with 72.7% ""close to selecting an option"" (p = 0.04) versus 41.7% in the control group. Use of videos was not associated with any differences in patient satisfaction, engagement, or decision to pursue surgery (all p > 0.05). High-conflict patients (n = 5) who reviewed pre-visit videos (intervention sub-group) spoke fewer words during the visit (687 ± 139 vs. 1120 ± 389 words, p = 0.047) and had shorter visit times (18.7 ± 2.9 vs. 24.3 ± 3.1 min, p = 0.02) than high-conflict control patients.
CONCLUSIONS: Patients have high levels of DC when considering PAP alternatives. Use of video decision aids prior to sleep surgery consultation may improve the treatment decision-making process.
LEVEL OF EVIDENCE: 2 Laryngoscope, 134:2958-2963, 2024.","RAYYAN-INCLUSION: {""─Éß║╖ng Gia""=>""Excluded""} | USER-NOTES: {""─Éß║╖ng Gia""=>[""EC-0""]}","10.1002/lary.31156"
"Assessing Obstructive Sleep Apnea Severity During Wakefulness via Tracheal Breathing Sound Analysis.","2025","Alqudah AM and Moussavi Z","https://pubmed.ncbi.nlm.nih.gov/41157332/","Obstructive sleep apnea (OSA) is a commonly underdiagnosed condition that not only increases the risk of accidents but also significantly contributes to a wide range of health complications, including heightened perioperative morbidity and mortality risks during surgeries under general anesthesia. Polysomnography (PSG), which is the diagnostic gold standard, is costly, requires skilled technicians, is time-consuming, and is not always accessible. This study presents a fast, objective, and non-invasive method for detecting OSA severity by analyzing tracheal breathing sounds (TBS) recorded during wakefulness in supine position. Features were extracted from six binary (1-vs-1) severity comparisons-Non-OSA, Mild, Moderate, and Severe-and combined with anthropometric characteristics for classification. The data of 199 subjects (74 Non-OSA, 35 Mild, 50 Moderate, and 40 Severe) were analyzed, the data of 169 and 30 was used for training and blind testing, respectively, and the training dataset was shuffled 10 times to avoid any bias during training. Multiple machine learning models were evaluated, and the best-performing model for each was saved. Across six experimental models comparing OSA severity levels, the most balanced performance was achieved by the Base Model of Non-OSA vs. Severe-OSA using the support vector machine algorithm, with 88.2% accuracy, 83.3% sensitivity, and 90.9% specificity. While Random Forests in the Base Model of Non-OSA vs. Mild-OSA achieved 100% sensitivity, its accuracy was lower (81.2%). The results confirm the reliability and robustness of the proposed approach, providing a basis for OSA severity screening in under 10 min during wakefulness.","RAYYAN-INCLUSION: {""─Éß║╖ng Gia""=>""Excluded""} | USER-NOTES: {""─Éß║╖ng Gia""=>[""EC-0""]}","10.3390/s25206280"
"Amplitude spectrum trend-based feature for excitation location classification from snore sounds.","2020","Sun J and Hu X and Chen C and Peng S and Ma Y","https://pubmed.ncbi.nlm.nih.gov/32721937/","OBJECTIVE: Successful surgical treatment of obstructive sleep apnea (OSA) depends on the precise location of the vibrating tissue. Snoring is the main symptom of OSA and can be utilized to detect the active location of tissues. However, existing approaches are limited, owing to their inability to capture the characteristics of snoring produced from the upper airway. This paper proposes a new approach to better distinguish different snoring sounds that are generated from four different excitation locations.
APPROACH: First, we propose a robust null space pursuit algorithm for extracting the trend from the amplitude spectrum of snoring. Second, a new feature from this extracted amplitude spectrum trend, which outperforms the Mel-frequency cepstral coefficient (MFCC) feature, is designed. Subsequently, the newly proposed feature, namely the trend-based MFCC (TCC), is reduced in dimensionality by using principal component analysis. Finally, a support vector machine is employed for the classification task.
MAIN RESULTS: By using the TCC, the proposed approach achieves an unweighted average recall of 87.5% on the classification of four excitation locations on the public dataset Munich Passau Snore Sound Corpus.
SIGNIFICANCE: The TCC is a promising feature for capturing the characteristics of snoring. The proposed method can effectively perform snore classification and assist in accurate OSA diagnosis.","RAYYAN-INCLUSION: {""─Éß║╖ng Gia""=>""Included""} | USER-NOTES: {""─Éß║╖ng Gia""=>[""IC-P, IC-I, IC-C, IC-E""]}","10.1088/1361-6579/abaa34"
"An exploratory study on the association between serotonin and sleep breathing disorders.","2023","Wieckiewicz M and Martynowicz H and Lavigne G and Lobbezoo F and Kato T and Winocur E and Wezgowiec J and Danel D and Wojakowska A and Mazur G and Smardz J","https://pubmed.ncbi.nlm.nih.gov/37479853/","This exploratory observational study aimed to evaluate whether the blood levels of serotonin and enzymes involved in serotonin synthesis are associated with sleep breathing parameters. A total of 105 patients were included in this study, who were subjected to single-night polysomnography with simultaneous audio-video recordings. Peripheral blood samples were collected to estimate the serum levels of serotonin, tryptophan hydroxylase 1 (TPH1), and aromatic l-amino acid decarboxylase (AADC). Results showed a negative correlation between blood serotonin levels, and oxygen desaturation index (ODI) (p = 0.027), central apnea (p = 0.044) and obstructive apnea (OA) (p = 0.032) scores. Blood TPH1 levels were negatively correlated with average (p = 0.003) and minimal saturation (p = 0.035) and positively correlated with apnea-hypopnea index (p = 0.010), OA (p = 0.049), and hypopnea index (p = 0.007) scores. A tendency to sleep-disordered breathing seemed to co-occur with lower blood serotonin and higher TPH1 levels.Clinical Trial Registration : www.ClinicalTrials.gov , identifier NCT04214561.","RAYYAN-INCLUSION: {""─Éß║╖ng Gia""=>""Excluded""} | USER-NOTES: {""─Éß║╖ng Gia""=>[""EC-0""]}","10.1038/s41598-023-38842-y"
"Isfahan Artificial Intelligence Event 2024, Challenge I: Respiratory Depression Detection.","2026","Kenari AR and Esmaeili N and Tajmirriahi M and Khashei M and Ebrahimpour M and Alinezhad P and Sheikhi E and Loghmani A and Torabi MR and Abruee M and Kiani M and Nekouei F and Fakhar MY and Saghaei M and Moradi MH and Rabbani H","https://pubmed.ncbi.nlm.nih.gov/41608015/","BACKGROUND: The use of sedative drugs during various medical procedures is on the rise, necessitating close monitoring of respiratory function throughout the administration process. Continuous auscultation of tracheal sounds is an effective method for monitoring respiratory status. However, it requires constant attention from the operator, which may not always be feasible.
METHODS: This concept led to the development of a tracheal sound dataset featuring recordings from 16 patients who underwent cataract surgery at Alzahra Hospital, a university hospital in Isfahan, Iran. To ensure accuracy, the dataset was carefully examined with the assistance of an anesthesiology team, providing precise ground truth annotations for respiratory depression (RD) intervals at a resolution of one second. The Isfahan National Elite Foundation hosted the Isfahan artificial intelligence (AI) 2024 events to advance AI-based detection technologies and offered financial support for five challenges, including the competition for detecting RD from tracheal sounds. Twelve teams from various provinces across Iran participated, utilizing a shared dataset for their evaluations.
RESULTS: The teams that achieved the first through third places were Houshmandsazan, Houshava, and Hoopad, with F1-Scores of 65.18%, 50.44%, and 21.73%, respectively. All participating teams utilized deep learning techniques to detect RD intervals, achieving notable performance, yet opportunities for further improvement remain.
CONCLUSION: This paper summarizes the performance of these teams, detailing the metrics used to assess their results and the methodologies employed by the top three competitors.","RAYYAN-INCLUSION: {""─Éß║╖ng Gia""=>""Excluded""} | USER-NOTES: {""─Éß║╖ng Gia""=>[""EC-0""]}","10.4103/jmss.jmss_32_25"
"Application of artificial intelligence in the diagnosis of sleep apnea.","2023","Bazoukis G and Bollepalli SC and Chung CT and Li X and Tse G and Bartley BL and Batool-Anwar S and Quan SF and Armoundas AA","https://pubmed.ncbi.nlm.nih.gov/36856067/","STUDY OBJECTIVES: Machine learning (ML) models have been employed in the setting of sleep disorders. This review aims to summarize the existing data about the role of ML techniques in the diagnosis, classification, and treatment of sleep-related breathing disorders.
METHODS: A systematic search in Medline, EMBASE, and Cochrane databases through January 2022 was performed.
RESULTS: Our search strategy revealed 132 studies that were included in the systematic review. Existing data show that ML models have been successfully used for diagnostic purposes. Specifically, ML models showed good performance in diagnosing sleep apnea using easily obtained features from the electrocardiogram, pulse oximetry, and sound signals. Similarly, ML showed good performance for the classification of sleep apnea into obstructive and central categories, as well as predicting apnea severity. Existing data show promising results for the ML-based guided treatment of sleep apnea. Specifically, the prediction of outcomes following surgical treatment and optimization of continuous positive airway pressure therapy can be guided by ML models.
CONCLUSIONS: The adoption and implementation of ML in the field of sleep-related breathing disorders is promising. Advancements in wearable sensor technology and ML models can help clinicians predict, diagnose, and classify sleep apnea more accurately and efficiently.
CITATION: Bazoukis G, Bollepalli SC, Chung CT, et al. Application of artificial intelligence in the diagnosis of sleep apnea. J Clin Sleep Med. 2023;19(7):1337-1363.","RAYYAN-INCLUSION: {""─Éß║╖ng Gia""=>""Excluded""} | USER-NOTES: {""─Éß║╖ng Gia""=>[""EC-N""]}","10.5664/jcsm.10532"
"[Craniofacial anatomical characteristics of patients with catathrenia].","2023","Yu M and Hao ZL and Xu LY and Wen YF and Han F and Gao XM","https://pubmed.ncbi.nlm.nih.gov/37381602/","Objective: To analyze whether the upper airway of patients with catathrenia has obstructive manifestations using nasal resistance, craniofacial, and upper airway imaging methods, which could benefit the exploration of the etiology and treatment options. Methods: From August 2012 to September 2019, a total of 57 patients with catathrenia in the Department of Orthodontics at Peking University Hospital of Stomatology were included in the study, including 22 males and 35 females, aged (31.1±10.9) years, with a body mass index of (21.7±2.7) kg/m2. All the patients were diagnosed by full-night polysomnography at the Sleep Division, Peking University People's Hospital, of which 10 patients were combined with obstructive sleep apnea hypopnea syndrome (OSAHS). The median groaning index of patients was 4.8 (1.8, 13.0) events/h. Nasal resistance and cone-beam CT were conducted on the patients, and measurements were performed on the craniofacial structures, upper airway, and surrounding soft tissues, compared with non-snoring normal occlusion individuals' references published by the same research team (144 college students recruited at Peking University and 100 non-snoring young adults with normal occlusion recruited at six universities in Beijing). Results: The total nasal resistance of patients with catathrenia was (0.26±0.08) Pa·cm-3·s-1. The patients had overall well-developed mandibular hard tissues. However, the patients were found with increased FH/BaN (steep anterior cranial base plane), increased MP/FH (forward rotation of the mandible); increased U1/NA and L1/MP (proclined upper and lower incisors). The sagittal diameter of the velopharynx [(19.2±4.5) mm] was significantly larger than the normal reference (t=8.44, P<0.001), while the sagittal diameter at the hypopharynx [(17.4±6.4) mm] was statistically smaller than the normal reference (t=-2.79, P=0.006). Catarhrenia patients combined with OSAHS presented longer soft palate, tongue, and lower hyoid bone than those with primary catathrenia. Conclusions: In patients with catathrenia, the overall craniofacial characteristics are well-developed skeletal structures, lower nasal resistance, proclined upper and lower incisors, wide upper sagittal development of the upper airway and narrow hypopharynx. Groaning sounds might be related to the narrowing of the hypopharynx during sleep.","RAYYAN-INCLUSION: {""─Éß║╖ng Gia""=>""Excluded""} | USER-NOTES: {""─Éß║╖ng Gia""=>[""EC-0""]}","10.3760/cma.j.cn112144-20230429-00175"
"Ethical and Policy Implications of Racial and Ethnic Healthcare Disparities in Sleep Health.","2024","Omenka O and Briggs A and Nunes J and Seixas A and Williams N and Jean-Louis G","https://pubmed.ncbi.nlm.nih.gov/37488315/","Despite efforts in recent years, including in policy and research, to address health disparities in the United States, many of those disparities continue to fester in marginalized racial/ethnic populations. Understanding sleep health disparities is critical in understanding the health and wellness of these groups. Using obstructive sleep apnea (OSA) in Black populations as a focus, this paper presents the role of race and ethnicity in the clinical understanding of sleep health-related issues by medical practitioners and the implications of the lack of clear policies or best practices to guide medical practitioners' attempts to meet sleep-related needs of marginalized racial/ethnic populations. Furthermore, the knowledge gap may be further complicated by the poor understanding and integration of existing evidence with the many, complex, sleep-associated co-morbidities. Policymaking in this area ought to be based on the ethical implications of disparate sleep-related health outcomes by race and ethnicity. So, we conclude by offering recommendations for developing ethically sound policies for addressing sleep problems in marginalized racial and ethnic populations.","RAYYAN-INCLUSION: {""─Éß║╖ng Gia""=>""Excluded""} | USER-NOTES: {""─Éß║╖ng Gia""=>[""EC-N""]}","10.1007/s40615-023-01716-0"
"Snoring: a source of noise pollution and sleep apnea predictor.","2020","Sowho M and Sgambati F and Guzman M and Schneider H and Schwartz A","https://pubmed.ncbi.nlm.nih.gov/31837267/","Snoring is a highly prevalent condition associated with obstructive sleep apnea (OSA) and sleep disturbance in bed partners. Objective measurements of snoring in the community, however, are limited. The present study was designed to measure sound levels produced by self-reported habitual snorers in a single night. Snorers were excluded if they reported nocturnal gasping or had severe obesity (BMI > 35 kg/m2). Sound was measured by a monitor mounted 65 cm over the head of the bed on an overnight sleep study. Snoring was defined as sound ≥40 dB(A) during flow limited inspirations. The apnea hypopnea index (AHI) and breath-by-breath peak decibel levels were measured. Snore breaths were tallied to determine the frequency and intensity of snoring. Regression models were used to determine the relationship between objective measures of snoring and OSA (AHI ≥ 5 events/h). The area under the curve (AUC) for the receiver operating characteristic (ROC) was used to predict OSA. Snoring intensity exceeded 45 dB(A) in 66% of the 162 participants studied, with 14% surpassing the 53 dB(A) threshold for noise pollution. Snoring intensity and frequency were independent predictors of OSA. AUCs for snoring intensity and frequency were 77% and 81%, respectively, and increased to 87% and 89%, respectively, with the addition of age and sex as predictors. Snoring represents a source of noise pollution in the bedroom and constitutes an important target for mitigating sound and its adverse effects on bed partners. Precise breath-by-breath identification and quantification of snoring also offers a way to risk stratify otherwise healthy snorers for OSA.","RAYYAN-INCLUSION: {""─Éß║╖ng Gia""=>""Included""} | USER-NOTES: {""─Éß║╖ng Gia""=>[""IC-P, IC-I, IC-C, IC-E""]}","10.1093/sleep/zsz305"
"Systemic Lupus Erythematosus Presenting As Constrictive Pericarditis.","2020","Gumireddy SR and Chaliki HP and Cummings KW and Freeman WK","https://pubmed.ncbi.nlm.nih.gov/32912029/","","RAYYAN-INCLUSION: {""─Éß║╖ng Gia""=>""Excluded""} | USER-NOTES: {""─Éß║╖ng Gia""=>[""NO ABSTRACT""]}","10.1161/circimaging.119.010254"
"Pioneering Contactless Sleep Apnea Detection: Harnessing the Power of Smartphones.","2025","Zhou G and Li Y and Yan H and Zhao W and Zhang Y and Zeng Z","https://pubmed.ncbi.nlm.nih.gov/41336929/","Obstructive Sleep Apnea (OSA) is a prevalent sleep disorder marked by disrupted sleep and intermittent hypoxia, which is significantly associated with increased cardiovascular risks, including hypertension, atrial fibrillation, and heart failure. Early recognition and appropriate treatment of OSA are essential to mitigate these health risks. This study presents a novel contactless screening system designed to assess OSA risk using commercially available smartphones equipped with inertial measurement units (IMU) and microphones (MIC). By capturing sleep-related physiological signals, including respiration patterns, heart rate, and snoring, the system computes a Respiratory Event Index (REI). A clinical trial with 293 participants was conducted to validate the system, revealing a strong correlation (r = 0.887) between the estimated REI and the Apnea-Hypopnea Index (AHI) derived from polysomnography (PSG). The system achieved a sensitivity of 84.11% and a specificity of 92. 91% to identify severe OSA. Furthermore, the study examined an IMU-only mode to address audio privacy concerns, confirming the utility of motion-based data for screening. These findings underscore the effectiveness of smartphone sensors in providing a reliable alternative for OSA screening, promising improved early detection and intervention strategies in clinical practice.","RAYYAN-INCLUSION: {""─Éß║╖ng Gia""=>""Included""} | USER-NOTES: {""─Éß║╖ng Gia""=>[""IC-P, IC-I, IC-C, IC-E""]}","10.1109/embc58623.2025.11252641"
"Sleep apnea severity based on estimated tidal volume and snoring features from tracheal signals.","2022","Montazeri Ghahjaverestan N and Saha S and Kabir M and Gavrilovic B and Zhu K and Yadollahi A","https://pubmed.ncbi.nlm.nih.gov/34553793/","Sleep apnea can be characterized by reductions in the respiratory tidal volume. Previous studies showed that the tidal volume can be estimated from tracheal sounds and movements called tracheal signals. Additionally, tracheal sounds include the sounds of snoring, a common symptom of obstructive sleep apnea. This study investigates the feasibility of estimating the severity of sleep apnea, as quantified by the apnea/hypopnea index (AHI), using the estimated tidal volume and snoring sounds extracted from tracheal signals. Tracheal signals were recorded simultaneously with polysomnography (PSG). The tidal volume was estimated from tracheal signals. The reductions in the tidal volume were detected as potential respiratory events. Additionally, features related to snoring sounds, which quantified variability, temporal clusters, and dominant frequency of snores, were extracted. A step-wise regression model and a greedy search algorithm were used sequentially to select the optimal set of features to estimate the apnea/hypopnea index and classify participants into healthy individuals and patients with sleep apnea. Sixty-one participants with suspected sleep apnea (age: 51 ± 16, body mass index: 29.5 ± 6.4 kg/m2 , apnea/hypopnea index: 20.2 ± 21.2 event/h) who were referred for a sleep test were recruited. The estimated apnea/hypopnea index was strongly correlated with the polysomnography-based apnea/hypopnea index (R2  = 0.76, p < 0.001). The accuracy of detecting sleep apnea for the apnea/hypopnea index cutoff of 15 events/h was 78.69% and 83.61% with and without using snore-related features. These findings suggest that acoustic estimation of airflow and snore-related features can provide a convenient and reliable method for screening of sleep apnea.","RAYYAN-INCLUSION: {""─Éß║╖ng Gia""=>""Excluded""} | USER-NOTES: {""─Éß║╖ng Gia""=>[""EC-W""]}","10.1111/jsr.13490"
"Snoring and aortic dimension in Marfan syndrome.","2023","Sowho M and Potocki M and Sgambati F and Neptune E","https://pubmed.ncbi.nlm.nih.gov/36619986/","Recent reports suggest that self-reported snoring, which is a feature of obstructive sleep apnea, is associated with aortic enlargement in Marfan syndrome (MFS). Objective assessment of snoring although lacking, could provide a rational for OSA screening in MFS patients. Our goal in this study was to examine the association between objective measurements of snoring with OSA and aortic size in persons with MFS. Consecutive persons with MFS who reported snoring were recruited at Johns Hopkins, completed the Epworth Sleepiness Scale (ESS) and underwent overnight polysomnography during which inspiratory sound was captured. We measured breath-by-breath peak decibel levels and snoring was defined as flow limitation with sound ≥ 40 dB(A). OSA was defined as an apnea-hypopnea-index (AHI) ≥ 15 or AHI: 5-15 and ESS > 10. Participants' aortic data were collated to ascertain aortic root diameter. Regression models were used to determine the relationship of snoring breath% with OSA and aortic root diameter. In our cohort (M|F:13|16, Age: 37.0 ± 15.5 years, Aortic diameter; 38.9 ± 4.8 mm), a 1-unit increase in snoring breath percentage increased the odds of having OSA by 5% in both the unadjusted (OR = 1.05, p = 0.040) model, and a model adjusted for age and sex (OR = 1.05, p = 0.048). Similarly, a 10-unit increase in snoring breath percentage was associated with a 1 mm increase in contemporaneous aortic-root-diameter in both unadjusted (β = 0.09, p = 0.007), and adjusted (β = 0.08, p = 0.023) models. Objective snoring assessment could provide a means for identifying persons with MFS who need sleep studies, who may also be at risk for more severe aortic disease.","RAYYAN-INCLUSION: {""─Éß║╖ng Gia""=>""Excluded""} | USER-NOTES: {""─Éß║╖ng Gia""=>[""EC-0""]}","10.1007/s41105-022-00413-5"
"Screening Severe Obstructive Sleep Apnea in Children with Snoring.","2021","Hsieh HS and Kang CJ and Chuang HH and Zhuo MY and Lee GS and Huang YS and Chuang LP and Kuo TB and Yang CC and Lee LA and Li HY","https://pubmed.ncbi.nlm.nih.gov/34206981/","Efficient screening for severe obstructive sleep apnea (OSA) is important for children with snoring before time-consuming standard polysomnography. This retrospective cross-sectional study aimed to compare clinical variables, home snoring sound analysis, and home sleep pulse oximetry on their predictive performance in screening severe OSA among children who habitually snored. Study 1 included 9 (23%) girls and 30 (77%) boys (median age of 9 years). Using univariate logistic regression models, 3% oxygen desaturation index (ODI3) ≥ 6.0 events/h, adenoidal-nasopharyngeal ratio (ANR) ≥ 0.78, tonsil size = 4, and snoring sound energy of 801-1000 Hz ≥ 22.0 dB significantly predicted severe OSA in descending order of odds ratio. Multivariate analysis showed that ODI3 ≥ 6.0 events/h independently predicted severe pediatric OSA. Among several predictive models, the combination of ODI3, tonsil size, and ANR more optimally screened for severe OSA with a sensitivity of 91% and a specificity of 94%. In Study 2 (27 (27%) girls and 73 (73%) boys; median age, 7 years), this model was externally validated to predict severe OSA with an accuracy of 76%. Our results suggested that home sleep pulse oximetry, combined with ANR, can screen for severe OSA more optimally than ANR and tonsil size among children with snoring.","RAYYAN-INCLUSION: {""─Éß║╖ng Gia""=>""Excluded""} | USER-NOTES: {""─Éß║╖ng Gia""=>[""EC-1""]}","10.3390/diagnostics11071168"
"Automatic snoring detection using a hybrid 1D-2D convolutional neural network.","2023","Li R and Li W and Yue K and Zhang R and Li Y","https://pubmed.ncbi.nlm.nih.gov/37640790/","Snoring, as a prevalent symptom, seriously interferes with life quality of patients with sleep disordered breathing only (simple snorers), patients with obstructive sleep apnea (OSA) and their bed partners. Researches have shown that snoring could be used for screening and diagnosis of OSA. Therefore, accurate detection of snoring sounds from sleep respiratory audio at night has been one of the most important parts. Considered that the snoring is somewhat dangerously overlooked around the world, an automatic and high-precision snoring detection algorithm is required. In this work, we designed a non-contact data acquire equipment to record nocturnal sleep respiratory audio of subjects in their private bedrooms, and proposed a hybrid convolutional neural network (CNN) model for the automatic snore detection. This model consists of a one-dimensional (1D) CNN processing the original signal and a two-dimensional (2D) CNN representing images mapped by the visibility graph method. In our experiment, our algorithm achieves an average classification accuracy of 89.3%, an average sensitivity of 89.7%, an average specificity of 88.5%, and an average AUC of 0.947, which surpasses some state-of-the-art models trained on our data. In conclusion, our results indicate that the proposed method in this study could be effective and significance for massive screening of OSA patients in daily life. And our work provides an alternative framework for time series analysis.","RAYYAN-INCLUSION: {""─Éß║╖ng Gia""=>""Included""} | USER-NOTES: {""─Éß║╖ng Gia""=>[""IC-P, IC-I, IC-C, IC-E""]}","10.1038/s41598-023-41170-w"
"Automatic classification of excitation location of snoring sounds.","2021","Sun J and Hu X and Peng S and Peng CK and Ma Y","https://pubmed.ncbi.nlm.nih.gov/33560203/","STUDY OBJECTIVES: For surgical treatment of patients with obstructive sleep apnea-hypopnea syndrome, it is crucial to locate accurately the obstructive sites in the upper airway; however, noninvasive methods for locating the obstructive sites have not been well explored. Snoring, as the cardinal symptom of obstructive sleep apnea-hypopnea syndrome, should contain information that reflects the state of the upper airway. Through the classification of snores produced at four different locations, this study aimed to test the hypothesis that snores generated by various obstructive sites differ.
METHODS: We trained and tested our model on a public data set that comprised 219 participants. For each snore episode, an acoustic and a physiological feature were extracted and concatenated, forming a 59-dimensional fusion feature. A principal component analysis and a support machine vector were used for dimensional reduction and snore classification. The performance of the proposed model was evaluated using several metrics: sensitivity, precision, specificity, area under the receiver operating characteristic curve, and F1 score.
RESULTS: The unweighted average values of sensitivity, precision, specificity, area under the curve, and F1 were 86.36%, 89.09%, 96.4%, 87.9%, and 87.63%, respectively. The model achieved 98.04%, 80.56%, 72.73%, and 94.12% sensitivity for types V (velum), O (oropharyngeal), T (tongue), and E (epiglottis) snores.
CONCLUSIONS: The characteristics of snores are related to the state of the upper airway. The machine-learning-based model can be used to locate the vibration sites in the upper airway.","RAYYAN-INCLUSION: {""─Éß║╖ng Gia""=>""Included""} | USER-NOTES: {""─Éß║╖ng Gia""=>[""IC-P, IC-I, IC-C, IC-E""]}","10.5664/jcsm.9094"
"Snoring, obstructive sleep apnea, and upper respiratory tract infection in elementary school children in Japan.","2024","Kitazawa T and Wada H and Onuki K and Furuya R and Miyakawa M and Zhu Q and Ueda Y and Sato S and Kameda Y and Nakano H and Gozal D and Tanigawa T","https://pubmed.ncbi.nlm.nih.gov/37837496/","PURPOSE: Both obstructive sleep apnea (OSA) and the common cold are disorders of the upper respiratory tract, and may be associated. However, studies on the association between OSA and upper respiratory tract infections (URTI) in children are scarce. The aim of this study was to investigate possible associations between snoring, the severity of OSA, and URTI in elementary school children.
METHODS: This was a cross-sectional study in a community cohort of elementary school children (first and second graders) in Japan. Information on sleep habits, history of URTI, and OSA risk was obtained from a parental questionnaire. Children underwent overnight tracheal sound recordings from which apnea-hypopnea index was estimated. Multivariable logistic analysis was employed to define the association between snoring, OSA, and URTI ≥ 3 episodes over six months.
RESULTS: Of the 922 potential enrollees, 653 children and their parents (71%) agreed to participate in the study. Multivariable-adjusted ORs for URTI were 1.73 (95%CI: 1.16 to 2.59) in children who snored 1 to 4 nights per week and 2.82 (95%CI: 1.26 to 6.28) in snoring ≥ 5 nights per week compared with never snoring (reference). Likewise, subjectively reported louder snoring, as well as objectively defined louder sound levels, were significantly associated with URTI. In addition, OR for URTI in children with an estimated apnea-hypopnea index ≥ 2.0 events/hour was 2.65 (95%CI: 1.32 to 5.31) compared to children with apnea-hypopnea index less than 1.0 events/hour (reference).
CONCLUSIONS: Snoring and severity of OSA as measured by nocturnal tracheal sound recordings were associated with increased susceptibility to URTI in elementary school children.","RAYYAN-INCLUSION: {""─Éß║╖ng Gia""=>""Excluded""} | USER-NOTES: {""─Éß║╖ng Gia""=>[""EC-1""]}","10.1007/s11325-023-02932-y"
"Barriers and communication behaviors impacting referral to sleep surgery: qualitative patient perspectives.","2023","Ikeda AK and McShay C and Marsh R and Saini S and Sardesai M and Boss EF and Weaver EM","https://pubmed.ncbi.nlm.nih.gov/36591793/","STUDY OBJECTIVES: Physician-patient interactions influence the immediate encounter and leave lasting impressions for future health care encounters. We aimed to understand patient experiences and decision-making for considering sleep surgery, in terms of barriers and communication behaviors that facilitate or hinder referral for consideration of sleep surgery management of obstructive sleep apnea (OSA) when continuous positive airway pressure (CPAP) therapy has failed.
METHODS: We employed qualitative methods, using semistructured interviews of adults with OSA who presented for sleep surgery consultation after unsatisfactory therapy with CPAP. Open-ended questions traced symptoms and progression of sleep apnea burden, trials of noninvasive OSA therapies, outcomes, and patient expectations and concerns. The interviews were audio-recorded, transcribed, and analyzed using content analysis to identify themes.
RESULTS: Ten adult patients with OSA were enrolled March through April 2021 and reached predominant thematic saturation. Barriers to sleep surgery consultation included: (1) delays in OSA diagnosis due to limited OSA awareness among patients or primary providers and patients' perceived inconvenience of sleep testing, (2) patients faulted for slow progress, (3) patient-reported lack of urgency by providers in troubleshooting noninvasive management options, (4) scheduling delays and waitlists, and (5) cost. Patients were receptive to noninvasive treatment options, but inadequate improvement led to frustration after multiple encounters. Patients appreciated empathetic providers who shared information through transparent and understandable explanations and who presented multiple treatment options.
CONCLUSIONS: Experiences of patients with OSA highlight the need for shared decision-making through improved communication of unresolved concerns and alternative management options, including timely referral for sleep surgery consultation when indicated.
CITATION: Ikeda AK, McShay C, Marsh R, et al. Barriers and communication behaviors impacting referral to sleep surgery: qualitative patient perspectives. J Clin Sleep Med. 2023;19(1):111-117.","RAYYAN-INCLUSION: {""─Éß║╖ng Gia""=>""Excluded""} | USER-NOTES: {""─Éß║╖ng Gia""=>[""EC-0""]}","10.5664/jcsm.10260"
"Use of ultrasonography in the evaluation of patients with sleep apnea: a systematic review.","2024","de Angelo LA and Pereira FL and Duarte BB and Cahali MB","https://pubmed.ncbi.nlm.nih.gov/39106548/","OBJECTIVES: This study aims to review the current role of various ultrasonographic methods in the evaluation of the upper airway in patients with obstructive sleep apnea.
METHODS: A literature review was performed on the medical databases: Pubmed, Web of Science, Scopus and Embase. After analyzing the available studies, six of them were selected for data extraction.
RESULTS: All selected studies demonstrated that it is possible to use ultrasonography as a method of evaluating the upper airway. Studies with gray-scale ultrasound concluded that the lateral pharyngeal wall and tongue are thicker in patients with obstructive sleep apnea compared to non-apneic patients. Moreover, studies with tissue characterization ultrasound, nowadays called quantitative ultrasound, have identified unique features in obstructive sleep apnea patients: standardized backscatter ultrasonography demonstrated that this particular sound wave analysis is associated with the severity of obstructive sleep apnea. Ultrasonography with elastography shows that the electrical stimulus generated in the hypoglossal nerve results in greater stiffness on the side of the tongue that is stimulated; whereas studies show conflicting results regarding the evaluation of baseline tongue stiffness in obstructive sleep apnea patients compared to non-apneic subjects.
CONCLUSION: There is feasibility of different methods of ultrasonographic evaluation of the upper airway, with emphasis on ultrasonographic methods of tissue characterization, such as elastography, which proved to be a promising method of evaluating the mechanical properties of the muscles involved in the pathogenesis of obstructive sleep apnea and which require further studies for a better elucidation of its applicability.","RAYYAN-INCLUSION: {""─Éß║╖ng Gia""=>""Excluded""} | USER-NOTES: {""─Éß║╖ng Gia""=>[""EC-N""]}","10.1016/j.bjorl.2024.101468"
"Correlation between snoring sounds and obstructive sleep apnea in adults: a meta-regression analysis.","2022","Chiang JK and Lin YC and Lu CM and Kao YH","https://pubmed.ncbi.nlm.nih.gov/36419807/","OBJECTIVE: Snoring is a dominant clinical symptom in patients with obstructive sleep apnea (OSA), and analyzing snoring sounds might be a potential alternative to polysomnography (PSG) for the assessment of OSA. This study aimed to systematically examine the correlation between the snoring sounds and the apnea-hypopnea index (AHI) as the measures of OSA severity.
MATERIAL AND METHODS: A comprehensive literature review using the MEDLINE, Embase, Cochrane Library, Scopus, and PubMed databases identified the published studies reporting the correlations between and severity of snoring and the AHI values by meta-regression analysis.
RESULTS: In total, 13 studies involving 3,153 adult patients were included in this study. The pooled correlation coefficient for snoring sounds and AHI values was 0.71 (95%CI: 0.49, 0.85) from the random-effects meta-analysis with the Knapp and Hartung adjustment. The I 2 and chi-square Q test demonstrated significant heterogeneity (97.6% and p<0.001). After adjusting for the effects of the other covariates, the mean value of the Fisher's r-to-z transformed correlation coefficient would have 0.80 less by the snoring rate (95%CI = -1.02, -0.57), 1.46 less by the snoring index (95%CI = -1.85, -1.07), and 0.21 less in the mean body mass index (95%CI = -0.31, -0.11), but 0.15 more in the mean age (95%CI = 0.10, 0.20). It fitted the data very well (R 2=0.9641).
CONCLUSION: A high correlation between the severity of snoring and the AHI was found in the studies with PSG. As compared to the snoring rate and the snoring index, the snoring intensity, the snoring frequency, and the snoring time interval index were more sensitive measures for the severity of snoring.","RAYYAN-INCLUSION: {""─Éß║╖ng Gia""=>""Excluded""} | USER-NOTES: {""─Éß║╖ng Gia""=>[""EC-N""]}","10.5935/1984-0063.20220068"
"Diagnosis of sleep apnea without sensors on the patient's face.","2020","Sabil A and Marien C and LeVaillant M and Baffet G and Meslier N and Gagnadoux F","https://pubmed.ncbi.nlm.nih.gov/32267226/","STUDY OBJECTIVES: Thermistors, nasal cannulas, and respiratory inductance plethysmography (RIP) are the recommended reference sensors of the American Academy of Sleep Medicine (AASM) for the detection and characterization of apneas and hypopneas; however, these sensors are not well tolerated by patients and have poor scorability. We evaluated the performance of an alternative method using a combination of tracheal sounds (TSs) and RIP signals.
METHODS: Consecutive recordings of 70 adult patients from the Pays de la Loire Sleep Cohort were manually scored in random order using the AASM standard signals and the combination TS and RIP signals, without respiratory sensors placed on the patient's face. The TS-RIP scoring used the TS and RIP-flow signals for detection of apneas and hypopneas, respectively, and the suprasternal pressure and RIP belt signals for the characterization of apneas.
RESULTS: Sensitivity and specificity of the TS-RIP combination were 96.21% and 91.34% for apnea detection and 89.94% and 93.25% for detecting hypopneas, respectively, with a kappa coefficient of 0.87. For the characterization of apneas, sensitivity and specificity were 98.67% and 96.17% for obstructive apneas, 92.66% and 99.36% for mixed apneas, and 96.14% and 98.89% for central apneas, respectively, with a kappa coefficient of 0.94. The TS-RIP scoring revealed a high agreement for classifying obstructive sleep apnea into severity classes (none, mild, moderate, and severe obstructive sleep apnea) with a Cohen's kappa coefficient of 0.96.
CONCLUSIONS: Compared with the AASM reference sensors, the TS-RIP combination allows reliable noninvasive detection and characterization of respiratory events with a high degree of sensitivity and specificity. TS-RIP combination could be used for diagnosis of obstructive sleep apnea in adults, either as an alternative to the AASM sensors or in combination with the recommended AASM sensors.","RAYYAN-INCLUSION: {""─Éß║╖ng Gia""=>""Excluded""} | USER-NOTES: {""─Éß║╖ng Gia""=>[""EC-W""]}","10.5664/jcsm.8460"
"Emerging biosensor technologies for obstructive sleep apnea: A comprehensive overview and future prospects.","2025","Tsai CW and Leung L and Chen HT and Kwok KC and Lee M and Chiang AA","https://pubmed.ncbi.nlm.nih.gov/40921534/","Obstructive sleep apnea (OSA) is a pervasive disorder characterized by recurrent airway obstructions during sleep. OSA carries serious health risks, such as cardiovascular and cognitive impairments, and imposes a significant economic burden. This chapter provides a comprehensive overview of various biosensors currently employed for OSA detection, including in-lab polysomnography and flow-based home sleep apnea testing. It also explores cutting-edge OSA-detecting technologies that often leverage advanced, artificial intelligence-powered sensing modalities, encompassing photoplethysmography/peripheral arterial tonometry-based, sound-based, and respiratory effort-based wearables. Moreover, this chapter examines promising diagnostic and screening solutions, including airables, bed/mattress sensors, and smartphone sensors. It also delves into emerging sensing technologies currently under active investigation, including earables/hearables and remote PPG. This review serves as a practical guide to understanding the mechanisms, capabilities, limitations, and clinical evidence surrounding both modern and future sensors poised to revolutionize the landscape of OSA detection.","RAYYAN-INCLUSION: {""─Éß║╖ng Gia""=>""Excluded""} | USER-NOTES: {""─Éß║╖ng Gia""=>[""EC-N""]}","10.1016/bs.pmbts.2025.06.002"
"Automatic detection of obstructive sleep apnea based on speech or snoring sounds: a narrative review.","2024","Cao S and Rosenzweig I and Bilotta F and Jiang H and Xia M","https://pubmed.ncbi.nlm.nih.gov/38738242/","BACKGROUND AND OBJECTIVE: Obstructive sleep apnea (OSA) is a common chronic disorder characterized by repeated breathing pauses during sleep caused by upper airway narrowing or collapse. The gold standard for OSA diagnosis is the polysomnography test, which is time consuming, expensive, and invasive. In recent years, more cost-effective approaches for OSA detection based in predictive value of speech and snoring has emerged. In this paper, we offer a comprehensive summary of current research progress on the applications of speech or snoring sounds for the automatic detection of OSA and discuss the key challenges that need to be overcome for future research into this novel approach.
METHODS: PubMed, IEEE Xplore, and Web of Science databases were searched with related keywords. Literature published between 1989 and 2022 examining the potential of using speech or snoring sounds for automated OSA detection was reviewed.
KEY CONTENT AND FINDINGS: Speech and snoring sounds contain a large amount of information about OSA, and they have been extensively studied in the automatic screening of OSA. By importing features extracted from speech and snoring sounds into artificial intelligence models, clinicians can automatically screen for OSA. Features such as formant, linear prediction cepstral coefficients, mel-frequency cepstral coefficients, and artificial intelligence algorithms including support vector machines, Gaussian mixture model, and hidden Markov models have been extensively studied for the detection of OSA.
CONCLUSIONS: Due to the significant advantages of noninvasive, low-cost, and contactless data collection, an automatic approach based on speech or snoring sounds seems to be a promising tool for the detection of OSA.","RAYYAN-INCLUSION: {""─Éß║╖ng Gia""=>""Excluded""} | USER-NOTES: {""─Éß║╖ng Gia""=>[""EC-N""]}","10.21037/jtd-24-310"
"PSG-Audio, a scored polysomnography dataset with simultaneous audio recordings for sleep apnea studies.","2021","Korompili G and Amfilochiou A and Kokkalas L and Mitilineos SA and Tatlas NA and Kouvaras M and Kastanakis E and Maniou C and Potirakis SM","https://pubmed.ncbi.nlm.nih.gov/34344893/","The sleep apnea syndrome is a chronic condition that affects the quality of life and increases the risk of severe health conditions such as cardiovascular diseases. However, the prevalence of the syndrome in the general population is considered to be heavily underestimated due to the restricted number of people seeking diagnosis, with the leading cause for this being the inconvenience of the current reference standard for apnea diagnosis: Polysomnography. To enhance patients' awareness of the syndrome, a great endeavour is conducted in the literature. Various home-based apnea detection systems are being developed, profiting from information in a restricted set of polysomnography signals. In particular, breathing sound has been proven highly effective in detecting apneic events during sleep. The development of accurate systems requires multitudinous datasets of audio recordings and polysomnograms. In this work, we provide the first open access dataset, comprising 212 polysomnograms along with synchronized high-quality tracheal and ambient microphone recordings. We envision this dataset to be widely used for the development of home-based apnea detection techniques and frameworks.","RAYYAN-INCLUSION: {""─Éß║╖ng Gia""=>""Maybe""}","10.1038/s41597-021-00977-w"
"An OSAHS evaluation method based on multi-features acoustic analysis of snoring sounds.","2021","Jiang Y and Peng J and Song L","https://pubmed.ncbi.nlm.nih.gov/34217922/","Snoring is the most direct symptom of obstructive sleep apnea hypopnea syndrome (OSAHS) and implies a lot of information about OSAHS symptoms. This paper aimed to identify OSAHS patients by analyzing acoustic features derived from overnight snoring sounds. Mel-frequency cepstral coefficients, 800 Hz power ratio, spectral entropy and other 10 acoustic features were extracted from snores, and Top-6 features were selected from the extracted 10 acoustic features by a feature selection algorithm based on random forest, then 5 kinds of machine learning models were applied to validate the effectiveness of Top-6 features on identifying OSAHS patients. The results showed that when the classification performance and computing efficiency were taken into account, the combination of logistic regression model and Top-6 features performed best and could successfully distinguish OSAHS patients from simple snorers. The proposed method provides a higher accuracy for evaluating OSAHS with lower computational complexity. The method has great potential prospect for the development of a portable sleep snore monitoring device.","RAYYAN-INCLUSION: {""─Éß║╖ng Gia""=>""Included""} | USER-NOTES: {""─Éß║╖ng Gia""=>[""IC-P, IC-I, IC-C, IC-E""]}","10.1016/j.sleep.2021.06.012"
"Upper airway manifestations of anti-IgLON5 disease: Otorhinolaryngological point of view.","2024","Pastene D and Lehrer E and Jubes S and Santamaria J and Iranzo A and Gaig C and Vilaseca I","https://pubmed.ncbi.nlm.nih.gov/38729239/","INTRODUCTION: Anti-IgLON5 disease is a recently described neurological disorder with multisystemic features. The disease is characterized by the presence of IgLON5 antibodies in serum and cerebrospinal fluid. Our objective is to describe in detail the otorhinolaryngological manifestations of this disease, which are frequent and may include dysphagia, dysarthria, vocal cord paralysis and laryngospasm.
METHODS: In this study, we present a series of 9 patients with anti-IgLON5 disease and otolaryngological manifestations. Patients were evaluated between July 2012 and March 2022 by video-polysomnography, fiber-optic laryngoscopy, and functional endoscopic evaluation of swallowing.
RESULTS: The median age was 71 years, and 5 (56%) were female. Video-polysomnography showed a NREM/REM parasomnia in 6 patients (67%), obstructive sleep apnea in 8 (88%), stridor during sleep in 7 (78%) and central apneas in 1 (11%). Six out of the 9 patients (67%) presented episodes of acute respiratory failure that required mechanical ventilation, 6 had vocal fold palsy with 4 of them requiring tracheostomy (3 had to be performed on an emergency basis). Dysphagia occurred in 8 patients (89%). Prominent upper airway secretion and sialorrhea was also present in 3 cases.
CONCLUSION: The anti-IgLON5 disease exhibits extensive otolaryngological symptoms, mainly affecting the upper airway. These symptoms affect the quality of life and can be life-threatening. Prompt acute management is essential for stridor, dyspnea, and dysphagia. Given the potential severity of the symptoms and rarity of the disease, it is important for otolaryngologists to be familiar with anti-IgLON5 disease.
LEVEL OF EVIDENCE: Level 4.","RAYYAN-INCLUSION: {""─Éß║╖ng Gia""=>""Excluded""} | USER-NOTES: {""─Éß║╖ng Gia""=>[""EC-0""]}","10.1016/j.otoeng.2024.04.001"
"Association of Obstructive Sleep Apnea with Post-Acute Sequelae of SARS-CoV-2 Infection.","2024","Quan SF and Weaver MD and Czeisler MÉ and Barger LK and Booker LA and Howard ME and Jackson ML and Lane RI and McDonald CF and Ridgers A and Robbins R and Varma P and Wiley JF and Rajaratnam SMW and Czeisler CA","https://pubmed.ncbi.nlm.nih.gov/38401674/","BACKGROUND: Obstructive sleep apnea is associated with COVID-19 infection. Less clear is whether obstructive sleep apnea is a risk factor for the development of post-acute sequelae of SARS-CoV-2 infection (PASC).
STUDY DESIGN: Cross-sectional survey of a general population of 24,803 US adults to determine the association of obstructive sleep apnea with PASC.
RESULTS: COVID-19 infection occurred in 10,324 (41.6%) participants. Prevalence of persistent (>3 months post infection) putative PASC-related physical and mental health symptoms ranged from 6.5% (peripheral edema) to 19.6% (nervous/anxious). In logistic regression models, obstructive sleep apnea was associated with all putative PASC-related symptoms with the highest adjusted odds ratios being fever (2.053) and nervous/anxious (1.939). In 4 logistic regression models of overall PASC derived from elastic net regression, obstructive sleep apnea was associated with PASC (range of adjusted odds ratios: 1.934-2.071); this association was mitigated in those with treated obstructive sleep apnea. In the best fitting overall model requiring ≥3 symptoms, PASC prevalence was 21.9%.
CONCLUSION: In a general population sample, obstructive sleep apnea is associated with the development of PASC-related symptoms and a global definition of PASC. Treated obstructive sleep apnea mitigates the latter risk. The presence of 3 or more PASC symptoms may be useful in identifying cases and for future research.","RAYYAN-INCLUSION: {""─Éß║╖ng Gia""=>""Excluded""} | USER-NOTES: {""─Éß║╖ng Gia""=>[""EC-0""]}","10.1016/j.amjmed.2024.02.023"
"Respiratory Motion and Airflow Estimation During Sleep Using Tracheal Movement and Sound.","2022","Montazeri Ghahjaverestan N and Fan W and Aguiar C and Yu J and Bradley TD","https://pubmed.ncbi.nlm.nih.gov/35800029/","PURPOSE: Due to lack of access and high cost of polysomnography, portable sleep apnea testing has been developed to diagnose sleep apnea. Despite being less expensive, and having fewer sensors and reasonable accuracy in identifying sleep apnea, such devices can be less accurate than polysomnography in detecting apneas/hypopneas. To increase the accuracy of apnea/hypopnea detection, an accurate airflow estimation is required. However, current airflow measurement techniques employed in portable devices are inconvenient and subject to displacement during sleep. In this study, algorithms were developed to estimate respiratory motion and airflow using tracheo-sternal motion and tracheal sounds.
PATIENTS AND METHODS: Adults referred for polysomnography were included. Simultaneous to polysomnography, a patch device with an embedded 3-dimensional accelerometer and microphone was affixed to the suprasternal notch to record tracheo-sternal motion and tracheal sounds, respectively. Tracheo-sternal motion was used to train two mathematical models for estimating changes in respiratory motion and airflow compared to simultaneously measured thoracoabdominal motion and nasal pressure from polysomnography. The amplitude of the estimated airflow was then adjusted by the tracheal sound envelope in segments with unstable breathing.
RESULTS: Two hundred and fifty-two subjects participated in this study. Overall, the algorithms provided highly accurate estimates of changes in respiratory motion and airflow with mean square errors (MSE) of 3.58 ± 0.82% and 2.82 ± 0.71%, respectively, compared to polysomnographic signals. The estimated motion and airflow from the patch signals detected apneas and hypopneas scored on polysomnography in 63.9% and 88.3% of cases, respectively.
CONCLUSION: This study presents algorithms to accurately estimate changes in respiratory motion and airflow, which provides the ability to detect respiratory events during sleep. Our study suggests that such a simple and convenient method could be used for portable monitoring to detect sleep apnea. Further studies will be required to test this possibility.","RAYYAN-INCLUSION: {""─Éß║╖ng Gia""=>""Excluded""} | USER-NOTES: {""─Éß║╖ng Gia""=>[""EC-W""]}","10.2147/nss.s360970"
"Development of a Sleep Apnea-Specific Health State Utility Algorithm.","2020","Skirko JR and James KT and Garrison LP and Weaver EM","https://pubmed.ncbi.nlm.nih.gov/31999308/","IMPORTANCE: With the increasing emphasis on economic evaluations, there is a need for additional methods of measuring patient utility in the obstructive sleep apnea population.
OBJECTIVE: To develop and validate a utility scoring algorithm for a sleep apnea-specific quality-of-life instrument.
DESIGN, SETTING, AND PARTICIPANTS: Development and validation were conducted at 2 tertiary referral sleep centers and associated sleep clinics and included patients with newly diagnosed obstructive sleep apnea from a randomized clinical trial and an associated observational cohort study. Baseline participants were randomly divided into a model development group (60%) and a cross-validation group (40%).
MAIN OUTCOMES AND MEASURES: Utility scoring of the Symptoms of Nocturnal Obstruction and Related Events (SNORE-25) was mapped from the SF-6D utility index through multiple linear regression in the development sample using the Akaike information criterion to determine the best model.
RESULTS: A total of 500 participants (development, n = 300; validation, n = 200) were enrolled; the analyzed sample of 500 participants included 295 men (59%), and the mean (SD) age was 48.6 (12.8) years, with a range of 18 to 90 years. The mean (SD) SF-6D utility among participants with untreated sleep apnea was 0.61 (0.08; range, 0.40-0.85) with similar utility across sleep apnea severity groups. The best-fit model (the SNORE Utility Index) was the natural log conversion of the instrument subscales (r2 = 0.32 in the development sample). The SNORE Utility Index retained this association within the validation sample (r2 = 0.33).
CONCLUSIONS AND RELEVANCE: The SNORE Utility Index provides a validated, disease-specific, preference-weighted utility instrument that can be used in future studies of patients with obstructive sleep apnea.","RAYYAN-INCLUSION: {""─Éß║╖ng Gia""=>""Excluded""} | USER-NOTES: {""─Éß║╖ng Gia""=>[""EC-0""]}","10.1001/jamaoto.2019.4469"
"Machine Listening for OSA Diagnosis: A Bayesian Meta-Analysis.","2025","Tan BKJ and Gao EY and Tan NKW and Yeo BSY and Tan CJ and Ng ACW and Leong ZH and Phua CQ and Uataya M and Goh LC and Ong TH and Leow LC and Huang GB and Toh ST","https://pubmed.ncbi.nlm.nih.gov/40220991/","BACKGROUND: Among 1 billion patients worldwide with OSA, 90% remain undiagnosed. The main barrier to diagnosis is the overnight polysomnogram, which requires specialized equipment, skilled technicians, and inpatient beds available only in tertiary sleep centers. Recent advances in artificial intelligence (AI) have enabled OSA detection using breathing sound recordings.
RESEARCH QUESTION: What is the diagnostic accuracy of and how can we optimize machine listening for OSA?
STUDY DESIGN AND METHODS: PubMed, Embase, Scopus, Web of Science, and IEEE Xplore databases were systematically searched. Two masked reviewers selected studies comparing the patient-level diagnostic performance of AI approaches using overnight audio recordings vs conventional diagnosis (apnea-hypopnea index) using a train-test split or k-fold cross-validation. Bayesian bivariate meta-analysis and meta-regression were performed. Publication bias was assessed by using a selection model. Risk of bias and evidence quality were assessed by using the Quality Assessment of Diagnostic Accuracy Studies-2 and the Grading of Recommendations, Assessment, Development, and Evaluation tools.
RESULTS: From 6,254 records, 16 studies (41 models) trained on 4,864 participants and tested on 2,370 participants were included. No study had a high risk of bias. Machine listening achieved a pooled sensitivity (95% credible interval) of 90.3% (86.9%-93.1%), a specificity of 86.7% (83.1%-89.7%), a diagnostic OR of 60.8 (39.4-99.9), and positive and negative likelihood ratios of 6.78 (5.34-8.85) and 0.113 (0.079-0.152), respectively. At apnea-hypopnea index cutoffs of ≥ 5, ≥ 15, and ≥ 30 events per hour, sensitivities were 94.3% (90.3%-96.8%), 86.3% (80.1%-90.9%), and 86.3% (79.2%-91.1%); and specificities were 78.5% (68.0%-86.9%), 87.3% (81.8%-91.3%), and 89.5% (84.8%-93.3%). Meta-regression identified increased sensitivity for the following: higher audio sampling frequencies, non-contact microphones, higher OSA prevalence, and train-test split model evaluation. Accuracy was equal regardless of home smartphone vs in-laboratory professional microphone recordings, deep learning vs traditional machine learning, and variations in age and sex. Publication bias was not evident, and the evidence was of high quality.
INTERPRETATION: In this study, machine listening achieved excellent diagnostic accuracy, superior to the STOP-Bang (snoring, tiredness, observed apnea, BP, BMI, age, neck size, gender) questionnaire and comparable to common home sleep tests. Digital medicine should be further explored and externally validated for accessible and equitable OSA diagnosis.
CLINICAL TRIAL REGISTRATION: PROSPERO database; No.: CRD42024534235; URL: https://www.crd.york.ac.uk/PROSPERO/).","RAYYAN-INCLUSION: {""─Éß║╖ng Gia""=>""Excluded""} | USER-NOTES: {""─Éß║╖ng Gia""=>[""EC-N""]}","10.1016/j.chest.2025.04.006"
"Patient Factors and Preferences in Choosing Sleep Surgery for Obstructive Sleep Apnea: A Qualitative Study.","2023","Ikeda AK and McShay C and Marsh R and Saini S and Sardesai MG and Weaver EM and Boss EF","https://pubmed.ncbi.nlm.nih.gov/35671145/","OBJECTIVE: There are several obstructive sleep apnea (OSA) treatment options available to patients, including surgery and less invasive therapies. Little is known about the factors that influence patient preferences for treatment. We aimed to understand factors influencing patient experience and decision making for undergoing sleep surgery.
STUDY DESIGN: Retrospective qualitative study.
SETTING: Tertiary sleep surgery clinic.
METHODS: We conducted semistructured interviews with adults who previously underwent any nasal and/or pharyngeal sleep surgery. We asked open-ended questions about their decision-making process within a preconceived thematic framework of chief OSA symptoms, expectations for recovery, and sources of information. The interviews were audio recorded and transcribed, and content was analyzed for defined, emergent, and prevalent themes.
RESULTS: Ten patients were interviewed from December 11, 2020 through January 29, 2021. Six patients underwent nasal surgery, 1 underwent pharyngeal surgery, and 3 underwent staged nasal and pharyngeal procedures. All patients were beyond the acute recovery phase. Reasons for pursuing surgical consultation varied from sleep apnea burden to external factors, such as recommendations from significant others. Duration of sleep surgery consideration varied from months to years. Major concerns about sleep surgery involved anesthesia and postoperative pain. External factors influencing patients' decisions to pursue sleep surgery included family and friend support. Postoperative outcomes of surgery included patient satisfaction with decision for surgery, given OSA improvements.
CONCLUSION: Understanding patient factors that influence decision making for sleep surgery may guide clinicians in patient-centered counseling that engages patients in decision making, aligning with clinical symptoms and patient preferences.","RAYYAN-INCLUSION: {""─Éß║╖ng Gia""=>""Excluded""} | USER-NOTES: {""─Éß║╖ng Gia""=>[""EC-0""]}","10.1177/01945998221105404"
"Hypergraph-Based Audio-Visual Fusion for Obstructive Sleep Apnea Severity Estimation During Wakefulness.","2026","Xue B and Shao Y and Wang Z and Fu C and Zhu X and Zhao H and Xu J and Hong H","https://pubmed.ncbi.nlm.nih.gov/40768464/","Obstructive sleep apnea (OSA) is associated with psychophysiological impairments, and recent studies have shown the feasibility of using speech and craniofacial images during wakefulness for severity estimation. However, the inherent limitations of unimodal data constrain the performance of current methods. To address this, we proposed a novel hypergraph-based multimodal fusion framework (HMFusion) that integrates psychophysiological information from audio-visual data. Specifically, we employ long short-term memory (LSTM)-based encoders to extract modality-specific temporal dynamics from pre-trained audio-visual embeddings and remotely photoplethysmography (rPPG)-derived heart rate sequences. A hypergraph neural network is then utilized to capture critical cross-modal interactions for OSA severity estimation. Evaluation on a dataset of 159 participants from a clinical sleep center demonstrates that the proposed model achieves area under the receiver operating characteristic curves (AUCs) of 88.26%, 86.07%, and 85.29%, with corresponding F1-scores of 92.91%, 85.50%, and 85.30% at Apnea-Hypopnea Index (AHI) thresholds of 5, 15, and 30 events/hour, respectively, outperforming state-of-the-art approaches. This study highlights the potential of psychophysiological data in enhancing OSA severity estimation during wakefulness, offering new avenues for clinical research in this field.","RAYYAN-INCLUSION: {""─Éß║╖ng Gia""=>""Excluded""} | USER-NOTES: {""─Éß║╖ng Gia""=>[""EC-O""]}","10.1109/jbhi.2025.3595646"
"Atomoxetine plus oxybutynin for symptomatic snoring and airflow limitation in individuals without moderate-to-severe obstructive sleep apnea.","2025","Calianese N and Hess LB and Vena D and Konefal R and Mann DL and Taranto-Montemurro L and Bertisch SM and Sofer T and Azarbarzin A and Gell LK and Sands SA","https://pubmed.ncbi.nlm.nih.gov/40471069/","STUDY OBJECTIVES: Sleep-disordered breathing is incompletely characterized by the apnea-hypopnea index. Although typically viewed as milder disease, snoring and flow limitation can yield major deficits in sleep health for both patients and their bed partners. Here we tested whether a combined noradrenergic and antimuscarinic intervention to activate pharyngeal muscles yields improved snoring loudness and flow limitation severity, plus self-reported outcomes, by snorers and their bed partners.
METHODS: In a randomized placebo-controlled double-blind crossover study, adults with loud habitual snoring took atomoxetine plus oxybutynin for 10 days before bedtime at full adult doses (80 and 5 mg, respectively; half-dose run-in on days 1-3) and at half-doses (40 and 2.5 mg, respectively). Baseline polysomnography with tracheal sound recording established baseline snoring (mean loudness > 75 dB) and an apnea-hypopnea index of < 15 events/h. Mixed models compared full and half-doses to placebo in snoring loudness, flow limitation, and snoring self-evaluation and bed-partner evaluation scores, adjusting for baseline and period effects (intention-to-treat analysis).
RESULTS: Fifteen participants were randomly assigned and 13 completed all treatment periods. Snoring loudness was reduced with full dose (-9.3 [-19.6, -2.9] dB; difference [95% confidence interval]) and half-dose (-9.0 [-17.8, -3.2] dB) vs placebo (102.2 dB), equivalent to a two-thirds reduction in snoring amplitude. Flow-limitation severity was also meaningfully reduced (both doses). The Snoring Bed-Partner Evaluation Scale was reduced with the half-dose only (-2.8 [-5.3, -0.4] points from 10.1 on placebo). Self-evaluation scores were lowered exclusively in 7 of the 15 participants with bothersome snoring at baseline (treatment × subgroup interactions).
CONCLUSIONS: In patients with habitual snoring, atomoxetine plus oxybutynin at half- and full doses improves snoring and flow limitation. A half-dose may also improve bed-partner outcomes.
CLINICAL TRIAL REGISTRATION: Registry: ClinicalTrials.gov; Name: Pharmacological Intervention for Symptomatic Snoring; URL: https://clinicaltrials.gov/study/NCT03720353; Identifier: NCT03720353.
CITATION: Calianese N, Hess LB, Vena D, et al. Atomoxetine plus oxybutynin for symptomatic snoring and airflow limitation in individuals without moderate-to-severe obstructive sleep apnea. J Clin Sleep Med. 2025;21(9):1579-1590.","RAYYAN-INCLUSION: {""─Éß║╖ng Gia""=>""Excluded""} | USER-NOTES: {""─Éß║╖ng Gia""=>[""EC-0""]}","10.5664/jcsm.11760"
"Jansen metaphyseal chondrodysplasia: analysis of craniofacial manifestations.","2025","Obiezu F and Almpani K and Kim HJ and Zalewski C and Chu E and Jahanmir G and Roszko KL and Boyce A and Farhadi F and Weinstein LS and Gafni RI and Ferreira CR and Jüppner H and Collins MT and Lee JS and Jha S","https://pubmed.ncbi.nlm.nih.gov/39830149/","Jansen metaphyseal chondrodysplasia (JMC) is an ultra-rare disorder caused by constitutive activation of parathyroid hormone type 1 receptor (PTH1R). We sought to characterize the craniofacial phenotype of patients with the disease. Six patients with genetically confirmed JMC underwent comprehensive craniofacial phenotyping revealing a distinct facial appearance that prompted a cephalometric analysis demonstrating a pattern of mandibular retrognathia. Oral examination was notable for flat and shallow palate, delayed eruption pattern, and impacted maxillary teeth. Subclinical and/or mild hearing loss was noted in 4 of 5 patients studied. The most common etiology was conductive, likely due to overcrowding of epitympanum which impedes the normal vibration of ossicles to sound. Paranasal sinus obliteration was noted in 5 of 6 patients. Computed tomography (CT) scan evaluation of craniofacial bones revealed bilaterally symmetric expansile lesions with predominant involvement of neural crest cell (NCC)-derived bones. Bilateral narrowing of facial nerve canals, particularly at the labyrinthine segment, was seen in 5 of 6 patients when compared to age-matched controls; 1 patient presented with progressive facial nerve palsy. Sagittal suture craniosynostosis was present in 5 of 6 patients-one of whom had a history of cranial reconstruction for pansynostosis in infancy. All patients demonstrated a significant degree of upper airway stenosis, as well as a more anterior hyoid bone displacement. Two patients had a diagnosis of obstructive sleep apnea. 18F-NaF Positron-emission tomography (PET)-CT revealed increased uptake associated with the skull base and gnathic bones in all patients. In conclusion, this first detailed systematic evaluation of the craniofacial phenotype of patients with JMC demonstrates a distinct and pronounced phenotype that predominantly affects the NCC-derived cranial bones indicating a critical role of PTH1R signaling in their development. These affects can result in significant disease-related morbidity, include hearing loss, nerve compression, craniosynostosis, dentoskeletal malocclusion, and airway compromise; all of which require close monitoring.","RAYYAN-INCLUSION: {""─Éß║╖ng Gia""=>""Excluded""} | USER-NOTES: {""─Éß║╖ng Gia""=>[""EC-0""]}","10.1093/jbmrpl/ziae156"
"Auditory Receptive Field Net Based Automatic Snore Detection for Wearable Devices.","2023","Hu X and Sun J and Dong J and Zhang X","https://pubmed.ncbi.nlm.nih.gov/35377849/","Although obstructive sleep apnea and hypopnea syndrome (OSAHS) is a common sleep disease, it is sometimes difficult to be detected in time because of the inconvenience of polysomnography (PSG) examination. Since snoring is one of the earliest symptoms of OSAHS, it can be used for early OSAHS prediction. With the recent development of wearable and IoT sensors, we proposed a deep learning-based accurate snore detection model for long-term home monitoring of snoring during sleep. To enhance the discriminability of features between snoring and non-snoring events, an auditory receptive field (ARF) net was proposed and integrated into the feature extraction network. Based on the feature maps derived by the feature extraction network, the detection model predicted a series of candidate boxes and corresponding confidence scores for each candidate box, which denoted whether the candidate box contained a snore event from the input sound waveforms. A snore detection dataset with a total duration of more than 4600 min was developed to evaluate the proposed model. The experimental results on this dataset revealed that the proposed model outperformed other traditional approaches and deep learning models.","RAYYAN-INCLUSION: {""─Éß║╖ng Gia""=>""Included""} | USER-NOTES: {""─Éß║╖ng Gia""=>[""IC-P, IC-I, IC-C, IC-E""]}","10.1109/jbhi.2022.3164517"
"[A PhD completed. Developments in diagnosis and treatment of obstructive sleep apnea].","2023","Bosschieter PFN","https://pubmed.ncbi.nlm.nih.gov/37279498/","Identification of phenotypes and endotypes contributes to a better understanding of the complex pathophysiology and heterogeneous clinical presentation of obstructive sleep apnea. The general goal of this dissertation was to determine the added value of the identification and use of potential predictors; risk factors associated with obstructive sleep apnea and factors influencing treatment outcome. By identifying predictors, the specificity and sensitivity of diagnostic tools can be increased. In addition, these predictors can provide guidance in choosing from the treatment options, which could subsequently lead to an increase in treatment success. The phenotypes studied in this dissertation are: snoring sound, dental parameters and positional dependency. The predictive value of specific manoeuvres and tools during sleep endoscopy for treatment success with a mandibular repositioning device was also studied. Finally, the innovative treatment for obstructive sleep apnea, hypoglossal nerve stimulation was investigated.","RAYYAN-INCLUSION: {""─Éß║╖ng Gia""=>""Excluded""} | USER-NOTES: {""─Éß║╖ng Gia""=>[""EC-N""]}","10.5177/ntvt.2023.06.23018"
"SST: a snore shifted-window transformer method for potential obstructive sleep apnea patient diagnosis.","2024","Luo J and Zhao Y and Liu H and Zhang Y and Shi Z and Li R and Hei X and Ren X","https://pubmed.ncbi.nlm.nih.gov/38316023/","Objective.Obstructive sleep apnea (OSA) is a high-incidence disease that is seriously harmful and potentially dangerous. The objective of this study was to develop a noncontact sleep audio signal-based method for diagnosing potential OSA patients, aiming to provide a more convenient diagnostic approach compared to the traditional polysomnography (PSG) testing.Approach.The study employed a shifted window transformer model to detect snoring audio signals from whole-night sleep audio. First, a snoring detection model was trained on large-scale audio datasets. Subsequently, the deep feature statistical metrics of the detected snore audio were used to train a random forest classifier for OSA patient diagnosis.Main results.Using a self-collected dataset of 305 potential OSA patients, the proposed snore shifted-window transformer method (SST) achieved an accuracy of 85.9%, a sensitivity of 85.3%, and a precision of 85.6% in OSA patient classification. These values surpassed the state-of-the-art method by 9.7%, 10.7%, and 7.9%, respectively.Significance.The experimental results demonstrated that SST significantly improved the noncontact audio-based OSA diagnosis performance. The study's findings suggest a promising self-diagnosis method for potential OSA patients, potentially reducing the need for invasive and inconvenient diagnostic procedures.","RAYYAN-INCLUSION: {""─Éß║╖ng Gia""=>""Included""} | USER-NOTES: {""─Éß║╖ng Gia""=>[""IC-P, IC-I, IC-C, IC-E""]}","10.1088/1361-6579/ad262b"
"Stridor Is an Independent Risk Factor for Mortality and Disease Progression in Patients with Multiple System Atrophy.","2026","Dodet P and Proust-Lima C and Sirna F and Bendetowicz D and Lazzeri G and Debs R and Delamarre A and Dunoyer M and Fabbri M and Georges C and Ghorayeb I and Grabli D and Londner C and Traon AP and Patout M and Rascol O and Arnulf I and Foubert-Samier A and Meissner WG","https://pubmed.ncbi.nlm.nih.gov/41054890/","BACKGROUND AND AIM: Stridor and sleep apnea syndrome (SAS) are common in multiple system atrophy (MSA). Retrospective cohort studies have yielded conflicting results regarding the consequences of stridor and SAS on the disease course. This study aimed to assess the prognostic significance of stridor and SAS, as well as the potential survival benefits of continuous positive airway pressure (CPAP) therapy.
METHOD: Retrospective data from 232 participants with MSA (mean age 65 years old, 51% male) from the three sites of the French Reference Center for MSA were analyzed. Patients underwent video-polysomnography to confirm the presence of stridor and SAS (AHI >15). Survival analyses adjusted for disease progression, age, sex, MSA subtype, and time since symptom onset were conducted using a joint modeling approach. Disease progression was quantified by the repeated assessments of a six-item composite score and the total Unified MSA Rating Scale I + II.
RESULTS: Stridor was independently associated with an increased risk of mortality (hazard ratio [HR] = 2.44 [1.41;4.22]), even after adjusting for disease progression. Stridor was also linked to more severe disease progression over time. In contrast, SAS did not independently predict mortality or disease progression. CPAP therapy initiation was associated with a substantial reduction in mortality risk after adjusting for center and AHI (HR = 0.40 [0.19;0.85], P = 0.017).
DISCUSSION: Stridor is a critical prognostic factor in MSA, associated with higher mortality and worse disease progression, whereas SAS alone is not associated with a change in mortality. Patients undergoing CPAP therapy have a much better survival among those with stridor. © 2025 The Author(s). Movement Disorders published by Wiley Periodicals LLC on behalf of International Parkinson and Movement Disorder Society.","RAYYAN-INCLUSION: {""─Éß║╖ng Gia""=>""Excluded""} | USER-NOTES: {""─Éß║╖ng Gia""=>[""EC-0""]}","10.1002/mds.70080"
"Application study of apnea-hypopnea duration for assessing adult obstructive sleep apnea.","2024","Cheng W and Xu C and Wang F and Ding Y and Tu J and Xia L","https://pubmed.ncbi.nlm.nih.gov/38848202/","BACKGROUND: Obstructive sleep apnea (OSA) is a common sleep disordered breathing disorder, which can cause serious damage to multiple human systems. Although polysomnography (PSG) is the current gold standard for diagnosis, it is complex and expensive. Therefore, it is of great significance to find a simple, economical and rapid primary screening and diagnosis method to replace PSG for the diagnosis of OSA.
OBJECTIVE: The purpose of this study is to propose a new method for the diagnosis and classification of OSA, which is used to automatically detect the duration of sleep apnea hypopnea events (AHE), so as to estimate the ratio(S) of the total duration of all-night AHE to the total sleep time only based on the sound signal of sleep respiration, and to identify OSA.
METHODS: We performed PSG tests on participants and extracted relevant sleep breathing sound signal data. This study is carried out in two stages. In the first stage, the relevant PSG report data of eligible subjects were recorded, the total duration of AHE in each subject's data was extracted, and the S value was calculated to evaluate the severity of OSA. In the second stage, only the sleep breath sound signal data of the same batch of subjects were used for automatic detection, and the S value in the sleep breath sound signal was extracted, and the S value was compared with the PSG diagnosis results to calculate the accuracy of the experimental method.
RESULTS: Among 225 subjects. Using PSG as the reference standard, the S value extracted from the PSG diagnostic data report can accurately diagnose OSA(accuracy rate 99.56%) and distinguish its severity (accuracy rate 95.11%). The accuracy of the S value detected in the sleep breathing sound signal in the diagnosis of severe OSA reached 100%.
CONCLUSION: The results show that the experimental parameter S value is feasible in OSA diagnosis and classification. OSA can be identified and evaluated only by sleep breathing sounds. This method helps to simplify the diagnostic grading of traditional OSA and lays a foundation for the subsequent development of simple diagnostic grading equipment.","RAYYAN-INCLUSION: {""─Éß║╖ng Gia""=>""Included""} | USER-NOTES: {""─Éß║╖ng Gia""=>[""IC-P, IC-I, IC-C, IC-E""]}","10.3233/thc-231900"
"Wheezing in Children.","2026","Cagle Jr SD and Hornsby H and Chin JJ","https://pubmed.ncbi.nlm.nih.gov/41839103/","Wheezing is a whistling sound that occurs with expiration due to narrowing or obstruction of the small airways. Up to 50% of children experience recurrent episodes of wheezing by age 5 years. Diagnosis of the cause can be difficult because of the many possible etiologies. The history should include the family history, age of onset, and pattern of wheezing (transient vs persistent). The differential diagnosis varies depending on age of onset, with younger children more commonly experiencing wheezing caused by congenital abnormalities or viral etiologies. Gastrointestinal reflux disease is another cause of wheezing in younger children. Children older than 1 year may experience wheezing related to acute processes including viral illness, foreign body aspiration, and reactive airways. The most common causes of wheezing in children younger than 6 years are bronchiolitis and asthma. A parental history of asthma, allergies, or eczema increases a child's likelihood of developing asthma. There are associations between wheezing and obstructive sleep apnea and snoring in children. Evaluation of wheezing should be guided by the patient history and presentation. Chest radiography is recommended as the initial imaging study for those with recurrent episodes of wheezing without a clear etiology. Management is determined by the underlying etiology.","RAYYAN-INCLUSION: {""─Éß║╖ng Gia""=>""Excluded""} | USER-NOTES: {""─Éß║╖ng Gia""=>[""EC-1""]}",""
"Heart Failure With Preserved Ejection Fraction.","2025","Barzin A and Barnhouse KK and Kane SF","https://pubmed.ncbi.nlm.nih.gov/41118188/","Heart failure is a complex clinical syndrome in which impaired ventricular filling and ejection of blood into circulation causes decreased stroke volume and cardiac output. Heart failure with preserved ejection fraction (50% or more) is the most common type of heart failure, and up to 1 in 10 adults will be affected in their lifetime. Clinical symptoms such as peripheral edema, dyspnea, and orthopnea, with clinical findings including jugular venous distention, third heart sound, and laterally displaced apical impulse should prompt consideration of heart failure. Laboratory values (eg, elevated N-terminal fragment of the prohormone brain natriuretic peptide) can also aid in diagnosis, which can then be confirmed with specific echocardiographic findings. Once heart failure with preserved ejection fraction is diagnosed, medications should be initiated to manage comorbid symptoms and conditions such as hypertension, obesity, and obstructive sleep apnea. Sodium-glucose cotransporter-2 inhibitors have been shown to reduce hospitalizations related to heart failure and cardiovascular-related mortality in patients with symptomatic heart failure, elevated natriuretic peptide levels, and an ejection fraction more than 40%; therefore, they should be considered in all patients with heart failure with preserved ejection fraction. Additionally, loop diuretics, mineralocorticoid receptor antagonists, and angiotensin receptor blocker/neprilysin inhibitors can be used. In patients with end-organ dysfunction or signs of refractory treatment, consultation with a heart failure specialist should be considered.","RAYYAN-INCLUSION: {""─Éß║╖ng Gia""=>""Excluded""} | USER-NOTES: {""─Éß║╖ng Gia""=>[""EC-0""]}",""
