title,authors,year,doi,source,url,population,intervention,comparison,outcomes,study_type,confidence_score,abstract
"Sleep Architecture, Obstructive Sleep Apnea, and Cognitive Function in Adults.",Pase MP; Harrison S; Misialek JR; Kline CE; Cavuoto M; Baril AA; Yiallourou S; Bisson A; Himali D; Leng Y; Yang Q; Seshadri S; Beiser A; Gottesman RF; Redline S; Lopez O; Lutsey PL; Yaffe K; Stone KL; Purcell SM; Himali JJ; Matthew P. Pase; Stéphanie Harrison; Jeffrey R. Misialek; Christopher E. Kline; Marina Cavuoto; Andrée‐Ann Baril; Stephanie Yiallourou; Alycia Bisson; Dibya Himali; Yue Leng; Qiong Yang; Sudha Seshadri; Alexa Beiser; Rebecca F. Gottesman; Susan Redline; Oscar L. López; Pamela L. Lutsey; Kristine Yaffe; Katie L. Stone; Shaun Purcell; Jayandra J. Himali,2023,10.1001/jamanetworkopen.2023.25152,pubmed+openalex,https://pubmed.ncbi.nlm.nih.gov/37462968/,"5946 adults (1875 females [31.5%]; mean age range, 58-89 years)",Measures of sleep architecture and obstructive sleep apnea (OSA) derived from in-home PSG,AHI less than 5,"Higher sleep maintenance efficiency associated with better global cognition (pooled β per 1% increase, 0.08; 95% CI, 0.03 to 0.14; P < .01); Lower wake after sleep onset associated with better global cognition (pooled β per 1-min increase, -0.07; 95% CI, -0.13 to -0.01; P = .02); Mild to severe OSA associated with poorer global cognition (pooled β, -0.06; 95% CI, -0.11 to -0.01; P = .01); Moderate to severe OSA associated with poorer global cognition (pooled β, -0.06; 95% CI, -0.11 to -0.01; P = .02)",Cohort study,1,"IMPORTANCE: Good sleep is essential for health, yet associations between sleep and dementia risk remain incompletely understood. The Sleep and Dementia Consortium was established to study associations between polysomnography (PSG)-derived sleep and the risk of dementia and related cognitive and brain magnetic resonance imaging endophenotypes.
OBJECTIVE: To investigate association of sleep architecture and obstructive sleep apnea (OSA) with cognitive function in the Sleep and Dementia Consortium.
DESIGN, SETTING, AND PARTICIPANTS: The Sleep and Dementia Consortium curated data from 5 population-based cohorts across the US with methodologically consistent, overnight, home-based type II PSG and neuropsychological assessments over 5 years of follow-up: the Atherosclerosis Risk in Communities study, Cardiovascular Health Study, Framingham Heart Study (FHS), Osteoporotic Fractures in Men Study, and Study of Osteoporotic Fractures. Sleep metrics were harmonized centrally and then distributed to participating cohorts for cohort-specific analysis using linear regression; study-level estimates were pooled in random effects meta-analyses. Results were adjusted for demographic variables, the time between PSG and neuropsychological assessment (0-5 years), body mass index, antidepressant use, and sedative use. There were 5946 participants included in the pooled analyses without stroke or dementia. Data were analyzed from March 2020 to June 2023.
EXPOSURES: Measures of sleep architecture and OSA derived from in-home PSG.
MAIN OUTCOMES AND MEASURES: The main outcomes were global cognitive composite z scores derived from principal component analysis, with cognitive domains investigated as secondary outcomes. Higher scores indicated better performance.
RESULTS: Across cohorts, 5946 adults (1875 females [31.5%]; mean age range, 58-89 years) were included. The median (IQR) wake after sleep onset time ranged from 44 (27-73) to 101 (66-147) minutes, and the prevalence of moderate to severe OSA ranged from 16.9% to 28.9%. Across cohorts, higher sleep maintenance efficiency (pooled β per 1% increase, 0.08; 95% CI, 0.03 to 0.14; P < .01) and lower wake after sleep onset (pooled β per 1-min increase, -0.07; 95% CI, -0.13 to -0.01 per 1-min increase; P = .02) were associated with better global cognition. Mild to severe OSA (apnea-hypopnea index [AHI] ≥5) was associated with poorer global cognition (pooled β, -0.06; 95% CI, -0.11 to -0.01; P = .01) vs AHI less than 5; comparable results were found for moderate to severe OSA (pooled β, -0.06; 95% CI, -0.11 to -0.01; P = .02) vs AHI less than 5. Differences in sleep stages were not associated with cognition.
CONCLUSIONS AND RELEVANCE: This study found that better sleep consolidation and the absence of OSA were associated with better global cognition over 5 years of follow-up. These findings suggest that the role of interventions to improve sleep for maintaining cognitive function requires investigation."
Hypoxic Burden in Obstructive Sleep Apnea: Present and Future.,Martinez-Garcia MA; Sánchez-de-la-Torre M; White DP; Azarbarzin A; Miguel Ángel Martínez‐García; Manuel Sánchez‐de‐la‐Torre; David White; Ali Azarbarzin,2023,10.1016/j.arbres.2022.08.005,pubmed+openalex,https://pubmed.ncbi.nlm.nih.gov/36115739/,Individuals with obstructive sleep apnea (OSA),Hypoxic burden (HB) as a novel metric for assessing OSA severity,Conventional measures such as apnea-hypopnea index (AHI) and oxygen desaturation index (ODI),Identification of high risk individuals with OSA; Characterization of physiological consequences of OSA; Depth and duration of OSA-related hypoxemia,N/A,0.8,"Conventional measures of obstructive sleep apnea (OSA) severity, such as the apnea-hypopnea index (AHI) and oxygen desaturation index (ODI) are commonly used to quantify OSA severity and guide therapeutical decision-making processes. However, it is widely recognized that both AHI and ODI have important limitations and novel physiologically-informed metrics are needed to better capture the severity of OSA and characterize its physiological consequences, particularly the severity of recurrent nocturnal hypoxemia, ensuing the respiratory events. According to recent studies, the sleep apnea-specific ""hypoxic burden (HB)"", defined as the sum of individual areas under the oxygen desaturation curve, has shown some promise in identifying high risk individuals with OSA. In addition to the frequency of respiratory events, HB capture the depth and duration of OSA-related hypoxemia that may prove to be important disease characterizing features, not captured by the conventional ""frequency-based"" metrics, such as AHI and ODI. In this ""perspective"" paper the methods to quantify the HB, its characteristics, associations with health outcomes, and its limitations will be discussed."
"Sleep Disorders and Stroke: Pathophysiological Links, Clinical Implications, and Management Strategies.",Rissardo JP; Khalil I; Taha M; Chen J; Sayad R; Fornari Caprara AL,2025,10.3390/medsci13030113,pubmed,https://pubmed.ncbi.nlm.nih.gov/40843734/,Patients with sleep disorders and stroke,Early identification and management of sleep disorders,N/A,Increased risk of stroke; Impairment of rehabilitation; Cognitive recovery; Quality of life; Underdiagnosed and undertreated sleep disorders,Narrative review,0.9,"Sleep disorders and stroke are intricately linked through a complex, bidirectional relationship. Sleep disturbances such as obstructive sleep apnea (OSA), insomnia, and restless legs syndrome (RLS) not only increase the risk of stroke but also frequently emerge as consequences of cerebrovascular events. OSA, in particular, is associated with a two- to three-fold increased risk of incident stroke, primarily through mechanisms involving intermittent hypoxia, systemic inflammation, endothelial dysfunction, and autonomic dysregulation. Conversely, stroke can disrupt sleep architecture and trigger or exacerbate sleep disorders, including insomnia, hypersomnia, circadian rhythm disturbances, and breathing-related sleep disorders. These post-stroke sleep disturbances are common and significantly impair rehabilitation, cognitive recovery, and quality of life, yet they remain underdiagnosed and undertreated. Early identification and management of sleep disorders in stroke patients are essential to optimize recovery and reduce the risk of recurrence. Therapeutic strategies include lifestyle modifications, pharmacological treatments, medical devices such as continuous positive airway pressure (CPAP), and emerging alternatives for CPAP-intolerant individuals. Despite growing awareness, significant knowledge gaps persist, particularly regarding non-OSA sleep disorders and their impact on stroke outcomes. Improved diagnostic tools, broader screening protocols, and greater integration of sleep assessments into stroke care are urgently needed. This narrative review synthesizes current evidence on the interplay between sleep and stroke, emphasizing the importance of personalized, multidisciplinary approaches to diagnosis and treatment. Advancing research in this field holds promise for reducing the global burden of stroke and improving long-term outcomes through targeted sleep interventions."
Association and Risk Factors for Obstructive Sleep Apnea and Cardiovascular Diseases: A Systematic Review,Amal K. Mitra; Azad R. Bhuiyan; Elizabeth A. Jones; Mitra AK; Bhuiyan AR; Jones EA,2021,10.3390/diseases9040088,openalex+pubmed,https://doi.org/10.3390/diseases9040088,Patients with obstructive sleep apnea (OSA),Evaluation of evidence for the association between OSA and cardiovascular disease morbidities,N/A,"Increased risk factors for cardiovascular diseases including hypertension, obesity, and diabetes mellitus; Comorbidities identified: heart disease, stroke, kidney disease, asthma, COPD, acute heart failure, chronic heart failure, hyperlipidemia, thyroid disease, cerebral infarct or embolism, myocardial infarction, psychological comorbidities (stress and depression); Risk factors for OSA: age > 35 years, BMI ≥ 25 kg/m2, alcoholism, higher Epworth sleepiness scale (ESS), mean apnea duration, oxygen desaturation index (ODI), nocturnal oxygen desaturation (NOD); Association of severe OSA (AHI ≥ 30) with excessive daytime sleepiness and oxygen desaturation index; Reduction of OSA risk by controlling overweight/obesity, alcoholism, smoking, hypertension, diabetes mellitus, and hyperlipidemia",Systematic Review,0.9,"Obstructive sleep apnea (OSA) is a serious, potentially life-threatening condition. Epidemiologic studies show that sleep apnea increases cardiovascular diseases risk factors including hypertension, obesity, and diabetes mellitus. OSA is also responsible for serious illnesses such as congestive heart failure, stroke, arrhythmias, and bronchial asthma. The aim of this systematic review is to evaluate evidence for the association between OSA and cardiovascular disease morbidities and identify risk factors for the conditions. In a review of 34 studies conducted in 28 countries with a sample of 37,599 people, several comorbidities were identified in patients with severe OSA—these were: heart disease, stroke, kidney disease, asthma, COPD, acute heart failure, chronic heart failure, hyperlipidemia, thyroid disease, cerebral infarct or embolism, myocardial infarction, and psychological comorbidities including stress and depression. Important risk factors contributing to OSA included: age &gt; 35 years; BMI ≥ 25 kg/m2; alcoholism; higher Epworth sleepiness scale (ESS); mean apnea duration; oxygen desaturation index (ODI); and nocturnal oxygen desaturation (NOD). Severe OSA (AHI ≥ 30) was significantly associated with excessive daytime sleepiness and oxygen desaturation index. The risk of OSA and associated disease morbidities can be reduced by controlling overweight/obesity, alcoholism, smoking, hypertension, diabetes mellitus, and hyperlipidemia."
"Hypoxic burden - definitions, pathophysiological concepts, methods of evaluation, and clinical relevance.",Parekh A,2024,10.1097/mcp.0000000000001122,pubmed,https://pubmed.ncbi.nlm.nih.gov/39229876/,Patients with obstructive sleep apnea (OSA),"Characterization of nocturnal hypoxia in OSA, termed as 'hypoxic burden'",Apnea-hypopnea index (AHI),Greater prognostic ability than AHI; Better relation to incident cardiovascular disease than AHI; Utility in moving OSA diagnosis beyond the AHI,Literature review,0.9,"PURPOSE OF REVIEW: Obstructive sleep apnea (OSA) is a common chronic condition that affects over a billion people worldwide and is associated with adverse cardio- and cerebrovascular consequences. Currently, the go-to clinical measure that determines the presence and severity of OSA is the apnea-hypopnea index (AHI). The AHI captures the frequency of respiratory events due to changes in ventilation that are associated with either oxygen desaturations or arousal from sleep. The AHI is poorly correlated to adverse outcomes in OSA with poor prognostic ability. To overcome the limitations of AHI and perhaps driven by the ease of acquisition, several studies have suggested characterizing nocturnal hypoxia in OSA, termed as ""hypoxic burden"". The purpose of this review is to focus on the hypoxic burden in OSA, its various definitions, and its utility in moving OSA diagnosis beyond the AHI.
RECENT FINDINGS: Several measures and definitions of hypoxic burden have been proposed and studied that show promise in overcoming limitations of AHI and also have a greater prognostic ability than AHI. More recently, area-based measures that attempt to characterize the depth and duration of oxygen desaturations, i.e., nocturnal hypoxia in OSA, have been shown to better relate to incident cardiovascular disease than AHI. In this review, we delve into the evidence for these novel area-based metrics and also delve into the pathophysiological concepts underlying nocturnal hypoxia while cautioning the reader on interpretation of the recent findings relating hypoxic burden to adverse outcomes in OSA.
SUMMARY: In this review on hypoxic burden, we focus on the need that has driven the sudden influx of studies assessing hypoxic burden for various outcomes of OSA, its underlying pathophysiology, the various definitions, and clinical relevance. We hope that the reader can appreciate the nuances underlying hypoxic burden in OSA and suggest the need for a cohesive framework for moving beyond the AHI with hypoxic burden."
Screening for Obstructive Sleep Apnea in Adults,Cynthia Feltner; Ina Wallace; Shannon Aymes; Jennifer Cook Middleton; Kelli L. Hicks; Manny Schwimmer; Claire Baker; Casey P. Balio; Daniel Moore; Christiane Voisin; Daniel E Jonas; US Preventive Services Task Force; Mangione CM; Barry MJ; Nicholson WK; Cabana M; Chelmow D; Rucker Coker T; Davidson KW; Davis EM; Donahue KE; Jaén CR; Kubik M; Li L; Ogedegbe G; Pbert L; Ruiz JM; Stevermer J; Wong JB; Carol M. Mangione; Michael J. Barry; Wanda K. Nicholson; Michael D. Cabana; David Chelmow; Tumaini R. Coker; Karina W. Davidson; Esa M. Davis; Katrina E Donahue; Carlos Roberto Jaén; Martha Kubik; Li Li; Gbenga Ogedegbe; Lori Pbert; John Ruiz; James Stevermer; John B. Wong,2022,10.1001/jama.2022.18357,openalex+pubmed+openalex,https://doi.org/10.1001/jama.2022.18357,Asymptomatic adults or those with unrecognized OSA symptoms,Screening for obstructive sleep apnea (OSA),No screening,Test accuracy; Excessive daytime sleepiness; Sleep-related quality of life (QOL); General health-related QOL; Harms,Systematic review,0.9,"Importance: Obstructive sleep apnea (OSA) is associated with adverse health outcomes. Objective: To review the evidence on screening for OSA in asymptomatic adults or those with unrecognized OSA symptoms to inform the US Preventive Services Task Force. Data Sources: PubMed/MEDLINE, Cochrane Library, Embase, and trial registries through August 23, 2021; surveillance through September 23, 2022. Study Selection: English-language studies of screening test accuracy, randomized clinical trials (RCTs) of screening or treatment of OSA reporting health outcomes or harms, and systematic reviews of treatment reporting changes in blood pressure and apnea-hypopnea index (AHI) scores. Data Extraction and Synthesis: Dual review of abstracts, full-text articles, and study quality. Meta-analysis of intervention trials. Main Outcomes and Measures: Test accuracy, excessive daytime sleepiness, sleep-related and general health-related quality of life (QOL), and harms. Results: Eighty-six studies were included (N = 11 051). No study directly compared screening with no screening. Screening accuracy of the Multivariable Apnea Prediction score followed by unattended home sleep testing for detecting severe OSA syndrome (AHI ≥30 and Epworth Sleepiness Scale [ESS] score &gt;10) measured as the area under the curve in 2 studies (n = 702) was 0.80 (95% CI, 0.78 to 0.82) and 0.83 (95% CI, 0.77 to 0.90). Five studies assessing the accuracy of other screening tools were heterogeneous and results were inconsistent. Compared with inactive control, positive airway pressure was associated with a significant improvement in ESS score from baseline (pooled mean difference, -2.33 [95% CI, -2.75 to -1.90]; 47 trials; n = 7024), sleep-related QOL (standardized mean difference, 0.30 [95% CI, 0.19 to 0.42]; 17 trials; n = 3083), and general health-related QOL measured by the 36-Item Short Form Health Survey (SF-36) mental health component summary score change (pooled mean difference, 2.20 [95% CI, 0.95 to 3.44]; 15 trials; n = 2345) and SF-36 physical health component summary score change (pooled mean difference, 1.53 [95% CI, 0.29 to 2.77]; 13 trials; n = 2031). Use of mandibular advancement devices was also associated with a significantly larger ESS score change compared with controls (pooled mean difference, -1.67 [95% CI, 2.09 to -1.25]; 10 trials; n = 1540). Reporting of other health outcomes was sparse; no included trial found significant benefit associated with treatment on mortality, cardiovascular events, or motor vehicle crashes. In 3 systematic reviews, positive airway pressure was significantly associated with reduced blood pressure; however, the difference was relatively small (2-3 mm Hg). Conclusions and Relevance: The accuracy and clinical utility of OSA screening tools that could be used in primary care settings were uncertain. Positive airway pressure and mandibular advancement devices reduced ESS score. Trials of positive airway pressure found modest improvement in sleep-related and general health-related QOL but have not established whether treatment reduces mortality or improves most other health outcomes."
[Obstructive Sleep Apnea].,Roncero A; Castro S; Herrero J; Romero S; Caballero C; Rodriguez P,2022,10.1016/j.opresp.2022.100185,pubmed,https://pubmed.ncbi.nlm.nih.gov/37496584/,Patients with obstructive sleep apnea (OSA),"Continuous positive airway pressure (CPAP) and other treatments such as mandibular advancement devices (MAD), postural therapy, and surgical options",N/A,Severity of OSA; Risk of accidents; High blood pressure (HBP); Cardiovascular risk; Diabetes mellitus (DM); Cardiac arrhythmia; Neoplasms,N/A,0.9,"Obstructive sleep apnea (OSA) is defined as the presence of an apnea-hyponea index (AHI)>15/h, predominantly obstructive or AHI greater than 5 with symptoms, the classic symptoms are observed apneas, daytime sleepiness and snoring, however, there are many other associated symptoms. To assess the severity of OSA, classically, only the AHI value was considered, but there is increasing evidence to implicate other factors. The predisposition to develop OSA is determined by anatomical and functional features. Having OSA increases the risk of accidents, high blood pressure (HBP) and is associated with cardiovascular risk, diabetes mellitus (DM), cardiac arrhythmia and neoplasms. To assess the probability of OSA, questionnaires and scales have been developed to assess symptoms, the certain diagnosis is obtained by polysomnography (PSG), which is the gold standard test, or polygraphy, which is a simpler and more accessible diagnostic test for diagnosis validated, the use of one or the other will depend on the suspicion and the associated comorbidities. Treatments for sleep apnea increasingly tend to be more individualized based on the characteristics of the patient and all are complementary. Hygienic-dietary measures should be applied in all patients, continuous positive airway pressure (CPAP) is the most effective treatment and with the most evidence, but other treatments are also available such as mandibular advancement devices (MAD), postural therapy and surgical options among others. Telemedicine is advancing in the follow-up of patients with OSA, both from non-face-to-face consultations and control of equipment via Wi-Fi to assess adherence, efficacy and correct control of therapy."
Efficacy of incretin-based therapies in obesity-related obstructive sleep apnea: a systematic review and meta-analysis of randomized controlled trials.,Bardóczi A; Matics ZZ; Turan C; Szabó B; Molnár Z; Hegyi P; Müller V; Horváth G,2025,10.1016/j.smrv.2025.102119,pubmed,https://pubmed.ncbi.nlm.nih.gov/40633481/,patients with obesity-related obstructive sleep apnea (OSA),incretin-based therapies (liraglutide or tirzepatide),usual care,"significant reductions in body weight; significant reductions in body mass index; mean change in AHI of -14.45 events/h (95 % CI: 25.90 to -2.99, p < 0.001); mean difference in AHI of -11.61 events/h (95 % CI: 22.91 to -0.31, p = 0.046)",Meta-analysis,1,"The primary etiologic risk factor for obstructive sleep apnea (OSA) is obesity. As incretin-based therapies, specifically glucagon-like peptide 1 (GLP-1) and dual GLP-1/glucose-dependent insulinotropic polypeptide (GIP) agonists, have shown promising outcomes in obesity management, these medications have generated interest in OSA therapy. To investigate their efficacy in OSA, we performed a systematic literature search following PRISMA and Cochrane Handbook guidelines for studies reporting apnea-hypopnea index (AHI) and incretin-based therapy in patients with OSA. Only randomized controlled trials were eligible for inclusion. Our literature search identified 813 publications, and 5 articles met the inclusion criteria. Collectively, the studies enrolled 1024 patients, lasted ≥12 weeks with liraglutide or tirzepatide, and resulted in significant reductions in body weight and/or body mass index. Incretin-based therapies were also associated with AHI reduction, with a mean change of -14.45 events/h (95 % CI: 25.90 to -2.99, p < 0.001). By pooling data of 5 RCTs in a pairwise meta-analysis, incretin-based therapies showed a greater effect on AHI than usual care, with a mean difference of -11.61 events/h (95 % CI: 22.91 to -0.31, p = 0.046). Our analysis demonstrates that weight reduction through incretin-based therapies improves AHI in OSA. Incretin-based therapies have the potential to treat sleep-disordered breathing in OSA patients with excess weight."
Association of Hypoxic Burden With Cardiovascular Events: A Risk Stratification Analysis of the Randomized Intervention With CPAP in Coronary Artery Disease and Sleep Apnea Cohort.,Peker Y; Celik Y; Zinchuk A; Sands SA; Redline S; Azarbarzin A,2025,10.1016/j.chest.2025.07.4081,pubmed,https://pubmed.ncbi.nlm.nih.gov/40818776/,368 adults with OSA (AHI ≥ 15 events/h),high hypoxic burden (HB),AHI of ≥ 30 events/h,"incident of the first MACCE; adjusted hazard ratio, 1.87; 95% CI, 1.17-2.98; P = .009",Cohort,0.9,"BACKGROUND: The apnea-hypopnea index (AHI), the standard measure of OSA, has limitations in reflecting disease severity.
RESEARCH QUESTION: Is high hypoxic burden (HB) more strongly associated with major cardiovascular and cerebrovascular adverse events (MACCEs) than AHI of ≥ 30 events/h?
STUDY DESIGN AND METHODS: This secondary analysis of the Randomized Intervention With CPAP in Coronary Artery Disease and Sleep Apnea observational cohort included 368 adults with OSA (AHI ≥ 15 events/h) with (n = 155) and without (n = 244) excessive daytime sleepiness (EDS), defined as an Epworth Sleepiness Scale score of ≥ 10. HB was calculated as the total area under respiratory event-related desaturations divided by total sleep time. Patients were classified as having high or low HB based on the median (60.7%min/h). The primary outcome was the incident of the first MACCE. Cox proportional hazard models assessed associations in the full cohort and by CPAP allocation and adherence (nonadherent or no positive airway pressure [PAP] group, n = 262; adherent [adjusted PAP use ≥ 4 h/night for all nights at 1-year follow-up], n = 106). In an exploratory analysis, participants were grouped into 4 categories based on median AHI and HB (low and low, low and high, high and low, and high and high, respectively).
RESULTS: Over a median follow-up of 4.7 years, high HB was associated with MACCEs (adjusted hazard ratio, 1.87; 95% CI, 1.17-2.98; P = .009), particularly among untreated or nonadherent patients and those with baseline EDS. AHI of ≥ 30 events/h was not associated significantly with MACCEs (P = .366). When modelled continuously, HB and AHI each were associated with MACCEs; however, compared with low AHI and low HB, only high HB, regardless of AHI level, was linked to increased risk. In contrast, high AHI and low HB was not associated with MACCEs.
INTERPRETATION: High HB, but not AHI of ≥ 30 events/h, was associated with MACCEs in adults with moderate to severe OSA. Although AHI was associated with outcomes when modelled continuously, elevated risk seemed to be driven primarily by high HB.
CLINICAL TRIAL REGISTRATION: ClinicalTrials.gov; No.: NCT00519597; URL: www.
CLINICALTRIALS: gov."
Nocturnal Cardiac Arrhythmias in Heart Failure With Obstructive and Central Sleep Apnea.,Horvath CM; Fisser C; Floras JS; Sossalla S; Wang S; Tomlinson G; Rankin F; Yatsu S; Ryan CM; Bradley TD; Arzt M; ADVENT-HF Investigators,2024,10.1016/j.chest.2024.08.003,pubmed,https://pubmed.ncbi.nlm.nih.gov/39168180/,patients with heart failure with reduced ejection fraction (HFrEF),obstructive sleep apnea (OSA) and central sleep apnea (CSA),no to mild sleep apnea,prevalence of excessive supraventricular ectopic activity (ESVEA); prevalence of atrial fibrillation/flutter (AF); prevalence of > 10 premature ventricular complexes (PVCs/h),cross-sectional analysis,0.9,"BACKGROUND: Both obstructive and central sleep apnea (CSA) may contribute to nocturnal cardiac arrhythmias (NCAs). Data are scarce regarding the prevalence of clinically important nocturnal atrial and ventricular arrythmias in patients with heart failure with reduced ejection fraction (HFrEF) and OSA or CSA.
RESEARCH QUESTION: In a cohort of patients with HFrEF, how does the prevalence of NCA compare among those with OSA, CSA, and those with no to mild sleep apnea? Is the severity of OSA or CSA associated with atrial and ventricular NCAs?
STUDY DESIGN AND METHODS: This cross-sectional analysis is an ancillary study of the Effect of Adaptive Servo Ventilation on Survival and Hospital Admissions in Heart Failure (ADVENT-HF) trial. We compared the prevalence of NCAs (excessive supraventricular ectopic activity [ESVEA], defined as premature atrial complexes ≥ 30/h or supraventricular tachycardia ≥ 20 beats); atrial fibrillation/flutter [AF]; and > 10 premature ventricular complexes [PVCs/h]) on ECGs from polysomnograms of patients with HFrEF between those with OSA (apnea-hypopnea index [AHI ≥ 15 events/h]), those with CSA (AHI ≥ 15 events/h), and those with no to mild sleep apnea (AHI < 15 events/h [control]).
RESULTS: The prevalence of ESVEA was higher in patients with OSA (n = 430) and CSA (n = 150) compared with control participants (n = 76): 0%, 9%, and 12%, respectively. The prevalence of AF in the control, OSA, and CSA groups was 9%, 17%, and 27%; the prevalence of > 10 PVCs/h was 45%, 59%, and 63%. In multivariable regression analyses, premature atrial complexes/h was associated with OSA severity (obstructive AHI: 22.4% increase per 10 events/h [95% CI, 5.2-42.3; P = .009), although neither obstructive nor central AHI was associated with AF or > 10 PVC/h.
INTERPRETATION: In patients with HFrEF, the prevalences of nocturnal ESVEA, AF, and PVC > 10/h were higher in those with OSA or CSA than in those without OSA or CSA, and OSA severity was related to the burden of nocturnal atrial ectopy. Severity of OSA or CSA was not significantly related to AF or > 10 PVC/h.
CLINICAL TRIAL REGISTRATION: ClinicalTrials.gov; No.: NCT01128816; URL: www.
CLINICALTRIALS: gov."
Obstructive sleep apnea in hypothyroidism.,Pancholi C; Chaudhary SC; Gupta KK; Sawlani KK; Verma SK; Singh A; Verma AK; Usman K; Atam V,2022,10.4103/aam.aam_134_21,pubmed,https://pubmed.ncbi.nlm.nih.gov/36412342/,100 hypothyroidism patients,screening for obstructive sleep apnea (OSA) using STOP-Bang questionnaire and polysomnography,N/A,74% prevalence of OSA (AHI ≥5); 39.2% mild OSA (AHI 5-14); 20.3% moderate OSA (AHI 15-30); 40.5% severe OSA; higher BMI in OSA group (P = 0.040); 85.3% OSA cases in treatment-naïve patients vs 66.1% in treated patients (P = 0.030),Cross-sectional study,0.9,"INTRODUCTION: Obstructive sleep apnea (OSA) and hypothyroidism are closely linked as hypothyroidism has been shown to lead to the development of OSA through multiple mechanisms. With the changing lifestyle patterns worldwide and increased prevalence of obesity, the burden of OSA has substantially increased. The association of OSA with hypothyroidism is essential to establish. If identified early, treatment of OSA and associated hypothyroidism can be done timely to minimize the potential harmful complications of OSA on all aspects of the patient's health.
AIMS: This study was done to find out the prevalence of OSA in hypothyroidism patients.
SETTING AND DESIGNS: It was a cross-sectional study, done over a period of 1 year in a tertiary care hospital.
MATERIALS AND METHODS: A total of 100 hypothyroidism patients were enrolled after taking written consent. All patients were subjected to STOP-Bang questionnaire and patient falling in intermediate-high risk (score3-8), were taken for overnight polysomnography to confirm the diagnosis of OSA (AHI ≥5).
STATISTICAL ANALYSIS USED: The Statistical Package for the Social Sciences version 21.0 statistical analysis software.
RESULTS: Out of 100 patients, who underwent polysomnography, 74 (74%) cases had OSA (AHI ≥5). Out of total 74 OSA cases, 29 (39.2%) cases had mild OSA (AHI 5-14), 15 (20.3%) cases had moderate OSA (AHI 15-30), and 30 (40.5%) cases had severe OSA. The age of the study population ranged between 24 and 78 years and the mean age was 58.28 ± 11.22 years. The mean age of the patients in the OSA group (59.27 ± 11.17 years) was higher than the non-OSA group (55.46 ± 11.09 years). Majority (64%) of our cases were male, and the proportion of males was found to be higher than females in both the groups (OSA/non-OSA). The body mass index (BMI) of the OSA group was found to be statistically higher as compared to that of the non-OSA group (P = 0.040). The BMI was found to be higher in severe OSA, but it was not statistically significant (P = 0.128). The mean value of FT4 was lower and thyroid-stimulating hormone (TSH) was higher in the OSA group as compared with the non-OSA group. However, no significant association was found between FT4 and TSH values in both the groups. Out of 100 cases, 41 patients were treatment naïve with mean TSH value of 13.1 ± 7 and 59 were on treatment with mean TSH of 8.3 ± 4. Treatment-naïve patients had a statistically higher number (85.3%) of OSA cases in comparison to patients on treatment (66.1) (P = 0.030).
CONCLUSIONS: Prevalence of OSA is quite high in hypothyroidism. Patients with hypothyroidism should be screened for OSA for early diagnosis, especially in individuals with higher BMI. Treatment of hypothyroidism reduces the prevalence of OSA."
Sex differences in sleep and sleep-disordered breathing.,Schwarz EI; Schiza S,2024,10.1097/mcp.0000000000001116,pubmed,https://pubmed.ncbi.nlm.nih.gov/39189037/,Individuals with sleep-disordered breathing (SDB),"Understanding sex differences in pathophysiology, symptom presentation, and outcomes in SDB",N/A,Prevalence of obstructive sleep apnoea (OSA) in men vs. premenopausal women; Postmenopausal prevalence of OSA comparable to men; Lower collapsibility of the upper airway in women; Lower arousal threshold in women; Higher REM-apnoea-hypopnoea index (AHI) in women; Lower non-REM-AHI in women; Symptoms of sleep fragmentation and poor sleep quality more frequent in women; Higher risk of high loop gain central sleep apnoea in men,Literature review,0.9,"PURPOSE OF REVIEW: There is increasing evidence for relevant sex differences in pathophysiology, symptom presentation and outcomes in obstructive sleep apnoea (OSA). However, research on sex differences and sex-specific phenotypes in sleep-disordered breathing (SDB) is still in its infancy and data on sex differences in other SDB is still very scarce.
RECENT FINDINGS: While OSA is more common in men than in premenopausal women, the prevalence of OSA doubles postmenopausally and becomes comparable to that of men. Women have a lower collapsibility of the upper airway and a lower arousal threshold. In addition, the rapid eye movement (REM)-apnoea-hypopnoea index (AHI) is typically higher in women than in men, but the non-REM-AHI and thus the total AHI is often lower. Women are often symptomatic at lower AHI and present more frequently with symptoms of sleep fragmentation and poor sleep quality. Both certain forms of OSA (e.g. REM-OSA) and certain phenotypes (e.g. COMISA) are more common in women. Men have a higher risk of high loop gain central sleep apnoea.
SUMMARY: For a better understanding of sex-typical phenotypes with the aim of a more targeted treatment approach of SDB, adequately powered studies on sex differences in SDB should be conducted."
Obstructive Sleep Apnea in Metabolic Syndrome.,Kumari S; Chaudhary SC; Sawlani KK; Gupta KK; Usman K; Reddy HD; Verma AK; Kumar S; Verma N; Atam V,2024,10.4103/aam.aam_24_24,pubmed,https://pubmed.ncbi.nlm.nih.gov/39279178/,103 patients with metabolic syndrome (MetS) diagnosed by the International Diabetes Federation criteria,STOP-Bang questionnaire and overnight polysomnography for diagnosis of obstructive sleep apnea (OSA),Group II (non-OSA) with STOP-Bang score ≤2 or score ≥3 with AHI <5,"Prevalence of OSA in MetS patients was 68%; Majority of OSA cases had moderate-to-severe OSA (68.5%); Prevalence of severe OSA was higher in males than in females; Increased weight, BMI, neck circumference, and waist circumference in OSA cases compared to non-OSA; Increased blood pressure, fasting, postprandial, random blood sugar, and triglyceride levels in OSA cases compared to non-OSA; Higher proportion of snoring and daytime sleepiness in OSA cases compared to non-OSA",Cross-sectional study,0.9,"BACKGROUND: The metabolic syndrome (MetS), a cluster of cardiovascular risk factors, is associated with obstructive sleep apnea (OSA). OSA is a major contributor to cardiac, cerebrovascular, and metabolic disorders as well as to premature death.
MATERIALS AND METHODS: This cross-sectional study was done for 1 year in 103 patients of MetS diagnosed by the International Diabetes Federation criteria. All patients were subjected to the STOP-Bang questionnaire, and they were classified into low, intermediate, and high risks depending on the score. Patients falling in intermediate-high risk (score 3-8) were taken for overnight polysomnography to confirm the diagnosis of OSA (apnea-hypopnea index [AHI] ≥5) and were considered Group I. Patients with STOP-Bang score ≤2 or score ≥3 with AHI <5 were considered Group II (non-OSA).
RESULTS: Out of 103 MetS patients enrolled in the study, only 70 (68.0%) were diagnosed with OSA, so the prevalence of OSA in MetS patients was 68%. The majority of the OSA cases had moderate-to-severe OSA (68.5%), and only 31.4% had mild OSA. The age of patients enrolled in the study ranged between 29 and 78 years, and the mean age of patients was 54.8 ± 9.4 years. Out of 103 MetS enrolled in the study, 59 (57.3%) were male and the rest were female, so the prevalence of severe OSA was higher in males than in females. The prevalence increases with an increase in age groups. Weight, body mass index (BMI), circumference, and waist circumference (WC) of cases of OSA were found to be significantly higher as compared to that of non-OSA. An incremental trend of increase in weight, BMI, neck circumference, and WC was observed with the increase in the severity of OSA. Patients of OSA as compared to non-OSA had significantly increased WC, blood pressure (BP), fasting, postprandial, random blood sugar, and triglyceride (TG) levels. A trend of increase in WC, BP fasting, postprandial, random blood sugar, and TG levels was associated with an increase in the severity of OSA. Snoring and daytime sleepiness were observed in a significantly higher proportion of OSA cases as compared to non-OSA cases.
CONCLUSIONS: This study shows that OSA has a high prevalence in subjects with MetS. A high index of clinical suspicion is required for early diagnosis."
Sex Differences in Obstructive Sleep Apnea after Stroke.,Dharmakulaseelan L; Black SE; Swartz RH; Murray BJ; Boulos MI,2024,10.1017/cjn.2023.300,pubmed,https://pubmed.ncbi.nlm.nih.gov/37849347/,Stroke patients with obstructive sleep apnea (OSA),"Evaluation of sex differences in functional outcomes, stroke and OSA severity, and clinical manifestations of OSA",N/A,"Greater functional impairment (β = 0.37, p = 0.03); Increased stroke severity (β = 1.009, p = 0.04); Greater post-stroke depressive symptoms (β = 3.73, p = 0.04); Lower OSA severity (β = -5.93)",Retrospective cohort study,0.9,"BACKGROUND AND OBJECTIVES: Obstructive sleep apnea (OSA) is prevalent after stroke and associated with recurrent stroke, prolonged hospitalization, and decreased functional recovery. Sex differences in post-stroke OSA remain underexplored. The objective of this study was to evaluate sex differences in functional outcomes, stroke and OSA severity, and clinical manifestations of OSA in stroke patients with OSA.
METHODS: We retrospectively evaluated data from three previously conducted studies. Study patients had an imaging-confirmed stroke and had been found to have OSA (apnea-hypopnea index [AHI] ≥ 5) on either in-laboratory polysomnography or home sleep apnea testing performed within 1 year of their stroke. Linear regression models were used to evaluate study outcomes.
RESULTS: In total, 171 participants with post-stroke OSA (117 males [68.4%] and 54 females [31.6%]) were included. Female sex was an independent predictor for greater functional impairment (β = 0.37, 95% CI 0.029-0.71, p = 0.03), increased stroke severity (β = 1.009, 95% CI 0.032-1.99, p = 0.04), and greater post-stroke depressive symptoms (β = 3.73, 95% CI 0.16-7.29, p = 0.04). Female sex was associated with lower OSA severity, as measured by the AHI (β = -5.93, 95% CI -11.21- -0.66). Sex was not an independent predictor of specific symptoms of OSA such as daytime sleepiness, snoring, tiredness, and observed apneas.
CONCLUSION: Females with post-stroke OSA had poorer functional outcomes and more severe strokes compared to males, despite having lower OSA severity. Females with post-stroke OSA also exhibited more depressive symptoms. Understanding sex differences in patients with post-stroke OSA will likely facilitate better recognition of OSA and potentially improve clinical outcomes."
Association Between Exertional Dyspnea and OSA.,Mouraux S; Lechartier B; Imler T; von Garnier C; Heinzer R; Vollenweider P; Preisig M; Solelhac G; Touilloux B,2026,10.1016/j.chest.2025.12.015,pubmed,https://pubmed.ncbi.nlm.nih.gov/41443389/,general population,polysomnography and respiratory questionnaire,N/A,"positive association between exertional dyspnea and AHI ≥ 15 events/h (OR, 1.57; 95% CI, 1.13-2.19); AHI ≥ 30 events/h (OR, 1.72; 95% CI, 1.06-2.78); moderate OSA (OR, 1.60; 95% CI, 1.04-2.46); severe OSA (OR, 2.25; 95% CI, 1.28-3.96); dyspnea associated with AHI, respiratory disturbance index, respiratory pulse wave amplitude drop index, sleep apnea-specific pulse-rate response, respiratory arousal index, and oxygen desaturation index 3%",Cohort study,0.9,"BACKGROUND: Dyspnea increases mortality and remains unexplained in 15% of patients. Although OSA is linked to reduced exercise capacity during cardiopulmonary exercise testing, the association between dyspnea and OSA remains uncertain.
RESEARCH QUESTION: Is there an association between exertional dyspnea and OSA in the general population? What are the polysomnographic OSA-related measures associated with exertional dyspnea?
STUDY DESIGN AND METHODS: We used data from a prospective cohort study of the general population conducted in an urban area. Participants underwent polysomnography and completed a respiratory questionnaire. Logistic regression models were used to determine the association between self-reported dyspnea (modified Medical Research Council Dyspnea scale ≥ 1) and OSA categories or apnea-hypopnea index (AHI) cutoffs. We performed an adjusted model for sex, BMI, age, FEV1, psychiatric disorders, cardiac and respiratory disorders, and smoking history.
RESULTS: We included 1,200 participants (mean age, 62.1 years; 54% female), of whom 515 (42.9%) reported exertional dyspnea. The adjusted model revealed a positive association between exertional dyspnea and AHI ≥ 15 events/h (OR, 1.57; 95% CI, 1.13-2.19), AHI ≥ 30 events/h (OR, 1.72; 95% CI, 1.06-2.78), moderate OSA (OR, 1.60; 95% CI, 1.04-2.46), and severe OSA (OR, 2.25; 95% CI, 1.28-3.96). Moreover, in the adjusted model, dyspnea was associated with AHI, respiratory disturbance index, respiratory pulse wave amplitude drop index, sleep apnea-specific pulse-rate response, respiratory arousal index, and oxygen desaturation index 3%.
INTERPRETATION: Our results suggest that exertional dyspnea is associated with moderate and severe OSA, potentially due to heightened autonomic and cortical responses to increased respiratory efforts. Further research is needed to assess the effectiveness of OSA treatment on dyspnea in patients with OSA."
[Obstructive Sleep Apnea in Cerebrovascular Disease].,Akaiwa Y; Miyamoto T,2025,10.11477/mf.188160960770101087,pubmed,https://pubmed.ncbi.nlm.nih.gov/41097920/,Patients with cerebrovascular disease (CVD) and obstructive sleep apnea (OSA),Continuous positive airway pressure (CPAP) therapy,N/A,Increased risk for stroke development (2.24-fold); High prevalence of OSA after stroke (50-70%); Improvements in neurological symptoms during the acute phase of stroke; Impaired functional and survival outcomes,N/A,0.9,"Obstructive sleep apnea (OSA) and cerebrovascular disease (CVD) have a bidirectional relationship. OSA serves as an independent risk factor for stroke, and a prior meta-analysis has demonstrated a 2.24-fold increased risk for stroke development. Conversely, the prevalence of OSA after stroke is remarkably high (50-70%, significantly impairing both functional and survival outcomes). Continuous positive airway pressure (CPAP) therapy is effective in improving neurological symptoms during the acute phase of stroke, although evidence for stroke prevention remains limited. However, OSA is often overlooked in patients with acute stroke because of specific challenges that include impaired consciousness, cognitive dysfunction, positioning limitations, and medical device constraints that complicate evaluation procedures. Current clinical practice faces several barriers to OSA assessment that include limited access to sleep-testing facilities and specialists, unclear timing for post-stroke evaluation, insufficient awareness among healthcare providers regarding sleep disorders, and inadequate evidence levels for treatment interventions. Future directions require a strengthened collaboration between neurologists and sleep medicine specialists to establish systematic OSA evaluation systems in the acute stroke phase. This comprehensive multidisciplinary approach, which involves not only physicians, but also nurses, therapists, pharmacists, and nutritionists, is essential for improving the quality of life and prognosis of patients with stroke with concurrent sleep-disordered breathing."
Physiologic Consequences of Upper Airway Obstruction in Sleep Apnea.,Azarbarzin A; Labarca G; Kwon Y; Wellman A,2024,10.1016/j.chest.2024.05.028,pubmed,https://pubmed.ncbi.nlm.nih.gov/38885898/,Patients with obstructive sleep apnea (OSA),Novel methodologies to quantify OSA-related breathing disturbance,Traditional apnea-hypopnea index (AHI),Associations with cardiovascular diseases (CVD); Neurocognitive outcomes,Prospective observational cohort studies and randomized controlled trials,0.9,"OSA is diagnosed and managed by a metric called the apnea-hypopnea index (AHI). The AHI quantifies the number of respiratory events (apnea or hypopnea), disregarding important information on the characteristics and physiologic consequences of respiratory events, including degrees of ventilatory deficit and associated hypoxemia, cardiac autonomic response, and cortical activity. The oversimplification of the disorder by the AHI is considered one of the reasons for divergent findings on the associations of OSA and cardiovascular disease (CVD) in observational and randomized controlled trial studies. Prospective observational cohort studies have demonstrated strong associations of OSA with several cardiovascular diseases, and randomized controlled trials of CPAP intervention have not been able to detect a benefit of CPAP to reduce the risk of CVD. Over the last several years, novel methodologies have been proposed to better quantify the magnitude of OSA-related breathing disturbance and its physiologic consequences. As a result, stronger associations with cardiovascular and neurocognitive outcomes have been observed. In this review, we focus on the methods that capture polysomnographic heterogeneity of OSA."
Examining the association between sleep apnea and total hippocampal volumes in cognitive impairment.,Settimi M; Tchoudnovski D; Ntale I; Colelli DR; Costa YS; Mitchell S; Masellis M; Lam B; Lim A; Chung F; Ramirez J; Goubran M; Black SE; Boulos MI,2025,10.1002/alz.70183,pubmed,https://pubmed.ncbi.nlm.nih.gov/40275828/,"166 patients with cognitive impairment due to neurodegenerative, vascular, or mixed (NVM) etiologies",obstructive sleep apnea (OSA) markers,N/A,reduced hippocampal volumes; association with time under 90% oxygen saturation; association with mean SpO2,Retrospective analysis,0.9,"INTRODUCTION: The prevalence of dementia is rising due to an aging population. Given the known risks of obstructive sleep apnea (OSA) on cerebrovascular health, we hypothesized that markers of OSA would correlate with reduced hippocampal volumes in individuals with cognitive impairment due to neurodegenerative, vascular, or mixed (NVM) etiologies.
METHODS: Data from 166 patients were retrospectively analyzed. Participants underwent polysomnography or home sleep apnea tests, alongside structural brain magnetic resonance imaging (MRI). They were categorized into cognitive impairment due to NVM etiology or subjective cognitive complaints. Multiple linear regression models examined correlations between sleep variables and hippocampal volume.
RESULTS: The presence of OSA, time under 90% oxygen saturation, and mean SpO2 were significantly associated with reduced hippocampal volumes in the NVM group, but not the subjective cognitive complaints.
DISCUSSION: These findings suggest that individuals with cognitive impairment due to NVM etiology experience underlying neurodegenerative processes, which increase susceptibility to the adverse effects of OSA.
HIGHLIGHTS: Hypoxic burden, rather than AHI, was associated with hippocampal volume loss. The presence of OSA, T90%, and mean SpO2 were linked with reduced hippocampal volume. Neurodegenerative and vascular processes may raise susceptibility to OSA harms."
Obstructive sleep apnea severity and pathophysiological traits in overlap syndrome: Insights from the SNOOzzzE cohort.,Raphelson J; Sanchez-Azofra A; Orr JE; Parra G; McGinnis L; Salinas A; Luu S; Sands SA; Azarbarzin A; Owens RL; Marin JM; Malhotra A; Schmickl CN,2025,10.14814/phy2.70438,pubmed,https://pubmed.ncbi.nlm.nih.gov/40611572/,"3319 adults with in-laboratory polysomnography, including 103 OVS patients and 309 OSA-only patients",Assessment of OSA severity and pathophysiological traits,OSA-only patients,"Lower AHI and HB (approximately -10%, p < 0.1); Higher T90 (~50%, p = 0.003); Less upper airway collapsibility; Lower arousal threshold; Lower ventilatory response to arousal (p < 0.05); Higher upper airway dilator muscle compensation (p = 0.09)",Mixed model analysis,0.9,"The overlap syndrome (OVS), defined as coexisting chronic obstructive pulmonary disease (COPD) and obstructive sleep apnea (OSA), is linked to worse outcomes than either condition alone. Patients with COPD and OSA may have fewer obstructive events, but underlying mechanisms remain unclear. Using a large clinical cohort, we tested the hypothesis that OSA severity and pathophysiological traits differ in OVS versus OSA-alone. Data from the SNOOzzzE cohort (3319 adults with in-laboratory polysomnography 2017-2019) were used. OVS patients were identified through chart review and matched to OSA-only patients (3:1) by age, sex, and body mass index. OSA severity was assessed using apnea hypopnea index (AHI), hypoxic burden (HB), and T90 (%time with SpO2 < 90%), while OSA traits were quantified from polysomnographic signals via validated algorithms. Mixed model analysis quantified group differences before and after adjustment for covariate differences (Black race, smoking) accounting for matching as a random effect. In our diverse cohort (103 OVS vs. 309 OSA-only; 38% women, 44% non-White, 17% Hispanic), OVS patients tended to have a lower AHI and HB (approximately -10%, p < 0.1), but significantly higher T90 (~50%, p = 0.003). OVS patients had less upper airway collapsibility, lower arousal threshold, lower ventilatory response to arousal (p < 0.05) and tended to have higher upper airway dilator muscle compensation (p = 0.09). In adjusted analyses, effect estimates were similar, but significance was attenuated. Hyperinflation and air trapping were inversely associated with AHI/HB. OSA severity and mechanisms differ in OVS versus OSA-only. Future research should seek to evaluate these differences for their prognostic ability."
Retinal vascular manifestations of obstructive sleep apnea.,D'Souza H; Kapoor KG,2020,10.1097/icu.0000000000000698,pubmed,https://pubmed.ncbi.nlm.nih.gov/33009084/,Patients with obstructive sleep apnea (OSA),Research on the effects of obstructive sleep apnea on retinal vascular conditions,N/A,Development of diabetic retinopathy; Retinal vein occlusion; Central serous chorioretinopathy; Correlation of severity of OSA with severity of retinal disease; Association of CLOCK genes with proliferative retinal disease,Literature review,0.9,"PURPOSE OF REVIEW: The aim of this article is to summarize up-to-date research on the effects of obstructive sleep apnea (OSA) on retinal vascular conditions.
RECENT FINDINGS: OSA is associated with the development of diabetic retinopathy, retinal vein occlusion, and central serous chorioretinopathy. The severity of OSA and biomarkers such as the apnea-hypopnea index (AHI) correlate with the severity of retinal disease. Dysregulation of circadian locomotor output cycles kaput (CLOCK) genes that govern circadian rhythm is associated with development of proliferative retinal disease.
SUMMARY: OSA and retinal vascular disease have a high cost burden on the healthcare system. OSA creates systemic changes and hypoxic conditions that may incite or exacerbate retinal vascular diseases. Retinal changes may be the first clinical manifestation of otherwise undiagnosed OSA, so it is important to refer patients with new-onset retinal vascular disease for appropriate sleep testing."
Effect of lemborexant on sleep parameters and architecture in adult and elderly participants with mild-to-severe obstructive sleep apnea.,Khullar A; Boulos MI; Mak MSB; Moline M; Cheng JY; Hall N,2025,10.1016/j.sleep.2025.106757,pubmed,https://pubmed.ncbi.nlm.nih.gov/40848323/,adult and elderly participants with mild-to-severe obstructive sleep apnea (OSA),lemborexant (LEM) 10 mg,placebo (PBO),total sleep time; sleep efficiency; wake after sleep onset; total non-rapid eye movement (REM) sleep; REM sleep duration,"randomized, double-blind, placebo-controlled, 2-period cross-over study",0.9,"OBJECTIVE: To evaluate sleep parameters and architecture in a post hoc analysis of participants with untreated obstructive sleep apnea (OSA) who received lemborexant (LEM) 10 mg (LEM10), a competitive dual orexin-receptor antagonist approved for the treatment of adults with insomnia.
METHODS: Study E2006-A001-102 (Study 102; NCT03471871) and Study E2006-A001-113 (Study 113; NCT04647383) were multicenter, randomized, double-blind, placebo (PBO)-controlled, 2-period cross-over studies in participants with mild OSA (apnea-hypopnea index [AHI] ≥5 to <15 events/hour) and moderate (AHI ≥15 to <30 events/hour) or severe OSA (AHI ≥30 events/hour), respectively. Participants were randomized to 1 of 2 treatment sequences (Sequence A: PBO/LEM10; Sequence B: LEM10/PBO) consisting of 8 nights of treatment (LEM10 or PBO), with each treatment period separated by a ≥14-day washout period. Sleep onset, maintenance, and architecture data were assessed on Day 1 and Day 8 with polysomnography. Safety data were collected.
RESULTS: In total, 39 patients with mild OSA and 33 patients with moderate or severe OSA were included. Total sleep time and sleep efficiency were significantly higher (improved) following single and multiple doses of LEM10 regardless of OSA severity. Following single and multiple doses of LEM10, wake after sleep onset was significantly lower (improved) and total non-rapid eye movement (REM) sleep and REM sleep duration were longer versus PBO. LEM10 was generally well tolerated.
CONCLUSIONS: These results, in combination with previously reported respiratory safety data, suggest that LEM may be an insomnia treatment option for patients with untreated OSA.
CLINICAL TRIAL REGISTRATION: ClinicalTrials.gov (identifier: NCT03471871); ClinicalTrials.gov (identifier: NCT04647383)."
Does REM Sleep-Dependent Obstructive Sleep Apnea Have Clinical Significance?,Lee SC; Kim DE; Hwangbo Y; Song ML; Yang KI; Cho YW,2022,10.3390/ijerph192114147,pubmed,https://pubmed.ncbi.nlm.nih.gov/36361024/,1824 patients with obstructive sleep apnea (OSA) diagnosed by polysomnography (PSG),REM sleep-dependent obstructive sleep apnea (REM-OSA),REM sleep-nondependent OSA (nREM-OSA),"140 patients (20.2%) categorized as REM-OSA; predominantly female (53.6% vs. 21.7% of the overall cohort, p < 0.001); frequent in mild (69.3% vs. 18.8%) to moderate (30% vs. 27.9%) range of OSA (p < 0.001); suggests that REM-OSA does not have clinical significance as a subtype of OSA",Cohort study,0.9,"(1) Background: The clinical significance of rapid eye movement (REM) sleep-dependent obstructive sleep apnea (OSA) remains controversial because various criteria have been used to describe it. This study determined the clinical significance of REM-OSA in Koreans using data from patients with sufficient total sleep time (TST) and REM sleep duration. (2) Methods: We investigated 1824 patients with OSA who were diagnosed by polysomnography (PSG). REM-OSA was defined as an overall apnea-hypopnea index (AHI) ≥ 5, NREM-AHI < 15, and REM-AHI/NREM-AHI ≥ 2. Demographic and medical data were collected from digital medical records and sleep questionnaires. We compared clinical and PSG data between REM-OSA and REM sleep-nondependent OSA (nREM-OSA). (3) Results: In total, 140 patients (20.2%) were categorized as REM-OSA. Those patients were predominantly female (53.6% vs. 21.7% of the overall cohort, p < 0.001). REM-OSA is frequent in the mild (69.3% vs. 18.8%) to moderate (30% vs. 27.9%) range of OSA (p < 0.001). (4) Conclusions: The prevalence of REM-OSA was similar to that in previous study findings: frequent in mild to moderate OSA and females, which is consistent with results in Western populations. Our findings suggest that REM-OSA does not have clinical significance as a subtype of OSA."
Obstructive sleep apnea diagnosis and beyond using portable monitors.,Abu K; Khraiche ML; Amatoury J,2024,10.1016/j.sleep.2023.11.034,pubmed,https://pubmed.ncbi.nlm.nih.gov/38070375/,Patients with obstructive sleep apnea (OSA),Use of portable monitors (PM) for diagnosing OSA,Gold standard polysomnography,Effectiveness of physiological signals in detecting respiratory events; Apnea hypopnea index (AHI) calculation; Non-AHI metrics for additional diagnostic value; Performance variations among different PMs; Potential applications of PMs beyond OSA diagnosis,Literature review,0.9,"Obstructive sleep apnea (OSA) is a chronic sleep and breathing disorder with significant health complications, including cardiovascular disease and neurocognitive impairments. To ensure timely treatment, there is a need for a portable, accurate and rapid method of diagnosing OSA. This review examines the use of various physiological signals used in the detection of respiratory events and evaluates their effectiveness in portable monitors (PM) relative to gold standard polysomnography. The primary objective is to explore the relationship between these physiological parameters and OSA, their application in calculating the apnea hypopnea index (AHI), the standard metric for OSA diagnosis, and the derivation of non-AHI metrics that offer additional diagnostic value. It is found that increasing the number of parameters in PMs does not necessarily improve OSA detection. Several factors can cause performance variations among different PMs, even if they extract similar signals. The review also highlights the potential of PMs to be used beyond OSA diagnosis. These devices possess parameters that can be utilized to obtain endotypic and other non-AHI metrics, enabling improved characterization of the disorder and personalized treatment strategies. Advancements in PM technology, coupled with thorough evaluation and validation of these devices, have the potential to revolutionize OSA diagnosis, personalized treatment, and ultimately improve health outcomes for patients with OSA. By identifying the key factors influencing performance and exploring the application of PMs beyond OSA diagnosis, this review aims to contribute to the ongoing development and utilization of portable, efficient, and effective diagnostic tools for OSA."
"DAHOS Study: Efficacy of dapagliflozin in treating heart failure with reduced ejection fraction and obstructive sleep apnea syndrome - A 3-month, multicenter, randomized controlled clinical trial.",Xie L; Li S; Yu X; Wei Q; Yu F; Tong J,2024,10.1007/s00228-024-03643-3,pubmed,https://pubmed.ncbi.nlm.nih.gov/38386021/,Participants with left ventricular ejection fraction (LVEF) less than 40% and apnea-hypopnea index (AHI) greater than 15,Optimized heart failure treatment and standard-dose dapagliflozin,Optimized heart failure treatment only,"AHI; Oxygen desaturation index (ODI); Minimum oxygen saturation; Longest apnea duration; Inflammatory factors (CRP, IL-6); Quality of life score; LVEF",Randomized Controlled Trial,0.9,"BACKGROUND: The recent discovery of new therapeutic approaches to heart failure with reduced ejection fraction (HFrEF), including sodium-glucose cotransporter-2 (SGLT-2) inhibitors, as well as improved treatment of co-morbidities has provided much needed help to HFrEF. In addition, dapagliflozin, one of the SGLT-2 inhibitors, serves as a promising candidate in treating obstructive sleep apnea (OSA) of HFrEF patients due to its likely mechanism of countering the pathophysiology of OSA of HFrEF.
METHODS: This 3-month multicenter, prospective, randomized controlled trial enrolled participants with left ventricular ejection fraction (LVEF) less than 40% and apnea-hypopnea index (AHI) greater than 15. Participants were randomized into two groups: the treatment group received optimized heart failure treatment and standard-dose dapagliflozin, while the control group only received optimized heart failure treatment. The primary endpoint was the difference in AHI before and after treatment between the two groups. Secondary endpoints included oxygen desaturation index (ODI), minimum oxygen saturation, longest apnea duration, inflammatory factors (CRP, IL-6), quality of life score, and LVEF.
RESULTS: A total of 107 patients were included in the final analysis. AHI, LVEF and other baseline data were similar for the dapagliflozin and control groups. After 12 weeks of dapagliflozin treatment, the dapagliflozin group showed significant improvements in sleep parameters including AHI, HI, longest pause time, ODI, time spent with SpO2 < 90%, and average SpO2. Meanwhile, the control group showed no significant changes in sleep parameters, but did demonstrate significant improvements in left ventricular end-diastolic diameter, LVEF, and NT-proBNP levels at 12 weeks. In the experimental group, BMI was significantly reduced, and there were improvements in ESS score, MLHFQ score, and EQ-5D-3L score, as well as significant reductions in CRP and IL-6 levels, while the CRP and IL-6 levels were not improved in the control group. The decrease in LVEF was more significant in the experimental group compared to the control group. There were no significant differences in the magnitude of the decreases between the two groups.
CONCLUSIONS: Dapagliflozin may be an effective treatment for heart failure complicated with OSA, and could be considered as a potential new treatment for OSA. (Trial registration  www.chictr.org.cn , ChiCTR2100049834. Registered 10 August 2021)."
Severe Pediatric Sleep Apnea: Drug-Induced Sleep Endoscopy Based Surgery.,Mendes N; Antunes J; Guimarães A; Adónis C; Freire F,2023,10.1007/s12070-022-03245-4,pubmed,https://pubmed.ncbi.nlm.nih.gov/37007894/,Children diagnosed with severe obstructive sleep apnea (OSA),Adenotonsillectomy followed by drug-induced sleep endoscopy (DISE) based surgery,N/A,Surgical failure rate (11.3% of cases); Mean AHI after surgery (6.9); Surgical cure rate (100% of cases),Retrospective study,0.9,"Although adenotonsillectomy is the recommended treatment of obstructive sleep apnea (OSA) in children, some patients with preoperative severe OSA (Apnea-hypopnea index/AHI > 10) remain symptomatic after surgery and may need further workup. This study aims to: (1) analyse preoperative factors and its relation with surgical failure/persistent OSA (AHI > 5 after adenotonsillectomy) in severe pediatric OSA; (2) determine the levels of airway collapse during DISE (drug induced sleep endoscopy) in cases of surgical failure; (3) evaluate the efficacy of targeted surgery based on DISE findings. This retrospective study was conducted between August and September 2020. Across 9 years (from 2011 to 2020), all children diagnosed with severe OSA in our Hospital underwent adenotonsillectomy and repeated type 1 polysomnography (PSG) 3 months after surgery. Cases of surgical failure underwent DISE for planning eventual directed surgery. Chi-square test was used to assess the relationship between persistent OSA and preoperative patients' characteristics. 80 cases of severe pediatric OSA were diagnosed (68.8% males; mean age: 4.3 years-standard deviation: 2.49; mean AHI: 16.3-standard deviation 7.14) in the aforementioned period. We found a significant association between surgical failure (11.3% of cases; mean AHI: 6.9-SD 0.91) and obesity (p = 0.002; confidence level of 95%). Neither preoperative AHI nor other PSG parameters were associated with surgical failure. In cases of surgical failure, epiglottis collapse was present in every DISEs and adenoid tissue was present in 66% of children. All cases of surgical failure had directed surgery and surgical cure (AHI ≤ 5) was obtained in 100% of cases. This study suggests that obesity is the strongest predictor of surgical failure in children with severe OSA who undergo adenotonsillectomy. Epiglottis collapse and presence of adenoid tissue are the most common findings in postoperative DISEs of children with persistent OSA after primary surgery. DISE based surgery seems a safe and effective tool to manage persistent OSA after adenotonsillectomy."
Screening Obstructive Sleep Apnea in Chinese Adults: Optimizing STOP-Bang and NoSAS Cutoff Values.,Zhan X; Gao Y; Sun Z; Wu C; Yao L; Hu W; Gao X; Liu J; Liu Y,2025,10.12659/msm.947544,pubmed,https://pubmed.ncbi.nlm.nih.gov/40836425/,3129 Chinese adults,"modified STOP-Bang questionnaire (SBQ) and Neck, Obesity, Snoring, Age, Sex (NoSAS) scores",N/A,AUC values for SBQ and NoSAS scores; optimal cutoff values for SBQ and NoSAS scores; improvement in AUC values with LSpO2 <85%,Retrospective study,0.9,"BACKGROUND This retrospective study of 3129 individuals aimed to screen obstructive sleep apnea (OSA) with the modified STOP-Bang questionnaire (SBQ) and Neck, Obesity, Snoring, Age, Sex (NoSAS) scores, establish more appropriate cutoff values for these 2 questionnaires in Chinese patients, and investigate whether adding minimum oxygen saturation (LSpO2) as an item could improve the ability of these questionnaires. MATERIAL AND METHODS We collected polysomnography data, demographic data, anthropometric measurements, and the SBQ and NoSAS scores from 3129 participants. The ability of the SBQ and NoSAS score with different cutoff values to detect OSA was assessed. RESULTS In the SBQ, the area under the receiver operating characteristic curve (AUC) was maximized with the cutoff value of 4 in women, and the AUC values were 0.682 (apnea-hypopnea index [AHI] ³5/h), 0.680 (AHI ³15/h), and 0.694 (AHI v30/h). For men, with a cutoff value of 5, the AUCmax values were 0.655 (AHI ≥5/h), 0.632 (AHI ≥15/h), and 0.624(AHI ≥30/h). For women, the optimal NoSAS score cutoff values were 8 (AHI ≥5/h and AHI ≥15/h) and 10 (AHI ≥30/h), and the AUCmax values were 0.687, 0.649, and 0.662. For men, the optimal NoSAS score cutoff value was 12, and the AUCmax values were 0.628, 0.618, and 0.626. When LSpO2 <85% was added as an item to these 2 questionnaires, all AUC values increased. CONCLUSIONS We recommend using new cutoff values in the SBQ and NoSAS scores in Chinese patients and adding LSpO2 <85% in these 2 questionnaires for predicting OSA."
REM-related obstructive sleep apnea: low AHI-high hypoxemia paradox.,Verdi EB; Acıcan T,2025,10.1007/s11325-025-03551-5,pubmed,https://pubmed.ncbi.nlm.nih.gov/41284107/,"378 OSA patients classified into REM-related, REM-aggravated, and stage-independent groups","Polysomnography analysis of sleep architecture, AHI values, oxygen desaturation index (ODI), and T90",N/A,AHITotal; T90; ODI; mean nocturnal SpO₂,Retrospective cohort study,0.9,"PURPOSE: REM-related obstructive sleep apnea (OSA) presents a paradox where a low apnea-hypopnea index (AHI) may mask significant disease. We compared polysomnography, comorbidities, and oxygenation metrics across OSA phenotypes to determine if AHI-based severity classifications underestimate the nocturnal hypoxemia in REM-related OSA.
METHODS: Retrospectively, 378 OSA patients were classified as REM-related (AHIREM ≥2× AHINREM; AHINREM <5·h⁻¹, n = 30), REM-aggravated (AHIREM ≥2× AHINREM; AHINREM ≥5·h⁻¹, n = 63), or stage-independent (n = 285). We analyzed sleep architecture, AHI values, oxygen desaturation index (ODI; ≥3% dips·h⁻¹), and T90 (% sleep time with SpO₂<90%). Multivariable linear regression was used to assess the independent contribution of phenotype to cumulative nocturnal hypoxemia after adjusting for key confounders.
RESULTS: The REM-related group had the lowest AHITotal (6.3 ± 1.6) but a comorbidity profile indistinguishable from the stage-independent group (AHITotal=32.3 ± 25.4), where 43.5% had severe OSA. Mean nocturnal SpO₂ was comparable across phenotypes (p = 0.15). After adjustment, the phenotype independently predicted T90. Compared with the REM-related group, T90 was significantly lower in both the REM-aggravated (β=-15.6; p = 0.010) and stage-independent (β=-13.1; p = 0.016) groups. In contrast, phenotype was not associated with the ODI; this metric was influenced primarily by body weight (p = 0.004) and AHITotal (p < 0.001).
CONCLUSION: REM-related OSA is a distinct phenotype where a low AHITotal underestimates risk, obscuring significant comorbidities and substantial cumulative hypoxemia. Time-based metrics such as T90, rather than event-based indices such as ODI, are essential for capturing physiological strain in this phenotype. These findings support moving beyond AHI-centric assessments toward a phenotype-specific diagnostic framework to improve risk stratification in OSA."
Sleep Bruxism in Thai Obstructive Sleep Apnea Patients.,Kaongampanich N; Hosiriluck N; Triprateepsilp N; Pholsiripathom S; Chatchaiyan N,2025,10.1016/j.identj.2024.06.001,pubmed,https://pubmed.ncbi.nlm.nih.gov/38971708/,Thai patients diagnosed with obstructive sleep apnea (OSA),Detection of sleep bruxism (SB) using surface electromyography of the masseter muscle,N/A,"Prevalence of sleep bruxism (50.4%) among Thai OSA patients; Higher prevalence of SB in males compared to females; Higher apnea-hypopnea index (AHI), Epworth Sleepiness Scale (ESS), Arousal Index (AI), and Respiratory Arousal Index (RAI) in SB group compared to non-SB group; Lower body mass index (BMI), higher ESS, and increased severity of AHI significantly associated with SB",Observational study,0.9,"OBJECTIVES: To investigate the prevalence of sleep bruxism (SB) in Thai obstructive sleep apnea (OSA) patients and to identify demographic characteristics and specific sleep parameters associated with SB.
METHODS: A total of 119 medical records, each containing full-night type I polysomnography from Thai patients with OSA, were included. SB was detected using surface electromyography of the masseter muscle. SB was diagnosed when the SB index reached at least two episodes per hour of sleep. The differences in demographic characteristics and sleep parameters between SB and non-SB groups were analysed. Multivariate logistic regression analysis was performed to determine the associated factors for SB.
RESULTS: Among Thai patients diagnosed with OSA, 50.4% concurrently experienced SB, predominantly of the tonic type. The study revealed a higher prevalence of SB in males compared to females. The SB group demonstrated significantly higher values in the apnea-hypopnea index (AHI), Epworth Sleepiness Scale (ESS), Arousal Index (AI), and Respiratory Arousal Index (RAI) compared to the non-SB group. Multivariate logistic regression analysis indicated that a lower body mass index (BMI), higher ESS, and increased severity of AHI were significantly associated with SB.
CONCLUSIONS: The study revealed that half of Thai patients diagnosed with OSA also exhibited SB. Male, AHI, ESS, AI, and RAI appeared to be potential correlates for the presence of SB. Lower BMI, higher ESS, and elevated AHI can be factors associated with SB in Thai OSA patients.
CLINICAL RELEVANCE: The prevalence of SB among Thai patients diagnosed with OSA and the factors associated with its occurrence were investigated."
Obstructive sleep apnea and metabolic disorders in morbidly obese adolescents.,Haim A; Daniel S; Hershkovitz E; Goldbart AD; Tarasiuk A,2021,10.1002/ppul.25652,pubmed,https://pubmed.ncbi.nlm.nih.gov/34499813/,morbidly obese adolescents,moderate/severe obstructive sleep apnea (OSA) management,no/mild obstructive sleep apnea (OSA),higher BMI; higher cholesterol; higher cholesterol/HDL ratio; higher hemoglobin A1c; higher serum ferritin levels; AHI significantly increased across BMI strata,retrospective cohort study,0.9,"BACKGROUND: Little known about the prevalence of obstructive sleep apnea (OSA) in morbid obese adolescents and the association between OSA and comorbid factors.
AIM: To examine the association between apnea-hypopnea index (AHI, a measure for OSA severity) and metabolic morbidity among morbidly obese adolescents.
METHODS: We performed a population-based retrospective cohort study by reviewing sleep study, metabolic indices, and comorbidity-related data of a cohort (n = 106) of adolescents referred to a bariatric surgery clinic. We compared subjects with moderate/severe OSA (AHI ≥ 5) versus no/mild OSA (AHI < 5) OSA and three groups of subjects with increasing body mass index (BMI) concerning sleep-study and metabolic indices using univariate analyses. To assess the link between AHI and ferritin levels a multivariate linear regression (adjusted for BMI and mean cell volume) was preformed.
RESULTS: A total of 71 patients met the inclusion criteria. Subjects with moderate/severe OSA (n = 32, 45%) had higher BMI, cholesterol, cholesterol/high-density lipoprotein (HDL) ratio, hemoglobin A1c, and serum ferritin levels (p < .05). AHI significantly increased across BMI strata (p = .02). Multivariate linear regression indicated that moderate/severe OSA was associated with higher levels of ferritin, unstandardized β = 49.1 (nIU/ml) (p = .025).
CONCLUSIONS: Morbidly obese adolescents with moderate/severe OSA versus no/mild OSA have a higher risk for metabolic complications. Therefore, OSA management should be considered in adolescents with morbid obesity, in addition to weight loss."
Systemic markers of inflammation and immune activation in patients with obstructive sleep apnea and paroxysmal atrial fibrillation.,Hunt TE; Traaen GM; Aakerøy L; Øverland B; Bendz C; Michelsen AE; Steinshamn S; Haugaa KH; Anfinsen OG; Aukrust P; Broch K; Akre H; Loennechen JP; Gullestad L; Ueland T,2025,10.1016/j.ejim.2025.05.028,pubmed,https://pubmed.ncbi.nlm.nih.gov/40514250/,143 patients with paroxysmal AF and moderate to severe OSA (apnea-hypopnea index ≥15),CPAP plus standard care,standard care alone,"higher levels of NGAL, PTX-3, GDF-15, MMP-9, VCAM1 and ANGP2 than healthy controls; PTX3 was associated with AF recurrence and a high-risk score for thromboembolic stroke",Randomized Controlled Trial (RCT),0.9,"BACKGROUND: Atrial fibrillation (AF) and obstructive sleep apnea (OSA) frequently coexist, contributing to cardiovascular risk, possibly through shared inflammatory pathways. The specific role of inflammatory markers in patients with AF and OSA is not well established.
AIM: This study aimed to determine whether markers of inflammation and immune activation are elevated in patients with paroxysmal AF and OSA, assess the effects of continuous positive airway pressure (CPAP) and pulmonary vein isolation (PVI) on these markers, and evaluate their association with clinical outcomes, such as AF recurrence and thromboembolic risk.
METHODS: We studied 143 patients with paroxysmal AF and moderate to severe OSA (apnea-hypopnea index ≥15). Of these, 99 were randomised to receive CPAP plus standard care (n = 51) or standard care alone (n = 48). A comparison group of 19 patients with paroxysmal AF and mild/no OSA (AHI <15) and 22 healthy controls were also included. Inflammatory markers related to leukocyte activation, vascular inflammation, and extracellular matrix remodelling were assessed at baseline, 6 months and 12 months follow-up.
RESULTS: Patients with OSA and paroxysmal AF had higher levels of NGAL, PTX-3, GDF-15, MMP-9, VCAM1 and ANGP2 than healthy controls. These markers correlated poorly with AF and OSA severity. There was no modifying effect of CPAP on any marker. PTX3 was associated with AF recurrence and a high-risk score for thromboembolic stroke.
CONCLUSION: Moderate to severe OSA and AF are associated with elevated inflammatory markers. However, CPAP therapy did not significantly affect these levels. PTX-3 may hold prognostic value for AF recurrence and thromboembolic risk."
Association between Obstructive Sleep Apnea and SYNTAX Score.,Ishiwata S; Tomita Y; Ishiwata S; Narui K; Daida H; Kasai T,2020,10.3390/jcm9103314,pubmed,https://pubmed.ncbi.nlm.nih.gov/33076434/,Patients who underwent their first coronary angiography to evaluate CAD and polysomnography (PSG) to investigate the severity of OSA,Moderate-to-severe obstructive sleep apnea (OSA),Mild obstructive sleep apnea (OSA),"SYNTAX score significantly different between the two groups (p = 0.001); Moderate-to-severe OSA significantly correlated to the SYNTAX score (partial correlations = 0.24, p = 0.039)",Retrospective analysis,0.9,"Obstructive sleep apnea (OSA) is related to an increased risk of cardiovascular diseases, including coronary artery disease (CAD). We investigated the association between OSA and the severity of CAD by assessing coronary angiography findings. We retrospectively analyzed patients who underwent their first coronary angiography to evaluate CAD and polysomnography (PSG) to investigate the severity of OSA in our hospital from March 2002 to May 2015. The severity of CAD was determined based on coronary angiography findings using the SYNTAX score. The patients were divided into two groups according to the apnea-hypopnea index (AHI): mild OSA (AHI < 15/h) and moderate-to-severe OSA (AHI ≥ 15/h). Overall, 98 patients were enrolled. The SYNTAX score was significantly different between the two groups (p = 0.001). After adjustment for other risk factors, including age, sex, obesity, hypertension, hyperlipidemia, diabetes mellitus, smoking status, and family history of CAD, moderate-to-severe OSA significantly correlated to the SYNTAX score (partial correlations = 0.24, p = 0.039). These results suggest that the severity of CAD is related to moderate-to-severe OSA."
Polysomnographic correlates of self-and caregiver-reported sleep problems in post-stroke patients.,Tayade K; Vibha D; Singh RK; Pandit AK; Ramanujam B; Das A; Elavarasi A; Agarwal A; Srivastava AK; Tripathi M,2025,10.3389/fneur.2025.1587378,pubmed,https://pubmed.ncbi.nlm.nih.gov/40740848/,Adult patients (aged ≥18 years) with ischemic or hemorrhagic stroke (1 month to 1 year post-onset),"Assessment of sleep-related history, sleep quality evaluation using PSQI, risk assessment of OSA with STOP-BANG, and evaluation of depression and anxiety with HAM-D and HAM-A",N/A,Prevalence of PSSD based on patient- and caregiver-reported data; Concordance with findings from overnight PSG; Detection rates of sleep disturbances before and after specific questioning; PSG findings of obstructive sleep apnea and periodic limb movement disorder; Correlation between self/caregiver-reported sleep problems and PSG-confirmed diagnoses,Cross-sectional study,0.9,"BACKGROUND: Post-stroke sleep disorders (PSSD) are under-reported and under-treated, despite their impact on recovery, quality of life, and post-stroke depression. Although polysomnography (PSG) is the gold standard for diagnosis, its limited availability leads to underdiagnosis.
AIMS: To assess the prevalence of PSSD based on patient- and caregiver-reported data, and to evaluate their concordance with findings from overnight PSG in post-stroke patients.
METHODS: In this cross-sectional study, adult patients (aged ≥18 years) with ischemic or hemorrhagic stroke (1 month to 1 year post-onset) were assessed. Sleep-related history was obtained from patients and caregivers. Sleep quality was evaluated using the Pittsburgh Sleep Quality Index (PSQI), risk of obstructive sleep apnea (OSA) was assessed with the STOP-BANG questionnaire, and depression and anxiety were evaluated with the Hamilton Depression Rating Scale (HAM-D) and Hamilton Anxiety Rating Scale (HAM-A), respectively. Stroke severity and outcomes were evaluated using the modified Rankin Scale (mRS) and Stroke-Specific Quality of Life Scale (SS-QoL). A subset underwent overnight PSG using a 14-channel SOMNOmedics system, analyzed per American Academy of Sleep Medicine (AASM) criteria. The Apnea-Hypopnea Index (AHI) was used to quantify sleep-disordered breathing.
RESULTS: Out of 103 enrolled patients, 41 (39.8%) underwent PSG. While only 23.3% (n=24) of patients and 11.7% (n=12) of caregivers independently reported sleep disturbances after stroke, specific questioning increased detection to 62%. PSG revealed obstructive sleep apnea (OSA) in 62% of those denying sleep issues and in 100% of those self-reporting problems. Periodic limb movement disorder in sleep (PLMS) was present in 34.5% of asymptomatic individuals. Higher STOP-BANG scores and longer stroke duration were seen in the PSG group. Wakefulness after sleep onset (WASO) >120 minutes was more common in patients with PSQI >5. AHI >5 was present in 65.8%, but not associated with any demographic, clinical, or questionnaire-based variables.
CONCLUSION: There is poor correlation between self/caregiver-reported sleep problems and PSG-confirmed diagnoses in post-stroke patients. Proactive screening using structured questionnaires and PSG (or alternatives such as actigraphy) is essential in resource-limited settings to detect and treat sleep disorders that may impact recovery."
Screening for obstructive sleep apnea before coronary angiography.,Pei G; Ou Q; Chen Y; Xu Y; Tan J,2023,10.1111/crj.13556,pubmed,https://pubmed.ncbi.nlm.nih.gov/36404580/,Patients with suspected coronary heart disease (CHD),Screening for obstructive sleep apnea (OSA) using the level III home sleep apnea test before coronary angiography (CAG),Non-CHD group,"Prevalence of OSA in CHD group (87.2%) vs non-CHD group (69.0%); Higher AHI in CHD group (18.76 ± 14.94) vs non-CHD group (11.56 ± 10.67); Correlation between Gensini score and OSA severity; AHI ≥ 20 as a risk factor for CHD (odds ratio: 1.961, 95% confidence interval: 1.065-3.608, P < 0.05)",Retrospective cohort study,0.9,"INTRODUCTION: The prevalence of obstructive sleep apnea (OSA) in patients with suspected coronary heart disease (CHD) is yet to be clarified. This study aimed to investigate the prevalence of OSA before coronary angiography (CAG).
METHODS: We retrospectively evaluated patients with suspected CHD admitted to the Department of Geriatric Cardiology of our hospital between July 2019 and July 2021. OSA was screened using the level III home sleep apnea test before CAG. The prevalence of OSA was then compared between the CHD and non-CHD groups. CHD severity was determined using the Gensini score of CAG results, and OSA severity was graded using the apnea-hypopnea index (AHI).
RESULTS: Among the 327 patients, 211 had CHD. In total, 264 patients were diagnosed with OSA (80.7%) (184 patients, CHD group [87.2%]; 80 patients, non-CHD group [69.0%]). The CHD group had a significantly higher prevalence of OSA (P < 0.01) and higher AHI (CHD group 18.76 ± 14.94, non-CHD group 11.56 ± 10.67, P < 0.01). The Gensini score was positively correlated with OSA severity in patients with CHD, and AHI ≥ 20 was a risk factor for CHD (odds ratio: 1.961, 95% confidence interval: 1.065-3.608, P < 0.05).
CONCLUSION: OSA screening before CAG revealed a higher prevalence in CHD patients than in non-CHD patients. The degree of coronary artery obstruction is positively correlated with AHI, and AHI ≥ 20 is a risk factor for CHD. Therefore, attention should be paid to OSA screening and management before CAG in patients with suspected CHD."
Cardiovascular manifestations in obstructive sleep apnea: current evidence and potential mechanisms.,O'Donnell C; O'Mahony AM; McNicholas WT; Ryan S,2021,10.20452/pamw.16041,pubmed,https://pubmed.ncbi.nlm.nih.gov/34184854/,Patients with obstructive sleep apnea (OSA),Identification of subgroups of patients with OSA and alternative treatment options,N/A,Cardiovascular disease; Hypertension; Coronary artery disease; Heart failure; Cerebrovascular disease,Review,0.9,"Obstructive sleep apnea (OSA) is an increasingly prevalent health concern characterized by repeated episodes of pharyngeal collapse during sleep. It is frequently associated with daytime sleepiness and impaired functional capacity, but it is also linked to cardiovascular disease by a growing body of epidemiological, clinical, and translational research. The severity of OSA is traditionally evaluated by the apnea‑hypopnea index (AHI), but the value of this marker as a predictor of cardiovascular outcomes is limited. Thus, there is an increasing focus on alternative classification methods such as the hypoxic burden, other polysomnographic traits, and phenotypic subgroups based on clinical symptoms. There is a need to identify subgroups of patients with OSA who will benefit most from treatment, as recent large randomized controlled trials in selected populations have failed to show benefit in reducing overall cardiovascular mortality. Obstructive sleep apnea adversely affects cardiovascular structure and function by several distinct mechanisms such as intermittent hypoxia, sleep fragmentation, and intrathoracic pressure swings. These mechanisms lead to sympathetic activation, inflammation, and oxidative stress, which may result in the clinical consequences of OSA such as hypertension, coronary artery disease, heart failure, and cerebrovascular disease. This review focuses on the epidemiology and potential mechanisms of cardiovascular diseases in OSA. Furthermore, we will briefly discuss the role of personalized medicine, alternative treatment options, and precise phenotyping to optimize treatment of this complex condition and its associated cardiovascular risk."
OSA Treatment on Cardio- and Cerebrovascular Comorbidities: A Long-term Nationwide Cohort Study.,Yang KL; Lin PW; Chang CT; Liu PH; Lin HC; Friedman M; Salapatas AM,2022,10.1177/01945998211065656,pubmed,https://pubmed.ncbi.nlm.nih.gov/34905426/,Adults (age >20 years) with obstructive sleep apnea (OSA),Upper airway surgery for OSA,Continuous positive airway pressure (CPAP) treatment,"Incidence of myocardial infarction (MI) in OSA surgery group: 327 per 100,000 person-years; Incidence of MI in CPAP treatment group: 298 per 100,000 person-years; Incidence of stroke in OSA surgery group: 144 per 100,000 person-years; Incidence of stroke in CPAP treatment group: 125 per 100,000 person-years; Hazard ratio for MI: 1.03 (P = .833); Hazard ratio for stroke: 1.12 (P = .596)",Retrospective cohort study,0.9,"OBJECTIVE: To compare the cardio- and cerebrovascular outcomes and survival rates of surgical and nonsurgical interventions for patients with obstructive sleep apnea (OSA) based on a national population-based database.
STUDY DESIGN: Retrospective cohort study.
SETTING: Taiwan National Health Insurance Research Database.
METHODS: We analyzed all cases of OSA among adults (age >20 years and confirmed with ICD-9-CM) from January 2001 to December 2013. We compared the patients with OSA who received upper airway surgery with age-, sex-, and comorbidity index-matched controls with continuous positive airway pressure (CPAP) treatment. The risk of myocardial infarction (MI) or stroke after treatment of OSA-related surgery versus CPAP was investigated.
RESULTS: During follow-up, 112 and 92 incident cases of MI occurred in the OSA surgery and CPAP treatment groups, respectively (rates of 327 and 298 per 100,000 person-years). Furthermore, 50 and 39 cases were newly diagnosed with stroke in the OSA surgery and CPAP treatment groups (rates of 144 and 125 per 100,000 person-years). Cox proportional hazard regressions showed that the OSA treatment groups (OSA surgery vs CPAP) were not significantly related to MI (hazard ratio, 1.03 [95% CI, 0.781-1.359]; P = .833) and stroke (hazard ratio, 1.12 [95% CI, 0.736-1.706]; P = .596) at follow-up, after adjustment for sex, age at index date, days from diagnosis to treatment, and comorbidities.
CONCLUSION: Our study demonstrated that there was no difference of cardio- and cerebrovascular results between CPAP and surgery for patients with OSA in a 13-year follow-up.
LEVEL OF EVIDENCE: 3."
[Clinical Characteristics of Obstructive Sleep Apnea and Comorbid Primary Aldosteronism].,Shen YY; Zhu J; Shi Y; Tan L; Li TM; Lei F; Tang XD,2023,10.12182/20230360213,pubmed,https://pubmed.ncbi.nlm.nih.gov/36949690/,Patients diagnosed with primary aldosteronism (PA) and obstructive sleep apnea (OSA),Analysis of clinical characteristics and relevant factors affecting plasma aldosterone concentration,Patients with only OSA,Higher proportion of hypertension in OSA with comorbid PA; Increased AHI in OSA with comorbid PA; Decreased mean oxygen saturation in OSA with comorbid PA; Decreased sleep efficiency in OSA with comorbid PA; Negative correlation between lowest oxygen saturation and plasma aldosterone concentration,Retrospective analysis,0.9,"OBJECTIVE: To explore the characteristics of patients with obstructive sleep apnea (OSA) and comorbid primary aldosteronism (PA) and to explore the relevant factors affecting plasma aldosterone concentration.
METHODS: A total of 105 patients diagnosed with PA and admitted at West China Hospital, Sichuan University between January 2016 and December 2021 were retrospectively analyzed. The subjects were divided into a PA with comorbid snoring group (n=20) and a PA with comorbid OSA group (n=85) based on the results of polysomnography (PSG). The PA with comorbid OSA group was further divided into mild, moderate, and severe subgroups according to the apnea-hypopnea index (AHI). A total of 85 outpatients diagnosed with OSA were included as the control group. Demographic, clinical, biochemical, and PSG data were compared between the groups.
RESULTS: Compared with patients with only OSA, a significantly higher proportion of patients with OSA and comorbid PA had hypertension and elevated levels of systolic and diastolic blood pressure (P<0.05). In addition, patients with OSA and comorbid PA had significantly increased AHI and significantly decreased mean oxygen saturation and sleep efficiency (P<0.05). The more severe the OSA was, the higher levels of BMI, cholesterol, low-density lipoprotein, and uric acid the PA patients had. Linear regression analysis showed that the lowest oxygen saturation (β=－0.222, P=0.045) was negatively correlated with plasma aldosterone concentration.
CONCLUSION: Comorbidity with PA can aggravate the clinical manifestations of OSA, while OSA further disrupted the metabolism of lipids and uric acid in PA patients. Plasma aldosterone concentrations in patients with comorbid OSA and PA were affected by the lowest oxygen saturation level."
Perioperative Delta Weight and Pediatric Obstructive Sleep Apnea Resolution after Adenotonsillectomy.,Dang QL; Ulualp S; Mitchell RB; Johnson RF,2024,10.1002/lary.31417,pubmed,https://pubmed.ncbi.nlm.nih.gov/38551307/,Pediatric patients aged 2 to 17 years with obstructive sleep apnea (OSA),Adenotonsillectomy,N/A,"For every 1-kilogram gain in weight, the odds of residual OSA (AHI >5) increase by 6.0% (OR=1.06, p<0.002); The odds of residual severe OSA (AHI >10) increase by 8% (OR=1.08, p<0.001); Increased AHI, Black/African American race, and male sex were also factors associated with incomplete OSA resolution.",Retrospective cohort study,0.9,"OBJECTIVE(S): The first-line treatment for pediatric obstructive sleep apnea (OSA) is adenotonsillectomy. Post-operative weight gain is a well-documented phenomenon. We hypothesized that higher peri-adenotonsillectomy delta weight correlates with lower rates of OSA resolution in pediatric patients.
METHODS: This was a retrospective cohort study consisting of 250 patients from 2 to 17 years of age at a tertiary academic medical center between January 2021 and December 2022. Polysomnography results and body mass index (BMI) changes were collected through the electronic health record. Univariate and multivariate logistical regression analyses were performed, adjusting for confounding factors.
RESULTS: Perioperative delta weight and pre-operative baseline AHI values were significant predictors of residual OSA. For every 1-kilogram gain in weight, the odds of residual OSA (AHI >5) increase by 6.0% (OR = 1.06, 95% CI = 1.02-1.10, p < 0.002), and the odds of residual severe OSA (AHI > 10) increase by 8% (OR = 1.08, 95% CI = 1.04-1.12, p < 0.001). Increased AHI, Black/African American race, and male sex were also factors associated with incomplete OSA resolution.
CONCLUSIONS: Increased peri-adenotonsillectomy delta weight is associated with higher rates of residual OSA in children. Patients and families should be counseled about appropriate weight loss and control methods before adenotonsillectomy.
LEVEL OF EVIDENCE: IV Laryngoscope, 134:4141-4147, 2024."
Symptom and comorbidity burden in hypertensive patients with obstructive sleep apnea.,Tao M; Dong X; Tu J; Fang Q; Shao C,2024,10.3389/fendo.2024.1361466,pubmed,https://pubmed.ncbi.nlm.nih.gov/38501097/,Patients with obstructive sleep apnea (OSA) diagnosed for the first time,Comparison of clinical symptoms and comorbidities between OSA patients with hypertension and those without hypertension,N/A,"Older age; Higher body mass index (BMI); Higher Epworth sleepiness score (ESS); Higher incidence of nocturia; Higher proportion of diabetes mellitus; Higher proportion of coronary heart disease; Higher proportion of cerebrovascular disease; Age (OR:1.06, 95% CI:1.04-1.08); BMI (OR:1.17, 95% CI:1.11-1.23); ESS score (OR:0.97, 95% CI:0.94-1.00); Nocturia symptoms (OR:1.64, 95% CI:1.19-2.27); Comorbid diabetes (OR:3.86, 95% CI:2.31-6.45); Coronary heart disease (OR:1.90, 95% CI:1.15-3.16); Ischemic stroke (OR:3.69, 95% CI:1.31-10.40)",Retrospective cohort study,0.9,"BACKGROUND: Obstructive sleep apnea (OSA) is an important but frequently overlooked risk factor for hypertension (HTN). The prevalence of hypertension is high in patients with OSA, but the differences in clinical symptoms and comorbidities between patients with OSA with hypertension and those with normal blood pressure have not been fully defined.
METHODS: This study retrospectively analyzed OSA patients diagnosed for the first time in Lihuili Hospital Affiliated to Ningbo University from 2016 to 2020. Patients were divided into an OSA group with hypertension and an OSA group without hypertension. The sociodemographic information, clinical symptoms, comorbidities, and polysomnography results of the two groups were compared. The independent risk factors associated with hypertension in patients with OSA were explored.
RESULTS: A total of 1108 patients with OSA initially diagnosed were included in the study, including 387 with hypertension and 721 without. Compared with OSA patients without hypertension, OSA patients with hypertension were older; had a higher body mass index (BMI) and Epworth sleepiness score (ESS); a higher incidence of nocturia; and a higher proportion of diabetes mellitus, coronary heart disease, and cerebrovascular disease. Multivariate analysis showed age (odds ratio [OR]:1.06, 95% confidence interval [CI]:1.04-1.08), BMI (OR:1.17, 95% CI:1.11-1.23), ESS score (OR:0.97, 95%CI: 0.94-1.00) and nocturia symptoms (OR:1.64, 95% CI:1.19-2.27) was independently associated with hypertension in OSA patients, and comorbid diabetes (OR: 3.86, 95% CI: 2.31-6.45), coronary heart disease (OR: 1.90, 95% CI:1.15-3.16), and ischemic stroke (OR: 3.69,95% CI:1.31-10.40) was independently associated with hypertension in OSA patients.
CONCLUSION: Compared to OSA patients with normal blood pressure, OSA patients with hypertension had more significant daytime sleepiness, more frequent nocturnal urination, and a higher risk of diabetes, coronary heart disease, and cerebrovascular disease."
Adult obstructive sleep apnea treated with tonsillectomy: a randomized controlled clinical trial.,Makkonen J; Blomster H; Raappana A; Markkanen S; Numminen J; Kivekäs I; Valtonen O; Rautiainen M; Tuomilehto H,2025,10.1080/00016489.2025.2557566,pubmed,https://pubmed.ncbi.nlm.nih.gov/40957567/,29 adult patients with primarily mild to moderate obstructive sleep apnea (OSA) and BMI ≤ 35,tonsillectomy,lifestyle counseling,statistically and clinically significant reduction in apnea-hypopnea index (AHI); shift in average OSA severity from moderate to mild; control group showed no significant change in OSA severity,RCT,1,"BACKGROUND: Continuous positive airway pressure (CPAP) is the standard treatment for adult obstructive sleep apnea (OSA), but adherence is often suboptimal. Surgical options, such as tonsillectomy, may be considered in selected patients.
AIMS/OBJECTIVES: To compare the effectiveness of tonsillectomy with lifestyle counseling in adult patients with OSA.
MATERIAL AND METHODS: This randomized controlled trial included 29 patients with primarly mild to moderate OSA and BMI ≤ 35. Participants were randomly assigned to receive either lifestyle counseling (n = 17) or tonsillectomy (n = 12). In-laboratory polysomnography was performed at baseline and after one year to assess changes in OSA severity based on the apnea-hypopnea index (AHI).
RESULTS: The tonsillectomy group showed a statistically and clinically significant reduction in AHI, resulting in a shift in average OSA severity from moderate to mild. In contrast, the control group showed no significant change, with OSA severity remaining at a moderate level on average.
CONCLUSIONS AND SIGNIFICANCE: Tonsillectomy may be an effective treatment option for selected adult patients with mild to moderate OSA and no more than mild obesity. These findings support the role of tonsillectomy as a treatment alternative for patients non-adherent to conservative treatments, and may assist in individualized care of non-severe OSA.Trial registration: ClinicalTrials.gov Identifier: NCT00747890 (registered 2008-09-04)."
OSA-Onset: An algorithm for predicting the age of OSA onset.,Olaithe M; Hagen EW; Barnet JH; Eastwood PR; Bucks RS,2023,10.1016/j.sleep.2023.05.018,pubmed,https://pubmed.ncbi.nlm.nih.gov/37348284/,Participants from the Wisconsin Sleep Cohort (WSC) and Sleep Heart Health Study (SHHS) with obstructive sleep apnoea (OSA),The 'age of OSA Onset' algorithm,N/A,Estimated years of exposure to OSA with an accuracy of between 6.6 and 7.8 years (mean absolute error); Observed years with OSA in WSC: 3.6 ± 2.6 years; Observed years with OSA in SHHS: 2.7 ± 0.6 years; Estimated years with OSA in WSC: 10.6 ± 8.2 years; Estimated years with OSA in SHHS: 9.0 ± 6.2 years,Regression analysis,0.9,"STUDY OBJECTIVES: There is currently no way to estimate the period of time a person has had obstructive sleep apnoea (OSA). Such information would allow identification of people who have had an extended exposure period and are therefore at greater risk of other medical disorders; and enable consideration of disease chronicity in the study of OSA pathogenesis/treatment.
METHOD: The 'age of OSA Onset' algorithm was developed in the Wisconsin Sleep Cohort (WSC), in participants who had ≥2 sleep studies and not using continuous positive airway pressure (n = 696). The algorithm was tested in a participant subset from the WSC (n = 154) and the Sleep Heart Health Study (SHHS; n = 705), those with an initial sleep study showing no significant OSA (apnea-hypopnea index (AHI) < 15 events/hr) and later sleep study showing moderate to severe OSA (AHI≥15 events/hr).
RESULTS: Regression analyses were performed to identify variables that predicted change in AHI over time (BMI, sex, and AHI; beta weights and intercept used in the algorithm). In the WSC and SHHS subsamples, the observed years with OSA was 3.6 ± 2.6 and 2.7 ± 0.6 years, the algorithm estimated years with OSA was 10.6 ± 8.2 and 9.0 ± 6.2 years.
CONCLUSIONS: The OSA-Onset algorithm estimated years of exposure to OSA with an accuracy of between 6.6 and 7.8 years (mean absolute error). Future studies are needed to determine whether the years of exposure derived from the OSA-Onset algorithm is related to worse prognosis, poorer cognitive outcomes, and/or poorer response to treatment."
Predicting sleep apnea from three-dimensional face photography.,Eastwood P; Gilani SZ; McArdle N; Hillman D; Walsh J; Maddison K; Goonewardene M; Mian A; Peter R. Eastwood; Syed Zulqarnain Gilani; Nigel McArdle; David R. Hillman; Jennifer H. Walsh; Kathleen J. Maddison; Mithran S. Goonewardene; Ajmal Mian,2020,10.5664/jcsm.8246,pubmed+openalex,https://pubmed.ncbi.nlm.nih.gov/32003736/,"100 adults without OSA (AHI < 5 events/h), 100 with mild OSA (AHI 5 to < 15 events/h), 100 with moderate OSA (AHI 15 to < 30 events/h), and 100 with severe OSA (AHI ≥ 30 events/h)",Three-dimensional (3D) facial surface analysis of linear and geodesic distances,N/A,Classification accuracy 86% for identifying individuals with OSA; Classification accuracy 89% for identifying individuals without OSA; Maximum classification accuracy of 91% when combining linear and geodesic measurements; Accuracy decreased with AHI thresholds ≥ 10 events/h and ≥ 15 events/h,Controlled experiment,0.9,"STUDY OBJECTIVES: Craniofacial anatomy is recognized as an important predisposing factor in the pathogenesis of obstructive sleep apnea (OSA). This study used three-dimensional (3D) facial surface analysis of linear and geodesic (shortest line between points over a curved surface) distances to determine the combination of measurements that best predicts presence and severity of OSA.
METHODS: 3D face photographs were obtained in 100 adults without OSA (apnea-hypopnea index [AHI] < 5 events/h), 100 with mild OSA (AHI 5 to < 15 events/h), 100 with moderate OSA (AHI 15 to < 30 events/h), and 100 with severe OSA (AHI ≥ 30 events/h). Measurements of linear distances and angles, and geodesic distances were obtained between 24 anatomical landmarks from the 3D photographs. The accuracy with which different combinations of measurements could classify an individual as having OSA or not was assessed using linear discriminant analyses and receiver operating characteristic analyses. These analyses were repeated using different AHI thresholds to define presence of OSA.
RESULTS: Relative to linear measurements, geodesic measurements of craniofacial anatomy improved the ability to identify individuals with and without OSA (classification accuracy 86% and 89% respectively, P < .01). A maximum classification accuracy of 91% was achieved when linear and geodesic measurements were combined into a single predictive algorithm. Accuracy decreased when using AHI thresholds ≥ 10 events/h and ≥ 15 events/h to define OSA although greatest accuracy was always achieved using a combination of linear and geodesic distances.
CONCLUSIONS: This study suggests that 3D photographs of the face have predictive value for OSA and that geodesic measurements enhance this capacity."
Clinical characteristics and outcomes of positional obstructive sleep apnea: the sleep heart health study.,Chen LD; Wu SC; Lin XJ; Yang CD; Cai ZM; Lin L; Lian NF; Wu Z,2025,10.1007/s00405-025-09409-6,pubmed,https://pubmed.ncbi.nlm.nih.gov/40281320/,OSA subjects aged over 40 years from the Sleep Heart Health Study,POSA classification according to the Cartwright criteria,NPOSA,"AHI (OR 0.98, 95% CI 0.97 to 0.99, p = 0.006); CT90 (OR 0.98, 95% CI 0.96 to 1.00, p = 0.027); no significant difference in the cumulative hazard of myocardial infarction, stroke, congestive heart failure, or all-cause mortality",Cohort study,0.9,"PURPOSE: Positional obstructive sleep apnea (POSA) is common among obstructive sleep apnea (OSA) patients and exhibits distinct clinical features. This study aimed to analyze the clinical characteristics and associated factors of POSA, as well as compare the outcomes between POSA and non-POSA (NPOSA).
METHODS: OSA subjects aged over 40 years from the Sleep Heart Health Study were included in this study. OSA was classified into POSA and NPOSA according to the Cartwright criteria. Univariate and multivariable logistic regression analyses were conducted to identify predictors of POSA. The incidence of outcome events across the two groups was assessed using cumulative hazard curves and compared with the log-rank test.
RESULTS: A total of 1,080 OSA subjects were included, with 412 in the NPOSA group and 668 in the POSA group. In the univariate analysis, body mass index, diabetes, apnea-hypopnea index (AHI), the percentage of sleep time with oxygen saturation below 90% (CT90) and arousal index were inversely associated with POSA, average oxygen saturation during sleep and minimum oxygen saturation during sleep were positively associated with POSA. In the multivariate analysis, AHI (OR 0.98, 95% CI 0.97 to 0.99, p = 0.006) and CT90 (OR 0.98, 95% CI 0.96 to 1.00, p = 0.027) remained significantly inversely associated with POSA after adjusting for other variables. There was no significant difference in the cumulative hazard of myocardial infarction, stroke, congestive heart failure, or all-cause mortality between the two groups during the mean follow-up period of 11 years.
CONCLUSIONS: This study identified AHI and CT90 as independent predictive factors for POSA. There was no significant difference in the incidence of myocardial infarction, stroke, congestive heart failure, or all-cause mortality between POSA and NPOSA."
Obstructive Sleep Apnea and Oxygenation in Very Old Adults: A Propensity-Score Match Study.,Soria Robles AI; Aguado Blanco C; Juárez España M; Andrés Pretel F; Massó Núñez ML; Vizcaíno García MS; Abizanda P; Coloma Navarro R,2024,10.1016/j.jamda.2024.105023,pubmed,https://pubmed.ncbi.nlm.nih.gov/38763163/,"Patients with obstructive sleep apnea (OSA), aged 80 years or older",Evaluation of respiratory polygraphy/polysomnography parameters,N/A,Total sleep time with oxygen saturation (SaO2) below 90% (T90); Average SaO2; Minimum SaO2; Apnea-hypopnea index (AHI); Odds ratios for severe OSA by age and sex,Retrospective propensity score-matched study,0.9,"OBJECTIVES: The prevalence of obstructive sleep apnea (OSA) escalates with advancing age. Although the apnea-hypopnea index (AHI) is the standard measure for assessing OSA severity, it does not account for additional oximetric parameters that may influence disease progression in older adults. This study aimed to evaluate disparities in respiratory polygraphy/polysomnography parameters among patients with OSA, stratified by age and sex.
DESIGN: Retrospective propensity score-matched study.
SETTING AND PARTICIPANTS: Sleep unit of a university hospital; 11,747 participants, 210 aged 80 years or older.
METHODS: Propensity score matching was used to establish 4 age cohorts, with the 210 oldest adults serving as the reference group. Primary outcome variables included the total sleep time with oxygen saturation (SaO2) below 90% (T90), average SaO2, minimum SaO2, and AHI. The association between T90 and AHI, as well as the severity of OSA, was assessed across the 4 age categories.
RESULTS: Despite comparable AHI scores, the oldest patients with OSA exhibited the highest T90 and the lowest SaO2 levels compared to younger counterparts. The proportion of patients with severe OSA and T90 in the highest quartile increased with age: 12.5% in young adults, 14.8% in adults, 21.7% in the old, and 34% in the very old participants (P < .001). old and very old patients had a greater likelihood of being in the most severe OSA category compared to the younger ones, with odds ratios (OR) 2.57 (95% CI 1.42-4.65) and 5.52 (95% CI 3.06-9.97), respectively. These patterns were more pronounced in women of advanced age, indicating a sex-specific variation in disease severity with increasing age.
CONCLUSIONS AND IMPLICATIONS: Old patients with OSA, particularly women, demonstrate elevated T90 and reduced SaO2 levels, irrespective of AHI, indicating a hypoxemia increased risk. The diagnostic criteria, management, and outcomes for OSA may require adaptations to address the unique needs of very old populations."
Obstructive Sleep Apnea and Stroke: Determining the Mechanisms Behind their Association and Treatment Options.,Mohamed B; Yarlagadda K; Self Z; Simon A; Rigueiro F; Sohooli M; Eisenschenk S; Doré S,2024,10.1007/s12975-023-01123-x,pubmed,https://pubmed.ncbi.nlm.nih.gov/36922470/,Patients with obstructive sleep apnea (OSA) and stroke,Treatment of obstructive sleep apnea (OSA),N/A,Correlation between OSA and stroke; Impact of OSA treatment on stroke outcomes; Pathophysiology of OSA and stroke relationship,Scoping review,0.9,"Sleep-disordered breathing (SDB) can be a sequela of stroke caused by vascular injury to vital respiratory centers, cerebral edema, and increased intracranial pressure of space-occupying lesions. Likewise, obstructive sleep apnea (OSA) contributes to increased stroke risk through local mechanisms such as impaired ischemic cerebrovascular response and systemic effects such as promoting atherosclerosis, hypercoagulability, cardiac arrhythmias, vascular-endothelial dysfunction, and metabolic syndrome. The impact of OSA on stroke outcomes has been established, yet it receives less attention in national guidelines on stroke management than hyperglycemia and blood pressure dysregulation. Furthermore, whether untreated OSA worsens stroke outcomes is not well-described in the literature. This scoping review provides an updated investigation of the correlation between OSA and stroke, including inter-relational pathophysiology. This review also highlights the importance of OSA treatment and its role in stroke outcomes. Knowledge of pathophysiology, the inter-relationship between these common disorders, and the impact of OSA therapy on outcomes affect the clinical management of patients with acute ischemic stroke. In addition, understanding the relationship between stroke outcomes and pre-existing OSA will allow clinicians to predict outcomes while treating acute stroke."
Evaluation of wakefulness electroencephalogram in OSA patients.,Ferreira I; Guerra P; Pinto N; Alfaiate D; Pereira A,2024,10.1007/s11325-024-03116-y,pubmed,https://pubmed.ncbi.nlm.nih.gov/39028483/,30 OSA patients with AHI of 15 or higher and 29 individuals without sleep-disordered breathing (AHI of 5 or lower),EEG analysis during wakefulness,N/A,No significant differences in EEG activity between OSA and non-OSA patients; Weak correlation between decreased C3 EEG frequency and higher AHI (p=0.033); Increased total sleep time and higher O2 EEG frequency (p=0.038); Lower amplitudes in C3 (p=0.043) and O1 (p=0.031) correlated with reduced average oxygen saturation,Retrospective study,0.9,"OBJECTIVE: Obstructive sleep apnea (OSA) has been associated with an elevated cardiovascular risk, increased daytime sleepiness, cognitive decline, and slower electroencephalographic activity (EEG). This study assesses EEG patterns during wakefulness in OSA patients compared to those without sleep-disordered breathing.
MATERIALS AND METHODS: This retrospective study analyzed 30 OSA patients with an Apnea/Hypopnea Index (AHI) of 15 or higher, as well as 29 individuals without sleep-disordered breathing (AHI of 5 or lower) who underwent hospital polysomnography and met all inclusion criteria. Sociodemographic and EEG data were obtained from the sleep laboratory database. Blinded EEG analysis was conducted by two observers, assessing activity in the frontal, central, and occipital regions.
RESULTS: No significant differences were observed in EEG activity between OSA and non-OSA patients. However, a weak correlation was found between decreased C3 EEG frequency and higher AHI (p = 0.033), as well as increased total sleep time and higher O2 EEG frequency (p = 0.038). Lower amplitudes in C3 (p = 0.043) and O1 (p = 0.031) were correlated with reduced average oxygen saturation.
CONCLUSION: Our findings suggest that OSA-related hypoxemia may impact neuronal activity, highlighting the need to address this sleep-disordered breathing in order to potentially prevent the cognitive decline observed in OSA patients."
[Association between obstructive sleep apnea and vascular injury in hypertensive patients].,Yang N; Chou HD; Wei MT; Shi LL; Duan JJ; Yin SQ; Li YM,2023,10.3760/cma.j.cn112148-20230721-00015,pubmed,https://pubmed.ncbi.nlm.nih.gov/37963748/,adult hypertensive patients,obstructive sleep apnea (OSA),N/A,"moderate OSA positively correlated with vascular endothelial injury (OR=2.83, P=0.019); severe OSA positively correlated with vascular endothelial injury (OR=3.40, P=0.016); log AHI positively correlated with vascular endothelial injury in young hypertensive patients (OR=1.99, P=0.035); moderate OSA associated with vascular endothelial injury in young hypertensive patients (OR=4.83, P=0.010); severe OSA associated with vascular endothelial injury in young hypertensive patients (OR=4.64, P=0.015); AHI correlated with FMD (P=0.022)",Cross-sectional study,0.9,"Objective: To investigate the relationship between obstructive sleep apnea (OSA), apnea hypopnea index (AHI) and vascular injury in hypertensive patients. Methods: This cross-sectional study enrolled patients admitted to the Hypertension Department of TEDA International Cardiovascular Hospital from April 2020 to April 2023, who finished portable sleep monitoring. Sleep monitoring indicators, flow-mediated vasodilation (FMD), carotid artery ultrasound, carotid intima-media thickness, cervical and femoral pulse wave conduction velocity (cfPWV), brachial and ankle pulse wave conduction velocity (baPWV) were analyzed. OSA was classified into mild (5 times/h≤AHI<15 times/h), moderate (15≤AHI<30 times/h), and severe (AHI≥30 times/h) based on AHI levels. FMD<6.0% was defined as vascular endothelial injury, and cfPWV>10 m/s and/or baPWV>18 m/s was defined as arterial stiffness. Multivariate logistic regression analysis was used to explore the correlation between AHI, OSA severity and vascular injury, and subgroup analysis was performed in young (age≤45 years) and middle-to-old patients (age>45 years). Sensitivity analysis was performed by excluding patients with diabetes, cerebrovascular disease and coronary heart disease. The correlation between AHI and vascular injury index was analyzed by restricted cubic spline. Results: A total of 555 adult hypertensive patients were included, the mean age was (39.7±9.2) years, 422 were males (76.0%), and the prevalence of OSA was 66.7% (370/555). Multivariate logistic regression analysis showed that moderate OSA (OR=2.83, P=0.019) and severe OSA (OR=3.40, P=0.016) were positively correlated with vascular endothelial injury after adjusting for age, sex, body mass index and mean arterial pressure. Subgroup analysis showed that log AHI (OR=1.99, P=0.035), moderate OSA (OR=4.83, P=0.010) and severe OSA (OR=4.64, P=0.015) were associated with vascular endothelial injury in young hypertensive patients. The results of sensitivity analysis were similar to the above results. The results of restricted cubic spline analysis showed that AHI was correlated with FMD (P=0.022), and the slope of the curve was the largest when AHI was between 0 and 10 times/h. There was no correlation between log AHI and OSA severity and carotid intima-media thickening and arterial stiffness (all P<0.05). Conclusions: OSA is associated with vascular endothelial injury in hypertensive patients, especially in young patients."
Obstructive sleep apnea intensifies stroke severity following middle cerebral artery occlusion.,Cananzi SG; White LA; Barzegar M; Boyer CJ; Chernyshev OY; Yun JW; Kelley RE; Almendros I; Minagar A; Farré R; Alexander JS,2020,10.1016/j.sleep.2020.01.014,pubmed,https://pubmed.ncbi.nlm.nih.gov/32057628/,C57BL6 mice,3D printed OSA device exposing to 3 hours of OSA for three days,N/A,infarct size; neurological scoring; overall survival; mortality following MCAO,Controlled experiment,0.9,"STUDY OBJECTIVES: Obstructive sleep apnea (OSA) is a sleep disorder caused by transient obstruction of the upper airway and results in intermittent hypoxia, sleep fragmentation, sympathetic nervous system activation, and arousal which can have an adverse effect on cardiovascular disease. It is theorized that OSA might intensify stroke injury. Our goal here was to develop a new model of experimental OSA and test its ability to aggravate behavioral and morphological outcomes following transient brain ischemia/reperfusion.
METHODS: We used a 3D printed OSA device to expose C57BL6 mice to 3 h of OSA (obstructive apnea index of 20 events per hour) for three days. These mice were then subjected to ischemia/reperfusion using the middle cerebral artery occlusion model (MCAO) stroke and examined for overall survival, infarct size and neurological scoring.
RESULTS: We found that OSA transiently decreased respiration and reduced oxygen saturation with bradycardia and tachycardia typical of human responses during apneic events. Brain injury from MCAO was significantly increased by OSA as measured by infarct size and location as well as by intensification of neurological deficits; mortality following MCAO was also increased in OSA animals.
CONCLUSIONS: Our findings suggest that our new model of OSA alters respiratory and cardiovascular physiological functions and is associated with enhanced ischemia/reperfusion mediated injury in our non-invasive, OSA intensified model of stroke."
Sleep surgery in syndromic and neurologically impaired children.,Ali NE; Alyono JC; Kumar AR; Cheng H; Koltai PJ,2020,10.1016/j.amjoto.2020.102566,pubmed,https://pubmed.ncbi.nlm.nih.gov/32504854/,Children with obstructive sleep apnea (OSA) and syndromic or neurologic comorbidities,Surgery for obstructive sleep apnea (including adenoidectomy and tonsillectomy),N/A,Apnea-hypopnea index (AHI); complications; length of postoperative stay; endoscopic findings,Retrospective review,0.9,"PURPOSE: To examine surgery performed for obstructive sleep apnea (OSA) in children with syndromic or neurologic comorbidities.
MATERIAL AND METHODS: Medical records of 375 children with OSA were retrospectively reviewed, including 142 patients with trisomy 21, 105 with cerebral palsy, 53 with muscular dystrophy, 32 with spinal muscular atrophy, 18 with mucopolysaccharidoses, 14 with achondroplasia, and 11 with Prader-Willi.
OUTCOME MEASURES: Apnea-hypopnea index (AHI), complications, length of postoperative stay, and endoscopic findings.
RESULTS: 228 patients received 297 surgical interventions, with the remainder undergoing observation or positive pressure ventilation. Adenoidectomy was the most common procedure performed (92.1% of patients), followed by tonsillectomy (91.6%). Average AHI decreased following tonsillectomy, from 12.4 to 5.7 (p = 0.002). The most common DISE finding was the tongue base causing epiglottic retroflexion. Lingual tonsillectomy also resulted in an insignificant decrease in the AHI.
CONCLUSIONS: Adenotonsillectomy, when there is hypertrophy, remains the mainstay of management of syndromic and neurologically-impaired children with OSA. However, additional interventions are often required, due to incomplete resolution of the OSA. DISE is valuable in identifying remaining sites of obstruction and guiding future management."
Obstructive sleep apnea is associated with cognitive impairment in minor ischemic stroke.,Zhu RL; Ouyang C; Ma RL; Wang K,2022,10.1007/s11325-022-02575-5,pubmed,https://pubmed.ncbi.nlm.nih.gov/35305233/,Patients with minor ischemic stroke,Assessment of obstructive sleep apnea (OSA) using polysomnography (PSG) and neuropsychological assessments,No OSA and mild OSA groups,Moderate-to-severe OSA group performed worse on CAVLT-Recognition (p<0.001); DST-Backward (p<0.001); MoCA (p<0.001); SCWT-Interference (p<0.001); Cognitive impairment negatively related to AHI (p=0.041); Cognitive impairment negatively related to lowest SpO2 (p=0.048),Cohort study,0.9,"OBJECTIVES: Obstructive sleep apnea (OSA) is commonly seen in stroke patients, and its relationship with cognitive impairment remains poorly understood. This study aimed to explore the roles of OSA in cognition impairment in patients with minor ischemic stroke.
METHODS: Patients with minor ischemic stroke were consecutively enrolled from January 2020 to May 2021. Every patient underwent polysomnography (PSG) to assess for OSA. Based on the apnea hypopnea index (AHI), patients were grouped into the no OSA (AHI < 5), mild OSA (5 ≤ AHI < 15), and moderate-to-severe OSA (MS OSA, AHI ≥ 15) groups. Neuropsychological assessments were performed to evaluate cognitive function, and the correlations between cognitive function and OSA were investigated.
RESULTS: Of 94 patients, 35 had no OSA, 32 had mild OSA, and 27 had moderate-to-severe OSA. Compared to the no or mild OSA groups, the moderate-to-severe OSA group performed worse on the Chinese version of the Auditory Verbal Learning Test (CAVLT)-Recognition (p < 0.001), Digital Span Test (DST)-Backward (p < 0.001), Montreal Cognitive Assessment (MoCA) (p < 0.001), and Stroop Color and Word Test (SCWT)-Interference (p < 0.001). The severity of cognitive impairment was assessed using the MoCA, which was negatively related to the AHI (p = 0.041) and lowest SpO2 (p = 0.048).
CONCLUSIONS: The findings suggest that OSA has significant effects on cognition impairment in patients with minor ischemic stroke and that hypoxemia may be a potential pathophysiological mechanism of OSA-induced cognitive impairment."
Obstructive Sleep Apnea Among Patients with Mild Cognitive Impairment.,Schwerthöffer D; Haselwarter T; Grimmer T,2024,10.3233/jad-240251,pubmed,https://pubmed.ncbi.nlm.nih.gov/38968050/,Patients with Mild Cognitive Impairment (MCI),Assessment of obstructive sleep apnea (OSA) using respiratory polygraphy and neuropsychological tests,N/A,Prevalence of OSA of any severity: 58.7%; Prevalence of moderate-to-severe OSA (AHI≥15/h): 25%; Only 13.1% of MCI patients with OSA reported daytime sleepiness; No specific neuropsychological pattern in MCI-OSA patients; Presence of OSA not associated with specific AD biomarker profiles,Cohort study,0.9,"BACKGROUND: Obstructive sleep apnea (OSA) is associated with cognitive disorders, but little is known about prevalence of co-occurring OSA and mild cognitive impairment (MCI) as well as about co-occurring OSA and Alzheimer's disease (AD). Pathophysiological models integrating OSA, cognitive deficits and neurodegeneration remain speculative. Findings in this area could contribute to the knowledge about pathophysiological processes in cognitive disorders and neurodegenerative processes, be helpful for the diagnosis of cognitive disorders and provide approaches for the treatment of cognitive disorders.
OBJECTIVE: Examining the prevalence of OSA and patterns of cognitive deficits as well as AD biomarker profiles associated with OSA in a cohort of 104 MCI patients.
METHODS: Assessments used include: respiratory polygraphy, The Consortium to Establish a Registry for Alzheimer's Disease Neuropsychological Battery (CERAD NB), Tau, phosphoTau181, amyloid-β-1-42/1-40, 18F-fluorodeoxyglucose positron emission tomography (F18-FDG-PET).
RESULTS: Prevalence of OSA of any severity: 58,7% (Apnea Hypopnea Index (AHI)≥5/h), OSA in a moderate-to-severe extent (AHI≥15/h): 25%. Only 13.1% of MCI patients with OSA reported daytime sleepiness. MCI-OSA patients showed no specific neuropsychological pattern. Presence of OSA was not associated with specific AD biomarker profiles in the whole study group besides a positive association between AD positivity in an AD biomarker sub cohort.
CONCLUSIONS: OSA is highly prevalent in patients with MCI. It might often remain undiagnosed as only a small number of MCI-OSA patients report daytime sleepiness. OSA could contribute to MCI symptoms and even to AD pathology. Further research is needed to validate these findings and to investigate possible pathophysiological relationships between OSA and MCI as well as between OSA and AD."
"Obstructive sleep apnea, coronary calcification and arterial stiffness in patients with diabetic kidney disease.",Nielsen S; Nyvad J; Christensen KL; Poulsen PL; Laugesen E; Grove EL; Buus NH,2024,10.1016/j.atherosclerosis.2023.06.076,pubmed,https://pubmed.ncbi.nlm.nih.gov/37558603/,"Patients with diabetic kidney disease (DKD) and type 2 diabetes, eGFR < 60 ml/min/1.73 m2, UACR > 30 mg/g",Obstructive sleep apnea (OSA) quantified by the apnea-hypopnea index (AHI),Patients without OSA (AHI < 5),Coronary calcification (CAS); Arterial stiffness (PWV),Cohort study,0.9,"BACKGROUND AND AIMS: Obstructive sleep apnea (OSA) may accelerate arterial calcification, but the relation remains unexplored in diabetic kidney disease (DKD). We examined the associations between OSA, coronary calcification and large artery stiffness in patients with DKD and reduced renal function.
METHODS: Patients with type 2 diabetes, estimated glomerular filtration rate (eGFR) < 60 ml/min/1.73 m2 and urine albumin-creatinine ratio (UACR) > 30 mg/g were tested for OSA quantified by the apnea-hypopnea index (AHI, events/hour). Patients without OSA (AHI< 5) were compared to patients with moderate (AHI 15-29) or severe (AHI ≥30) OSA and underwent computed tomography angiography with coronary Agatston scoring (CAS) to quantify coronary calcification. Arterial stiffness was determined as carotid-femoral pulse wave velocity (PWV).
RESULTS: Among 114 patients with acceptable AHI recordings had 43 no OSA, 33 mild OSA and 38 moderate-severe OSA. Mean age of the 74 patients completing the study was 71.5 ± 9.4 years (73% males), eGFR 32.2 ± 12.3 ml/min/1.73 m2 and UACR 533 (192-1707) mg/g. CAS (ln-transformed) was significantly higher in patients with OSA compared to patients without (6.6 ± 1.7 vs. 5.6 ± 2.4, p = 0.04), and the same was observed for PWV (11.9 ± 2.7 vs. 10.5 ± 2.2 m/s, p = 0.02). In multivariable linear regression analyses adjusted for sex, age, body mass index, UACR, and mean arterial pressure, moderate-severe OSA remained significantly associated with PWV but not with CAS. Dominance analysis revealed OSA as the third and second most important factor relative to CAS and PWV respectively.
CONCLUSIONS: In DKD patients, moderate-severe OSA is a significant predictor of arterial stiffness but is not independently associated with coronary calcification."
The changes of AHI after long-term CPAP in patients with comorbid OSA and cardiovascular disease.,Cheng Y; Ou Q; Chen B; Loffler KA; Doug McEvoy R; Xu Y; Wang Q; Lao M,2023,10.1007/s11325-022-02633-y,pubmed,https://pubmed.ncbi.nlm.nih.gov/35562555/,Participants aged 45-75 years with a history of cardiac or cerebrovascular disease and confirmed OSA by home sleep apnea testing.,Long-term continuous positive airway pressure (CPAP) treatment,Standard care alone (UC group),AHI decreased from baseline to end-of-study in both CPAP and UC groups; Improvement in nadir SpO2 in the CPAP group but not UC group; CPAP could improve AHI in patients with moderate OSA; CPAP could improve nadir SpO2 in patients with severe OSA,Randomized Controlled Trial (RCT),0.9,"PURPOSE: To evaluate the effect of long-term continuous positive airway pressure (CPAP) treatment on disease severity of obstructive sleep apnea (OSA).
METHODS: We analyzed results from the Sleep Apnea and Cardiovascular Events (SAVE) study involving participants recruited at the Guangdong Provincial People's Hospital, China. Participants were aged 45-75 years with a history of cardiac or cerebrovascular disease. OSA was confirmed by home sleep apnea testing (HSAT). Participants were randomized to receive CPAP plus standard cardiovascular care (CPAP group) or standard care alone (UC group) and followed for several years. At the study conclusion, surviving participants were invited to repeat HSAT. Changes in OSA indicators were compared by independent samples t-tests and subgroup analysis was implied among groups stratified by OSA severity.
RESULTS: One hundred two adults were recruited (51 per group) and followed for 48.0 ± 14.5 months. Daily CPAP usage in the CPAP group was 4.1 ± 1.9 h. AHI decreased from baseline to end-of-study in both CPAP and UC groups (- 5.0 (- 12.5,2.0), P = 0.000; - 4.0 (- 12.5,1.5), P = 0.007, respectively), with no between-group difference (P = 0.453). An improvement in nadir SpO2 showed from baseline to end-of-study in the CPAP but not UC group (2.3% ± 6.1%, P = 0.011 and - 0.7% ± 7.6%, P = 0.511, respectively; between-group difference P = 0.032). Subgroup analysis shows that CPAP could improve AHI in patients with moderate OSA (- 8.0 (- 11.8, - 2.8) in CPAP group, - 2.0 (- 0.8,6.0) in UC group, P = 0.022) and improve nadir SpO2 in patients with severe OSA (5.0 (- 0.8, - 0.8,7.0) in CPAP group, 0.0 (- 8.5,2.5) in UC group, P = 0.032).
CONCLUSION: Long-term CPAP use did not result in clinically significant changes in AHI or ODI overall but showed variable effects stratified by OSA severity.
CLINICAL TRIAL REGISTRATION: Registry: Clinical Trials.gov, title: Continuous Positive Airway Pressure Treatment of Obstructive Sleep Apnea to Prevent Cardiovascular Disease (SAVE), URL: www.
CLINICALTRIALS: gov , identifier: NCT00738179."
Association between REM-related mild obstructive sleep apnea and common cardiometabolic diseases.,Sangchan T; Banhiran W; Chotinaiwattarakul W; Keskool P; Rungmanee S; Pimolsri C,2023,10.1007/s11325-023-02821-4,pubmed,https://pubmed.ncbi.nlm.nih.gov/37115354/,Patients with mild obstructive sleep apnea (OSA) who had ≥ 15 min of REM sleep,Rapid eye movement-related obstructive sleep apnea (REM-OSA),Control group (patients without REM-OSA),"Common cardiometabolic diseases (CMDs) were significantly more common in the REM-OSA group than in the controls (OR 1.52, 95% CI 1.04-2.21, p-value = 0.029); Patients with a REM AHI of ≥20 events/h were significantly associated with hypertension compared to those with a REM AHI of <20 events/h (p-value = 0.001); Associations were not statistically significant after controlling for age, sex, BMI, and prevalent coexisting CMD (OR = 1.13, 95% CI: 0.72-1.76, p-value = 0.605)",Retrospective study,0.9,"PURPOSE: To explore the association between rapid eye movement-related obstructive sleep apnea (REM-OSA) and common cardiometabolic diseases (CMDs) in patients with mild OSA.
METHODS: This retrospective study was conducted by reviewing the medical records and polysomnograms (PSGs) of patients at Siriraj Hospital. The PSGs of patients diagnosed with mild OSA who had ≥ 15 min of REM sleep were included. REM-OSA was defined if the apnea-hypopnea index (AHI) in REM was ≥ 2 times that of non-REM. Common CMDs included coronary artery disease, stroke, heart failure, diabetes mellitus, and hypertension.
RESULTS: The data of 518 patients with a mean age of 48.3 years, 198 males, and mean AHI of 9.8 events/h were analyzed in this study. When compared with the control group, the REM-OSA group (308 patients) were predominantly female (72%), overweight (62%), and had more severe oxygen desaturation, p-value < 0.001. CMDs were significantly more common in the REM-OSA group than in the controls [odds ratio (OR) 1.52, 95% confidence interval 1.04-2.21, p-value = 0.029]. Patients with a REM AHI of ≥ 20 events/h were significantly associated with hypertension compared to those with a REM AHI of < 20 events/h, p-value = 0.001. However, these associations were found not to be statistically significant after controlling for age, sex, BMI, and prevalent coexisting CMD (OR = 1.13, 95% CI: 0.72-1.76, p-value = 0.605).
CONCLUSION: Common CMDs, particularly HT, tend to show an association with REM-OSA in patients with mild OSA, but this association did not reach statistically significant levels."
Positional obstructive sleep apnea in patients with atrial fibrillation.,Stafford PL; Harmon E; Patel P; Walker M; Akoum N; Park SJ; Cho Y; Bilchick K; Mehta N; Mazimba S; Cho Y; Kwon Y,2023,10.1007/s11325-022-02625-y,pubmed,https://pubmed.ncbi.nlm.nih.gov/35538180/,Patients with atrial fibrillation (AF) and patients without AF,Diagnostic polysomnography to assess positional obstructive sleep apnea (POSA),Patients without atrial fibrillation (AF),POSA prevalence in patients with AF vs. without AF (46% vs. 39%; p=0.33); Obesity associated with low likelihood of POSA (OR [CI] of 0.17 [0.09-0.32]); Severe OSA associated with low likelihood of POSA (OR [CI] of 0.28 [0.12-0.62]); Male sex associated with higher likelihood of POSA in patients with AF (OR [CI] of 3.16 [1.06-10.4]),Cohort study,0.9,"PURPOSE: Obstructive sleep apnea (OSA) is a common, potentially modifiable condition implicated in the pathogenesis of atrial fibrillation (AF). The presence and severity of OSA is largely sleep position-dependent, yet there is high variability in positional dependence among patients with OSA. We investigated the prevalence of positional OSA (POSA) and examined associated factors in patients with AF.
METHODS: We recruited an equal number of patients with and without AF who underwent diagnostic polysomnography. Patients included had ≥ 120 min of total sleep time with 30 min of sleep in both supine and lateral positions. POSA was defined as an overall apnea hypopnea index (AHI) ≥ 5/h, supine AHI (sAHI) ≥ 5/h, and sAHI greater than twice the non-supine AHI. POSA prevalence was compared in patients with and without AF adjusting for age, sex, OSA severity, and heart failure.
RESULTS: A total of patients (male: 56%, mean age 62 years) were included. POSA prevalence was similar between the two groups (46% vs. 39%; p = 0.33). Obesity and severe OSA (AHI ≥ 30/h) were associated with low likelihood of POSA (OR [CI] of 0.17 [0.09-0.32] and 0.28 [0.12-0.62]). In patients with AF, male sex was associated with a higher likelihood of POSA (OR [CI] of 3.16 [1.06-10.4]).
CONCLUSION: POSA is common, affecting more than half of patients with AF, but the prevalence was similar in those without AF. Obesity and more severe OSA are associated with lower odds of POSA. Positional therapy should be considered in patients with mild OSA and POSA."
Does REM AHI Predict Persistent OSA After Pediatric Adenotonsillectomy?,Fields CM; Poupore NS; Barengo JH; Smaily H; Nguyen SA; Angles J; Clemmens CS; Pecha PP; Carroll WW,2024,10.1177/00034894241227030,pubmed,https://pubmed.ncbi.nlm.nih.gov/38258762/,Children under the age of 18 years who received an adenotonsillectomy for obstructive sleep apnea (OSA),Adenotonsillectomy for OSA,N/A,"Postoperative persistence of OSA (defined as a postoperative obstructive apnea-hypopnea index (oAHI) ≥ 1.5 events/hour); Rates of persistence between those with REM-predominant OSA and REM-independent OSA (63.8% vs 70.7%, P = .218)",Retrospective chart review,0.9,"OBJECTIVE: The utility of REM AHI in managing pediatric obstructive sleep apnea (OSA) is not fully understood. This study aimed to evaluate the relationship of preoperative REM AHI to postoperative persistence of OSA in children who underwent adenotonsillectomy.
METHODS: This retrospective chart review identified children under the age of 18 years that received an adenotonsillectomy for OSA and a preoperative and postoperative polysomnogram. Children with craniofacial or neuromuscular disorders or a tracheostomy were excluded. The primary outcome was the postoperative persistence of OSA, defined as a postoperative obstructive apnea-hypopnea index (oAHI) ≥ 1.5 events/hour. REM-predominant OSA was defined as a ratio of REM/NREM AHI ≥ 2. REM AHI minus NREM AHI and REM AHI minus oAHI helped to identify patients with a larger distribution of REM AHI.
RESULTS: A total of 353 patients were included. Postoperative persistent OSA was seen in 232 (65.7%) children. The preoperative REM AHI, REM AHI minus NREM AHI, and REM AHI minus oAHI of children with persistent OSA did not differ significantly from children with resolution of OSA. Rates of persistence were not different between those with REM-predominant OSA and REM-independent OSA (63.8% vs 70.7%, P = .218).
CONCLUSION: This study suggests that preoperative REM AHI may be a poor predictor of OSA persistence after adenotonsillectomy. Further study is needed to help characterize how pre-operative REM AHI should impact clinicians' decision making, family counseling and recommendations."
Renalase and hypertension-demographic and clinical correlates in obstructive sleep apnea.,Martynowicz H; Czerwińska K; Wojakowska A; Januszewska L; Markiewicz-Górka I; Więckiewicz M; Mazur G; Pawlas K; Poręba R; Gać P,2021,10.1007/s11325-020-02157-3,pubmed,https://pubmed.ncbi.nlm.nih.gov/32761534/,Adult patients with obstructive sleep apnea (n=113),Assessment of renalase concentration using ELISA test,Group without OSA (AHI < 5),"Renalase concentration lower in moderate-to-severe OSA (AHI ≥ 15) compared to without OSA (AHI < 5); Negative correlation between renalase and AHI in hypertensives; Negative correlation between AHI and renalase in the whole studied group, in males, and in the group of age < 60 years old",Observational study,0.9,"BACKGROUND: Renalase plays an important role in blood pressure regulation. Obstructive sleep apnea (OSA) is a common respiratory disorder associated with hypertension and cardiovascular complications. The aim of the study was to assess the relationship between sleep apnea and renalase concentration.
MATERIAL AND METHODS: Adult patients (n = 113) were evaluated for OSA in a sleep laboratory using polysomnography. The respiratory events were scored according to the standards developed by the American Academy of Sleep Medicine. The blood renalase concentration was determined by the ELISA (enzyme-linked immunosorbent assay) test.
RESULTS: OSA (AHI ≥ 5) was diagnosed in 71% (n = 80) of the studied population. Renalase concentration was statistically significantly lower in the group with moderate-to-severe OSA (AHI ≥ 15) compared with the group without OSA (AHI < 5) (139.56 ± 175.72 ng/ml vs. 230.97 ± 240.50 ng/ml, p = 0.042). We have found statistically significant negative correlation between renalase and AHI in hypertensives, but not in normotensives. The statistically significant negative correlation was observed between AHI and renalase in the whole studied group, in males, and in the group of age < 60 years old. There was not such a correlation in females and in the group > 60 years old. Based on the regression model, it was shown that lower renalase concentration, hypertension, higher BMI, and male gender are independently associated with higher AHI.
CONCLUSIONS: There is a relationship between the blood renalase concentration and the severity of OSA, which may influence hypertension development in OSA."
Investigating the Association between Wake-Up Stroke and Obstructive Sleep Apnea: A Meta-Analysis.,Lu X; Liu W; Wang H,2022,10.1159/000517916,pubmed,https://pubmed.ncbi.nlm.nih.gov/34518455/,Stroke patients divided into WUS and NWUS groups,"Obstructive Sleep Apnea (OSA), Sleep Apnea Syndrome (SAS), and Severe SAS",NWUS patients,"Higher AHI (WMD 7.74, 95% CI: 1.38-14.11; p = 0.017); Higher ODI (WMD of 3.85, 95% CI: 0.261-7.438; p = 0.035)",Meta-analysis,0.9,"BACKGROUND: Management of wake-up stroke (WUS) is always a challenge as no clear time of onset could be ascertained, and how to choose an appropriate therapy remains unclear. Sleep-disordered breathing (SDB) has been regarded as a potential risk factor to WUS, yet no consensus was achieved. Motivated by the need for a deeper understanding of WUS and its association with sleep apnea, meta-analyses summarizing the available evidence of respiratory events and indices were conducted, and sensitivity analysis was also used for heterogeneity.
METHODS: Electronic databases were systematically searched, and cross-checking was done for relevant studies. Collected data included demographic characteristics, and sleep apnea parameters were extracted with stroke patients divided into WUS and NWUS groups. Clinical data of stroke patients accompanied with sleep apnea syndrome (OSA, SAS, and severe SAS) were also extracted for meta-analysis.
RESULTS: A total of 13 studies were included in the analysis. The meta-analysis results showed that OSA, SAS, and severe SAS were significantly higher in WUS patients. A significantly higher AHI (WMD 7.74, 95% CI: 1.38-14.11; p = 0.017) and ODI (WMD of 3.85, 95% CI: 0.261-7.438; p = 0.035) than NWUS patients was also observed in the analysis of respiratory indices.
CONCLUSION: WUS patients have severer SDB problems compared to NWUS patients suggesting that respiratory events during sleep might be underlying the induction of WUS. Besides, the induction of WUS was significantly associated with men rather than women. Therefore, early diagnosis and management of potential WUS patients should benefit from the detection of SDB status and respiratory effects."
Prevalence of sleep apnea and daytime sleepiness in professional truck drivers.,Huhta R; Hirvonen K; Partinen M,2021,10.1016/j.sleep.2021.02.023,pubmed,https://pubmed.ncbi.nlm.nih.gov/33676284/,professional truck drivers in Finland,"structured questionnaire, clinical examination, sleep laboratory studies including respiratory polygraphy and maintenance of wakefulness test",healthy controls,"prevalence of sleep apnea (AHI ≥5: 40.1%, AHI≥ 15: 16.2%, AHI≥ 30: 7.2%); prevalence of AHI≥5 varied between 20 and 56.9%; prevalence of AHI≥15 was 4.3-25%; 4.8% of subjects with AHI ≥15 had abnormally short sleep latency in MWT (<19.4 min)",Cohort study,0.9,"INTRODUCTION: The prevalence of obstructive sleep apnea (OSA) among professional truck drivers has varied from 28 to 78% in previous studies. In this study we wanted to estimate the prevalence of OSA and OSA with both subjectively measured sleepiness and objectively measured ability to stay awake (ie obstructive sleep apnea syndrome, OSAS) among professional truck drivers in Finland.
SUBJECTS AND METHODS: Altogether 2066 professional truck drivers received a structured questionnaire. 175 drivers had a clinical examination and sleep laboratory studies, which included respiratory polygraphy (RP) and maintenance of wakefulness test (MWT). Three groups were formed: 75 subjects with suspected sleep apnea, 75 healthy controls and a random sample of 25 subjects.
RESULTS: 1095 drivers answered the questionnaire. RP was performed on 172 drivers and 167 drivers participated in MWT. The mean age was 40.7 years and the mean BMI was 27.7 kgm-2. The prevalence of sleep apnea in professional truck drivers using various criteria were: AHI ≥5: 40.1%, AHI≥ 15: 16.2% and, AHI≥ 30: 7.2%. The prevalence depended on clinical history. Prevalence of AHI≥5 varied between 20 and 56.9% and prevalence of AHI≥15 was 4.3-25%. Altogether 4.8% of subjects with AHI ≥15 had abnormally short sleep latency in MWT (<19.4 min).
CONCLUSIONS: Moderate sleep apnea is common among professional truck drivers but significant inability to stay awake, defined as MWT <19.4 min, is found in about one of twenty professional drivers."
Obstructive sleep apnea during REM sleep: effects on morning and evening blood pressure.,Falla C; Young A; Pope A; O'Driscoll DM,2023,10.1093/sleep/zsac259,pubmed,https://pubmed.ncbi.nlm.nih.gov/36308519/,adults attending for investigation of OSA,respiratory events during REM sleep,N/A,morning hypertensive BP levels; evening hypertensive BP levels,Regression modeling,0.9,"STUDY OBJECTIVES: Obstructive sleep apnea (OSA) is linked to the emergence and progression of cardiovascular complications including hypertension, stroke, arrhythmias, coronary artery disease, and heart failure. Epidemiological studies have reported that hypertension is associated with respiratory events during REM sleep. We examined the relationship between respiratory events during REM and morning and evening hypertensive blood pressure (BP) levels in a clinical sleep population.
METHODS: This study included data from in-laboratory diagnostic polysomnographic studies (n = 797) from adults attending for investigation of OSA. Hypertensive BP levels were defined using BP measurements taken in the evening before and morning after polysomnography, and the use of antihypertensive medication. Regression modeling was undertaken to examine the probability of evening and morning hypertensive BP levels according to REM apnea-hypopnea index (AHI), NREM AHI, gender, age, body mass index (BMI), alcohol use, total sleep time (TST), sleep time SpO2 <90%, and smoking status.
RESULTS: The probability of morning hypertensive BP levels was significantly independently associated with age (p < .001), BMI (p < .001), and REM AHI (p < .001). No significant effect was found for the male gender, NREM AHI, alcohol use, TST, sleep time SpO2 <90%, or smoking (p > .05 for all). The probability of evening hypertensive BP levels was only significantly associated with age (p < .001), male gender (p = .012), BMI (p < .001), and TST (p = .032).
CONCLUSIONS: Respiratory events during REM sleep are significantly associated with morning hypertensive BP levels. Future research is needed to determine whether treatment of these events can prevent or reverse morning hypertensive BP levels."
Severe obstructive sleep apnea phenotypes by cluster analysis based on multiple organs function.,Zhou Y; Yu J; Li P; Rong J; Chu S,2025,10.1038/s41598-025-19062-y,pubmed,https://pubmed.ncbi.nlm.nih.gov/41023049/,Patients with severe obstructive sleep apnea (OSA),Comprehensive assessment of multiple organs function using cluster analysis,N/A,"Cluster 1 (n = 136), middle-aged women; Cluster 2 (n = 367), middle-aged men; Increased apnea index (AI), apnea-hyponea index (AHI), BMI, neck and waist circumferences, fasting blood glucose, NAFLD and CAS prevalence in cluster 2; Decreased liver and renal function, and decreased hyponea index (HI) in cluster 2",Cluster analysis,0.9,"Obstructive sleep apnea (OSA) is a heterogeneous disorder and the severe OSA could lead to cardiovascular and metabolic comorbidities. However, the OSA diagnosis focuses on the respiratory system according to guidelines. In this study, we aim to explore the clinical phenotypes of severe OSA based on comprehensive assessment of multiple organs function using cluster analysis. Patients with severe OSA were studied with data of age, sex, anthropometric examination, blood pressure, liver and renal function, lipid levels, fasting blood glucose, apnea index (AI), hyponea index (HI), apnea-hyponea index (AHI), lowest Sao2 during sleep-monitor, and disorders of nonalcoholic fatty liver disease (NAFLD) and carotid atherosclerosis (CAS). Cluster analysis was performed using k-medoids algorithm. A total of 503 subjects were clustered into two clusters: Cluster 1 (n = 136), middle-aged women; Cluster 2 (n = 367), middle-aged men. When compared with cluster 1, the cluster 2 showed an increased AI, AHI, BMI, neck and waist circumferences, fasting blood glucose, NAFLD and CAS prevalence, decreased liver and renal function, and decreased HI. The results suggest the phenotypes of severe OSA were identified especially based on multiple organ functions, creating the need to rethink these patients' comprehensive assessment. The findings from our study suggest that for severe OSA patients, middle-aged men are more likely accompanied worse systematic condition than women, which should be taken into account by physicians."
Obstructive sleep apnea and genotype rs6843082 as a risk factor for cerebrovascular accident.,Yang TC; Chen YC; Tantoh DM; Hsu SY; Hsu H; Liaw YC; Tsai JP; Yang HJ; Liaw YP,2024,10.1038/s41598-024-74782-x,pubmed,https://pubmed.ncbi.nlm.nih.gov/39443494/,"Individuals with obstructive sleep apnea (OSA) and hypertension, stratified by genotype rs6843082",Obstructive sleep apnea (OSA) and hypertension,Individuals with OSA but without hypertension,"Statistically significant difference in stroke risk for individuals with OSA and hypertension (OR, 2.57; 95% CI, 1.53 to 4.33); No statistically significant difference in stroke risk for individuals with OSA but without hypertension (OR, 0.53; 95% CI, 0.13 to 2.25); Higher risk odds for individuals with genotype rs6843082 (GG) compared to those with OSA and hypertension alone (OR, 5.46; 95% CI, 3.46 to 8.60); Highest risk for stroke in individuals with genotype rs6843082 (GA + AA), OSA, and hypertension (OR, 6.25; 95% CI, 3.63 to 10.76); No significant risk for individuals with OSA and no hypertension (OR, 0.57; 95% CI, 0.14 to 2.36)",Logistic regression analysis,0.9,"NO previous studies have examined the simultaneous effects of obstructive sleep apnea (OSA), hypertension, and the SNP rs68430822 on stroke. We aimed to explore whether these elements together, play a role as risk factors for stroke. Data was obtained from the Taiwan Biobank and the National Health Insurance database. We used logistic regression analysis to investigate the effect of OSA and hypertension as a risk factor for stroke in different genotypes. We found that OSA and hypertension was associated with stroke in those with the rs6843082 genotype. People with OSA and hypertension together with the rs6843082 genotype (GA + AA) showed a statistically significant difference as a risk for stroke (OR,2.57; 95% CI,1.53 to 4.33). However, there was no statistically significant difference in those people with OSA but without hypertension (OR, 0.53; 95% CI,0.13 to 2.25). After further stratification by combination of OSA and hypertension, those with genotype rs6843082 (GG) had higher risk odds than those with OSA and those with hypertension alone (OR,5.46, 95% CI,3.46 to 8.60). Individuals with genotype rs6843082(GA + AA), OSA and hypertension together had the highest risk for stroke (OR,6.25, 95% CI,3.63 to 10.76) and those with OSA and no hypertension (OR,0.57, 95% CI,0.14 to 2.36) had no significant risk. Our findings showed that people with genotype rs6843082 (GG), with or without hypertension had OSA as a risk factor for stroke. For individuals with the genotype rs6843082 (GA + AA), those with hypertension, OSA is a risk factor for stroke, and for those without hypertension, OSA is not associated with stroke."
Overall Mortality and Comorbidities in Obstructive Sleep Apnea in Poland.,Kuczyński W; Kudrycka A; Pierzchała K; Grabska-Kobyłecka I; Pencina M; Sakowski S; Białasiewicz P,2025,10.12659/msm.950826,pubmed,https://pubmed.ncbi.nlm.nih.gov/41287260/,4025 patients with suspected obstructive sleep apnea (OSA),polysomnography and longitudinal follow-up,N/A,"all-cause mortality; OSA-related mortality; survival rates at 5, 10, and 15 years; association of AHI with mortality risk; association of sleepiness with mortality (HR 1.17 95% CI: 1.09-1.26); association of episodes of stroke with mortality (HR 1.77 95% CI: 1.38-2.28); association of use of new oral anticoagulants with mortality (HR 1.71 95% CI: 1.21-2.43)",Cohort study,0.9,"BACKGROUND Obstructive sleep apnea (OSA) is associated with increased risk of systemic comorbidities, leading to significant morbidity and mortality. This study investigates predictors of all-cause and OSA-related mortality, emphasizing the interplay of clinical symptoms, polysomnographic findings, and comorbidities. The aim of this study was to identify and compare predictors of all-cause and OSA-related mortality over 5, 10, and 15 years of follow-up. MATERIAL AND METHODS In this single-center study conducted at our Sleep Medicine Department between 2005 and 2019, 4025 patients with suspected OSA underwent polysomnography and were enrolled in this longitudinal study. Patients were categorized based on their mortality status, with a follow-up time of up to 15 years, and the cause of death if applicable. Based on the underlying cause of death, we identified 2 study groups: all-cause mortality (n=853) and OSA-related mortality (n=460). We performed Cox regression analyses to evaluate predictors of mortality. RESULTS Prevalence of OSA was high - 75.6% in the cohort: 929 patients with mild OSA (23.1%), 770 with moderate OSA (19.1%), and 1343 with severe OSA (33.4%). Survival rates were 89.7%, 81.9%, and 78.8% at 5, 10, and 15 years, respectively. Cardiovascular causes dominated mortality (33.3%), followed by cancer (26.5%). We compared the apnea-hypopnea index (AHI) a well-known, widely used metric for indicating the severity of OSA, in 0-5, 0-10, and 0-15 years of observation of all-cause mortality and OSA-related mortality. Comparing the AHI during rapid eye movement (REM) sleep, non-rapid eye movement (NREM) sleep, and total sleep time (TST), AHIREM was associated with a higher mortality risk than AHINREM and AHITST. Sleepiness (HR 1.17 95% CI: 1.09-1.26), episodes of stroke (HR 1.77 95% CI: 1.38-2.28), and use of new oral anticoagulants (HR 1.71 95% CI: 1.21-2.43) were associated with mortality at 15 years. CONCLUSIONS OSA management requires a holistic approach that extends beyond AHI, integrating clinical symptoms, comorbidities, and polysomnographic indices."
"A Prospective Study on Obstructive Sleep Apnea, Clinical Profile and Polysomnographic Variables.",Kandasamy G; Almeleebia T,2023,10.3390/jpm13060919,pubmed,https://pubmed.ncbi.nlm.nih.gov/37373908/,216 participants with obstructive sleep apnea (OSA),polysomnography assessment,N/A,"average AHI for mild OSA: 11.79 ± 3.55; average AHI for moderate OSA: 22.12 ± 4.34; average AHI for severe OSA: 59.16 ± 22.15 events/hour; average age of OSA patients: 53.77 ± 7.19; BMI for mild OSA: 31.66 ± 8.32 kg/m2; BMI for moderate OSA: 30.52 ± 3.99 kg/m2; BMI for severe OSA: 34.35 ± 8.22 kg/m2; average number of oxygen desaturation events: 25.20 ± 18.63; average snoring duration: 24.61 ± 28.53 min; correlation of BMI with AHI (r = 0.249, p < 0.001); correlation of average oxygen saturation with AHI (r = -0.387, p < 0.000); correlation of oxygen desaturation with AHI (r = 0.661, p < 0.000); correlation of snoring time with AHI (r = 0.231, p < 0.002); correlation of number of snores with AHI (r = 0.383, p < 0.001)",Cohort study,0.9,"Background: Obstructive sleep apnea (OSA) is characterized by recurring episodes of pharyngeal collapse, which can partially or completely block airflow during sleep and cause cardiorespiratory and neurological imbalances. Therefore, the purpose of this study was to assess OSA and the relationship between AHI and polysomnographic characteristics in OSA patients. Methodology: A prospective study was conducted at the Department of Pulmonology and Sleep Medicine for two years. All 216 participants underwent polysomnography, and 175 of them were reported to have OSA (AHI ≥ 5), while 41 of them did not (AHI < 5). ANOVA and Pearson's correlation coefficient test were performed. Results: In terms of the study population's average AHI, Group 1 had 1.69 ± 1.34, mild OSA had 11.79 ± 3.55, moderate OSA had 22.12 ± 4.34, and severe OSA was found to have 59.16 ± 22.15 events/hour. The study group's average age was 53.77 ± 7.19 out of 175 OSA patients. According to AHI, the BMI for mild OSA was 31.66 ± 8.32 kg/m2, for moderate OSA, it was 30.52 ± 3.99 kg/m2, and for severe OSA, it was 34.35 ± 8.22 kg/m2. The average number of oxygen desaturation events and snoring duration were 25.20 ± 18.63 and 24.61 ± 28.53 min, respectively. BMI (r = 0.249, p < 0.001), average oxygen saturation (r = -0.387, p < 0.000), oxygen desaturation (r = 0.661, p < 0.000), snoring time (r = 0.231, p < 0.002), and the number of snores (r = 0.383, p < 0.001) were the polysomnographic variables that showed significant correlations with AHI in the study group. Conclusions: In this study, a substantial prevalence of obesity and a high OSA frequency were found in men. Our research showed that individuals with obstructive sleep apnea experience nocturnal desaturations. Polysomnography is the primary test for early detection of this treatable condition."
Obstructive sleep apnea during rapid eye movement sleep and cognitive performance in adults.,Tan X; Ljunggren M; Kilander L; Benedict C; Lindberg E,2024,10.1016/j.sleep.2023.11.017,pubmed,https://pubmed.ncbi.nlm.nih.gov/37980842/,"728 men and women aged 59.1 ± 11.3 years, with a subsample of 356 participants aged ≥60 years",Obstructive sleep apnea (OSA) during rapid eye movement (REM) sleep,N/A,TMT-A results; TMT-B results; Time taken to finish TMT-A in older participants (aged ≥60 years); Time taken to finish TMT-B in older participants (aged ≥60 years),Cross-sectional study,0.9,"STUDY OBJECTIVES: Obstructive sleep apnea (OSA) during rapid eye movement (REM) sleep is often characterized with more frequent and lengthy breathing events and greater oxygen desaturation than during other sleep stages. Current evidence suggests an association between OSA and cognitive decline, however whether OSA during REM sleep plays a vital role in this link is understudied.
METHODS: A cross-sectional sample of 728 men and women (aged 59.1 ± 11.3 years) underwent a full night polysomnography for determining apnea-hypopnea index (AHI) and sleep stages. Trail Making Test (TMT) part A and B were conducted during the following day for assessing participants' cognitive function. Linear regression analyses were performed to test the possible association between AHI and AHI during REM sleep with TMT-A and B results. Similar analyses were carried out in a subsample involving participants aged ≥60 years with ≥30 min of REM sleep (n = 356).
RESULTS: Despite a slight difference in TMT-B between participants with and without OSA (AHI ≥5 vs AHI <5, β-coefficient: 4.83, 95 % CI: [-9.44, -0.22], P = 0.040), no other association between AHI or REM-AHI and TMT results were found in the full sample. In older participants (aged ≥60 years), a REM-AHI ≥5 events/hour was associated with longer time taken to finish TMT-A (vs REM-AHI <5 events/hour, 3.93, [0.96, 6.90], P = 0.010). There was no association between REM-AHI and time taken to finish TMT-B in older participants.
CONCLUSIONS: The results indicate that OSA during REM sleep may be of particular concern for attention-related cognitive function in older adults."
Sleep Apnea Screening in Children With Sickle Cell Anemia.,Flores Oria CA; Stark JM; Mosquera RA; Brown DL; Menon NM; Sharma KP; Gonzales T; Nguyen T; Jon CK; Emanuel H; Yadav A,2022,10.1097/mph.0000000000002452,pubmed,https://pubmed.ncbi.nlm.nih.gov/35383664/,Children aged 4 to 18 years with sickle cell anemia (SCA),Pediatric Sleep Questionnaire (PSQ) for screening obstructive sleep apnea (OSA),N/A,"Habitual snoring prevalence: 48.1%; OSA detected in 83.9% (AHI ≥1.0/h); OSA detected in 22.6% (AHI ≥5.0/h); Sensitivity of PSQ: 46.2% (AHI ≥1.0/h), 57.1% (AHI ≥5.0/h); Specificity of PSQ: 20.0% (AHI ≥1.0/h), 50.0% (AHI ≥5.0/h); Sensitivity of physician assessment: 70.3% (AHI ≥1.0/h), 87.5% (AHI ≥5.0/h); Specificity of physician assessment: 58.4% (AHI ≥1.0/h), 41.5% (AHI ≥5.0/h)",Prospective study,0.9,"BACKGROUND: Screening for obstructive sleep apnea (OSA) is recommended by current guidelines in children with sickle cell anemia (SCA), but no specific approach is described. The Pediatric Sleep Questionnaire (PSQ) is a validated detection tool for OSA in children. We assessed the utility of PSQ to screen for OSA in children with concomitant SCA and snoring.
MATERIALS AND METHODS: A prospective study, in children 4 to 18 years old with SCA. Subjects were assessed for snoring and PSQ administered at the same visit. All children with snoring were then referred for polysomnography.
RESULTS: A total of 106 subjects were screened. Habitual snoring prevalence was 51/106 (48.1%). In the snoring group, OSA was detected in 83.9% (apnea-hypopnea index [AHI] ≥1.0/h) and 22.6% (AHI ≥5.0/h), respectively. Sensitivity and specificity of PSQ in children with snoring was 46.2% and 20.0% (AHI ≥1.0/h), and 57.1% and 50.0% (AHI ≥5.0/h), respectively. Physician assessment for snoring had a high sensitivity of 70.3% but low specificity of 58.4% (AHI ≥1.0/h), and 87.5% and 41.5% (AHI ≥5.0/h), respectively.
CONCLUSION: PSQ is a poor screening tool for detection of OSA in those children with SCA who snore. Physician assessment for snoring could however be an initial approach before polysomnography."
Obstructive sleep apnea is associated with depressed myocardial mechanoenergetics.,Ersoy İ; Demir FA,2022,10.1002/jcu.23129,pubmed,https://pubmed.ncbi.nlm.nih.gov/34972252/,382 eligible participants without cardiovascular disease,obstructive sleep apnea (OSA) diagnosis,non-OSA,"MEEi was significantly lower in OSA patients at all stages (0.35 ± 0.08 vs. 0.42 ± 0.05; p < .001); MEEi negatively correlated with hypertension (r = -0.518, p < .001); MEEi negatively correlated with body mass index (r = -0.382, p < .001); MEEi negatively correlated with AHI (r = -0.656, p < .001); MEEi negatively correlated with total apnea (r = -0.525, p < .001); MEEi negatively correlated with hypopnea (r = -0.415, p < .001); MEEi negatively correlated with systolic pulmonary pressure (r = -0.318, p < .001); MEEi negatively correlated with relative wall thickness (RWT; r = -0.415, p < .001); MEEi positively correlated with left ventricular ejection fraction (r = 0.586, p < .001)",Cohort study,0.9,"PURPOSE: To evaluate the association between the myocardial mechanoenergetic efficiency index (MEEi) and the Apnea-Hypopnea Index (AHI) in the initial phase of obstructive sleep apnea (OSA) diagnosis.
METHODS: In this cohort study, we included a total of 382 eligible participants without cardiovascular disease in a tertiary outpatient clinic between January 2013 and January 2015. We recorded demographic, clinical, polysomnographic and echocardiographic variables of the patients. In addition, myocardial mechanoenergetic efficiency (MEE) and MEEi were calculated by an echocardiography-derived validated measurement.
RESULTS: The mean (±SD) age of the participants was 48.47 ± 12.13, and male/female ratio was 287/95. Comparing with non-OSA, MEEi was significantly lower in OSA patients at all stages (0.35 ± 0.08 vs. 0.42 ± 0.05; p < .001). MEEi was negatively correlated with hypertension (r = -0.518, p < .001), body mass index (r = -0.382, p < .001), AHI (r = -0.656, p < .001), total apne (r = -0.525, p < .001), hypopnea (r = -0.415, p < .001), systolic pulmonary pressure (r = -0.318, p < .001), relative wall thickness (RWT; r = -0.415, p < .001), and positive correlated with left ventricular ejection fraction (r = 0.586, p < .001). According to multiple linear regression analysis AHI (β = -0.625, p < .001), total apnea (β = -0.402, p = .001), hypopnea (β = -0.395, p = .001), LV ejection fraction (β = 0.478, p < .001) and RWT (β = -0.279, p < .001) have an independent relationship with MEEi.
CONCLUSIONS: MEEi was lower in OSA patients. A reduced MEEi may reflect a disturbance in energy use of the myocardium. Consequently, our results may provide insight into the mechanisms leading to structural cardiac diseases in OSA patients."
Obstructive sleep apnea in patients with acute aortic dissection.,Friend EJ; Leinveber P; Orban M; Hochhold J; Svatikova A; Somers VK; Pressman GS,2022,10.1002/clc.23790,pubmed,https://pubmed.ncbi.nlm.nih.gov/35194820/,40 subjects with acute aortic dissection,Assessment of obstructive sleep apnea (OSA) using polysomnography and modified Berlin Questionnaire,N/A,Prevalence of OSA (AHI ≥ 5) was 61%; Aortic diameters at all locations were greater in the OSA group though differences were not statistically significant; The modified Berlin Questionnaire was not predictive of the presence of OSA,Observational study,0.9,"BACKGROUND: Obstructive sleep apnea (OSA) imposes an afterload burden on the left ventricle and increases the pressure gradient across the aortic wall. Thus, OSA may increase the risk for aortic dissection (AD).
METHODS: This study enrolled 40 subjects with acute AD from four institutions; 37 completed the modified Berlin Questionnaire and 31 underwent attended overnight polysomnography. Aortic diameter was measured on a computed tomography scan at seven locations from the sinotubular junction to the diaphragm.
RESULTS: Twenty-seven subjects had type A dissection; 13 had type B. In those who had polysomnography apnea-hypopnea index (AHI) ranged from 0.7 to 89. Prevalence of OSA (AHI ≥ 5) was 61%. Nocturnal presentation (10 p.m.-7 a.m.) did not differ by presence/absence of OSA. The modified Berlin Questionnaire was not predictive of the presence of OSA. Among type A subjects with polysomnography (n = 23), aortic diameters at all locations were greater in the OSA group though differences were not statistically significant. Summating aortic diameters at the seven locations also yielded a numerically larger mean value in the OSA group versus the non-OSA group.
CONCLUSIONS: In this sample of patients with acute dissection, OSA was prevalent but was not associated with a nocturnal presentation. The presence of underlying OSA may be associated with larger aortic diameters at the time of dissection compared to patients without OSA. Though differences did not meet statistical significance the current series is limited by small numbers."
Community prevalence of positional obstructive sleep apnea.,Duce BL; Kulkas AE; Leppänen TT; Oksenberg A; Töyräs J; Hukins CA,2025,10.5664/jcsm.11584,pubmed,https://pubmed.ncbi.nlm.nih.gov/39912227/,"1,870 Sleep Heart Health Study participants",N/A,nonpositional OSA,"Participants with POSA were slightly older, less obese, and had higher systolic blood pressure than participants with nonpositional OSA; POSA exhibited higher supine and total AHI; spOSA was more prevalent than siOSA (56% vs 44%); spOSA was associated with more fragmented sleep and higher AHI; spOSA group had a higher prevalence of hypertension and diabetes, as well as more frequently prescribed medications for these comorbidities",Cross-sectional analysis,0.9,"STUDY OBJECTIVES: The prevalence of positional obstructive sleep apnea (POSA) in community populations warrants further investigation. Further, more research is needed into the clinical characteristics of its subtypes such as supine predominant OSA (spOSA) and supine isolated OSA (siOSA).
METHODS: A cross-sectional analysis was performed on 1,870 Sleep Heart Health Study participants. OSA was defined by an apnea-hypopnea index (AHI) of ≥ 5 events/h of sleep. Participants with OSA were classified as POSA if the supine AHI was ≥ 2 times the nonsupine AHI. Participants with OSA who did not meet this threshold were classified as participants with nonpositional OSA. Demographics, polysomnographic data, comorbidities, and medications were all considered. The POSA subtypes spOSA and siOSA were also investigated.
RESULTS: Participants with POSA were slightly older, less obese, and had higher systolic blood pressure than participants with nonpositional OSA, in addition to being more prevalent (62% and 38%, respectively). POSA exhibited higher supine and total AHI. The prevalence of comorbidities or prescription drugs did not differ. In the POSA cohort, spOSA was more prevalent than siOSA (56% vs 44%). When compared to siOSA, spOSA was associated with more fragmented sleep and higher AHI. Furthermore, when compared to the siOSA group, the spOSA group had a higher prevalence of hypertension and diabetes, as well as more frequently prescribed medications for these comorbidities.
CONCLUSIONS: In the Sleep Heart Health Study population the prevalence of POSA is greater than nonpositional OSA. The spOSA subtype is more prevalent and appears to have worse health consequences than siOSA.
CITATION: Duce BL, Kulkas AE, Leppänen TT, Oksenberg A, Töyräs J, Hukins CA. Community prevalence of positional obstructive sleep apnea. J Clin Sleep Med. 2025;21(5):875-882."
Obstructive Sleep Apnea in Acromegaly and the Effect of Treatment: A Systematic Review and Meta-Analysis.,Parolin M; Dassie F; Alessio L; Wennberg A; Rossato M; Vettor R; Maffei P; Pagano C,2020,10.1210/clinem/dgz116,pubmed,https://pubmed.ncbi.nlm.nih.gov/31722411/,acromegalic patients,treatment for obstructive sleep apnea (OSA),active (ACT) vs inactive (INACT) disease,OSA prevalence; apnea-hypopnea index (AHI); significant improvement in AHI after treatment,Meta-analysis,0.9,"BACKGROUND: Obstructive sleep apnea (OSA) is a common disorder characterized by upper airway collapse requiring nocturnal ventilatory assistance. Multiple studies have investigated the relationship between acromegaly and OSA, reporting discordant results.
AIM: To conduct a meta-analysis on the risk for OSA in acromegaly, and in particular to assess the role of disease activity and the effect of treatments.
METHODS AND STUDY SELECTION: A search through literature databases retrieved 21 articles for a total of 24 studies (n = 734). Selected outcomes were OSA prevalence and apnea-hypopnea index (AHI) in studies comparing acromegalic patients with active (ACT) vs inactive (INACT) disease and pretreatment and posttreatment measures. Factors used for moderator and meta-regression analysis included the percentage of patients with severe OSA, patient sex, age, body mass index, levels of insulin-like growth factor 1, disease duration and follow-up, and therapy.
RESULTS: OSA prevalence was similar in patients with acromegaly who had ACT and INACT disease (ES = -0.16; 95% CI, -0.47 to 0.15; number of studies [k] = 10; P = 0.32). In addition, AHI was similar in ACT and INACT acromegaly patients (ES = -0.03; 95% CI, -0.49 to 0.43; k = 6; P = 0.89). When AHI was compared before and after treatment in patients with acromegaly (median follow-up of 6 months), a significant improvement was observed after treatment (ES = -0.36; 95% CI, -0.49 to -0.23; k = 10; P < 0.0001). In moderator analysis, the percentage of patients with severe OSA in the populations significantly influenced the difference in OSA prevalence (P = 0.038) and AHI (P = 0.04) in ACT vs INACT patients.
CONCLUSION: Prevalence of OSA and AHI is similar in ACT and INACT patients in cross-sectional studies. However, when AHI was measured longitudinally before and after treatment, a significant improvement was observed after treatment."
Association between obstructive sleep apnea and arrhythmia and heart rate variability among hypertensive patients.,Xu SD; Hao LL; Liu FF; Xu CZ,2024,10.1186/s12872-024-04008-5,pubmed,https://pubmed.ncbi.nlm.nih.gov/38965474/,hypertensive patients,obstructive sleep apnea (OSA),AHI ≤ 15 group,higher prevalence of frequent atrial premature beats (P=0.030); higher prevalence of atrial tachycardia (P=0.035); higher SDNN (P=0.020); higher SDANN (P=0.033); elevated LF (P<0.001); elevated HF (P=0.031); elevated LF/HF ratio (P=0.028); larger left atrial diameter (P<0.001),cross-sectional analysis,0.9,"BACKGROUND: The relationship between obstructive sleep apnea (OSA) and the occurrence of arrhythmias and heart rate variability (HRV) in hypertensive patients is not elucidated. Our study investigates the association between OSA, arrhythmias, and HRV in hypertensive patients.
METHODS: We conducted a cross-sectional analysis involving hypertensive patients divided based on their apnea-hypopnea index (AHI) into two groups: the AHI ≤ 15 and the AHI > 15. All participants underwent polysomnography (PSG), 24-hour dynamic electrocardiography (DCG), cardiac Doppler ultrasound, and other relevant evaluations.
RESULTS: The AHI > 15 group showed a significantly higher prevalence of frequent atrial premature beats and atrial tachycardia (P = 0.030 and P = 0.035, respectively) than the AHI ≤ 15 group. Time-domain analysis indicated that the standard deviation of normal-to-normal R-R intervals (SDNN) and the standard deviation of every 5-minute normal-to-normal R-R intervals (SDANN) were significantly higher in the AHI > 15 group (P = 0.020 and P = 0.033, respectively). Frequency domain analysis revealed that the low-frequency (LF), high-frequency (HF) components, and the LF/HF ratio were also significantly elevated in the AHI > 15 group (P < 0.001, P = 0.031, and P = 0.028, respectively). Furthermore, left atrial diameter (LAD) was significantly larger in the AHI > 15 group (P < 0.001). Both univariate and multivariable linear regression analyses confirmed a significant association between PSG-derived independent variables and the dependent HRV parameters SDNN, LF, and LF/HF ratio (F = 8.929, P < 0.001; F = 14.832, P < 0.001; F = 5.917, P = 0.016, respectively).
CONCLUSIONS: Hypertensive patients with AHI > 15 are at an increased risk for atrial arrhythmias and left atrial dilation, with HRV significantly correlating with OSA severity."
AIOSA: An approach to the automatic identification of obstructive sleep apnea events based on deep learning,Andrea Bernardini; Andrea Brunello; Gian Luigi Gigli; Angelo Montanari; Nicola Saccomanno,2023,10.1016/j.artmed.2021.102133,arxiv+openalex,http://arxiv.org/abs/2302.05179v1,acute stroke patients,convolutional deep learning architecture for detecting OSAS events,N/A,satisfactory results as considered by domain experts; outperformance of current state-of-the-art solutions,observational study,0.9,"Obstructive Sleep Apnea Syndrome (OSAS) is the most common sleep-related breathing disorder. It is caused by an increased upper airway resistance during sleep, which determines episodes of partial or complete interruption of airflow. The detection and treatment of OSAS is particularly important in stroke patients, because the presence of severe OSAS is associated with higher mortality, worse neurological deficits, worse functional outcome after rehabilitation, and a higher likelihood of uncontrolled hypertension. The gold standard test for diagnosing OSAS is polysomnography (PSG). Unfortunately, performing a PSG in an electrically hostile environment, like a stroke unit, on neurologically impaired patients is a difficult task; also, the number of strokes per day outnumbers the availability of polysomnographs and dedicated healthcare professionals. Thus, a simple and automated recognition system to identify OSAS among acute stroke patients, relying on routinely recorded vital signs, is desirable. The majority of the work done so far focuses on data recorded in ideal conditions and highly selected patients, and thus it is hardly exploitable in real-life settings, where it would be of actual use. In this paper, we propose a convolutional deep learning architecture able to reduce the temporal resolution of raw waveform data, like physiological signals, extracting key features that can be used for further processing. We exploit models based on such an architecture to detect OSAS events in stroke unit recordings obtained from the monitoring of unselected patients. Unlike existing approaches, annotations are performed at one-second granularity, allowing physicians to better interpret the model outcome. Results are considered to be satisfactory by the domain experts. Moreover, based on a widely-used benchmark, we show that the proposed approach outperforms current state-of-the-art solutions."
Digital biomarkers and artificial intelligence for mass diagnosis of atrial fibrillation in a population sample at risk of sleep disordered breathing,Armand Chocron; Roi Efraim; Franck Mandel; Michael Rueschman; Niclas Palmius; Thomas Penzel; Meyer Elbaz; Joachim A. Behar,2020,10.1088/1361-6579/abb8bf,arxiv,http://arxiv.org/abs/2007.14686v1,Individuals at risk of sleep-disordered breathing,Digital biomarkers and artificial intelligence for mass diagnosis of atrial fibrillation,N/A,Se=0.97; Sp=0.99; NPV=0.99; PPV=0.67; PPV non-inferior (p=0.03) for AHI > 15 versus AHI < 15; Over 22% of correctly identified prominent AF rhythm cases were not documented as AF,Observational study,0.9,"Atrial fibrillation (AF) is the most prevalent arrhythmia and is associated with a five-fold increase in stroke risk. Many individuals with AF go undetected. These individuals are often asymptomatic. There are ongoing debates on whether mass screening for AF is to be recommended. However, there is incentive in performing screening for specific at risk groups such as individuals suspected of sleep-disordered breathing where an important association between AF and obstructive sleep apnea (OSA) has been demonstrated. We introduce a new methodology leveraging digital biomarkers and recent advances in artificial intelligence (AI) for the purpose of mass AF diagnosis. We demonstrate the value of such methodology in a large population sample at risk of sleep disordered breathing. Four databases, totaling n=3,088 patients and p=26,913 hours of ECG raw data were used. Three of the databases (n=125, p=2,513) were used for training a machine learning model in recognizing AF events from beat-to-beat interval time series. The visit 1 of the sleep heart health study database (SHHS1, n=2,963, p=24,400) consists of overnight polysomnographic (PSG) recordings, and was considered as the test set. In SHHS1, expert inspection identified a total of 70 patients with a prominent AF rhythm. Model prediction on the SHHS1 showed an overall Se=0.97,Sp=0.99,NPV=0.99,PPV=0.67 in classifying individuals with or without prominent AF. PPV was non-inferior (p=0.03) for individuals with an apnea-hypopnea index (AHI) > 15 versus AHI < 15. Over 22% of correctly identified prominent AF rhythm cases were not documented as AF in the SHHS1. Individuals with prominent AF can be automatically diagnosed from an overnight single channel ECG recording, with an accuracy unaffected by the presence of OSA. AF detection from overnight ECG recording revealed a large proportion of undiagnosed AF and may enhance the phenotyping of OSA."
Deep learning-based NLP Data Pipeline for EHR Scanned Document Information Extraction,Enshuo Hsu; Ioannis Malagaris; Yong-Fang Kuo; Rizwana Sultana; Kirk Roberts,2021,10.1093/jamiaopen/ooac045,arxiv,http://arxiv.org/abs/2110.11864v1,955 manually annotated reports from scanned sleep study reports,"Deep learning-based NLP models (Clinical BERT, BiLSTM, etc.) and image preprocessing methods (gray-scaling, dilate & erode, increased contrast)",N/A,AUROC of 0.9743 and document accuracy of 94.76% for AHI; AUROC of 0.9523 and document accuracy of 91.61% for SaO2,Empirical study,0.9,"Scanned documents in electronic health records (EHR) have been a challenge for decades, and are expected to stay in the foreseeable future. Current approaches for processing often include image preprocessing, optical character recognition (OCR), and text mining. However, there is limited work that evaluates the choice of image preprocessing methods, the selection of NLP models, and the role of document layout. The impact of each element remains unknown. We evaluated this method on a use case of two key indicators for sleep apnea, Apnea hypopnea index (AHI) and oxygen saturation (SaO2) values, from scanned sleep study reports. Our data that included 955 manually annotated reports was secondarily utilized from a previous study in the University of Texas Medical Branch. We performed image preprocessing: gray-scaling followed by 1 iteration of dilating and erode, and 20% contrast increasing. The OCR was implemented with the Tesseract OCR engine. A total of seven Bag-of-Words models (Logistic Regression, Ridge Regression, Lasso Regression, Support Vector Machine, k-Nearest Neighbor, Naïve Bayes, and Random Forest) and three deep learning-based models (BiLSTM, BERT, and Clinical BERT) were evaluated. We also evaluated the combinations of image preprocessing methods (gray-scaling, dilate & erode, increased contrast by 20%, increased contrast by 60%), and two deep learning architectures (with and without structured input that provides document layout information). Our proposed method using Clinical BERT reached an AUROC of 0.9743 and document accuracy of 94.76% for AHI, and an AUROC of 0.9523, and document accuracy of 91.61% for SaO2. We demonstrated the proper use of image preprocessing and document layout could be beneficial to scanned document processing."
Diagnosis and Management of Obstructive Sleep Apnea,Daniel J. Gottlieb; Naresh M. Punjabi,2020,10.1001/jama.2020.3514,openalex,https://doi.org/10.1001/jama.2020.3514,Patients with obstructive sleep apnea (OSA),"Diagnosis and treatment methods for OSA including weight loss, exercise, positive airway pressure, oral appliances, surgical modification, and hypoglossal nerve stimulation",N/A,Prevalence of OSA; Risk of cardiovascular and metabolic disease; Sensitivity of home sleep apnea testing; Effectiveness of treatments on blood pressure; Impact on rates of cardiovascular or cerebrovascular events,Review,0.9,"Importance: Obstructive sleep apnea (OSA) affects 17% of women and 34% of men in the US and has a similar prevalence in other countries. This review provides an update on the diagnosis and treatment of OSA. Observations: The most common presenting symptom of OSA is excessive sleepiness, although this symptom is reported by as few as 15% to 50% of people with OSA in the general population. OSA is associated with a 2- to 3-fold increased risk of cardiovascular and metabolic disease. In many patients, OSA can be diagnosed with home sleep apnea testing, which has a sensitivity of approximately 80%. Effective treatments include weight loss and exercise, positive airway pressure, oral appliances that hold the jaw forward during sleep, and surgical modification of the pharyngeal soft tissues or facial skeleton to enlarge the upper airway. Hypoglossal nerve stimulation is effective in select patients with a body mass index less than 32. There are currently no effective pharmacological therapies. Treatment with positive airway pressure lowers blood pressure, especially in patients with resistant hypertension; however, randomized clinical trials of OSA treatment have not demonstrated significant benefit on rates of cardiovascular or cerebrovascular events. Conclusions and Relevance: OSA is common and the prevalence is increasing with the increased prevalence of obesity. Daytime sleepiness is among the most common symptoms, but many patients with OSA are asymptomatic. Patients with OSA who are asymptomatic, or whose symptoms are minimally bothersome and pose no apparent risk to driving safety, can be treated with behavioral measures, such as weight loss and exercise. Interventions such as positive airway pressure are recommended for those with excessive sleepiness and resistant hypertension. Managing asymptomatic OSA to reduce cardiovascular and cerebrovascular events is not currently supported by high-quality evidence."
Obstructive Sleep Apnea and Cardiovascular Disease: A Scientific Statement From the American Heart Association,Yerem Yeghiazarians; Hani Jneid; Jeremy Tietjens; Susan Redline; Devin L. Brown; Nabil El‐Sherif; Reena Mehra; Biykem Bozkurt; Chiadi E. Ndumele; Virend K. Somers,2021,10.1161/cir.0000000000000988,openalex,https://doi.org/10.1161/cir.0000000000000988,"middle-aged and older adults, particularly those with hypertension, heart failure, coronary artery disease, pulmonary hypertension, atrial fibrillation, and stroke","screening for obstructive sleep apnea (OSA) and treatment including behavioral modifications, weight loss, continuous positive airway pressure, and oral appliances",N/A,prevalence of OSA in patients with cardiovascular disease; recognition and treatment rates of OSA in cardiovascular practice; effectiveness of treatment for OSA,N/A,0.9,"Obstructive sleep apnea (OSA) is characterized by recurrent complete and partial upper airway obstructive events, resulting in intermittent hypoxemia, autonomic fluctuation, and sleep fragmentation. Approximately 34% and 17% of middle-aged men and women, respectively, meet the diagnostic criteria for OSA. Sleep disturbances are common and underdiagnosed among middle-aged and older adults, and the prevalence varies by race/ethnicity, sex, and obesity status. OSA prevalence is as high as 40% to 80% in patients with hypertension, heart failure, coronary artery disease, pulmonary hypertension, atrial fibrillation, and stroke. Despite its high prevalence in patients with heart disease and the vulnerability of cardiac patients to OSA-related stressors and adverse cardiovascular outcomes, OSA is often underrecognized and undertreated in cardiovascular practice. We recommend screening for OSA in patients with resistant/poorly controlled hypertension, pulmonary hypertension, and recurrent atrial fibrillation after either cardioversion or ablation. In patients with New York Heart Association class II to IV heart failure and suspicion of sleep-disordered breathing or excessive daytime sleepiness, a formal sleep assessment is reasonable. In patients with tachy-brady syndrome or ventricular tachycardia or survivors of sudden cardiac death in whom sleep apnea is suspected after a comprehensive sleep assessment, evaluation for sleep apnea should be considered. After stroke, clinical equipoise exists with respect to screening and treatment. Patients with nocturnally occurring angina, myocardial infarction, arrhythmias, or appropriate shocks from implanted cardioverter-defibrillators may be especially likely to have comorbid sleep apnea. All patients with OSA should be considered for treatment, including behavioral modifications and weight loss as indicated. Continuous positive airway pressure should be offered to patients with severe OSA, whereas oral appliances can be considered for those with mild to moderate OSA or for continuous positive airway pressure-intolerant patients. Follow-up sleep testing should be performed to assess the effectiveness of treatment."
Tirzepatide for the Treatment of Obstructive Sleep Apnea and Obesity,Atul Malhotra; Ronald R. Grunstein; Ingo Fietze; Terri E. Weaver; Susan Redline; Ali Azarbarzin; Scott A. Sands; Richard J Schwab; Julia P. Dunn; Sujatro Chakladar; Mathijs C. Bunck; Josef Bednařík,2024,10.1056/nejmoa2404881,openalex,https://doi.org/10.1056/nejmoa2404881,Adults with moderate-to-severe obstructive sleep apnea and obesity,Tirzepatide (10 mg or 15 mg),Placebo,Change in apnea-hypopnea index (AHI); Percent change in AHI; Change in body weight; Changes in hypoxic burden; Patient-reported sleep impairment and disturbance; High-sensitivity C-reactive protein (hsCRP) concentration; Systolic blood pressure,Randomized controlled trial,1,"BACKGROUND: Obstructive sleep apnea is characterized by disordered breathing during sleep and is associated with major cardiovascular complications; excess adiposity is an etiologic risk factor. Tirzepatide may be a potential treatment. METHODS: We conducted two phase 3, double-blind, randomized, controlled trials involving adults with moderate-to-severe obstructive sleep apnea and obesity. Participants who were not receiving treatment with positive airway pressure (PAP) at baseline were enrolled in trial 1, and those who were receiving PAP therapy at baseline were enrolled in trial 2. The participants were assigned in a 1:1 ratio to receive either the maximum tolerated dose of tirzepatide (10 mg or 15 mg) or placebo for 52 weeks. The primary end point was the change in the apnea-hypopnea index (AHI, the number of apneas and hypopneas during an hour of sleep) from baseline. Key multiplicity-controlled secondary end points included the percent change in AHI and body weight and changes in hypoxic burden, patient-reported sleep impairment and disturbance, high-sensitivity C-reactive protein (hsCRP) concentration, and systolic blood pressure. RESULTS: At baseline, the mean AHI was 51.5 events per hour in trial 1 and 49.5 events per hour in trial 2, and the mean body-mass index (BMI, the weight in kilograms divided by the square of the height in meters) was 39.1 and 38.7, respectively. In trial 1, the mean change in AHI at week 52 was -25.3 events per hour (95% confidence interval [CI], -29.3 to -21.2) with tirzepatide and -5.3 events per hour (95% CI, -9.4 to -1.1) with placebo, for an estimated treatment difference of -20.0 events per hour (95% CI, -25.8 to -14.2) (P<0.001). In trial 2, the mean change in AHI at week 52 was -29.3 events per hour (95% CI, -33.2 to -25.4) with tirzepatide and -5.5 events per hour (95% CI, -9.9 to -1.2) with placebo, for an estimated treatment difference of -23.8 events per hour (95% CI, -29.6 to -17.9) (P<0.001). Significant improvements in the measurements for all prespecified key secondary end points were observed with tirzepatide as compared with placebo. The most frequently reported adverse events with tirzepatide were gastrointestinal in nature and mostly mild to moderate in severity. CONCLUSIONS: Among persons with moderate-to-severe obstructive sleep apnea and obesity, tirzepatide reduced the AHI, body weight, hypoxic burden, hsCRP concentration, and systolic blood pressure and improved sleep-related patient-reported outcomes. (Funded by Eli Lilly; SURMOUNT-OSA ClinicalTrials.gov number, NCT05412004.)."
Metrics of sleep apnea severity: beyond the apnea-hypopnea index,Atul Malhotra; Indu Ayappa; Najib Ayas; Nancy A. Collop; Douglas B. Kirsch; Nigel McArdle; Reena Mehra; Allan I Pack; Naresh M. Punjabi; David P. White; Daniel J. Gottlieb,2021,10.1093/sleep/zsab030,openalex,https://doi.org/10.1093/sleep/zsab030,Individuals with obstructive sleep apnea (OSA),Metrics for assessing OSA severity,N/A,Predictive value of apnea-hypopnea index (AHI); Limitations of AHI; Alternative metrics for OSA severity; Future directions for OSA assessment,Literature review,0.9,"Obstructive sleep apnea (OSA) is thought to affect almost 1 billion people worldwide. OSA has well established cardiovascular and neurocognitive sequelae, although the optimal metric to assess its severity and/or potential response to therapy remains unclear. The apnea-hypopnea index (AHI) is well established; thus, we review its history and predictive value in various different clinical contexts. Although the AHI is often criticized for its limitations, it remains the best studied metric of OSA severity, albeit imperfect. We further review the potential value of alternative metrics including hypoxic burden, arousal intensity, odds ratio product, and cardiopulmonary coupling. We conclude with possible future directions to capture clinically meaningful OSA endophenotypes including the use of genetics, blood biomarkers, machine/deep learning and wearable technologies. Further research in OSA should be directed towards providing diagnostic and prognostic information to make the OSA diagnosis more accessible and to improving prognostic information regarding OSA consequences, in order to guide patient care and to help in the design of future clinical trials."
Acetazolamide for OSA and Central Sleep Apnea,Christopher N. Schmickl; Shane A. Landry; Jeremy E. Orr; Kazuo Chin; Kimihiko Murase; Johan Verbraecken; Shahrokh Javaheri; Bradley A. Edwards; Robert L. Owens; Atul Malhotra,2020,10.1016/j.chest.2020.06.078,openalex,https://doi.org/10.1016/j.chest.2020.06.078,Patients with Obstructive Sleep Apnea (OSA) and Central Sleep Apnea,Acetazolamide,N/A,N/A,N/A,0.7,
A comprehensive review of obstructive sleep apnea.,Anna Abbasil; Sushilkumar Satish Gupta; Nitin Sabharwal; Vineet Meghrajani; Shaurya Sharma; Stephan Kamholz; Yizhak Kupfer,2021,10.5935/1984-0063.20200056,openalex,https://pubmed.ncbi.nlm.nih.gov/34381578,Patients with obstructive sleep apnea (OSA),Management using continuous positive airway pressure (CPAP) or bi-level positive airway pressure (BiPAP) devices during sleep,N/A,Cardiovascular morbidity; Pulmonary manifestations; Neurocognitive morbidities,N/A,0.9,"Obstructive sleep apnea (OSA) is a complex disorder characterized by collapse of the upper airway during sleep. Downstream effects involve the cardiovascular, pulmonary, and neurocognitive systems. OSA is more prevalent in men than women. Clinical symptoms suggest the diagnosis of OSA but none is pathognomonic of the condition. With rising awareness of OSA and the increasing prevalence of obesity, OSA is increasingly recognized as a major contributor to cardiovascular morbidity including systemic and pulmonary arterial hypertension, heart failure, acute coronary syndromes, atrial fibrillation, and other arrhythmias. Pulmonary manifestations include the development of chronic thromboembolic disease, which can then lead to chronic thromboembolic pulmonary hypertension (CTEPH). Neurocognitive morbidities include stroke and neurobehavioral disorders. Screening for OSA includes the use of symptom questionnaires and the diagnosis is confirmed by polysomnography. Management primarily includes the use of continuous positive airway pressure (CPAP) or bi-level positive airway pressure (BiPAP) devices during sleep. Alternate options such as mandibular devices and surgical procedures are considered for certain patient populations."
"Multinight Prevalence, Variability, and Diagnostic Misclassification of Obstructive Sleep Apnea",Bastien Lechat; Ganesh Naik; Amy Reynolds; Atqiya Aishah; Hannah Scott; Kelly A. Loffler; Andrew Vakulin; Pierre Escourrou; R. Doug McEvoy; Robert J. Adams; Peter G. Catcheside; Danny J. Eckert,2021,10.1164/rccm.202107-1761oc,openalex,https://doi.org/10.1164/rccm.202107-1761oc,"Individuals aged between 18 and 90 years from a global, nonrandomly selected community sample","Multinight in-home monitoring using a novel, validated, under-mattress sleep analyzer",N/A,"Global prevalence of OSA: 22.6% (95% CI, 20.9–24.3%); Likelihood of misdiagnosis based on a single night’s AHI value: 20% to 50%; F1-score for 1-night monitoring: 0.77; F1-score for 14 nights monitoring: 0.94",Observational study,0.9,"Abstract Rationale Recent studies suggest that obstructive sleep apnea (OSA) severity can vary markedly from night to night, which may have important implications for diagnosis and management. Objectives This study aimed to assess OSA prevalence from multinight in-home recordings and the impact of night-to-night variability in OSA severity on diagnostic classification in a large, global, nonrandomly selected community sample from a consumer database of people that purchased a novel, validated, under-mattress sleep analyzer. Methods A total of 67,278 individuals aged between 18 and 90 years underwent in-home nightly monitoring over an average of approximately 170 nights per participant between July 2020 and March 2021. OSA was defined as a nightly mean apnea–hypopnea index (AHI) of more than 15 events/h. Outcomes were multinight global prevalence and likelihood of OSA misclassification from a single night’s AHI value. Measurements and Main Results More than 11.6 million nights of data were collected and analyzed. OSA global prevalence was 22.6% (95% confidence interval, 20.9–24.3%). The likelihood of misdiagnosis in people with OSA based on a single night ranged between approximately 20% and 50%. Misdiagnosis error rates decreased with increased monitoring nights (e.g., 1-night F1-score = 0.77 vs. 0.94 for 14 nights) and remained stable after 14 nights of monitoring. Conclusions Multinight in-home monitoring using novel, noninvasive under-mattress sensor technology indicates a global prevalence of moderate to severe OSA of approximately 20%, and that approximately 20% of people diagnosed with a single-night study may be misclassified. These findings highlight the need to consider night-to-night variation in OSA diagnosis and management."
The Sleep Apnea-Specific Hypoxic Burden Predicts Incident Heart Failure,Ali Azarbarzin; Scott A. Sands; Luigi Taranto‐Montemurro; Daniel Vena; Tamar Sofer; Sang‐Wook Kim; Katie L. Stone; David P. White; Andrew Wellman; Susan Redline,2020,10.1016/j.chest.2020.03.053,openalex,https://doi.org/10.1016/j.chest.2020.03.053,Patients with sleep apnea,Assessment of hypoxic burden,N/A,Prediction of incident heart failure,Cohort study,0.8,
"Sleep Apnea–Specific Hypoxic Burden, Symptom Subtypes, and Risk of Cardiovascular Events and All-Cause Mortality",Wojciech Trzepizur; Margaux Blanchard; Timothée Ganem; Frédéric Balusson; Mathieu Feuilloy; Jean-Marc Girault; Nicole Meslier; Emmanuel Oger; Audrey Paris; Thierry Pigeanne; Jean-Louis Racineux; AbdelKebir Sabil; Chloé Gervès-Pinquié; Frédéric Gagnadoux,2021,10.1164/rccm.202105-1274oc,openalex,https://doi.org/10.1164/rccm.202105-1274oc,patients with newly diagnosed obstructive sleep apnea (OSA) and no overt cardiovascular disease,OSA-specific hypoxic burden (HB) and symptom subtypes,N/A,major adverse cardiovascular events (MACE); all-cause mortality,Cohort study,0.9,"Abstract Rationale Data from population-based cohorts suggest that symptom subtypes and obstructive sleep apnea (OSA)–specific hypoxic burden (HB) could help to better identify patients with OSA at high cardiovascular (CV) risk. Objectives We aimed to evaluate whether those new markers are associated with the risk of major adverse CV events (MACE) in clinical setting. Methods Data from the Pays de la Loire cohort were linked to health administrative data to identify the occurrence of MACE (a composite outcome including all-cause mortality, acute myocardial infarction, stroke, and unplanned coronary revascularization) in patients with newly diagnosed OSA and no overt CV disease. Latent class analysis was used to identify subtypes based on eight clinically relevant variables. HB was defined as the total area under the respiratory event–related desaturation curve. Cox proportional hazards models were used to evaluate the association of symptom subtypes and HB with MACE. Measurements and Main Results Four symptom subtypes were identified (minimally symptomatic [22.0%], disturbed sleep [17.5%], excessively sleepy [49.8%], and moderately sleepy [10.6%]). After a median follow-up of 78 months (interquartile range, 52–109), 592 (11.05%) of 5,358 patients experienced MACE. In a fully adjusted model, HB and overall nocturnal hypoxemia assessed by sleep time with oxygen saturation <90% were the only predictors of MACE (hazard ratio, 1.21; 95% confidence interval, 1.07–1.38; and hazard ratio, 1.34; 95% confidence interval, 1.16–1.55, respectively). The association appeared stronger toward younger patients and women. Conclusion In clinical setting, patients with OSA who demonstrate elevated OSA-specific HB are at higher risk of a CV event and all-cause mortality. Symptom subtypes were not associated with MACE after adjustment for confounders."
Obstructive sleep apnea in developmental age. A narrative review,Anna Lo Bue; Adriana Salvaggio; Giuseppe Insalaco,2020,10.1007/s00431-019-03557-8,openalex,https://doi.org/10.1007/s00431-019-03557-8,children and adolescents with obstructive sleep apnea,N/A,N/A,N/A,N/A,0.9,
Prevalence of obstructive sleep apnea (OSA) among preschool aged children in the general population: A systematic review,Sólveig Magnúsdóttir; Elizabeth A. Hill,2023,10.1016/j.smrv.2023.101871,openalex,https://doi.org/10.1016/j.smrv.2023.101871,preschool aged children in the general population,N/A,N/A,N/A,systematic review,0.9,
Obstructive sleep apnea: transition from pathophysiology to an integrative disease model,Walter T. McNicholas; Dirk Pevernagie,2022,10.1111/jsr.13616,openalex,https://doi.org/10.1111/jsr.13616,Patients with obstructive sleep apnea (OSA),Therapies targeted at pathophysiological endotypes,N/A,Understanding of complex pathophysiology of OSA; Development of targeted therapies; Facilitation of precision medicine,N/A,0.8,"Obstructive sleep apnea (OSA) is characterised by recurring episodes of upper airway obstruction during sleep and the fundamental abnormality reflects the inability of the upper airway dilating muscles to withstand the negative forces generated within the upper airway during inspiration. Factors that result in narrowing of the oropharynx such as abnormal craniofacial anatomy, soft tissue accumulation in the neck, and rostral fluid shift in the recumbent position increase the collapsing forces within the airway. The counteracting forces of upper airway dilating muscles, especially the genioglossus, are negatively influenced by sleep onset, inadequacy of the genioglossus responsiveness, ventilatory instability, especially post arousal, and loop gain. OSA is frequently associated with comorbidities that include metabolic, cardiovascular, renal, pulmonary, and neuropsychiatric, and there is growing evidence of bidirectional relationships between OSA and comorbidity, especially for heart failure, metabolic syndrome, and stroke. A detailed understanding of the complex pathophysiology of OSA encourages the development of therapies targeted at pathophysiological endotypes and facilitates a move towards precision medicine as a potential alternative to continuous positive airway pressure therapy in selected patients."
Adenotonsillectomy for Snoring and Mild Sleep Apnea in Children,Susan Redline; Kaitlyn Cook; Ronald D. Chervin; Stacey L. Ishman; Cristina Baldassari; Ron B. Mitchell; Ignacio E. Tapia; Raouf Amin; Fauziya Hassan; Sally Ibrahim; Kristie Ross; Lisa M. Elden; Erin M. Kirkham; David A. Zopf; Jay Shah; Todd Otteson; Kamal Naqvi; Judith Owens; Lisa R. Young; Susan L. Furth; Heidi Connolly; Caron A. C. Clark; Jessie P. Bakker; Susan L. Garetz; Jerilynn Radcliffe; H. Gerry Taylor; Carol L. Rosen; Rui Wang; Pediatric Adenotonsillectomy Trial for Snoring (PATS) Study Team; Michael Rueschman; Meg Tully; Jean L. Arnold; Michelle Nicholson; Emily R Kaplan; Dan Mobley; Michael G. Morrical; Laurie Karamessinis; Michelle Ward; M.A. Cornaglia; Ruth Bradford; Alyssa M. Ciampaglia; Hayley Groubert; Erica Denallo; Rasal Rajashari; Morgan Pyzoha; Heather Rogers; K. Ingrid McKibben; Suzie Hicks; B Carter; Melodie Boh; K. Swegheimer; Stacey Niehaus; Emily Herresoff; Marianne Heffner; Judy Fetterolf; Bill Geal; Sarah R. Brand; Braden DeWeese; Libby Johnson; Kristin Brierly; Allison Jordan; Kacee Pavelka; Jay Sands; Ashley Szpara; Francesca Chambers; Laura Vargas; Constance Eshon; Florence George; Mary A. Martin; Vernell Sparks; Victoria A. Young; Laura S. Stone; A. R. sk Boykin; Emily I. Riggan; Thomas Boswick; Michael Bailey; Amanda Stetler; Addy Tham,2023,10.1001/jama.2023.22114,openalex,https://doi.org/10.1001/jama.2023.22114,459 children aged 3 to 12.9 years with snoring and an obstructive apnea-hypopnea index (AHI) less than 3,early adenotonsillectomy,watchful waiting,changes from baseline to 12 months for caregiver-reported Behavior Rating Inventory of Executive Function (BRIEF) Global Executive Composite (GEC) T score; GNG d-prime signal detection score; behavioral problems; sleepiness; symptoms; quality of life; systolic and diastolic blood pressure percentile levels; progression of the AHI to greater than 3 events/h,Randomized clinical trial,1,"Importance: The utility of adenotonsillectomy in children who have habitual snoring without frequent obstructive breathing events (mild sleep-disordered breathing [SDB]) is unknown. Objectives: To evaluate early adenotonsillectomy compared with watchful waiting and supportive care (watchful waiting) on neurodevelopmental, behavioral, health, and polysomnographic outcomes in children with mild SDB. Design, Setting, and Participants: Randomized clinical trial enrolling 459 children aged 3 to 12.9 years with snoring and an obstructive apnea-hypopnea index (AHI) less than 3 enrolled at 7 US academic sleep centers from June 29, 2016, to February 1, 2021, and followed up for 12 months. Intervention: Participants were randomized 1:1 to either early adenotonsillectomy (n = 231) or watchful waiting (n = 228). Main Outcomes and Measures: The 2 primary outcomes were changes from baseline to 12 months for caregiver-reported Behavior Rating Inventory of Executive Function (BRIEF) Global Executive Composite (GEC) T score, a measure of executive function; and a computerized test of attention, the Go/No-go (GNG) test d-prime signal detection score, reflecting the probability of response to target vs nontarget stimuli. Twenty-two secondary outcomes included 12-month changes in neurodevelopmental, behavioral, quality of life, sleep, and health outcomes. Results: Of the 458 participants in the analyzed sample (231 adenotonsillectomy and 237 watchful waiting; mean age, 6.1 years; 230 female [50%]; 123 Black/African American [26.9%]; 75 Hispanic [16.3%]; median AHI, 0.5 [IQR, 0.2-1.1]), 394 children (86%) completed 12-month follow-up visits. There were no statistically significant differences in change from baseline between the 2 groups in executive function (BRIEF GEC T-scores: -3.1 for adenotonsillectomy vs -1.9 for watchful waiting; difference, -0.96 [95% CI, -2.66 to 0.74]) or attention (GNG d-prime scores: 0.2 for adenotonsillectomy vs 0.1 for watchful waiting; difference, 0.05 [95% CI, -0.18 to 0.27]) at 12 months. Behavioral problems, sleepiness, symptoms, and quality of life each improved more with adenotonsillectomy than with watchful waiting. Adenotonsillectomy was associated with a greater 12-month decline in systolic and diastolic blood pressure percentile levels (difference in changes, -9.02 [97% CI, -15.49 to -2.54] and -6.52 [97% CI, -11.59 to -1.45], respectively) and less progression of the AHI to greater than 3 events/h (1.3% of children in the adenotonsillectomy group compared with 13.2% in the watchful waiting group; difference, -11.2% [97% CI, -17.5% to -4.9%]). Six children (2.7%) experienced a serious adverse event associated with adenotonsillectomy. Conclusions: In children with mild SDB, adenotonsillectomy, compared with watchful waiting, did not significantly improve executive function or attention at 12 months. However, children with adenotonsillectomy had improved secondary outcomes, including behavior, symptoms, and quality of life and decreased blood pressure, at 12-month follow-up. Trial Registration: ClinicalTrials.gov Identifier: NCT02562040."
Effect of an Interdisciplinary Weight Loss and Lifestyle Intervention on Obstructive Sleep Apnea Severity,Almudena Carneiro‐Barrera; Francisco J. Amaro‐Gahete; Alejandro Guillén‐Riquelme; Lucas Jurado‐Fasoli; Germán Sáez-Roca; Carlos Martín-Carrasco; Gualberto Buela‐Casal; Jonatan R. Ruiz,2022,10.1001/jamanetworkopen.2022.8212,openalex,https://doi.org/10.1001/jamanetworkopen.2022.8212,89 Spanish men aged 18 to 65 years with moderate to severe OSA and a body mass index of 25 or greater receiving CPAP therapy,"8-week weight loss and lifestyle intervention involving nutritional behavior change, aerobic exercise, sleep hygiene, and alcohol and tobacco cessation combined with usual care",usual care (CPAP therapy),change in apnea-hypopnea index (AHI); changes in other OSA sleep-related outcomes; body weight and composition; cardiometabolic risk; health-related quality of life,RCT,1,"Importance: Obesity is the leading cause of obstructive sleep apnea (OSA); however, the effects of weight loss and lifestyle interventions on OSA and comorbidities remain uncertain. Objective: To evaluate the effect of an interdisciplinary weight loss and lifestyle intervention on OSA and comorbidities among adults with moderate to severe OSA and overweight or obesity. Design, Setting, and Participants: The Interdisciplinary Weight Loss and Lifestyle Intervention for OSA (INTERAPNEA) study was a parallel-group open-label randomized clinical trial conducted at a hospital-based referral center in Granada, Spain, from April 1, 2019, to October 23, 2020. The study enrolled 89 Spanish men aged 18 to 65 years with moderate to severe OSA and a body mass index (calculated as weight in kilograms divided by height in meters squared) of 25 or greater who were receiving continuous positive airway pressure (CPAP) therapy. The sole inclusion of men was based on the higher incidence and prevalence of OSA in this population, the differences in OSA phenotypes between men and women, and the known effectiveness of weight loss interventions among men vs women. Interventions: Participants were randomized to receive usual care (CPAP therapy) or an 8-week weight loss and lifestyle intervention involving nutritional behavior change, aerobic exercise, sleep hygiene, and alcohol and tobacco cessation combined with usual care. Main Outcomes and Measures: The primary end point was the change in the apnea-hypopnea index (AHI) from baseline to the intervention end point (8 weeks) and 6 months after intervention. Secondary end points comprised changes in other OSA sleep-related outcomes, body weight and composition, cardiometabolic risk, and health-related quality of life. Results: Among 89 men (mean [SD] age, 54.1 [8.0] years; all of Spanish ethnicity; mean [SD] AHI, 41.3 [22.2] events/h), 49 were randomized to the control group and 40 were randomized to the intervention group. The intervention group had a greater decrease in AHI (51% reduction; change, -21.2 events/h; 95% CI, -25.4 to -16.9 events/h) than the control group (change, 2.5 events/h; 95% CI, -2.0 to 6.9 events/h) at the intervention end point, with a mean between-group difference of -23.6 events/h (95% CI, -28.7 to -18.5 events/h). At 6 months after intervention, the reduction in AHI was 57% in the intervention group, with a mean between-group difference of -23.8 events/h (95% CI, -28.3 to -19.3 events/h). In the intervention group, 18 of 40 participants (45.0%) no longer required CPAP therapy at the intervention end point, and 6 of 40 participants (15.0%) attained complete OSA remission. At 6 months after intervention, 21 of 34 participants (61.8%) no longer required CPAP therapy, and complete remission of OSA was attained by 10 of 34 participants (29.4%). In the intervention vs control group, greater improvements in body weight (change, -7.1 kg [95% CI, -8.6 to -5.5 kg] vs -0.3 kg [95% CI, -1.9 to 1.4 kg]) and composition (eg, change in fat mass, -2.9 kg [95% CI, -4.5 to -1.3 kg] vs 1.4 kg [95% CI, -0.3 to 3.1 kg]), cardiometabolic risk (eg, change in blood pressure, -6.5 mm Hg [95% CI, -10.3 to -2.6 mm Hg] vs 2.2 mm Hg [95% CI, -2.1 to 6.6 mm Hg]), and health-related quality of life (eg, change in Sleep Apnea Quality of Life Index, 0.8 points [95% CI, 0.5-1.1 points] vs 0.1 points [95% CI, -0.3 to 0.4 points]) were also found at the intervention end point. Conclusions and Relevance: In this study, an interdisciplinary weight loss and lifestyle intervention involving Spanish men with moderate to severe OSA and had overweight or obesity and were receiving CPAP therapy resulted in clinically meaningful and sustainable improvements in OSA severity and comorbidities as well as health-related quality of life. This approach may therefore be considered as a central strategy to address the substantial impact of this increasingly common sleep-disordered breathing condition. Trial Registration: ClinicalTrials.gov Identifier: NCT03851653."
Sleep Apnea and Stroke,Laavanya Dharmakulaseelan; Mark I. Boulos,2024,10.1016/j.chest.2024.04.028,openalex,https://doi.org/10.1016/j.chest.2024.04.028,Patients with sleep apnea,Assessment of the relationship between sleep apnea and stroke,N/A,N/A,N/A,0.5,
Treatment options in obstructive sleep apnea,Francesco Gambino; Marta Zammuto; Alessandro Virzì; Giosafat Conti; Maria R. Bonsignore,2022,10.1007/s11739-022-02983-1,openalex,https://doi.org/10.1007/s11739-022-02983-1,patients with obstructive sleep apnea (OSA),"CPAP therapy, weight loss, lifestyle modifications, mandibular advancement devices (MAD), positional therapy (PT), hypoglossal nerve stimulation (HSN)",N/A,efficacy on AHI; symptoms; comorbidities; adherence; costs,N/A,0.9,"Treatment of OSA with CPAP is currently the recommended treatment and has the greatest evidence of efficacy on AHI, symptoms and comorbidities. Symptomatic patients with moderate-severe OSA generally have good adherence to CPAP therapy, while those with mild OSA, female, young and generally paucisymptomatic, have lower CPAP adherence, especially in the medium and long term. The recent identification of different clinical and pathophysiological phenotypes of OSA has paved the way for alternative treatments to CPAP, leading to an increasingly personalized therapy. Weight loss and lifestyle modifications are highly recommended in all obese or overweight patients. Mandibular advancement devices (MAD), positional therapy (PT) and hypoglossal nerve stimulation (HSN) are recent and personalized alternative therapies on which there is promising and encouraging data but with still little strong scientific evidence. The purpose of this review is to compare the efficacy, adherence and costs of various therapeutic options for OSA patients in the light of recent evidence and to provide useful guidance for specialists."
Trials in Sleep Apnea and Stroke,Mark I. Boulos; Laavanya Dharmakulaseelan; Devin L. Brown; Richard H. Swartz,2020,10.1161/strokeaha.120.031709,openalex,https://doi.org/10.1161/strokeaha.120.031709,poststroke obstructive sleep apnea (OSA) patients,continuous positive airway pressure (CPAP),N/A,recurrent vascular events; mortality; stroke-free survival,RCT,0.9,"Few randomized controlled trials have evaluated the effectiveness of continuous positive airway pressure (CPAP) in reducing recurrent vascular events and mortality in poststroke obstructive sleep apnea (OSA). To date, results have been mixed, most studies were underpowered and definitive conclusions are not available. Using lessons learned from prior negative trials in stroke, we reappraise prior randomized controlled trials that examined the use of CPAP in treating poststroke OSA and propose the following considerations: (1) Intervention-based changes, such as ensuring that patients are using CPAP for at least 4 hours per night (eg, through use of improvements in CPAP technology that make it easier for patients to use), as well as considering alternative treatment strategies for poststroke OSA; (2) Population-based changes (ie, including stroke patients with severe and symptomatic OSA and CPAP noncompliers); and (3) Changes to timing of intervention and follow-up (ie, early initiation of CPAP therapy within the first 48 hours of stroke and long-term follow-up calculated in accordance with sample size to ensure adequate power). Given the burden of vascular morbidity and mortality in stroke patients with OSA, there is a strong need to learn from past negative trials and explore innovative stroke prevention strategies to improve stroke-free survival."
"Interactions of Obstructive Sleep Apnea With the Pathophysiology of Cardiovascular Disease, Part 1",Shahrokh Javaheri; Shahrokh Javaheri; Sogol Javaheri; Sogol Javaheri; Virend K. Somers; David Gozal; Babak Mokhlesi; Reena Mehra; Walter T. McNicholas; Phyllis C Zee; Francisco Campos‐Rodríguez; Miguel Ángel Martínez‐García; Peter A. Cistulli; Atul Malhotra,2024,10.1016/j.jacc.2024.02.059,openalex,https://doi.org/10.1016/j.jacc.2024.02.059,Patients with obstructive sleep apnea and cardiovascular disease,Interactions of obstructive sleep apnea with cardiovascular disease pathophysiology,N/A,N/A,N/A,0.8,
Effects of Weight Loss on Obstructive Sleep Apnea Severity. Ten-Year Results of the Sleep AHEAD Study,Samuel T. Kuna; David M. Reboussin; Elsa S. Strotmeyer; Richard P. Millman; Gary Zammit; Michael P. Walkup; Thomas A. Wadden; Rena R. Wing; F. Xavier Pi‐Sunyer; Adam P. Spira; Gary D. Foster,2020,10.1164/rccm.201912-2511oc,openalex,https://doi.org/10.1164/rccm.201912-2511oc,"134 adults with overweight/obesity, type 2 diabetes mellitus, and obstructive sleep apnea (OSA)",intensive lifestyle intervention (ILI) for weight loss,diabetes support and education (DSE),"Change in apnea–hypopnea index (AHI); Mean weight loss at 1, 2, 4, and 10 years; OSA remission at 10 years",Cohort study,0.9,"Abstract Rationale Weight loss is recommended to treat obstructive sleep apnea (OSA). Objectives To determine whether the initial benefit of intensive lifestyle intervention (ILI) for weight loss on OSA severity is maintained at 10 years. Methods Ten-year follow-up polysomnograms of 134 of 264 adults in Sleep AHEAD (Action for Health in Diabetes) with overweight/obesity, type 2 diabetes mellitus, and OSA were randomized to ILI for weight loss or diabetes support and education (DSE). Measurements and Main Results Change in apnea–hypopnea index (AHI) was measured. Mean ± SE weight losses of ILI participants of 10.7 ± 0.7, 7.4 ± 0.7, 5.1 ± 0.7, and 7.1 ± 0.8 kg at 1, 2, 4, and 10 years, respectively, were significantly greater than the 1-kg weight loss at 1, 2, and 4 years and 3.5 ± 0.8 kg weight loss at 10 years for the DSE group (P values ≤ 0.0001). AHI was lower with ILI than DSE by 9.7, 8.0, and 7.9 events/h at 1, 2, and 4 years, respectively (P values ≤ 0.0004), and 4.0 events/h at 10 years (P = 0.109). Change in AHI over time was related to amount of weight loss, baseline AHI, visit year (P values &amp;lt; 0.0001), and intervention independent of weight change (P = 0.01). OSA remission at 10 years was more common with ILI (34.4%) than DSE (22.2%). Conclusions Participants with OSA and type 2 diabetes mellitus receiving ILI for weight loss had reduced OSA severity at 10 years. No difference in OSA severity was present between ILI and DSE groups at 10 years. Improvement in OSA severity over the 10-year period with ILI was related to change in body weight, baseline AHI, and intervention independent of weight change."
"Obstructive sleep apnea and stroke: The mechanisms, the randomized trials, and the road ahead",Shahrokh Javaheri; Yüksel Peker; H. Klar Yaggi; Claudio L. Bassetti,2021,10.1016/j.smrv.2021.101568,openalex,https://doi.org/10.1016/j.smrv.2021.101568,Patients with obstructive sleep apnea,Various treatments for obstructive sleep apnea,N/A,Mechanisms linking obstructive sleep apnea and stroke; Results from randomized trials; Future directions for research,Systematic review,0.8,
The Value of Oxygen Desaturation Index for Diagnosing Obstructive Sleep Apnea: A Systematic Review,Nur Rashid; Soroush Zaghi; Marcelo Scapuccin; Macario Camacho; Victor Certal; Robson Capasso,2020,10.1002/lary.28663,openalex,https://doi.org/10.1002/lary.28663,adult patients with obstructive sleep apnea (OSA),oxygen desaturation index (ODI),apnea-hypopnea index (AHI),sensitivity ranged from 32% to 98.5%; specificity ranged from 47.7% to 98%; specificity for diagnosing OSA ranged from 75% to 98% for 4% ODI ≥ 15 events/hour; positive predictive value of 97% reported in one study,Systematic Review,0.9,"OBJECTIVES: Intermittent hypoxemia is a risk factor for developing complications in obstructive sleep apnea (OSA) patients. The objective of this systematic review was to identify articles evaluating the accuracy of the oxygen desaturation index (ODI) as compared with the apnea-hypopnea index (AHI) and then provide possible values to use as a cutoff for diagnosing adult OSA. STUDY DESIGN: Systematic Review of Literature. METHODS: PubMed, the Cochrane Library, and SCOPUS databases were searched through November 2019. RESULTS: , and AHI range: 0.5-62 events/hour). Five studies compared ODI and AHI simultaneously, and three had a week to months between assessments. Sensitivities ranged from 32% to 98.5%, whereas specificities ranged from 47.7% to 98%. Significant heterogeneity was present; however, for studies reporting data for a 4% ODI ≥ 15 events/hour, the specificity for diagnosing OSA ranged from 75% to 98%, and only one study reported the positive predictive value, which was 97%. Direct ODI and AHI comparisons were not made because of different hypopnea scoring, different oxygen desaturation categories, and different criteria for grading OSA severity. CONCLUSION: Significant heterogeneity exists in studies comparing ODI and AHI. Based on currently published studies, consideration should be given for diagnosing adult OSA with a 4% ODI of ≥ 15 events/hour and for recommending further evaluation for diagnosing OSA with a 4% ODI ≥ 10 events/hour. Screening with oximetry may be indicated for the detection of OSA in select patients. Further study is needed before a definitive recommendation can be made. Laryngoscope, 131:440-447, 2021."
Variability and Misclassification of Sleep Apnea Severity Based on Multi-Night Testing,Naresh M. Punjabi; Susheel P. Patil; Ciprian M. Crainiceanu; R. Nisha Aurora,2020,10.1016/j.chest.2020.01.039,openalex,https://doi.org/10.1016/j.chest.2020.01.039,Individuals undergoing multi-night testing for sleep apnea,Multi-night testing for sleep apnea severity,N/A,Variability in sleep apnea severity classification; Misclassification rates of sleep apnea severity,Observational study,0.8,
Endotypic Mechanisms of Successful Hypoglossal Nerve Stimulation for Obstructive Sleep Apnea,Sara Op de Beeck; Andrew Wellman; Marijke Dieltjens; Kingman P. Strohl; Marc Willemen; Paul Van de Heyning; Johan Verbraecken; Olivier M. Vanderveken; Scott A. Sands,2020,10.1164/rccm.202006-2176oc,openalex,https://doi.org/10.1164/rccm.202006-2176oc,Patients with obstructive sleep apnea (OSA),Hypoglossal nerve stimulation (HGNS) therapy,N/A,"Reduction in apnea-hypopnea index (AHI) from 30.7 to 8.5 events/h (P < 0.0001); 53/91 patients were responders; Higher arousal threshold associated with favorable response (odds ratio: 6.76, P = 0.001); Greater compensation associated with favorable response (odds ratio: 4.22, P = 0.004); Lower loop gain associated with favorable response (P = 0.003); Predicted responders had lower treatment AHI (4.9 vs. 20.7, P < 0.0001)",Logistic regression analysis,0.9,"Abstract Rationale Approximately one-third of patients with obstructive sleep apnea (OSA) treated with hypoglossal nerve stimulation (HGNS) therapy are incomplete responders, despite careful patient selection based on baseline characteristics and drug-induced sleep endoscopy. Objectives Here we use polysomnographic endotyping to assess the pathophysiological mechanisms underlying favorable versus incomplete responses to HGNS therapy. Methods Baseline polysomnography data of the STAR (Stimulation Therapy for Apnea Reduction) trial were included. Raw baseline polysomnographic data from 91/126 patients were available for analysis. Traits—loop gain, arousal threshold, collapsibility, and muscle compensation—were calculated from the baseline polysomnography data according to Sands and colleagues (AJRCCM 2018, SLEEP 2018). Logistic regression assessed apnea–hypopnea index (AHI)-adjusted associations between HGNS response (&amp;gt;50% reduction in AHI to &amp;lt;10/h at 1 yr) and OSA traits. Measurements and Main Results Overall, HGNS treatment reduced AHI from 30.7 (24.9–39.9) to 8.5 (4.0–19.5) events/h (P &amp;lt; 0.0001; median [quartiles 1–3]); N = 53/91 were responders. In adjusted analysis, a favorable response to therapy was independently associated with higher arousal threshold (odds ratio [95% confidence interval]: 6.76 [2.44–23.3], P = 0.001), greater compensation (odds ratio: 4.22 [1.70–12.55] per SD, P = 0.004), and lower loop gain (in milder collapsibility, per significant interaction, P = 0.003). The higher arousal threshold was evident in responders before adjusted analysis. Predicted responders had an approximately fourfold lower treatment AHI versus predicted nonresponders (4.9 [2.7–8.5] vs. 20.7 [10.9–29.7], P &amp;lt; 0.0001; median [quartiles 1–3]); differences remained significant after cross-validation. Conclusions Favorable responses to HGNS therapy are associated with the pathophysiological traits causing OSA, particularly a higher arousal threshold. Along with established criteria, individuals with favorable traits could potentially be prioritized for precision HGNS therapy. This analysis was a secondary analysis of the STAR trial registered with clinicaltrials.gov (NCT01161420)."
"Positive Airway Pressure Adherence, Mortality, and Cardiovascular Events in Patients with Sleep Apnea",Chloé Gervès‐Pinquié; Sébastien Bailly; François Goupil; Thierry Pigeanne; Sandrine Launois; Laurène Leclair‐Visonneau; Philippe Masson; Acya Bizieux‐Thaminy; Margaux Blanchard; Abdelkebir Sabil; Dany Jaffuel; Jean-Louis Racineux; Wojciech Trzépizur; Frédéric Gagnadoux,2022,10.1164/rccm.202202-0366oc,openalex,https://doi.org/10.1164/rccm.202202-0366oc,Patients with obstructive sleep apnea (OSA),Positive airway pressure (PAP) therapy,Nonadherent patients (0–4 h/night),Mortality; Major adverse cardiovascular events (MACEs); Stroke; Cardiac diseases,Cohort study,0.9,"Abstract Rationale Randomized controlled trials showed no effect of positive airway pressure (PAP) therapy for obstructive sleep apnea (OSA) on cardiovascular (CV) risk. However, patient selection and low PAP adherence preclude the generalization of their data to clinical samples. Objectives To evaluate the association between hours of PAP use, mortality, and CV morbidity in real-life conditions. Methods Data from the Pays de la Loire Cohort were linked to health administrative data to identify incident major adverse cardiovascular events (MACEs; a composite outcome of mortality, stroke, and cardiac diseases) in patients with OSA who were prescribed PAP. Cox proportional hazards analyses were conducted to evaluate the association between MACEs and quartiles of average daily PAP use over the study period. Measurements and Main Results After a median follow-up of 6.6 years, 961 of 5,138 patients experienced MACEs. Considering nonadherent patients (0–4 h/night) as the reference group, adjusted hazard ratios (95% confidence intervals) for MACEs were 0.87 (0.73–1.04) for the 4–6 h/night group, 0.75 (0.62–0.92) for the 6–7 h/night group, and 0.78 (0.65–0.93) for the ⩾7 h/night group (P = 0.0130). Sensitivity analyses using causal inference approaches confirmed the association of PAP use with MACEs. The association was stronger in male patients (P value for interaction = 0.0004), patients without overt CV disease at diagnosis (P &amp;lt; 0.0001), and those belonging to the excessively sleepy symptom subtype (P = 0.060). Conclusions These real-life clinical data demonstrate a dose–response relationship between PAP adherence and incident MACEs in OSA. Patient support programs may help improve PAP adherence and CV outcomes in patients with OSA."
Mini-implant assisted rapid palatal expansion (MARPE) effects on adult obstructive sleep apnea (OSA) and quality of life: a multi-center prospective controlled trial,Daniel Paludo Brunetto; Christoph Moschik; Ramon Dominguez-Mompell; Eliza Jaria; Eduardo Franzotti Sant’Anna; Won Moon,2022,10.1186/s40510-021-00397-x,openalex,https://doi.org/10.1186/s40510-021-00397-x,non-obese adult OSA patients with transverse maxillary deficiency,Mini-implant assisted rapid palatal expansion (MARPE),control group,daytime sleepiness (EES); OSA-related quality of life (QSQ); apnea/hypopnea index (AHI); mean oxygen saturation; snoring duration,Controlled trial,0.9,"INTRODUCTION: Transverse maxillary deficiency is a high prevalent growth disorder within the adult population that may lead to serious health issues, such as detrimental malocclusions and higher risk of developing obstructive sleep apnea (OSA). Mini-implant assisted rapid palatal expansion (MARPE), as it expands the mid-face and augment the nasal and oral cavities dimensions, may reduce the airflow resistance and thus play an important role on OSA therapy in some patients. The main objective of the present trial is to assess MARPE effects on the sleep and quality of life of non-obese adult OSA patients with transverse maxillary deficiency. METHODS: A total of 32 participants were divided into intervention and control groups. They underwent physical evaluation, Epworth Sleepiness Scale (EES) and Quebec Sleep Questionnaire (QSQ), cone-beam computed tomography (CBCT) and home sleep testing (HST) for OSA before MARPE (T1) and 6 months after the intervention (T2). RESULTS: Questionnaires EES (daytime sleepiness) and QSQ (OSA-related quality of life) presented significant statistical differences between the groups. We also found clinical and statistical (p < 0.01) differences between the groups regarding the apnea/hypopnea index (AHI), as well as others HST parameters (mean oxygen saturation and snoring duration). CONCLUSION: In our sample, MARPE (without any auxiliary osteotomy) showed a good success rate (85%) and promoted important occlusal and respiratory benefits. We observed important daytime sleepiness and OSA-related quality of life improvement, as well as the AHI (65.3%), oxygen saturation and snoring duration."
The effect of obstructive sleep apnea on the increased risk of cardiovascular disease: a systematic review and meta-analysis,Nader Salari; Habibolah Khazaie; Maryam Abolfathi; Hooman Ghasemi; Shervin Shabani; Shna Rasoulpoor; Masoud Mohammadi; Shabnam Rasoulpoor; Behnam Khaledi‐Paveh,2021,10.1007/s10072-021-05765-3,openalex,https://doi.org/10.1007/s10072-021-05765-3,Patients with obstructive sleep apnea,Obstructive sleep apnea,N/A,Increased risk of cardiovascular disease,Meta-analysis,0.9,
Detection of sleep apnea using deep neural networks and single-lead ECG signals,Asghar Zarei; Hossein Beheshti; Babak Mohammadzadeh Asl,2021,10.1016/j.bspc.2021.103125,openalex,https://doi.org/10.1016/j.bspc.2021.103125,Patients with sleep apnea,Deep neural networks for detecting sleep apnea using single-lead ECG signals,N/A,Detection accuracy; Sensitivity; Specificity,Observational study,0.8,
Sleep Spindle Characteristics in Obstructive Sleep Apnea Syndrome (OSAS),Hiwa Mohammadi; Ardalan Aarabi; Mohammad Rezaei; Habibolah Khazaie; Serge Brand,2021,10.3389/fneur.2021.598632,openalex,https://doi.org/10.3389/fneur.2021.598632,Adults diagnosed with Obstructive Sleep Apnea Syndrome (OSAS) and healthy controls,Whole night polysomnography,Healthy controls,Sleep spindle density in N2 and N3; Sleep spindle duration in N2; AHI associated with sleep spindle duration,Observational study,0.9,"Background: We compared the density and duration of sleep spindles topographically in stage 2 and 3 of non-rapid eye movement sleep (N2 and N3) among adults diagnosed with Obstructive Sleep Apnea Syndrome (OSAS) and healthy controls. Materials and Methods: Thirty-one individuals with OSAS (mean age: 48.50 years) and 23 healthy controls took part in the study. All participants underwent a whole night polysomnography. Additionally, those with OSAS were divided into mild, moderate and severe cases of OSAS. Results: For N2, sleep spindle density did not significantly differ between participants with and without OSAS, or among those with mild, moderate and severe OSAS. For N3, post-hoc analyses revealed significantly higher spindle densities in healthy controls and individuals with mild OSAS than in those with moderate or severe OSAS. Last, in N2 a higher AHI was associated with a shorter sleep spindle duration. Conclusion: OSAS is associated with a significantly lower spindle density in N3 and a shorter spindle duration in N2. Our results also revealed that, in contrast to moderate and severe OSAS, the sleep spindle characteristics of individuals with mild OSAS were very similar to those of healthy controls."
Targeted Hypoglossal Nerve Stimulation for Patients With Obstructive Sleep Apnea,Alan R. Schwartz; Ofer Jacobowitz; David W. Eisele; Samuel A. Mickelson; Mitchell B. Miller; Arie Oliven; Victor Certal; Martin L. Hopp; David Winslow; Tod Huntley; Nathan E. Nachlas; Luu V. Pham; M. Boyd Gillespie; Brian H. Weeks; Eric G. Lovett; John Paul Shen; Atul Malhotra; Joachim T. Maurer,2023,10.1001/jamaoto.2023.0161,openalex,https://doi.org/10.1001/jamaoto.2023.0161,138 patients with moderate to severe obstructive sleep apnea (OSA) with an apnea-hypopnea index (AHI) of 20 to 65 events per hour and body mass index of 35 or less,Targeted hypoglossal nerve stimulation (THN),Randomized 2:1 to activation at month 1 (treatment) or month 4 (control),AHI responder rates (RRs); oxygen desaturation index (ODI) responder rates (RRs); sleep apnea severity (AHI and ODI); Epworth Sleepiness Scale; Functional Outcomes of Sleep Questionnaire; EQ-5D visual analog scale,Randomized clinical trial,0.9,"Importance: Evidence is lacking from randomized clinical trials of hypoglossal nerve stimulation in obstructive sleep apnea (OSA). Objective: To evaluate the safety and effectiveness of targeted hypoglossal nerve stimulation (THN) of the proximal hypoglossal nerve in patients with OSA. Design, Setting, and Participants: This randomized clinical trial (THN3) was conducted at 20 centers and included 138 patients with moderate to severe OSA with an apnea-hypopnea index (AHI) of 20 to 65 events per hour and body mass index (calculated as weight in kilograms divided by height in meters squared) of 35 or less. The trial was conducted from May 2015 through June 2018. Data were analyzed from January 2022 through January 2023. Intervention: Implant with THN system; randomized 2:1 to activation at month 1 (treatment) or month 4 (control). All received 11 months of THN with follow-up at months 12 and 15, respectively. Main Outcomes and Measures: Primary effectiveness end points comprised AHI and oxygen desaturation index (ODI) responder rates (RRs). Treatment responses at months 4 and 12/15 were defined as a 50% or greater reduction in AHI to 20 or less per hour and an ODI decrease of 25% or greater. Coprimary end points comprised (1) month 4 AHI and ODI RR in the treatment greater than the control group and (2) month 12/15 AHI and ODI RR in the entire cohort exceeding 50%. Secondary end points included sleep apnea severity (AHI and ODI) and patient-reported outcomes (Epworth Sleepiness Scale, Functional Outcomes of Sleep Questionnaire, and EQ-5D visual analog scale). Results: Among 138 participants, the mean (SD) age was 56 (9) years, and 19 (13.8%) were women. Month 4 THN RRs were substantially greater in those in the treatment vs control group (AHI, 52.3% vs 19.6%; ODI, 62.5% vs 41.3%, respectively) with treatment-control standardized mean differences of 0.725 (95% CI, 0.360-1.163) and 0.434 (95% CI, 0.070-0.843) for AHI and ODI RRs, respectively. Months 12/15 RRs were 42.5% and 60.4% for AHI and ODI, respectively. Improvements in AHI, ODI, Epworth Sleepiness Scale, Functional Outcomes of Sleep Questionnaire, and EQ-5D visual analog scale scores were all clinically meaningful (medium to large effect size). Two serious adverse events and 100 nonserious related adverse events were observed from the implant procedure or study protocol. Conclusions and Relevance: This randomized clinical trial found that THN demonstrated improvements in sleep apnea, sleepiness, and quality of life in patients with OSAs over an extended AHI and body mass index range without prior knowledge of pharyngeal collapse pattern. Clinically meaningful improvements in AHI and patient-reported responses compared favorably with those of distal hypoglossal nerve stimulation trials, although clinically meaningful differences were not definitive for ODI. Trial Registration: ClinicalTrials.gov Identifier: NCT02263859."
Impact of CPAP on the Atrial Fibrillation Substrate in Obstructive Sleep Apnea,C. Nalliah; G. Wong; Geoffrey Lee; Aleksandr Voskoboinik; Kirk Kee; Jeremy Goldin; Troy Watts; Dominik Linz; Ramanathan Parameswaran; Hariharan Sugumar; Sandeep Prabhu; A. McLellan; Liang‐Han Ling; Stephen Joseph; Joseph B. Morton; Peter M. Kistler; Prashanthan Sanders; Jonathan M. Kalman,2022,10.1016/j.jacep.2022.04.015,openalex,https://doi.org/10.1016/j.jacep.2022.04.015,Patients with Obstructive Sleep Apnea and Atrial Fibrillation,Continuous Positive Airway Pressure (CPAP) therapy,N/A,Impact on Atrial Fibrillation substrate; Reduction in Atrial Fibrillation episodes,Observational study,0.8,
Association Between Risk of Obstructive Sleep Apnea and Cerebrovascular Reactivity in Stroke Patients,Renan Carvalho Castello Branco; Thiago Cerqueira‐Silva; Alisson Lima Andrade; Beatriz Gonçalves; Camila B. Pereira; Iuri Ferreira Félix; Leila S. B. Santos; Louise Porto; Maria E. Lisboa Marques; Marília B Catto; Murilo A Oliveira; P Sousa; Pedro J. Ramiro Muiños; Renata Martins Maia; Saul Velloso Schnitman; Jamary Oliveira‐Filho,2020,10.1161/jaha.119.015313,openalex,https://doi.org/10.1161/jaha.119.015313,stroke patients,risk categories for obstructive sleep apnea (OSA),N/A,"mean breath-holding index was 0.52±0.37; median visual evoked flow velocity response was 10.8% (interquartile range: 8.8–14.5); 54 of 78 (69%) showed impaired anterior circulation vasoreactivity (breath-holding index <0.69); 53 of 71 (75%) showed impaired posterior circulation vasoreactivity (visual evoked flow velocity response ≤14.0%); significant negative correlation between the risk of OSA calculated by STOP - BANG and the breath-holding index (rS =−0.284, P =0.012); dyslipidemia (odds ratio: 4.7; 95% CI , 1.5–14.2); STOP - BANG score (odds ratio: 1.7 per 1-point increase; 95% CI , 1.1–1.5)",Cohort study,0.9,"Background Obstructive sleep apnea ( OSA ) is present in 60% to 70% of stroke patients. Cerebral vasoreactivity in patients with stroke and OSA has not been well studied and could identify a new pathophysiologic mechanism with potential therapeutic intervention. We aimed to determine whether risk categories for OSA are associated with cerebral vasoreactivity in stroke patients. Methods and Results In this cross‐sectional study of a cohort of patients with stroke, we used clinical questionnaires (Sleep Obstructive Apnea Score Optimized for Stroke [ SOS ] and snoring, tiredness, observed, pressure, bmi, age, neck, gender [ STOP ‐ BANG ] scores) to assess the risk of OSA and transcranial Doppler to assess cerebral vasoreactivity (breath‐holding index and visual evoked flow velocity response). Of the 99 patients included, 77 (78%) had medium or high risk of OSA and 80 performed transcranial Doppler. Mean breath‐holding index was 0.52±0.37, and median visual evoked flow velocity response was 10.8% (interquartile range: 8.8–14.5); 54 of 78 (69%) showed impaired anterior circulation vasoreactivity (breath‐holding index &lt;0.69) and 53 of 71 (75%) showed impaired posterior circulation vasoreactivity (visual evoked flow velocity response ≤14.0%). There was a significant negative correlation between the risk of OSA calculated by STOP ‐ BANG and the breath‐holding index ( r S =−0.284, P =0.012). The following variables were associated with low anterior circulation vasoreactivity: dyslipidemia (odds ratio: 4.7; 95% CI , 1.5–14.2) and STOP ‐ BANG score (odds ratio: 1.7 per 1‐point increase; 95% CI , 1.1–1.5). Conclusions A high risk of OSA and impaired vasoreactivity exists in the population that has had stroke. Dyslipidemia and STOP ‐ BANG sleep apnea risk categories were independently associated with impaired anterior circulation vasoreactivity."
Prevalence and Determinants of Sleep Apnea in Patients with Stroke: A Meta-Analysis,Xiaodi Liu; David Lam; King‐Pui Florence Chan; Hiu-Yeung Chan; Msm Ip; Kui Kai Lau,2021,10.1016/j.jstrokecerebrovasdis.2021.106129,openalex,https://doi.org/10.1016/j.jstrokecerebrovasdis.2021.106129,stroke patients,polysomnography,N/A,prevalence of sleep apnea; differences in prevalence by subtype of stroke; differences in prevalence by etiology of stroke; differences in prevalence by severity of stroke; differences in prevalence by location of stroke,Meta-analysis,0.9,"OBJECTIVES: Recent meta-analyses have noted that ∼70% of transient ischemic attack (TIA)/stroke patients have sleep apnea. However, the heterogeneity between studies was high and did not appear to be accounted by the phase of stroke. We conducted an updated meta-analysis and aimed to determine whether the prevalence of sleep apnea amongst stroke patients differs by the subtype, etiology, severity and location of stroke and hence could account for some of the unexplained heterogeneity observed in previous studies. MATERIALS AND METHODS: We searched Medline, Embase, CINAHL and Cochrane Library (from their commencements to July 2020) for studies which reported the prevalence of sleep apnea by using polysomnography in TIA/stroke patients. We used random-effects model to calculate the pooled prevalence of sleep apnea and explored whether the prevalence differed by stroke characteristics. RESULTS: Seventy-five studies describing 8670 stroke patients were included in this meta-analysis. The overall prevalence of sleep apnea was numerically higher in patients with hemorrhagic vs. ischemic stroke [82.7% (64.4-92.7%) vs. 67.5% (63.2-71.5%), p=0.098], supratentorial vs. infratentorial stroke [64.4% (56.7-71.4%) vs. 56.5% (42.2-60.0%), p=0.171], and cardioembolic [74.3% (59.6-85.0%)] vs. other ischemic stroke subtypes [large artery atherosclerosis: 68.3% (52.5-80.7%), small vessel occlusion: 56.1% (38.2-72.6%), others/undetermined: 47.9% (31.6-64.6%), p=0.089]. The heterogeneity in sleep apnea prevalence was partially accounted by the subtype (1.9%), phase (5.0%) and location of stroke (14.0%) among reported studies. CONCLUSIONS: The prevalence of sleep apnea in the stroke population appears to differ by the subtype, location, etiology and phase of stroke."
Mandibular advancement device design: A systematic review on outcomes in obstructive sleep apnea treatment,Julia A. M. Uniken Venema; Boudewijn R.A.M. Rosenmöller; Nico de Vries; Jan de Lange; Ghizlane Aarab; Frank Lobbezoo; Aarnoud Hoekema,2021,10.1016/j.smrv.2021.101557,openalex,https://doi.org/10.1016/j.smrv.2021.101557,Patients with Obstructive Sleep Apnea (OSA),Mandibular Advancement Devices (MADs),Different MAD designs,Decrease in AHI; Reduction of ESS; Compliance; Preference; Side effects; Cost effectiveness,Systematic Review,0.9,"Obstructive Sleep Apnea (OSA) is often treated with Mandibular Advancement Devices (MADs). It is unclear whether particular design features are superior to others in terms of OSA alleviation. In order to facilitate clinical decision-making, this systematic review summarizes the objective and subjective outcomes of different available MAD designs. Studies comparing different MAD designs in OSA treatment were searched. After screening 1887 titles and abstracts, 20 original RCTs and six cohort studies were included. 14 articles were systematically reviewed in a meta-analysis. The decrease in AHI was significantly different between some of the MAD designs. The clinical relevance of the observed differences was however limited. Monoblock appliances performed more favorable, compared to bilateral thrust (effect size:-0.37; CI:-1.81 to 0.07). Midline traction appliances performed more favorable, compared to other designs. Custom appliances performed more favorable, compared to thermoplastic appliances (effect size:0.86; CI:-0.62 to 2.35). Furthermore, there were no clinically relevant differences between MAD designs in reduction of ESS, compliance, preference, side effects, and cost effectiveness. With respect to the included trials, presently there is not one superior custom MAD design in OSA treatment regarding the effect on AHI reduction, ESS improvement, compliance, preference, side effects, cost effectiveness, and other disease-related outcomes. We confirm custom MAD designs perform superior to thermoplastic MAD designs."
Contribution of sleep characteristics to the association between obstructive sleep apnea and dyslipidemia,Elisabet Martínez-Cerón; Raquel Casitas; Raúl Galera; Begoña Sánchez-Sánchez; Ester Zamarrón; Aldara García‐Sánchez; Ana Jaureguízar Oriol; Carolina Cubillos‐Zapata; Francisco García‐Río,2021,10.1016/j.sleep.2021.05.012,openalex,https://doi.org/10.1016/j.sleep.2021.05.012,809 consecutive patients referred for polysomnography study due to OSA suspicion,obstructive sleep apnea (OSA),non-apneic subjects,"Dyslipidemia prevalence increased with the presence of OSA (31%, 33%, 42%, and 51% for non-OSA, mild, moderate, and severe OSA respectively; p < 0.001); Severe OSA had an independent association with dyslipidemia (adjusted odds ratio 1.71, 95%CI 1.09 to 2.69, p = 0.019); Active smoking, apnea-hypopnea index (AHI), and mean nocturnal saturation were independently associated with dyslipidemia in OSA patients; Arousal index, slow wave sleep duration, and REM latency were independently associated with cholesterol and low-density lipoprotein levels",Cohort study,0.9,"<h4>Objectives/background</h4>Little information is available about the association of obstructive sleep apnea (OSA) with atherogenic dyslipidemia and the contribution of sleep characteristics to lipid alterations. We compare dyslipidemia prevalence among non-apneic subjects and mild-severe OSA patients to identify the sleep characteristics that are independently associated with dyslipidemia and serum lipid levels in OSA patients.<h4>Patients/methods</h4>We recruited 809 consecutive patients who had been referred for polysomnography study by OSA suspicion. Anthropometric characteristics, body composition and comorbidities were recorded. Spirometry and 24-h ambulatory blood pressure monitoring were performed the same day of the sleep study. The day after attended polysomnography, fasting blood samples were drawn to measure the lipid profile.<h4>Results</h4>Dyslipidemia prevalence increased with the presence of OSA, from non-OSA subjects to mild, moderate and severe OSA patients (31%, 33%, 42% and 51%, respectively; p < 0.001). After adjusting for sex, age, body mass index and smoking habit, only severe OSA had an independent association with dyslipidemia when compared to non-OSA subjects (adjusted odds ratio 1.71, 95%CI 1.09 to 2.69, p = 0.019). In OSA patients, multivariate logistic regression identified active smoking, apnea-hypopnea index (AHI) and mean nocturnal saturation as variables independently associated with dyslipidemia. However, in these patients, arousal index, slow wave sleep duration and REM latency were also independently associated with cholesterol and low-density lipoprotein levels.<h4>Conclusions</h4>The association between dyslipidemia and OSA is limited to severe patients, with high AHI and nocturnal hypoxemia. However, sleep fragmentation and increased sympathetic activity could also contribute to OSA-related lipid dysregulation."
Pathophysiology Underlying Demographic and Obesity Determinants of Sleep Apnea Severity,Scott A. Sands; Raichel M. Alex; D Mann; Daniel Vena; Philip I. Terrill; L. Gell; Andrey Zinchuk; Tamar Sofer; Sanjay R. Patel; Luigi Taranto‐Montemurro; Ali Azarbarzin; Michael Rueschman; David P. White; Andrew Wellman; Susan Redline,2022,10.1513/annalsats.202203-271oc,openalex,https://doi.org/10.1513/annalsats.202203-271oc,"diverse community-based cohort (N = 1,971; age range, 54–93 yr)",N/A,N/A,apnea–hypopnea index (AHI); greater AHI associated with obesity (+19 events/h per 11 kg/m2); male sex (+13 events/h vs. female); older age (+7 events/h per 20 yr); Chinese ancestry (+5 events/h vs. White),Cohort study,0.9,"Abstract Rationale Sleep apnea is the manifestation of key endotypic traits, including greater pharyngeal collapsibility, reduced dilator muscle compensation, and elevated chemoreflex loop gain. Objectives We investigated how endotypic traits vary with obesity, age, sex, and race/ethnicity to influence sleep apnea disease severity (apnea–hypopnea index [AHI]). Methods Endotypic traits were estimated from polysomnography in a diverse community-based cohort study (Multi-Ethnic Study of Atherosclerosis, N = 1,971; age range, 54–93 yr). Regression models assessed associations between each exposure (continuous variables per 2 standard deviations [SDs]) and endotypic traits (per SD) or AHI (events/h), independent of other exposures. Generalizability was assessed in two independent cohorts. Results Greater AHI was associated with obesity (+19 events/h per 11 kg/m2 [2 SD]), male sex (+13 events/h vs. female), older age (+7 events/h per 20 yr), and Chinese ancestry (+5 events/h vs. White, obesity adjusted). Obesity-related increase in AHI was best explained by elevated collapsibility (+0.40 SD) and greater loop gain (+0.38 SD; percentage mediated, 26% [95% confidence interval (CI), 20–32%]). Male-related increase in AHI was explained by elevated collapsibility (+0.86 SD) and reduced compensation (−0.40 SD; percentage mediated, 57% [95% CI, 50–66%]). Age-related AHI increase was explained by elevated collapsibility (+0.37 SD) and greater loop gain (+0.15 SD; percentage mediated, 48% [95% CI, 34–63%]). Increased AHI with Chinese ancestry was explained by collapsibility (+0.57 SD; percentage mediated, 87% [95% CI, 57–100]). Black race was associated with reduced collapsibility (−0.30 SD) and elevated loop gain (+0.29 SD). Similar patterns were observed in the other cohorts. Conclusions Different subgroups exhibit different underlying pathophysiological pathways to sleep apnea, highlighting the variability in mechanisms that could be targeted for intervention."
Central sleep apnea is uncommon after stroke,Sonja G. Schütz; Lynda D. Lisabeth; Chia‐Wei Hsu; Sehee Kim; Ronald D. Chervin; Devin L. Brown,2020,10.1016/j.sleep.2020.08.025,openalex,https://doi.org/10.1016/j.sleep.2020.08.025,patients who have experienced a stroke,assessment of central sleep apnea,N/A,central sleep apnea prevalence after stroke; N/A,N/A,0.7,
Effects of respiratory muscle therapy on obstructive sleep apnea: a systematic review and meta-analysis,Brien Hsu; Chitra Priya Emperumal; Vincent X. Grbach; Mariela Padilla; Reyes Enciso,2020,10.5664/jcsm.8318,openalex,https://doi.org/10.5664/jcsm.8318,Patients with obstructive sleep apnea,Respiratory muscle therapy,N/A,N/A,Meta-analysis,0.9,
A Survey on Recent Advances in Machine Learning Based Sleep Apnea Detection Systems,Anita Ramachandran; Anupama Karuppiah,2021,10.3390/healthcare9070914,openalex,https://doi.org/10.3390/healthcare9070914,large population affected by sleep apnea,advances in embedded systems and machine learning for sleep apnea detection,N/A,easier diagnosis; more affordable solutions; accessible diagnosis; challenges in design of detection systems,literature survey,0.9,"Sleep apnea is a sleep disorder that affects a large population. This disorder can cause or augment the exposure to cardiovascular dysfunction, stroke, diabetes, and poor productivity. The polysomnography (PSG) test, which is the gold standard for sleep apnea detection, is expensive, inconvenient, and unavailable to the population at large. This calls for more friendly and accessible solutions for diagnosing sleep apnea. In this paper, we examine how sleep apnea is detected clinically, and how a combination of advances in embedded systems and machine learning can help make its diagnosis easier, more affordable, and accessible. We present the relevance of machine learning in sleep apnea detection, and a study of the recent advances in the aforementioned area. The review covers research based on machine learning, deep learning, and sensor fusion, and focuses on the following facets of sleep apnea detection: (i) type of sensors used for data collection, (ii) feature engineering approaches applied on the data (iii) classifiers used for sleep apnea detection/classification. We also analyze the challenges in the design of sleep apnea detection systems, based on the literature survey."
"Obstructive Sleep Apnea and Its Treatment in Aging: Effects on Alzheimer’s disease Biomarkers, Cognition, Brain Structure and Neurophysiology",Anna Mullins; Korey Kam; Ankit Parekh; Omonigho M. Bubu; Ricardo S. Osorio; Andrew W. Varga,2020,10.1016/j.nbd.2020.105054,openalex,https://doi.org/10.1016/j.nbd.2020.105054,Patients with obstructive sleep apnea (OSA) and Alzheimer's disease (AD),Continuous positive airway pressure (CPAP) therapy,N/A,"Increase in AD markers amyloid-β and tau; Normalization of AD biomarkers in CSF after CPAP therapy; Improvements in cognitive domains of attention, vigilance, memory, and executive functioning after CPAP use; Changes in EEG microstructure during sleep associated with AD biomarkers; Partial reversal of EEG changes with CPAP therapy",Literature review,0.9,"Here we review the impact of obstructive sleep apnea (OSA) on biomarkers of Alzheimer's disease (AD) pathogenesis, neuroanatomy, cognition and neurophysiology, and present the research investigating the effects of continuous positive airway pressure (CPAP) therapy. OSA is associated with an increase in AD markers amyloid-β and tau measured in cerebrospinal fluid (CSF), by Positron Emission Tomography (PET) and in blood serum. There is some evidence suggesting CPAP therapy normalizes AD biomarkers in CSF but since mechanisms for amyloid-β and tau production/clearance in humans are not completely understood, these findings remain preliminary. Deficits in the cognitive domains of attention, vigilance, memory and executive functioning are observed in OSA patients with the magnitude of impairment appearing stronger in younger people from clinical settings than in older community samples. Cognition improves with varying degrees after CPAP use, with the greatest effect seen for attention in middle age adults with more severe OSA and sleepiness. Paradigms in which encoding and retrieval of information are separated by periods of sleep with or without OSA have been done only rarely, but perhaps offer a better chance to understand cognitive effects of OSA than isolated daytime testing. In cognitively normal individuals, changes in EEG microstructure during sleep, particularly slow oscillations and spindles, are associated with biomarkers of AD, and measures of cognition and memory. Similar changes in EEG activity are reported in AD and OSA, such as ""EEG slowing"" during wake and REM sleep, and a degradation of NREM EEG microstructure. There is evidence that CPAP therapy partially reverses these changes but large longitudinal studies demonstrating this are lacking. A diagnostic definition of OSA relying solely on the Apnea Hypopnea Index (AHI) does not assist in understanding the high degree of inter-individual variation in daytime impairments related to OSA or response to CPAP therapy. We conclude by discussing conceptual challenges to a clinical trial of OSA treatment for AD prevention, including inclusion criteria for age, OSA severity, and associated symptoms, the need for a potentially long trial, defining relevant primary outcomes, and which treatments to target to optimize treatment adherence."
Obstructive sleep apnea syndrome in non-obese patients,Caterina Antonaglia; Giovanna Passuti,2021,10.1007/s11325-021-02412-1,openalex,https://doi.org/10.1007/s11325-021-02412-1,adult non-obese subjects with obstructive sleep apnea syndrome (OSAS),specific therapeutic approach for non-obese OSA patients,N/A,specific polysomnographic features; role of low arousal threshold; difficulty in treating OSA in non-obese patients,literature review,0.9,"Abstract Obstructive sleep apnea syndrome (OSAS) is characterized by symptoms and signs of more than 5 apneas per hour (AHI) at polysomnography or 15 or more apneas per hour without symptoms. In this review, the focus will be a subgroup of patients: adult non-obese subjects with OSA and their specific features. In non-obese OSA patients (patients with BMI &lt; 30 kg/m 2 ), there are specific polysomnographic features which reflect specific pathophysiological traits. Previous authors identified an anatomical factor (cranial anatomical factors, retrognatia, etc.) in OSA non-obese. We have hypothesized that in this subgroup of patients, there could be a non-anatomical pathological prevalent trait. Little evidence exists regarding the role of low arousal threshold. This factor could explain the difficulty in treating OSA in non-obese patients and emphasizes the importance of a specific therapeutic approach for each patient."
Evaluation of Inflammation and Oxidative Stress Markers in Patients with Obstructive Sleep Apnea (OSA),Maria Carmina Pau; Angelo Zinellu; Arduino A. Mangoni; Panagiotis Paliogiannis; Maria Roberta Lacana; Sara S. Fois; Sabrina Mellino; Alessandro Giuseppe Fois; Ciriaco Carru; Elisabetta Zinellu; Pietro Pirina,2023,10.3390/jcm12123935,openalex,https://doi.org/10.3390/jcm12123935,Patients with Obstructive Sleep Apnea (OSA),Assessment of haematological parameters as markers of oxidative stress and inflammation,N/A,"Body mass index (BMI) positively associated with apnea hypopnea index (AHI) and oxygen desaturation index (ODI); Body mass index (BMI) negatively associated with mean oxygen saturation (SpO2); Albumin, neutrophil, and monocyte counts, and systemic inflammatory response index (SIRI) associated with lower SpO2",Observational study,0.9,"Background: The identification of circulating markers of oxidative stress and systemic inflammation might enhance risk stratification in obstructive sleep apnea (OSA). We investigated the association between specific haematological parameters, as easily measurable markers of oxidative stress and inflammation, and the degree of hypoxia during polysomnography using the apnea hypopnea index (AHI), oxygen desaturation index (ODI), and oxygen saturation (SpO2), in OSA patients. Methods: Associations between polysomnographic parameters and demographic, clinical, and laboratory characteristics were assessed in a consecutive series of patients with OSA attending the Respiratory Disease Unit of the University Hospital of Sassari, north Sardinia (Italy), between 2015 and 2019. Results: In 259 OSA patients (195 males and 64 females), the body mass index (BMI) was significantly and positively associated with the AHI and ODI, and negatively associated with the mean SpO2. No haematological parameter was independently associated with the AHI or ODI. By contrast, albumin, neutrophil, and monocyte counts, and the systemic inflammatory response index (SIRI) were independently associated with a lower SpO2. Conclusions: Our results suggest that albumin and specific haematological parameters are promising markers of reduced oxygen saturation in OSA."
Quantitative detection of sleep apnea with wearable watch device,Junichiro Hayano; Hiroaki Yamamoto; Izumi Nonaka; Makoto Komazawa; Kenichi Itao; Norihiro Ueda; Haruhito Tanaka; Emi Yuda,2020,10.1371/journal.pone.0237279,openalex,https://doi.org/10.1371/journal.pone.0237279,41 patients undergoing diagnostic polysomnography (PSG) for sleep apnea,PPG pulse wave data recorded by a wearable watch device,N/A,median apnea-hypopnea index (AHI) was 17.2 (4.4-28.4); 22 (54%) subjects had AHI ≥15; Fcv greater in subjects with AHI ≥15 (19.6 ± 12.3 /h) than in those with AHI <15 (6.4 ± 4.6 /h); sensitivity 82%; specificity 89%; accuracy 85%,Cohort study,0.9,"The spread of wearable watch devices with photoplethysmography (PPG) sensors has made it possible to use continuous pulse wave data during daily life. We examined if PPG pulse wave data can be used to detect sleep apnea, a common but underdiagnosed health problem associated with impaired quality of life and increased cardiovascular risk. In 41 patients undergoing diagnostic polysomnography (PSG) for sleep apnea, PPG was recorded simultaneously with a wearable watch device. The pulse interval data were analyzed by an automated algorithm called auto-correlated wave detection with adaptive threshold (ACAT) which was developed for electrocardiogram (ECG) to detect the cyclic variation of heart rate (CVHR), a characteristic heart rate pattern accompanying sleep apnea episodes. The median (IQR) apnea-hypopnea index (AHI) was 17.2 (4.4-28.4) and 22 (54%) subjects had AHI ≥15. The hourly frequency of CVHR (Fcv) detected by the ACAT algorithm closely correlated with AHI (r = 0.81), while none of the time-domain, frequency-domain, or non-linear indices of pulse interval variability showed significant correlation. The Fcv was greater in subjects with AHI ≥15 (19.6 ± 12.3 /h) than in those with AHI <15 (6.4 ± 4.6 /h), and was able to discriminate them with 82% sensitivity, 89% specificity, and 85% accuracy. The classification performance was comparable to that obtained when the ACAT algorithm was applied to ECG R-R intervals during the PSG. The analysis of wearable watch PPG by the ACAT algorithm could be used for the quantitative screening of sleep apnea."
Belun Ring Platform: a novel home sleep apnea testing system for assessment of obstructive sleep apnea,Wenbo Gu; Lydia Leung; Ka Cheung Kwok; I‐Chen Wu; Rodney J. Folz; Ambrose Chiang,2020,10.5664/jcsm.8592,openalex,https://doi.org/10.5664/jcsm.8592,patients suspected of having obstructive sleep apnea,Belun Ring Platform for home sleep apnea testing,N/A,assessment of obstructive sleep apnea,N/A,0.8,
"Mild obstructive sleep apnea increases hypertension risk, challenging traditional severity classification",Izolde Bouloukaki; Ludger Grote; Walter T. McNicholas; Jan Hedner; Johan Verbraecken; Gianfranco Parati; Carolina Lombardi; Özen K. Başoğlu; Athanasia Pataka; Oreste Marrone; Paschalis Steiropoulos; Maria R. Bonsignore; Sophia Schiza; on behalf of the European Sleep Apnoea Database Network,2020,10.5664/jcsm.8354,openalex,https://doi.org/10.5664/jcsm.8354,patients with mild obstructive sleep apnea,assessment of hypertension risk,N/A,increased hypertension risk,observational study,0.8,
Metabolic alterations and systemic inflammation in overweight/obese children with obstructive sleep apnea,Surya Prakash Bhatt; Randeep Guleria; Sushil Kumar Kabra,2021,10.1371/journal.pone.0252353,openalex,https://doi.org/10.1371/journal.pone.0252353,Overweight/obese children,Assessment of inflammatory markers and polysomnography for obstructive sleep apnea (OSA),Children without OSA,"Higher body mass index; Increased waist circumference; Higher % body fat; Elevated fasting blood glucose; Increased alanine transaminase; Higher alkaline phosphate; Elevated fasting insulin; Increased HOMA-IR; Higher levels of inflammatory markers (IL-6, IL-8, IL-17, IL-18, MIF, Hs-CRP, TNF-α, PAI-1, leptin)",Cross-sectional study,0.9,"AIM AND OBJECTIVE: Systemic inflammation has been documented in obstructive sleep apnea (OSA). However studies on childhood OSA and systemic inflammation are limited. This study aimed to determine the relation between OSA in overweight/obese children and various inflammatory markers. MATERIAL AND METHODS: In this cross sectional study, we enrolled 247 overweight/ obese children from pediatric outpatient services. We evaluated demographic and clinical details, anthropometric parameters, body composition and estimation of inflammatory cytokines such as interleukin (IL) 6, IL-8, IL-10, IL-17, IL-18, IL-23, macrophage migration inhibitory factor (MIF), high sensitive C-reactive protein (Hs-CRP), tumor necrosis factor-alpha (TNF-α), plasminogen activator inhibitor-1 (PAI-1) and leptin levels. Overnight polysomnography was performed. FINDINGS: A total of 247 children (190 with OSA and 57 without OSA) were enrolled. OSA was documented on polysomnography in 40% of patients. We observed significantly high values body mass index, waist circumference (WC), % body fat, fasting blood glucose (FBG), alanine transaminase (ALT), alkaline phosphate, fasting insulin and HOMA-IR in children with OSA. Inflammatory markers IL-6, IL-8, IL-17, IL-18, MIF, Hs CRP, TNF- α, PAI-1, and leptin levels were significantly higher in OSA patients (p<0.05). There was strong positive correlation of IL-6, IL-8, IL-17, IL-23, MIF, Hs CRP, TNF-A, PAI-1 and leptin with BMI, % body fat, AHI, fasting Insulin, triglyceride, FBG, WC, HOMA-IR, AST and ALT. CONCLUSION: Children with OSA have increased obesity, insulin resistance and systemic inflammation. Further studies are require to confirm our findings and evaluate their utility in diagnosis of OSAs, assessing severity and possible interventions."
Bariatric surgery and obstructive sleep apnea: a systematic review and meta-analysis,Khaled Al Oweidat; Ahmad A. Toubasi; Raya B. Abu Tawileh; Hind B. Abu Tawileh; Manar M. Hasuneh,2023,10.1007/s11325-023-02840-1,openalex,https://doi.org/10.1007/s11325-023-02840-1,Patients with obstructive sleep apnea undergoing bariatric surgery,Bariatric surgery,N/A,Improvement in obstructive sleep apnea symptoms; Reduction in apnea-hypopnea index (AHI); Weight loss outcomes,Meta-analysis,0.9,
Association of Pediatric Obstructive Sleep Apnea With Elevated Blood Pressure and Orthostatic Hypertension in Adolescence,Julio Fernández‐Mendoza; Fan He; Susan L. Calhoun; Alexandros N. Vgontzas; Duanping Liao; Edward O. Bixler,2021,10.1001/jamacardio.2021.2003,openalex,https://doi.org/10.1001/jamacardio.2021.2003,"children aged 5 to 12 years from the general population, followed up as adolescents (ages 12-23 years)",pediatric obstructive sleep apnea (OSA),N/A,apnea-hypopnea index (AHI) score; elevated blood pressure (eBP); orthostatic hyperreactivity; visceral adipose tissue,Cohort study,0.9,"Importance: Although pediatric guidelines have delineated updated thresholds for elevated blood pressure (eBP) in youth and adult guidelines have recognized obstructive sleep apnea (OSA) as an established risk factor for eBP, the relative association of pediatric OSA with adolescent eBP remains unexplored. Objective: To assess the association of pediatric OSA with eBP and its orthostatic reactivity in adolescence. Design, Setting, and Participants: At baseline of this population-based cohort study (Penn State Child Cohort) in 2000-2005, a random sample of 700 children aged 5 to 12 years from the general population was studied. A total of 421 participants (60.1%) were followed up in 2010-2013 after 7.4 years as adolescents (ages, 12-23 years). Data analyses were conducted from July 6 to October 29, 2020. Main Outcomes and Measures: Outcomes were the apnea-hypopnea index (AHI) score, ascertained via polysomnography conducted in a laboratory; eBP measured in the seated position identified using guideline-recommended pediatric criteria; orthostatic hyperreactivity identified with BP assessed in the supine and standing positions; and visceral adipose tissue assessed via dual-energy x-ray absorptiometry. Results: Among the 421 participants (mean [SD] age at follow-up, 16.5 [2.3] years), 227 (53.9%) were male and 92 (21.9%) were racial/ethnic minorities. A persistent AHI of 2 or more since childhood was longitudinally associated with adolescent eBP (odds ratio [OR], 2.9; 95% CI 1.1-7.5), while a remitted AHI of 2 or more was not (OR, 0.9; 95% CI 0.3-2.6). Adolescent OSA was associated with eBP in a dose-response manner; however, the association of an AHI of 2 to less than 5 among adolescents was nonsignificant (OR, 1.5; 95% CI, 0.9-2.6) and that of an AHI of 5 or more was approximately 2-fold (OR, 2.3; 95% CI, 1.1-4.9) after adjusting for visceral adipose tissue. An AHI of 5 or more (OR, 3.1; 95% CI, 1.2-8.5), but not between 2 and less than 5 (OR, 1.3; 95% CI, 0.6-3.0), was associated with orthostatic hyperreactivity among adolescents even after adjusting for visceral adipose tissue. Childhood OSA was not associated with adolescent eBP in female participants, while the risk of OSA and eBP was greater in male participants. Conclusions and Relevance: The results of this cohort study suggest that childhood OSA is associated with adolescent hypertension only if it persists during this developmental period. Visceral adiposity explains a large extent of, but not all, the risk of hypertension associated with adolescent OSA, which is greater in male individuals."
Validation of the STOP-Bang questionnaire for screening of obstructive sleep apnea in the general population and commercial drivers: a systematic review and meta-analysis,Lina Chen; Bianca Pivetta; Mahesh Nagappa; Aparna Saripella; Sazzadul Islam; Marina Englesakis; Frances Chung,2021,10.1007/s11325-021-02299-y,openalex,https://doi.org/10.1007/s11325-021-02299-y,general population and commercial drivers,STOP-Bang questionnaire,N/A,prevalence of all OSA (AHI ≥ 5) was 57.6%; prevalence of moderate-to-severe OSA (AHI ≥ 15) was 21.3%; prevalence of severe OSA (AHI ≥ 30) was 7.8% in the general population; prevalence of moderate-to-severe OSA was 37.3% in commercial drivers; high sensitivity and negative predictive value of a STOP-Bang score ≥ 3,systematic review and meta-analysis,1,"PURPOSE: Obstructive sleep apnea (OSA) is a critical occupational health concern, but is often undiagnosed in the general population and commercial drivers. The STOP-Bang questionnaire is a simple, reliable tool to screen for OSA, which could improve public health in a cost-effective manner. The objective of this systematic review and meta-analysis is to assess the validity of the STOP-Bang questionnaire to detect OSA in these key populations. METHODS: We searched MEDLINE, Embase, Cochrane Central Register of Controlled Trials, Cochrane Database of Systematic Reviews, PsycINFO, Journals @ Ovid, Web of Science, Scopus, and CINAHL for relevant articles from 2008 to March 2020. The quality of studies was appraised using Cochrane Methods criteria. To calculate pooled predictive parameters, we created 2 × 2 contingency tables and performed random-effects meta-analyses. RESULTS: Of 3871 citations, five studies that evaluated STOP-Bang in the general population (n = 8585) and two in commercial drivers (n = 185) were included. In the general population, prevalence of all OSA (AHI ≥ 5), moderate-to-severe OSA (AHI ≥ 15), and severe OSA (AHI ≥ 30) was 57.6%, 21.3%, and 7.8% respectively. In commercial drivers, the prevalence of moderate-to-severe OSA was 37.3%. The trends of high sensitivity and negative predictive value of a STOP-Bang score ≥ 3 illustrates that the questionnaire helps detect and rule out clinically significant OSA in the general population and commercial drivers. CONCLUSION: This meta-analysis demonstrates that the STOP-Bang questionnaire is a valid and effective screening tool for OSA in the general population and commercial drivers. TRIAL REGISTRATION: PROSPERO No. CRD42020200379; 08/22/2020."
Efficacy of continuous positive airway pressure (CPAP) in the prevention of cardiovascular events in patients with obstructive sleep apnea: Systematic review and meta-analysis,Gonzalo Labarca; Jorge Dreyse; Lauren Drake; Jorge Jorquera; Ferrán Barbé,2020,10.1016/j.smrv.2020.101312,openalex,https://doi.org/10.1016/j.smrv.2020.101312,patients with obstructive sleep apnea,continuous positive airway pressure (CPAP),N/A,prevention of cardiovascular events,Meta-analysis,0.9,
The correlation between oxygen saturation indices and the standard obstructive sleep apnea severity,Siraj Wali; Bahaa Abaalkhail; Ibrahim AlQassas; Faris Alhejaili; DavidW Spence; Seithikurippu R. Pandi‐Perumal,2020,10.4103/atm.atm_215_19,openalex,https://doi.org/10.4103/atm.atm_215_19,"middle-aged Saudi population (n = 2682), 178 individuals with total sleep times of at least 240 min with REM sleep",correlation of Apnea–Hypopnea Index (AHI) with oxygen saturation (SpO2) and polysomnographic parameters,N/A,"correlations between standard OSA severity based on AHI and different SpO2 and polysomnographic parameters; desaturation index (DI); sum of all desaturations; desaturation below 90%; average duration of respiratory events; indices of total arousals and respiratory arousals; REM sleep duration and SpO2 nadir inversely correlated with OSA severity; DI, SpO2 nadir, and respiratory arousal index as predictors of OSA severity",Cohort study,0.9,"<br><b>OBJECTIVE:</b> Currently accepted guidelines categorize obstructive sleep apnea (OSA) severity according to the Apnea–Hypopnea Index (AHI). However, it is unclear how to best define OSA severity. The present study sought to evaluate the concurrent validity of the widely accepted AHI by correlating it with various oxygen saturation (SpO<sub>2</sub>) and polysomnographic parameters.<br><b>METHODS:</b> The study utilized the data of a previous survey concerning the prevalence of OSA among a middle-aged Saudi population (<i>n</i> = 2682). Among the 346 individuals who underwent polysomnography, 178 had total sleep times of at least 240 min with rapid eye movement (REM) sleep and were included in the study. The standard classification of OSA severity was compared with different SpO<sub>2</sub>and polysomnographic parameters.<br><b>RESULTS:</b> The study found that there were correlations between the standard OSA severity based on AHI severity classification and different SpO<sub>2</sub>and polysomnographic parameters, including the desaturation index (DI), the sum of all desaturations, desaturation below 90%, the average duration of respiratory events, and indices of total arousals and respiratory arousals. All of these parameters correlated directly with OSA severity classification (<i>P</i> < 0.001 for each). However, REM sleep duration and SpO<sub>2</sub>nadir were inversely correlated with OSA severity (<i>P</i> < 0.003 and < 0.001, respectively). In addition, only the DI, SpO<sub>2</sub>nadir, and respiratory arousal index were predictors of OSA severity, as determined through a multiple logistic regression analysis.<br><b>CONCLUSION:</b> Our findings support the clinical reliability of the currently used standard classification of OSA severity based on the AHI.<br>"
Relationship between HIF-1 and Circadian Clock Proteins in Obstructive Sleep Apnea Patients—Preliminary Study,Agata Gabryelska; Marcin Sochal; Szymon Turkiewicz; Piotr Białasiewicz,2020,10.3390/jcm9051599,openalex,https://doi.org/10.3390/jcm9051599,20 individuals (10 severe OSA patients and 10 healthy controls),"Assessment of relationship between HIF subunits, circadian clock proteins, and polysomnography variables",Healthy control (AHI < 5),Evening HIF-1α protein level was significant covariant (p = 0.025); Corrected models significant for morning PER1 (p = 0.008); Corrected models significant for evening PER1 (p = 0.006); Evening BMAL protein level significant (p = 0.046),Multivariate general linear model,0.9,"Obstructive sleep apnea (OSA) is characterized by intermittent hypoxia and associated with the disruption of circadian rhythm. The study aimed to assess the relationship between hypoxia-inducible factor (HIF) subunits, circadian clock proteins, and polysomnography (PSG) variables, in healthy individuals and severe OSA patients. The study included 20 individuals, who underwent PSG and were divided into severe OSA group (n = 10; AHI ≥ 30) and healthy control (n = 10; AHI &lt; 5) based on apnea-hypopnea index (AHI). All participants had their peripheral blood collected in the evening before and the morning after the PSG. HIF-1α, HIF-1β, BMAL1, CLOCK, CRY1, and PER1 protein concertation measurements were performed using ELISA. In a multivariate general linear model with the concentration of all circadian clock proteins as dependent variables, evening HIF-1α protein level was the only significant covariant (p = 0.025). Corrected models were significant for morning and evening PER1 (p = 0.008 and p = 0.006, respectively), evening (p = 0.043), and evening BMAL protein level (p = 0.046). In corrected models, evening HIF-1α protein level had an influence only on the evening PER1 protein level. Results suggest that OSA patients are at risk for developing circadian clock disruption. This process might be mediated by subunit α of HIF-1, as its increased protein level is associated with overexpression of circadian clock proteins."
Association between obstructive sleep apnea and cardiovascular diseases,Yiran E Li; Jun Ren,2022,10.3724/abbs.2022084,openalex,https://doi.org/10.3724/abbs.2022084,Patients with obstructive sleep apnea (OSA) and cardiovascular diseases (CVDs),Continuous positive airway pressure (CPAP) therapy,N/A,Reduction in cardiovascular morbidity; Improved understanding of OSA etiology; Early diagnosis of OSA,N/A,0.8,"Obstructive sleep apnea (OSA) is a common respiratory disorder characterized by partial obstruction of upper respiratory tract and repetitive cessation of breathing during sleep. The etiology behind OSA is associated with the occurrence of intermittent hypoxemia, recurrent arousals and intrathoracic pressure swings. These contributing factors may turn on various signaling mechanisms including elevated sympathetic tone, oxidative stress, inflammation, endothelial dysfunction, cardiovascular variability, abnormal coagulation and metabolic defect ( <italic>e.g</italic>., insulin resistance, leptin resistance and altered hepatic metabolism). Given its close tie with major cardiovascular risk factors, OSA is commonly linked to the pathogenesis of a wide array of cardiovascular diseases (CVDs) including hypertension, heart failure, arrhythmias, coronary artery disease, stroke, cerebrovascular disease and pulmonary hypertension (PH). The current standard treatment for OSA using adequate nasal continuous positive airway pressure (CPAP) confers a significant reduction in cardiovascular morbidity. Nonetheless, despite the availability of effective therapy, patients with CVDs are still deemed highly vulnerable to OSA and related adverse clinical outcomes. A better understanding of the etiology of OSA along with early diagnosis should be essential for this undertreated disorder in the clinical setting."
Diagnostic accuracy of screening questionnaires for obstructive sleep apnea in children: A systematic review and meta-analysis,Serena Incerti Parenti; Andrea Fiordelli; Maria Lavinia Bartolucci; Stefano Martina; Vincenzo D’Antò; Giulio Alessandri Bonetti,2021,10.1016/j.smrv.2021.101464,openalex,https://doi.org/10.1016/j.smrv.2021.101464,children,screening questionnaires for obstructive sleep apnea,N/A,diagnostic accuracy,meta-analysis,0.9,
A Convolutional Neural Network Architecture to Enhance Oximetry Ability to Diagnose Pediatric Obstructive Sleep Apnea,Fernando Vaquerizo-Villar; Daniel Álvarez; David Gozal; Gonzalo C. Gutiérrez‐Tobal; Verónica Barroso-García; Eduardo Santamaría-Vázquez; Félix del Campo; David Gozal; Roberto Hornero,2021,10.1109/jbhi.2020.3048901,openalex,https://doi.org/10.1109/jbhi.2020.3048901,children with obstructive sleep apnea (OSA),convolutional neural network (CNN) architecture for estimating apneic events from blood oxygen saturation (SpO2) signals,3% oxygen desaturation index (ODI3) and AHI estimated by a conventional feature-engineering approach (AHIMLP),"higher four-class Cohen's kappa in three test databases than ODI3 (0.515 vs 0.417, 0.422 vs 0.372, and 0.423 vs 0.369); higher four-class Cohen's kappa in three test databases than AHIMLP (0.515 vs 0.377, 0.422 vs 0.381, and 0.423 vs 0.306); outperformed state-of-the-art studies for AHI severity cutoffs of 5 e/h and 10 e/h",Controlled experiment,0.9,"This study aims at assessing the usefulness of deep learning to enhance the diagnostic ability of oximetry in the context of automated detection of pediatric obstructive sleep apnea (OSA). A total of 3196 blood oxygen saturation (SpO2) signals from children were used for this purpose. A convolutional neural network (CNN) architecture was trained using 20-min SpO2segments from the training set (859 subjects) to estimate the number of apneic events. CNN hyperparameters were tuned using Bayesian optimization in the validation set (1402 subjects). This model was applied to three test sets composed of 312, 392, and 231 subjects from three independent databases, in which the apnea-hypopnea index (AHI) estimated for each subject (AHICNN) was obtained by aggregating the output of the CNN for each 20-min SpO2segment. AHICNNoutperformed the 3% oxygen desaturation index (ODI3), a clinical approach, as well as the AHI estimated by a conventional feature-engineering approach based on multi-layer perceptron (AHIMLP). Specifically, AHICNNreached higher four-class Cohen's kappa in the three test databases than ODI3 (0.515 vs 0.417, 0.422 vs 0.372, and 0.423 vs 0.369) and AHIMLP(0.515 vs 0.377, 0.422 vs 0.381, and 0.423 vs 0.306). In addition, our proposal outperformed state-of-the-art studies, particularly for the AHI severity cutoffs of 5 e/h and 10 e/h. This suggests that the information automatically learned from the SpO2signal by deep-learning techniques helps to enhance the diagnostic ability of oximetry in the context of pediatric OSA."
Screening for obstructive sleep apnea with novel hybrid acoustic smartphone app technology,Roxana Tiron; Graeme Lyon; Hannah Kilroy; Ahmed Osman; Nicola D. Kelly; Niall O’Mahony; César Vivian Lopes; Sam Coffey; Stephen McMahon; Michael N. Wren; Kieran Conway; Niall A. Fox; John Costello; R. Shouldice; Katharina Lederer; Ingo Fietze; Thomas Penzel,2020,10.21037/jtd-20-804,openalex,https://doi.org/10.21037/jtd-20-804,Adults with obstructive sleep apnea (OSA),Non-contact OSA screener App (Firefly) using smartphone technology,Ambulatory OSA screeners and other smartphone screening apps,Sensitivity of 88.3%; Specificity of 80.0%; ROC AUC of 0.92,Controlled experiment,0.9,"BACKGROUND: Obstructive sleep apnea (OSA) has a high prevalence, with an estimated 425 million adults with apnea hypopnea index (AHI) of ≥15 events/hour, and is significantly underdiagnosed. This presents a significant pain point for both the sufferers, and for healthcare systems, particularly in a post COVID-19 pandemic world. As such, it presents an opportunity for new technologies that can enable screening in both developing and developed countries. In this work, the performance of a non-contact OSA screener App that can run on both Apple and Android smartphones is presented. METHODS: The subtle breathing patterns of a person in bed can be measured via a smartphone using the ""Firefly"" app technology platform [and underpinning software development kit (SDK)], which utilizes advanced digital signal processing (DSP) technology and artificial intelligence (AI) algorithms to identify detailed sleep stages, respiration rate, snoring, and OSA patterns. The smartphone is simply placed adjacent to the subject, such as on a bedside table, night stand or shelf, during the sleep session. The system was trained on a set of 128 overnights recorded at a sleep laboratory, where volunteers underwent simultaneous full polysomnography (PSG), and ""Firefly"" smartphone app analysis. A separate independent test set of 120 recordings was collected across a range of Apple iOS and Android smartphones, and withheld for performance evaluation by a different team. An operating point tuned for mid-sensitivity (i.e., balancing sensitivity and specificity) was chosen for the screener. RESULTS: The performance on the test set is comparable to ambulatory OSA screeners, and other smartphone screening apps, with a sensitivity of 88.3% and specificity of 80.0% [with receiver operating characteristic (ROC) area under the curve (AUC) of 0.92], for a clinical threshold for the AHI of ≥15 events/hour of detected sleep time. CONCLUSIONS: The ""Firefly"" app based sensing technology offers the potential to significantly lower the barrier of entry to OSA screening, as no hardware (other than the user's personal smartphone) is required. Additionally, multi-night analysis is possible in the home environment, without requiring the wearing of a portable PSG or other home sleep test (HST)."
Clinical presentation and comorbidities of obstructive sleep apnea-COPD overlap syndrome,Dan Adler; Sébastien Bailly; Mériem Benmerad; Marie Joyeux‐Faure; Ingrid Jullian‐Desayes; Paola M. Soccal; J.-P. Janssens; Marc Sapène; Y. Grillet; B. Stach; Renaud Tamisier; Jean‐Louis Pépin,2020,10.1371/journal.pone.0235331,openalex,https://doi.org/10.1371/journal.pone.0235331,Patients with obstructive sleep apnea (OSA) and obstructive sleep apnea-COPD overlap syndrome (OVS),N/A,Patients with moderate-to-severe OSA alone,Lower proportion of OVS patients complained of snoring; Lower proportion of OVS patients experienced morning headaches; Lower proportion of OVS patients experienced excessive daytime sleepiness; Lower proportion of OVS patients experienced sleepiness while driving; Higher prevalence of nocturia in OVS patients; More altered apnea hypopnea index in OVS group; More altered oxygen desaturation index in OVS group; Lower mean nocturnal SaO2 in OVS group; Higher prevalence of coronary heart disease in OVS; Higher prevalence of heart failure in OVS; Higher prevalence of peripheral arteriopathy in OVS,Cross-sectional study,0.9,"BACKGROUND: More advanced knowledge is needed on how COPD alters the clinical presentation of obstructive sleep apnea (OSA) and how the association of both diseases, known as 'overlap syndrome' (OVS), impacts on cardiovascular health. OBJECTIVE: To investigate differences between patients with OVS and those with moderate-to-severe OSA alone. METHODS: A cross-sectional study conducted in the French National Sleep Apnea Registry between January 1997 and January 2017. Univariable and multivariable logistic regression models were used to compare OVS versus OSA alone on symptoms and cardiovascular health. RESULTS: 46,786 patients had moderate-to-severe OSA. Valid spirometry was available for 16,466 patients: 14,368 (87%) had moderate-to-severe OSA alone and 2098 (13%) had OVS. A lower proportion of OVS patients complained of snoring, morning headaches and excessive daytime sleepiness compared to OSA alone (median Epworth Sleepiness Scale score: 9 [interquartile range (IQR) 6-13] versus 10 (IQR 6-13), respectively; P <0.02). Similarly, a lower proportion of OVS patients (35.6% versus 39.4%, respectively; P <0.01) experienced sleepiness while driving. In contrast, 63.5% of the OVS population experienced nocturia compared to 58.0% of the OSA population (P<0.01). Apnea hypopnea index (36 [25; 52] vs 33.1 [23.3; 50]), oxygen desaturation index (28 [15; 48] vs 25.2 [14; 45]) and mean nocturnal SaO2 (92 [90; 93.8] vs 93 [91.3; 94]) were significantly more altered in the OVS group. Associated COPD had no effect on the prevalence of hypertension and stroke. After controlling for main confounders, COPD severity was associated in a dose-response relationship with a higher prevalence of coronary heart disease, heart failure and peripheral arteriopathy. CONCLUSIONS: In adults with moderate-to-severe OSA, OVS was minimally symptomatic, but exhibited higher odds for prevalent coronary heart disease, heart failure and peripheral arteriopathy."
Associations of the Cardiometabolic Index with the Risk of Cardiovascular Disease in Patients with Hypertension and Obstructive Sleep Apnea: Results of a Longitudinal Cohort Study,Xintian Cai; Junli Hu; Wen Wen; Jingyu Wang; Meng‐Ru Wang; Shasha Liu; Qing Zhu; Jing Hong; Yujie Dang; Xiaoguang Yao; Le Sun; Delian Zhang; Qin Luo; Nanfang Li,2022,10.1155/2022/4914791,openalex,https://doi.org/10.1155/2022/4914791,Patients with hypertension and obstructive sleep apnea,Cardiometabolic index (CMI),N/A,"Positive association with new-onset CVD (adjusted HR: 1.31; 95% CI: 1.20, 1.43); Positive association with new-onset CHD (adjusted HR: 1.33; 95% CI: 1.20, 1.48); Positive association with new-onset stroke (adjusted HR: 1.27; 95% CI: 1.10, 1.47); Improved C-index for CVD (P < 0.001); Improved continuous net reclassification improvement (P < 0.001); Improved integrated discrimination index (P < 0.001)",Cohort study,0.95,"Purpose . We aimed to explore the relationship between the cardiometabolic index (CMI) and cardiovascular disease (CVD) and its subtypes (coronary artery disease and stroke) in patients with hypertension and obstructive sleep apnea (OSA). Methods . We conducted a retrospective cohort study enrolling 2067 participants from the Urumqi Research on Sleep Apnea and Hypertension study. The CMI was calculated as triglyceride to high‐density lipoprotein cholesterol ratio × waist‐to‐height ratio. Participants were divided into three groups (T1, T2, and T3) according to the tertile of CMI. The Kaplan‐Meier method helped to calculate the cumulative incidence of CVD in different groups. We assessed the association of CMI with the risk of CVD and CVD subtypes by estimating hazard ratios (HRs) and 95% confidence intervals (CIs) using Cox models. Results . During a median follow‐up of 6.83 years (interquartile range: 5.92‐8.00 years), 326 incident CVD were identified, including 121 incident stroke and 205 incident coronary heart disease (CHD). Overall, after adjusting for confounding variables, CMI was positively associated with the risk of new‐onset CVD (per SD increment, adjusted HR: 1.31; 95% CI: 1.20, 1.43), new‐onset CHD (per SD increment, adjusted HR: 1.33; 95% CI: 1.20, 1.48), and new‐onset stroke (per SD increment, adjusted HR: 1.27; 95% CI: 1.10, 1.47). Similar results were obtained in various subgroup and sensitivity analyses. Adding CMI to the baseline risk model for CVD improved the C ‐index ( P < 0.001), continuous net reclassification improvement ( P < 0.001), and integrated discrimination index ( P < 0.001). Similar results were observed for CHD and stroke. Conclusion . There was a positive association between CMI levels and the risk of new‐onset CVD in patients with hypertension and OSA. This finding suggests that CMI may help identify people at high risk of developing CVD."
Symptom subtypes and risk of incident cardiovascular and cerebrovascular disease in a clinic-based obstructive sleep apnea cohort,A. J. Hirsch Allen; Rachel Jen; Diego R. Mazzotti; Brendan T Keenan; Sebastian D. Goodfellow; Carolyn Taylor; Patrick Daniele; Bernardo Urbanetto Peres; Yu Liu; Morvarid Mehrtash; Najib Ayas,2022,10.5664/jcsm.9986,openalex,https://doi.org/10.5664/jcsm.9986,clinic-based obstructive sleep apnea cohort,symptom subtypes,N/A,risk of incident cardiovascular disease; risk of incident cerebrovascular disease,Cohort study,0.8,
Relevance of obstructive sleep apnea and smoking: Obstructive sleep apnea and smoking,Ayşe Didem Esen; Meltem Akpınar,2020,10.1093/fampra/cmaa112,openalex,https://doi.org/10.1093/fampra/cmaa112,384 patients with obstructive sleep apnea (OSA) diagnosed through full night polysomnographic examination,smoking status (non-smokers and smokers),N/A,"higher severe OSA rate in male smokers (P = 0.002); higher severe OSA rate in smokers with BMI < 30 (34.44% versus 21%, P = 0.027); no correlation between smoking frequency and OSA severity",Observational study,0.9,"BACKGROUND: The data concerning the association of smoking and obstructive sleep apnea (OSA) are limited. The effects of cigarette smoking on OSA still remain obscure. OBJECTIVES: To reveal the impact of smoking on obstructive sleep apnea. METHODS: About 384 patients with the diagnosis of OSA through full night polysomnographic (PSG) examination were included to the study. The demographic data (age, sex and BMI), complaints and medical history, status of smoking as non-smokers and smokers, smoking frequency (cigarettes/day), polysomnograhic data comprising apnea hypopnea index (AHI), non-REM sleep AHI (NREM AHI), REM sleep AHI (REM AHI), minimum oxygen saturation (min SaO2) were recorded for all the subjects. Non-smokers and smokers were compared in terms of severity of OSA. RESULTS: The study population consisted of 384 subjects, 253 males and 131 females. Smoking frequency was not found correlated with OSA severity. Among smokers, males had higher severe OSA rate (P = 0.002, P < 0.05). In subjects with BMI < 30, severe OSA rate was higher in smokers (34.44% versus 21%) (P = 0.027, P < 0.05). CONCLUSIONS: Our study detected higher rate of severe OSA in male smokers and smokers with BMI < 30. PSG data did not yield statistically significant difference in non-smokers and smokers. OSA severity was not found correlated with smoking frequency. Along with the study results, the impact of smoking on OSA is still controversial. Prospective studies with larger sample size may be contributive to further evaluation of the association of OSA with smoking."
Sleep apnea diagnosis in children using software-generated apnea-hypopnea index (AHI) derived from data recorded with a single photoplethysmogram sensor (PPG),Hugi Hilmisson; Stephen Berman; Sólveig Magnúsdóttir,2020,10.1007/s11325-020-02049-6,openalex,https://doi.org/10.1007/s11325-020-02049-6,children with sleep apnea,software-generated apnea-hypopnea index (AHI) derived from data recorded with a single photoplethysmogram sensor (PPG),N/A,N/A,N/A,0.7,
Correlation of Dyslipidemia and Inflammation With Obstructive Sleep Apnea Severity,Višeslav Popadić; Milica Brajković; Slobodan Klašnja; Nataša Milić; Nina Rajović; Danica Popovic Lisulov; Anica Divac; Tatjana Ivankovic; Andrea Manojlović; Novica Nikolic; Lidija Memon; Marija Branković; Maja Popović; Ana Sekulić; Jelica Bjekić Macut; Olivera Marković; Siniša Djurašević; Maja Stojković; Zoran Todorović; Marija Zdravković,2022,10.3389/fphar.2022.897279,openalex,https://doi.org/10.3389/fphar.2022.897279,328 patients with newly diagnosed obstructive sleep apnea,correlation of dyslipidemia and inflammation,N/A,significant relation of lipid abnormalities with obstructive sleep apnea severity; significant relation of inflammatory markers with obstructive sleep apnea severity; predictors of severe OSA (AHI ≥30 per hour),Cohort study,0.9,"Introduction: Obstructive sleep apnea (OSA) is a serious condition linked with various metabolic disorders and associated with increased all-cause and cardiovascular mortality. Although the potential mechanisms of pathophysiological processes related to OSA are relatively well known, the data regarding the correlation between obstructive sleep apnea, dyslipidemia, and systemic inflammation are still inconclusive. Methods: The study was conducted as a retrospective cohort study including 328 patients with newly diagnosed obstructive sleep apnea during the period between April 2018, and May 2020, in University Clinical Hospital Center “Bezanijska kosa”, Belgrade, Serbia. Polysomnography was performed in all patients according to the protocol. Numerous demographic, antropometric, laboratory, and clinical data were correlated to Apnea-Hypopnea Index (AHI) as a dependent variable, with a particular review on the relation between lipid abnormalities, inflammatory parameters, and obstructive sleep apnea severity. Multivariate logistic regression model was used to assess predictors of severe OSA (AHI ≥30 per hour). Results: A total of 328 patients were included in the study. The mean age of the patients was 54.0 ± 12.5 years and more than two-thirds were male (68.8%). The majority of the patients had an AHI of at least 30 events per hour. Patients with severe OSA were more frequently male, obese, hypertensive and hyperlipidemic, and had increased neck circumference (both male and female patients). One hundred and thirty-two patients had metabolic syndrome. Patients with severe OSA more frequently had metabolic syndrome and significantly higher levels of glucose, creatinine, uric acid, AST, ALT, CK, microalbumine/creatinine ratio, triglyceride, total cholesterol, HDL, total cholеsterol to HDL‐C ratio, CRP, and ESR. In the multivariate linear regression model with AHI (≥30 per hour) as a dependent variable, of demographic and clinical data, triglycerides ≥1.7 mmol/L and CRP &amp;gt;5 mg/L were significantly associated with AHI≥30 per hour. Conclusion: The present study on 328 patients with newly diagnosed obstructive sleep apnea revealed significant relation of lipid abnormalities, inflammatory markers, and other clinically important data with obstructive sleep apnea severity. These results can lead to a better understanding of the underlying pathophysiological processes and open the door to a new world of potentially useful therapeutic modalities."
Effect of Multilevel Upper Airway Surgery vs Medical Management on the Apnea-Hypopnea Index and Patient-Reported Daytime Sleepiness Among Patients With Moderate or Severe Obstructive Sleep Apnea,Stuart G. MacKay; A. Simon Carney; Peter Catcheside; Ching Li Chai‐Coetzer; Michael Chia; Peter A. Cistulli; John-Charles Hodge; Andrew Jones; Billingsley Kaambwa; Richard Lewis; Eng H. Ooi; A Pinczel; Nigel McArdle; Guy Rees; Bhajan Singh; Nicholas W. Stow; Edward M. Weaver; Richard Woodman; Charmaine M. Woods; Aeneas Yeo; R. Doug McEvoy,2020,10.1001/jama.2020.14265,openalex,https://doi.org/10.1001/jama.2020.14265,Adults with symptomatic moderate or severe obstructive sleep apnea (OSA) in whom conventional treatments had failed,Multilevel surgery (modified uvulopalatopharyngoplasty and minimally invasive tongue volume reduction),"Ongoing medical management (eg, advice on sleep positioning, weight loss)",Apnea-hypopnea index (AHI); Epworth Sleepiness Scale (ESS),Randomized clinical trial,1,"Importance: Many adults with obstructive sleep apnea (OSA) use device treatments inadequately and remain untreated. Objective: To determine whether combined palatal and tongue surgery to enlarge or stabilize the upper airway is an effective treatment for patients with OSA when conventional device treatment failed. Design, Setting, and Participants: Multicenter, parallel-group, open-label randomized clinical trial of upper airway surgery vs ongoing medical management. Adults with symptomatic moderate or severe OSA in whom conventional treatments had failed were enrolled between November 2014 and October 2017, with follow-up until August 2018. Interventions: Multilevel surgery (modified uvulopalatopharyngoplasty and minimally invasive tongue volume reduction; n = 51) or ongoing medical management (eg, advice on sleep positioning, weight loss; n = 51). Main Outcomes and Measures: Primary outcome measures were the apnea-hypopnea index (AHI; ie, the number of apnea and hypopnea events/h; 15-30 indicates moderate and >30 indicates severe OSA) and the Epworth Sleepiness Scale (ESS; range, 0-24; >10 indicates pathological sleepiness). Baseline-adjusted differences between groups at 6 months were assessed. Minimal clinically important differences are 15 events per hour for AHI and 2 units for ESS. Results: Among 102 participants who were randomized (mean [SD] age, 44.6 [12.8] years; 18 [18%] women), 91 (89%) completed the trial. The mean AHI was 47.9 at baseline and 20.8 at 6 months for the surgery group and 45.3 at baseline and 34.5 at 6 months for the medical management group (mean baseline-adjusted between-group difference at 6 mo, -17.6 events/h [95% CI, -26.8 to -8.4]; P < .001). The mean ESS was 12.4 at baseline and 5.3 at 6 months in the surgery group and 11.1 at baseline and 10.5 at 6 months in the medical management group (mean baseline-adjusted between-group difference at 6 mo, -6.7 [95% CI, -8.2 to -5.2]; P < .001). Two participants (4%) in the surgery group had serious adverse events (1 had a myocardial infarction on postoperative day 5 and 1 was hospitalized for observation following hematemesis of old blood). Conclusions and Relevance: In this preliminary study of adults with moderate or severe OSA in whom conventional therapy had failed, combined palatal and tongue surgery, compared with medical management, reduced the number of apnea and hypopnea events and patient-reported sleepiness at 6 months. Further research is needed to confirm these findings in additional populations and to understand clinical utility, long-term efficacy, and safety of multilevel upper airway surgery for treatment of patients with OSA. Trial Registration: Australian New Zealand Clinical Trials Registry: ACTRN12614000338662."
The comparison of spectral analyses and flow features in upper airways with obstructive sleep apnea (OSA) between successful and failed surgeries,Mingzhen Lu; Tianxi Chi; Zhengang Liu; Shu Wang; Yang Liu; Jingying Ye,2020,,arxiv,http://arxiv.org/abs/2007.09328v1,Patients with obstructive sleep apnea (OSA) undergoing surgery,Surgery to widen the upper airway,N/A,"Intrinsic dominant 3-5 Hz signal; Signal-to-noise ratio (SNR) at 3-5 Hz inversely correlated with apnea-hypopnea index (AHI); Correlation between AHI and area ratio of minimum cross-section to maximum cross-section, r = -0.833, p = 0.01",Experimental measurement and numerical simulation,0.9,"Obstructive sleep apnea (OSA) is a common sleep disorder and widening the upper airway is often used in clinical practice. However, the success rate of this surgery is limited; the failed surgery would even make the situation worse, indicating the widened airway is not the unique criterion to evaluate the breathing quality. Therefore, we carried out both experimental measurement and numerical simulation on OSA upper airways and found that there existed an intrinsic dominant 3-5 Hz signal and the signal-to-noise ratio (SNR) at 3-5 Hz is inversely correlated with apnea-hypopnea index (AHI). Firstly, to validate the suitability of simulation methods, we carried out Laser Doppler measurement in 3D-printing OSA upper airway models, and found excellent agreement between the measured and calculated velocity profiles in two upper airway models for the first time. Then we carried out large eddy simulation (LES) to investigate four pairs of OSA upper airway models with 8 different AHI values for both pre- and post-surgery; among them, three surgeries were successful and one failed. The decreased the pressure drop for failed case, proving that only widening airway cannot guarantee to improve OSA. In our analysis, it is indicating that a dominant recirculation downstream of the minimum cross-section should be a main feature of a successful surgery, and the strength of 3-5 Hz signal induced by flow separation in the upper airway plays an important role in appraising breathing quality. This provides a new guideline for surgery planning. Furthermore, we found a strong correlation between AHI and the area ratio of minimum cross-section near the retro-palate to the maximum cross-section behind the tongue base, and this correlation is highly significant, r = - 0.833, p = 0.01 < 0.05."
Quantifying sleep apnea heterogeneity using hierarchical Bayesian modeling,Glenn Palmer; Narat Srivali; David B. Dunson,2025,,arxiv,http://arxiv.org/abs/2503.11599v5,patients with Obstructive Sleep Apnea (OSA),hierarchical Bayesian modeling of PSG data,N/A,clinically interesting groups of patients with sleep apnea; association between OSA expression and cognitive performance,observational study,0.9,"Obstructive Sleep Apnea (OSA) is a breathing disorder during sleep that affects millions of people worldwide. The diagnosis of OSA often occurs through an overnight polysomnogram (PSG) sleep study that generates a massive amount of physiological data. However, despite the evidence of substantial heterogeneity in the expression and symptoms of OSA, diagnosis and scientific analysis of severity typically focus on a single summary statistic, the Apnea-Hypopnea Index (AHI). We address the limitations of this approach through hierarchical Bayesian modeling of PSG data. Our approach produces interpretable random effects for each patient, which govern sleep-stage dynamics, rates of OSA events, and impacts of OSA events on subsequent sleep-stage dynamics. We propose a novel approach for using these random effects to produce a Bayes optimal clustering of patients. We use the proposed approach to analyze data from the APPLES study. Our analysis produces clinically interesting groups of patients with sleep apnea and a novel finding of an association between OSA expression and cognitive performance that is missed by an AHI-based analysis."
Unobtrusive Reflectance Photoplethysmography for Detecting and Severity Grading of Sleep Apnea via Oxygen Desaturation Index,Karen Adam; Clémentine Aguet; Patrick Theurillat; Florent Baty; Maximilian Boesch; Damien Ferrario; Mathieu Lemay; Martin Brutsche; Fabian Braun,2025,,arxiv,http://arxiv.org/abs/2507.08399v1,170 patients undergoing sleep apnea screening,wearable device measuring reflectance photoplethysmography (PPG) to estimate continuous SpO2 levels and derive oxygen desaturation index (ODI),ODI values obtained at the fingertip and wrist,"ODI values obtained at the upper arm were good predictors for moderate or severe sleep apnea, with 86% accuracy, 96% sensitivity and 70% specificity; ODI values obtained at the wrist were less reliable as a diagnostic tool",Cohort study,0.9,"Sleep apnea is a common chronic sleep-related disorder which is known to be a comorbidity for cerebro- and cardio-vascular disease. Diagnosis of sleep apnea usually requires an overnight polysomnography at the sleep laboratory. In this paper, we used a wearable device which measures reflectance photoplethysmography (PPG) at the wrist and upper arm to estimate continuous SpO2 levels during sleep and subsequently derive an oxygen desaturation index (ODI) for each patient. On a cohort of 170 patients undergoing sleep apnea screening, we evaluated whether this ODI value could represent a surrogate marker for the apnea-hypopnea index (AHI) for the diagnosis and severity assessment of sleep apnea. As the ODI was simultaneously obtained at the fingertip, upper arm and wrist, we compared ODI diagnostic performance depending on the measurement location. We then further evaluated the accuracy of ODI as a direct predictor for moderate and severe sleep apnea as defined by established AHI thresholds. We found that ODI values obtained at the upper arm were good predictors for moderate or severe sleep apnea, with 86% accuracy, 96% sensitivity and 70% specificity, whereas ODI values obtained at the wrist were less reliable as a diagnostic tool."
Exploring the Efficacy of Convolutional Neural Networks in Sleep Apnea Detection from Single Channel EEG,Chun Hin Siu; Hossein Miri,2025,,arxiv,http://arxiv.org/abs/2509.00012v1,Individuals at risk of sleep apnea,Convolutional Neural Network (CNN) trained on single channel EEG data,N/A,Accuracy of 85.1%; Matthews Correlation Coefficient (MCC) of 0.22,Controlled experiment,0.9,"Sleep apnea, a prevalent sleep disorder, involves repeated episodes of breathing interruptions during sleep, leading to various health complications, including cognitive impairments, high blood pressure, heart disease, stroke, and even death. One of the main challenges in diagnosing and treating sleep apnea is identifying individuals at risk. The current gold standard for diagnosis, Polysomnography (PSG), is costly, labor intensive, and inconvenient, often resulting in poor quality sleep data. This paper presents a novel approach to the detection of sleep apnea using a Convolutional Neural Network (CNN) trained on single channel EEG data. The proposed CNN achieved an accuracy of 85.1% and a Matthews Correlation Coefficient (MCC) of 0.22, demonstrating a significant potential for home based applications by addressing the limitations of PSG in automated sleep apnea detection. Key contributions of this work also include the development of a comprehensive preprocessing pipeline with an Infinite Impulse Response (IIR) Butterworth filter, a dataset construction method providing broader temporal context, and the application of SMOTETomek to address class imbalance. This research underscores the feasibility of transitioning from traditional laboratory based diagnostics to more accessible, automated home based solutions, improving patient outcomes and broadening the accessibility of sleep disorder diagnostics."
MobileNetV2: A lightweight classification model for home-based sleep apnea screening,Hui Pan; Yanxuan Yu; Jilun Ye; Xu Zhang,2024,,arxiv,http://arxiv.org/abs/2412.19967v2,Individuals undergoing sleep apnea screening,Lightweight neural network model leveraging ECG and respiratory signals for OSA screening,N/A,"Overall OSA detection accuracy of 0.978; Respiratory event classification accuracy of 0.969; ROC-AUC of 0.98 for respiratory event classification; ROC-AUC exceeding 0.85 for sleep stage classification in UCDDB dataset; Recall for Sleep reaching 0.906; Specificity for REM and Wake states at 0.956 and 0.937, respectively",Validation study,0.9,"This study proposes a novel lightweight neural network model leveraging features extracted from electrocardiogram (ECG) and respiratory signals for early OSA screening. ECG signals are used to generate feature spectrograms to predict sleep stages, while respiratory signals are employed to detect sleep-related breathing abnormalities. By integrating these predictions, the method calculates the apnea-hypopnea index (AHI) with enhanced accuracy, facilitating precise OSA diagnosis. The method was validated on three publicly available sleep apnea databases: the Apnea-ECG database, the UCDDB dataset, and the MIT-BIH Polysomnographic database. Results showed an overall OSA detection accuracy of 0.978, highlighting the model's robustness. Respiratory event classification achieved an accuracy of 0.969 and an area under the receiver operating characteristic curve (ROC-AUC) of 0.98. For sleep stage classification, in UCDDB dataset, the ROC-AUC exceeded 0.85 across all stages, with recall for Sleep reaching 0.906 and specificity for REM and Wake states at 0.956 and 0.937, respectively. This study underscores the potential of integrating lightweight neural networks with multi-signal analysis for accurate, portable, and cost-effective OSA screening, paving the way for broader adoption in home-based and wearable health monitoring systems."
"Validation of a new, minimally-invasive, software smartphone device to predict sleep apnea and its severity: transversal study",Justine Frija; Juliette Millet; Emilie Bequignon; Ala Covali; Guillaume Cathelain; Josselin Houenou; Helene Benzaquen; Pierre Alexis Geoffroy; Emmanuel Bacry; Mathieu Grajoszex; Marie-Pia d Ortho,2024,,arxiv,http://arxiv.org/abs/2406.16953v1,adult patients during in-hospital polysomnography,Apneal application that records sound and movements using smartphone sensors,polysomnography (PSG),sensitivity of manual scoring for AHI superior to 15: 0.91; positive predictive value (PPV) for AHI superior to 15: 0.89; sensitivity for AHI superior to 30: 0.85; PPV for AHI superior to 30: 0.94; AUC-ROC for AHI superior to 15: 0.85; AUC-PR for AHI superior to 15: 0.94; AUC-ROC for AHI superior to 30: 0.95; AUC-PR for AHI superior to 30: 0.93,proof-of-concept study,0.9,"Obstructive sleep apnea (OSA) is frequent and responsible for cardiovascular complications and excessive daytime sleepiness. It is underdiagnosed due to the difficulty to access the gold standard for diagnosis, polysomnography (PSG). Alternative methods using smartphone sensors could be useful to increase diagnosis. The objective is to assess the performances of Apneal, an application that records the sound using a smartphone's microphone and movements thanks to a smartphone's accelerometer and gyroscope, to estimate patients' AHI. In this article, we perform a monocentric proof-of-concept study with a first manual scoring step, and then an automatic detection of respiratory events from the recorded signals using a sequential deep-learning model which was released internally at Apneal at the end of 2022 (version 0.1 of Apneal automatic scoring of respiratory events), in adult patients during in-hospital polysomnography.46 patients (women 34 per cent, mean BMI 28.7 kg per m2) were included. For AHI superior to 15, sensitivity of manual scoring was 0.91, and positive predictive value (PPV) 0.89. For AHI superior to 30, sensitivity was 0.85, PPV 0.94. We obtained an AUC-ROC of 0.85 and an AUC-PR of 0.94 for the identification of AHI superior to 15, and AUC-ROC of 0.95 and AUC-PR of 0.93 for AHI superior to 30. Promising results are obtained for the automatic annotations of events.This article shows that manual scoring of smartphone-based signals is possible and accurate compared to PSG-based scorings. Automatic scoring method based on a deep learning model provides promising results. A larger multicentric validation study, involving subjects with different SAHS severity is required to confirm these results."
Sleep Apnea and Respiratory Anomaly Detection from a Wearable Band and Oxygen Saturation,Wolfgang Ganglberger; Abigail A. Bucklin; Ryan A. Tesh; Madalena Da Silva Cardoso; Haoqi Sun; Michael J. Leone; Luis Paixao; Ezhil Panneerselvam; Elissa M. Ye; B. Taylor Thompson; Oluwaseun Akeju; David Kuller; Robert J. Thomas; M. Brandon Westover,2021,,arxiv,http://arxiv.org/abs/2102.13473v1,Individuals with sleep-related respiratory abnormalities (n = 412),Wearable respiratory device for detecting abnormal respiration and estimating Apnea-Hypopnea-Index (AHI),Polysomnography and SpO2 signal,"Areas under the receiver operating characteristic curves of 0.94, 0.86, 0.82; Areas under the precision-recall curves of 0.48, 0.32, 0.51; Correlation between expert-labelled and predicted AHI of 0.96, 0.78, 0.93",Cross-validation study,0.9,"Objective: Sleep related respiratory abnormalities are typically detected using polysomnography. There is a need in general medicine and critical care for a more convenient method to automatically detect sleep apnea from a simple, easy-to-wear device. The objective is to automatically detect abnormal respiration and estimate the Apnea-Hypopnea-Index (AHI) with a wearable respiratory device, compared to an SpO2 signal or polysomnography using a large (n = 412) dataset serving as ground truth. Methods: Simultaneously recorded polysomnographic (PSG) and wearable respiratory effort data were used to train and evaluate models in a cross-validation fashion. Time domain and complexity features were extracted, important features were identified, and a random forest model employed to detect events and predict AHI. Four models were trained: one each using the respiratory features only, a feature from the SpO2 (%)-signal only, and two additional models that use the respiratory features and the SpO2 (%)-feature, one allowing a time lag of 30 seconds between the two signals. Results: Event-based classification resulted in areas under the receiver operating characteristic curves of 0.94, 0.86, 0.82, and areas under the precision-recall curves of 0.48, 0.32, 0.51 for the models using respiration and SpO2, respiration-only, and SpO2-only respectively. Correlation between expert-labelled and predicted AHI was 0.96, 0.78, and 0.93, respectively. Conclusions: A wearable respiratory effort signal with or without SpO2 predicted AHI accurately. Given the large dataset and rigorous testing design, we expect our models are generalizable to evaluating respiration in a variety of environments, such as at home and in critical care."
Detection of Sleep Apnea-Hypopnea Events Using Millimeter-wave Radar and Pulse Oximeter,Wei Wang; Chenyang Li; Zhaoxi Chen; Wenyu Zhang; Zetao Wang; Xi Guo; Jian Guan; Gang Li,2024,,arxiv,http://arxiv.org/abs/2409.19217v2,Patients with Obstructive Sleep Apnea-Hypopnea Syndrome (OSAHS),Method using millimeter-wave radar and pulse oximeter to detect sleep apnea-hypopnea events (SAE),Polysomnography (PSG),High degree of consistency (ICC=0.9864) between AHI from ROSA and PSG,Controlled experiment,0.9,"Obstructive Sleep Apnea-Hypopnea Syndrome (OSAHS) is a sleep-related breathing disorder associated with significant morbidity and mortality worldwide. The gold standard for OSAHS diagnosis, polysomnography (PSG), faces challenges in popularization due to its high cost and complexity. Recently, radar has shown potential in detecting sleep apnea-hypopnea events (SAE) with the advantages of low cost and non-contact monitoring. However, existing studies, especially those using deep learning, employ segment-based classification approach for SAE detection, making the task of event quantity estimation difficult. Additionally, radar-based SAE detection is susceptible to interference from body movements and the environment. Oxygen saturation (SpO2) can offer valuable information about OSAHS, but it also has certain limitations and cannot be used alone for diagnosis. In this study, we propose a method using millimeterwave radar and pulse oximeter to detect SAE, called ROSA. It fuses information from both sensors, and directly predicts the temporal localization of SAE. Experimental results demonstrate a high degree of consistency (ICC=0.9864) between AHI from ROSA and PSG. This study presents an effective method with lowload device for the diagnosis of OSAHS."
Fusion of Millimeter-wave Radar and Pulse Oximeter Data for Low-burden Diagnosis of Obstructive Sleep Apnea-Hypopnea Syndrome,Wei Wang; Zhaoxi Chen; Wenyu Zhang; Zetao Wang; Xiang Zhao; Chenyang Li; Jian Guan; Shankai Yin; Gang Li,2025,,arxiv,http://arxiv.org/abs/2501.15264v1,100 subjects with obstructive sleep apnea-hypopnea syndrome (OSAHS),method using millimeter-wave radar and pulse oximeter for OSAHS diagnosis (ROSA),polysomnography (PSG),"high agreement on apnea-hypopnea index (AHI) between ROSA and PSG (ICC=0.9870); diagnostic performance exceeding 90% in accuracy across AHI diagnostic thresholds of 5, 15 and 30 events/h",Controlled experiment,0.9,"Objective: The aim of the study is to develop a novel method for improved diagnosis of obstructive sleep apnea-hypopnea syndrome (OSAHS) in clinical or home settings, with the focus on achieving diagnostic performance comparable to the gold-standard polysomnography (PSG) with significantly reduced monitoring burden. Methods: We propose a method using millimeter-wave radar and pulse oximeter for OSAHS diagnosis (ROSA). It contains a sleep apnea-hypopnea events (SAE) detection network, which directly predicts the temporal localization of SAE, and a sleep staging network, which predicts the sleep stages throughout the night, based on radar signals. It also fuses oxygen saturation (SpO2) information from the pulse oximeter to adjust the score of SAE detected by radar. Results: Experimental results on a real-world dataset (>800 hours of overnight recordings, 100 subjects) demonstrated high agreement (ICC=0.9870) on apnea-hypopnea index (AHI) between ROSA and PSG. ROSA also exhibited excellent diagnostic performance, exceeding 90% in accuracy across AHI diagnostic thresholds of 5, 15 and 30 events/h. Conclusion: ROSA improves diagnostic accuracy by fusing millimeter-wave radar and pulse oximeter data. It provides a reliable and low-burden solution for OSAHS diagnosis. Significance: ROSA addresses the limitations of high complexity and monitoring burden associated with traditional PSG. The high accuracy and low burden of ROSA show its potential to improve the accessibility of OSAHS diagnosis among population."
Sleep Apnea Detection on a Wireless Multimodal Wearable Device Without Oxygen Flow Using a Mamba-based Deep Learning Approach,Dominik Luszczynski; Richard Fei Yin; Nicholas Afonin; Andrew S. P. Lim,2025,,arxiv,http://arxiv.org/abs/2512.00989v1,"384 adults attending a tertiary care sleep laboratory (mean age 56, mean AHI 10.8, 43.86% female)",Mamba-based deep learning model for diagnosis and event-level characterization of sleep disordered breathing,N/A,"Model-predicted AHI highly correlated with PSG labels (R=0.95, p=8.3e-30); Sensitivity of 0.96 and specificity of 0.87 at AHI>5; Sensitivity of 0.86 and specificity of 0.98 at AHI>15; Sensitivity of 0.93 and specificity of 0.95 at the level of 30-sec epochs",Controlled experiment,0.95,"Objectives: We present and evaluate a Mamba-based deep-learning model for diagnosis and event-level characterization of sleep disordered breathing based on signals from the ANNE One, a non-intrusive dual-module wireless wearable system measuring chest electrocardiography, triaxial accelerometry, chest and finger temperature, and finger phototplethysmography. Methods: We obtained concurrent PSG and wearable sensor recordings from 384 adults attending a tertiary care sleep laboratory. Respiratory events in the PSG were manually annotated in accordance with AASM guidelines. Wearable sensor and PSG recordings were automatically aligned based on the ECG signal, alignment confirmed by visual inspection, and PSG-derived respiratory event labels were used to train and evaluate a deep sequential neural network based on the Mamba architecture. Results: In 57 recordings in our test set (mean age 56, mean AHI 10.8, 43.86\% female) the model-predicted AHI was highly correlated with that derived form the PSG labels (R=0.95, p=8.3e-30, men absolute error 2.83). This performance did not vary with age or sex. At a threshold of AHI$>$5, the model had a sensitivity of 0.96, specificity of 0.87, and kappa of 0.82, and at a threshold of AHI$>$15, the model had a sensitivity of 0.86, specificity of 0.98, and kappa of 0.85. At the level of 30-sec epochs, the model had a sensitivity of 0.93 and specificity of 0.95, with a kappa of 0.68 regarding whether any given epoch contained a respiratory event. Conclusions: Applied to data from the ANNE One, a Mamba-based deep learning model can accurately predict AHI and identify SDB at clinically relevant thresholds, achieves good epoch- and event-level identification of individual respiratory events, and shows promise at physiological characterization of these events including event type (central vs. other) and event duration."
"A Multimodal Dataset of 21,412 Recorded Nights for Sleep and Respiratory Research",Alon Diament; Maria Gorodetski; Adam Jankelow; Ayya Keshet; Tal Shor; Daphna Weissglas-Volkov; Hagai Rossman; Eran Segal,2023,,arxiv,http://arxiv.org/abs/2311.08979v1,"7,077 participants",home sleep apnea tests using the FDA-approved WatchPAT-300 device,N/A,reference values for Apnea/Hypopnea Index (AHI); sleep efficiency; Wake After Sleep Onset (WASO); HRV sample entropy; predictive capability for body composition; predictive capability for bone density; predictive capability for blood sugar levels; predictive capability for cardiovascular health,N/A,0.9,"This study introduces a novel, rich dataset obtained from home sleep apnea tests using the FDA-approved WatchPAT-300 device, collected from 7,077 participants over 21,412 nights. The dataset comprises three levels of sleep data: raw multi-channel time-series from sensors, annotated sleep events, and computed summary statistics, which include 447 features related to sleep architecture, sleep apnea, and heart rate variability (HRV). We present reference values for Apnea/Hypopnea Index (AHI), sleep efficiency, Wake After Sleep Onset (WASO), and HRV sample entropy, stratified by age and sex. Moreover, we demonstrate that the dataset improves the predictive capability for various health related traits, including body composition, bone density, blood sugar levels and cardiovascular health. These results illustrate the dataset's potential to advance sleep research, personalized healthcare, and machine learning applications in biomedicine."
SLEEPYLAND: trust begins with fair evaluation of automatic sleep staging models,Alvise Dei Rossi; Matteo Metaldi; Michal Bechny; Irina Filchenko; Julia van der Meer; Markus H. Schmidt; Claudio L. A. Bassetti; Athina Tzovara; Francesca D. Faraci; Luigi Fiorillo,2025,,arxiv,http://arxiv.org/abs/2506.08574v2,"more than 220,000 hours in-domain (ID) sleep recordings and more than 84,000 hours out-of-domain (OOD) sleep recordings, spanning a broad range of ages, sleep-wake disorders, and hardware setups",SLEEPYLAND evaluation framework and SOMNUS ensemble model,N/A,macro-F1 scores between 68.7% and 87.2%; outperforming individual models in 94.9% of cases; MF1 85.2% vs 80.8% on DOD-H; 80.2% vs 75.9% on DOD-O; k = 0.89/0.85 and ACS = 0.95/0.94 for healthy/OSA cohorts; ROC AUCs up to 0.828,Empirical study,0.9,"Despite advances in deep learning for automatic sleep staging, clinical adoption remains limited due to challenges in fair model evaluation, generalization across diverse datasets, model bias, and variability in human annotations. We present SLEEPYLAND, an open-source sleep staging evaluation framework designed to address these barriers. It includes more than 220'000 hours in-domain (ID) sleep recordings, and more than 84'000 hours out-of-domain (OOD) sleep recordings, spanning a broad range of ages, sleep-wake disorders, and hardware setups. We release pre-trained models based on high-performing SoA architectures and evaluate them under standardized conditions across single- and multi-channel EEG/EOG configurations. We introduce SOMNUS, an ensemble combining models across architectures and channel setups via soft voting. SOMNUS achieves robust performance across twenty-four different datasets, with macro-F1 scores between 68.7% and 87.2%, outperforming individual models in 94.9% of cases. Notably, SOMNUS surpasses previous SoA methods, even including cases where compared models were trained ID while SOMNUS treated the same data as OOD. Using a subset of the BSWR (N=6'633), we quantify model biases linked to age, gender, AHI, and PLMI, showing that while ensemble improves robustness, no model architecture consistently minimizes bias in performance and clinical markers estimation. In evaluations on OOD multi-annotated datasets (DOD-H, DOD-O), SOMNUS exceeds the best human scorer, i.e., MF1 85.2% vs 80.8% on DOD-H, and 80.2% vs 75.9% on DOD-O, better reproducing the scorer consensus than any individual expert (k = 0.89/0.85 and ACS = 0.95/0.94 for healthy/OSA cohorts). Finally, we introduce ensemble disagreement metrics - entropy and inter-model divergence based - predicting regions of scorer disagreement with ROC AUCs up to 0.828, offering a data-driven proxy for human uncertainty."
Alzheimer's Disease in Patients with Obstructive Sleep Apnea Syndrome.,Dimitra I Siachpazidou; Vasileios Stavrou; Kyriaki Astara; Chaido Pastaka; Eudoxia Gogou; Chrissi Hatzoglou; Nicholas-Tiberio Economou; Konstantinos I. Gourgoulianis,2020,,openalex,https://pubmed.ncbi.nlm.nih.gov/33815537,Patients with Alzheimer's disease and obstructive sleep apnea syndrome (OSAS),Continuous positive airway pressure (CPAP) treatment,N/A,Delayed onset of cognitive impairment; Protection of cognitive function; Improvement in depression; Enhanced sleep quality and architecture; Reduction in daytime sleepiness,Literature review,0.9,"BACKGROUND: Obstructive sleep apnea syndrome (OSAS) is a disorder with high prevalence among adults and is an independent risk factor for various diseases, especially those affecting the central nervous system (CNS). Continuous positive airway pressure (CPAP) is usually the optimal choice of treatment for OSAS. Alzheimer's disease (AD) is a neurodegenerative disease affecting a large proportion of the elderly population. The purpose of this study was to collect information concerning the two pathological entities and investigate the effectiveness of CPAP in the treatment of AD. MATERIALS AND METHODS: In this review, Twenty articles were found concerning OSAS and AD, of which one article was about treatment with donepezil and seven articles considered treatment with CPAP. RESULTS: Serious OSAS and short sleep duration are associated with a high risk of developing dementia. Respiratory distress during sleep is associated with developing mild cognitive impairment at younger ages. The cerebrovascular damage of AD patients is correlated with the severity of OSAS. Lower cerebrospinal fluid levels are associated with memory disturbances and oxygen saturation parameters in patients with OSAS-AD. Continuous use of CPAP is related to the delayed onset of cognitive impairment and is suggested as an effective method of protecting cognitive function, depression, sleep quality and architecture, and daytime sleepiness in AD patients with good compliance. Treatment of CPAP patients with OSAS-AD is suggested as an effective method of protecting cognitive function. CONCLUSION: Clinicians dealing with AD patients should consider CPAP treatment when OSAS coexists."