title,authors,year,doi,source,url,population,intervention,comparison,outcomes,study_type,confidence_score,abstract
Audio-based snore detection using deep neural networks.,Xie J; Aubert X; Long X; van Dijk J; Arsenali B; Fonseca P; Overeem S,2021.0,10.1016/j.cmpb.2020.105917,pubmed,https://pubmed.ncbi.nlm.nih.gov/33434817/,38 subjects referred to a clinical center for a sleep study,snore detection algorithm based on a combination of a convolutional neural network (CNN) and a recurrent neural network (RNN),,accuracy of 95.3 Â± 0.5%; sensitivity of 92.2 Â± 0.9%; specificity of 97.7 Â± 0.4%; best accuracy of 95.9% from microphone placed 70 cm above the subject's head; worst accuracy of 94.4% from microphone placed 130 cm above the subject's head,,0.9,"BACKGROUND AND OBJECTIVE: Snoring is a prevalent phenomenon. It may be benign, but can also be a symptom of obstructive sleep apnea (OSA) a prevalent sleep disorder. Accurate detection of snoring may help with screening and diagnosis of OSA."
,,,,,,,,,,,,"METHODS: We introduce a snore detection algorithm based on the combination of a convolutional neural network (CNN) and a recurrent neural network (RNN). We obtained audio recordings of 38 subjects referred to a clinical center for a sleep study. All subjects were recorded by a total of 5 microphones placed at strategic positions around the bed. The CNN was used to extract features from the sound spectrogram, while the RNN was used to process the sequential CNN output and to classify the audio events to snore and non-snore events. We also addressed the impact of microphone placement on the performance of the algorithm."
,,,,,,,,,,,,"RESULTS: The algorithm achieved an accuracy of 95.3 Â± 0.5%, a sensitivity of 92.2 Â± 0.9%, and a specificity of 97.7 Â± 0.4% over all microphones in snore detection on our data set including 18412 sound events. The best accuracy (95.9%) was observed from the microphone placed about 70 cm above the subject's head and the worst (94.4%) was observed from the microphone placed about 130 cm above the subject's head."
,,,,,,,,,,,,CONCLUSION: Our results suggest that our method detects snore events from audio recordings with high accuracy and that microphone placement does not have a major impact on detection performance.
SST: a snore shifted-window transformer method for potential obstructive sleep apnea patient diagnosis.,Luo J; Zhao Y; Liu H; Zhang Y; Shi Z; Li R; Hei X; Ren X,2024.0,10.1088/1361-6579/ad262b,pubmed,https://pubmed.ncbi.nlm.nih.gov/38316023/,305 potential OSA patients,snore shifted-window transformer method (SST) for diagnosing potential OSA patients,traditional polysomnography (PSG) testing,accuracy of 85.9%; sensitivity of 85.3%; precision of 85.6%,,0.9,"Objective.Obstructive sleep apnea (OSA) is a high-incidence disease that is seriously harmful and potentially dangerous. The objective of this study was to develop a noncontact sleep audio signal-based method for diagnosing potential OSA patients, aiming to provide a more convenient diagnostic approach compared to the traditional polysomnography (PSG) testing.Approach.The study employed a shifted window transformer model to detect snoring audio signals from whole-night sleep audio. First, a snoring detection model was trained on large-scale audio datasets. Subsequently, the deep feature statistical metrics of the detected snore audio were used to train a random forest classifier for OSA patient diagnosis.Main results.Using a self-collected dataset of 305 potential OSA patients, the proposed snore shifted-window transformer method (SST) achieved an accuracy of 85.9%, a sensitivity of 85.3%, and a precision of 85.6% in OSA patient classification. These values surpassed the state-of-the-art method by 9.7%, 10.7%, and 7.9%, respectively.Significance.The experimental results demonstrated that SST significantly improved the noncontact audio-based OSA diagnosis performance. The study's findings suggest a promising self-diagnosis method for potential OSA patients, potentially reducing the need for invasive and inconvenient diagnostic procedures."
"Fetal Sleep: A Cross-Species Review of Physiology, Measurement, and Classification",Weitao Tang; Johann Vargas-Calixto; Nasim Katebi; Robert Galinsky; Gari D. Clifford; Faezeh Marzbanrad,2025.0,10.1093/sleep/zsag003,arxiv,http://arxiv.org/abs/2506.21828v2,Fetuses (human and animal models),Non-invasive monitoring and deep learning frameworks for fetal sleep,,Observable fetal sleep states; Differentiation of active and quiet sleep; Detection of neurological compromise,Review,0.9,"Study Objectives: Fetal sleep is a vital yet underexplored aspect of prenatal neurodevelopment. Its cyclic organization reflects the maturation of central neural circuits, and disturbances in these patterns may offer some of the earliest detectable signs of neurological compromise. This is the first review to integrate more than seven decades of research into a unified, cross-species synthesis of fetal sleep. We examine: (i) Physiology and Ontogeny-comparing human fetuses with animal models; and (ii) Methodological Evolution-transitioning from invasive neurophysiology to non-invasive monitoring and deep learning frameworks. Methods: A structured narrative synthesis was guided by a systematic literature search across four databases (PubMed, Scopus, IEEE Xplore, and Google Scholar). From 2,925 identified records, 171 studies involving fetal sleep-related physiology, sleep-state classification, or signal-based monitoring were included in this review. Results: Across the 171 studies, fetal sleep states become clearly observable as the brain matures. In fetal sheep and baboons, organized cycling between active and quiet sleep emerges at approximately 80%-90% gestation. In humans, this differentiation occurs later, around 95% gestation, with full maturation reached near term. Despite extensive animal research, no unified, clinically validated framework exists for defining fetal sleep states, limiting translation into routine obstetric practice. Conclusions: By integrating evidence across species, methodologies, and clinical contexts, this review provides the scientific foundation for developing objective, multimodal, and non-invasive fetal sleep monitoring technologies-tools that may ultimately support earlier detection of neurological compromise and guide timely prenatal intervention."
A Review of the Non-Invasive Techniques for Monitoring Different Aspects of Sleep,Zawar Hussain; Quan Z. Sheng; Wei Emma Zhang; Jorge Ortiz; Seyedamin Pouriyeh,2021.0,10.1145/3491245,arxiv,http://arxiv.org/abs/2104.12964v2,People experiencing sleep issues or disorders,Non-invasive techniques for sleep monitoring (wearable and non-wearable methods),Polysomnography (PSG),Sleep stage classification; Sleep posture recognition; Sleep disorders detection; Vital signs monitoring,Review,0.8,"Quality sleep is very important for a healthy life. Nowadays, many people around the world are not getting enough sleep which is having negative impacts on their lifestyles. Studies are being conducted for sleep monitoring and have now become an important tool for understanding sleep behavior. The gold standard method for sleep analysis is polysomnography (PSG) conducted in a clinical environment but this method is both expensive and complex for long-term use. With the advancements in the field of sensors and the introduction of off-the-shelf technologies, unobtrusive solutions are becoming common as alternatives for in-home sleep monitoring. Various solutions have been proposed using both wearable and non-wearable methods which are cheap and easy to use for in-home sleep monitoring. In this paper, we present a comprehensive survey of the latest research works (2015 and after) conducted in various categories of sleep monitoring including sleep stage classification, sleep posture recognition, sleep disorders detection, and vital signs monitoring. We review the latest works done using the non-invasive approach and cover both wearable and non-wearable methods. We discuss the design approaches and key attributes of the work presented and provide an extensive analysis based on 10 key factors, to give a comprehensive overview of the recent developments and trends in all four categories of sleep monitoring. We also present some publicly available datasets for different categories of sleep monitoring. In the end, we discuss several open issues and provide future research directions in the area of sleep monitoring."
Development of an IoT-Based Sleep Apnea Monitoring System for Healthcare Applications,Abdur Rab Dhruba; Kazi Nabiul Alam; Md Shakib Khan; Sami Bourouis; Mohammad Monirujjaman Khan,2022.0,10.1155/2021/7152576,arxiv,http://arxiv.org/abs/2209.05449v1,People suffering from sleep apnea and various sleeping disorders,IoT-based real-time sleep apnea monitoring system,,"Detection of sleep apnea; Monitoring of ECG, Heart Rate, Pulse rate, Skin response, and SpO2; Notification of odd occurrences through a mobile application",,0.8,"Sleep is an essential and vital element of a person life and health that helps to refresh and recharge the mind and body of a person. The quality of sleep is very important in every person lifestyle, removing various diseases. Bad sleep is a big problem for a lot of people for a very long time. People suffering from various diseases are dealing with various sleeping disorders, commonly known as sleep apnea. Real-time monitoring of sleep is the key to detecting sleep apnea. To solve this problem, an IoT based real-time sleep apnea monitoring system has been developed. It will allow the user to measure different indexes of sleep and will notify them through a mobile application when anything odd occurs. The system contains various sensors to measure the ECG, Heart Rate, Pulse rate, Skin response, and SpO2 of any person during the entire sleeping period. To analyze and detect sleep apnea in real time, the system monitors several people during the sleeping period. The results are displayed on the monitor of the Arduino boards and in the mobile application. The analysis of the achieved data can detect sleep apnea in some of the people that the system monitored, and it can also display the reason why sleep apnea happens. This paper will help everyone learn about sleep apnea and will help people detect it and take the necessary steps to prevent it."
AIOSA: An approach to the automatic identification of obstructive sleep apnea events based on deep learning,Andrea Bernardini; Andrea Brunello; Gian Luigi Gigli; Angelo Montanari; Nicola Saccomanno,2023.0,10.1016/j.artmed.2021.102133,arxiv,http://arxiv.org/abs/2302.05179v1,acute stroke patients,convolutional deep learning architecture for automatic identification of obstructive sleep apnea events,,satisfactory results as considered by domain experts; outperformance of current state-of-the-art solutions,,0.8,"Obstructive Sleep Apnea Syndrome (OSAS) is the most common sleep-related breathing disorder. It is caused by an increased upper airway resistance during sleep, which determines episodes of partial or complete interruption of airflow. The detection and treatment of OSAS is particularly important in stroke patients, because the presence of severe OSAS is associated with higher mortality, worse neurological deficits, worse functional outcome after rehabilitation, and a higher likelihood of uncontrolled hypertension. The gold standard test for diagnosing OSAS is polysomnography (PSG). Unfortunately, performing a PSG in an electrically hostile environment, like a stroke unit, on neurologically impaired patients is a difficult task; also, the number of strokes per day outnumbers the availability of polysomnographs and dedicated healthcare professionals. Thus, a simple and automated recognition system to identify OSAS among acute stroke patients, relying on routinely recorded vital signs, is desirable. The majority of the work done so far focuses on data recorded in ideal conditions and highly selected patients, and thus it is hardly exploitable in real-life settings, where it would be of actual use. In this paper, we propose a convolutional deep learning architecture able to reduce the temporal resolution of raw waveform data, like physiological signals, extracting key features that can be used for further processing. We exploit models based on such an architecture to detect OSAS events in stroke unit recordings obtained from the monitoring of unselected patients. Unlike existing approaches, annotations are performed at one-second granularity, allowing physicians to better interpret the model outcome. Results are considered to be satisfactory by the domain experts. Moreover, based on a widely-used benchmark, we show that the proposed approach outperforms current state-of-the-art solutions."
A Large Collection of Real-world Pediatric Sleep Studies,Harlin Lee; Boyue Li; Shelly DeForte; Mark Splaingard; Yungui Huang; Yuejie Chi; Simon Lin Linwood,2021.0,10.1038/s41597-022-01545-6,arxiv,http://arxiv.org/abs/2102.13284v4,pediatric patients,NCH Sleep DataBank consisting of polysomnography studies and clinical observations,,advancing automatic sleep scoring; real-time sleep disorder prediction; discovering new insights via data mining,,0.8,"Despite being crucial to health and quality of life, sleep -- especially pediatric sleep -- is not yet well understood. This is exacerbated by lack of access to sufficient pediatric sleep data with clinical annotation. In order to accelerate research on pediatric sleep and its connection to health, we create the Nationwide Children's Hospital (NCH) Sleep DataBank and publish it at Physionet and the National Sleep Research Resource (NSRR), which is a large sleep data common with physiological data, clinical data, and tools for analyses. The NCH Sleep DataBank consists of 3,984 polysomnography studies and over 5.6 million clinical observations on 3,673 unique patients between 2017 and 2019 at NCH. The novelties of this dataset include: 1) large-scale sleep dataset suitable for discovering new insights via data mining, 2) explicit focus on pediatric patients, 3) gathered in a real-world clinical setting, and 4) the accompanying rich set of clinical data. The NCH Sleep DataBank is a valuable resource for advancing automatic sleep scoring and real-time sleep disorder prediction, among many other potential scientific discoveries."
Automatic Home-based Screening of Obstructive Sleep Apnea Using Single Channel Electrocardiogram and SPO2 Signals,Hosna Ghandeharioun,2021.0,10.5121/ijaia.2021.12605,arxiv,http://arxiv.org/abs/2110.00660v2,155 subjects from three different databases,Automatic home-based detection of obstructive sleep apnea (OSA) using single channel electrocardiogram and SpO2 signals,,over 85% performance in detecting apnoeic episodes,,0.8,"Obstructive sleep apnea (OSA) is one of the most widespread respiratory diseases today. Complete or relative breathing cessations due to upper airway subsidence during sleep is OSA. It has confirmed potential influence on Covid-19 hospitalization and mortality, and is strongly associated with major comorbidities of severe Covid-19 infection. Un-diagnosed OSA may also lead to a variety of severe physical and mental side-effects. To score OSA severity, nocturnal sleep monitoring is performed under defined protocols and standards called polysomnography (PSG). This method is time-consuming, expensive, and requiring professional sleep technicians. Automatic home-based detection of OSA is welcome and in great demand. It is a fast and effective way for referring OSA suspects to sleep clinics for further monitoring. On-line OSA detection also can be a part of a closed-loop automatic control of the OSA therapeutic/assistive devices. In this paper, several solutions for online OSA detection are introduced and tested on 155 subjects of three different databases. The best combinational solution uses mutual information (MI) analysis for selecting out of ECG and SpO2-based features. Several methods of supervised and unsupervised machine learning are employed to detect apnoeic episodes. To achieve the best performance, the most successful classifiers in four different ternary combination methods are used. The proposed configurations exploit limited use of biological signals, have online working scheme, and exhibit uniform and acceptable performance (over 85%) in all the employed databases. The benefits have not been gathered all together in the previous published methods."
A 1D-CNN Based Deep Learning Technique for Sleep Apnea Detection in IoT Sensors,Arlene John; Barry Cardiff; Deepu John,2021.0,10.1109/iscas51556.2021.9401300.,arxiv,http://arxiv.org/abs/2105.00528v1,Individuals with sleep apnea-hypopnea syndrome,1-dimensional convolutional neural network for apnea detection from ECG signals,Several lower resolution state-of-the-art apnea detection methods,Accuracy of 99.56%; Sensitivity of 96.05%; Accuracy of pruned model with 80% sparsity: 97.34%; Sensitivity of pruned model with 80% sparsity: 86.48%; Accuracy of binarized model: 75.59%; Sensitivity of binarized model: 63.23%; Average accuracy of patient-specific models: 97.79%; Average sensitivity of patient-specific models: 92.23%,,0.9,"Internet of Things (IoT) enabled wearable sensors for health monitoring are widely used to reduce the cost of personal healthcare and improve quality of life. The sleep apnea-hypopnea syndrome, characterized by the abnormal reduction or pause in breathing, greatly affects the quality of sleep of an individual. This paper introduces a novel method for apnea detection (pause in breathing) from electrocardiogram (ECG) signals obtained from wearable devices. The novelty stems from the high resolution of apnea detection on a second-by-second basis, and this is achieved using a 1-dimensional convolutional neural network for feature extraction and detection of sleep apnea events. The proposed method exhibits an accuracy of 99.56% and a sensitivity of 96.05%. This model outperforms several lower resolution state-of-the-art apnea detection methods. The complexity of the proposed model is analyzed. We also analyze the feasibility of model pruning and binarization to reduce the resource requirements on a wearable IoT device. The pruned model with 80\% sparsity exhibited an accuracy of 97.34% and a sensitivity of 86.48%. The binarized model exhibited an accuracy of 75.59% and sensitivity of 63.23%. The performance of low complexity patient-specific models derived from the generic model is also studied to analyze the feasibility of retraining existing models to fit patient-specific requirements. The patient-specific models on average exhibited an accuracy of 97.79% and sensitivity of 92.23%. The source code for this work is made publicly available."
Energy-Efficient Real-Time 4-Stage Sleep Classification at 10-Second Resolution,Zahra Mohammadi; Parnian Fazel; Siamak Mohammadi,2025.0,10.1007/s11517-026-03616-x,arxiv,http://arxiv.org/abs/2508.11664v2,Individuals with sleep disorders such as sleep apnea and insomnia,Energy-efficient sleep stage classification using a single-lead electrocardiogram (ECG) signal and SleepLiteCNN model,Conventional methods like polysomnography,Accuracy of 89%; F1-score of 89%; Energy consumption of 5.48 microJ per inference; 90% accuracy and F1-score after 8-bit quantization,,0.9,"Sleep stage classification is critical for diagnosing and managing disorders like sleep apnea and insomnia. However, conventional methods like polysomnography are costly and impractical for long-term, home-based monitoring. This study presents an energy-efficient approach for detecting four sleep stages (wake, rapid eye movement (REM), light sleep, deep sleep) using a single-lead electrocardiogram (ECG) signal. We evaluate various machine learning and deep learning models, introducing two windowing strategies: (1) a 5-minute window with 30-second steps for machine learning and (2) a 30-second window with 10-second steps for deep learning, enabling 10-second temporal resolution for real-time predictions. While deep learning models like MobileNet-v1 achieve high accuracy (92%) and F1-score (91%), their energy demands make them unsuitable for wearables. To address this, we design SleepLiteCNN, optimized for ECG-based sleep staging, achieving 89\% accuracy and 89% F1-score while minimizing energy use. Applying 8-bit quantization further reduces energy consumption to 5.48 microJ per inference, with 90% accuracy and F1-score. Additionally, field-programmable gate array (FPGA) deployment shows significant reductions in resource usage. This approach provides a practical, energy-efficient solution for continuous ECG-based sleep monitoring in resource-constrained wearable devices."
Permutation time irreversibility in sleep electroencephalograms: Dependence on sleep stage and the effect of equal values,Wenpo Yao,2024.0,10.1103/physreve.109.054104,arxiv,http://arxiv.org/abs/2405.02802v1,"5 groups of EEGs in the awake, stages I, II, III, and rapid eye movement (REM) stages",permutation time irreversibility (pTIR) analysis of EEG data,,pTIR of sleep EEGs significantly decreases as the sleep stage increases (p<0.001); greater differences in pTIR between awake and REM EEGs than others; distribution of equal states significantly increases with the sleep stage (p<0.001),Comprehensive study,0.9,"Time irreversibility (TIR) refers to the manifestation of nonequilibrium brain activity influenced by various physiological conditions; however, the influence of sleep on electroencephalogram (EEG) TIR has not been sufficiently investigated. In this paper, a comprehensive study on permutation TIR (pTIR) of EEG data under different sleep stages is conducted. Two basic ordinal patterns (i.e., the original and amplitude permutations) are distinguished to simplify sleep EEGs, and then the influences of equal values and forbidden permutation on pTIR are elucidated. To detect pTIR of brain electric signals, 5 groups of EEGs in the awake, stages I, II, III, and rapid eye movement (REM) stages are collected from the public Polysomnographic Database in PhysioNet. Test results suggested that the pTIR of sleep EEGs significantly decreases as the sleep stage increases (p<0.001), with the awake and REM EEGs, demonstrating greater differences than others. Comparative analysis and numerical simulations support the importance of equal values. Distribution of equal states, a simple quantification of amplitude fluctuations, significantly increases with the sleep stage (p<0.001). If these equalities are ignored, incorrect probabilistic differences may arise in the forward-backward and symmetric permutations of TIR, leading to contradictory results; moreover, the ascending and descending orders for symmetric permutations also lead different outcomes in sleep EEGs. Overall, pTIR in sleep EEGs contributes to our understanding of quantitative TIR and classification of sleep EEGs."
Toward Foundational Model for Sleep Analysis Using a Multimodal Hybrid Self-Supervised Learning Framework,Cheol-Hui Lee; Hakseung Kim; Byung C. Yoon; Dong-Joo Kim,2025.0,10.1109/tcyb.2025.3603608,arxiv,http://arxiv.org/abs/2502.17481v3,Individuals undergoing sleep analysis for quality assessment and sleep disorder diagnosis,"SynthSleepNet, a multimodal hybrid self-supervised learning framework for analyzing polysomnography (PSG) data",state-of-the-art methods,"sleep-stage classification accuracy: 89.89%; apnea detection accuracy: 99.75%; hypopnea detection accuracy: 89.60%; semi-supervised learning accuracies: 87.98% (sleep-stage classification), 99.37% (apnea detection), 77.52% (hypopnea detection)",,0.9,"Sleep is essential for maintaining human health and quality of life. Analyzing physiological signals during sleep is critical in assessing sleep quality and diagnosing sleep disorders. However, manual diagnoses by clinicians are time-intensive and subjective. Despite advances in deep learning that have enhanced automation, these approaches remain heavily dependent on large-scale labeled datasets. This study introduces SynthSleepNet, a multimodal hybrid self-supervised learning framework designed for analyzing polysomnography (PSG) data. SynthSleepNet effectively integrates masked prediction and contrastive learning to leverage complementary features across multiple modalities, including electroencephalogram (EEG), electrooculography (EOG), electromyography (EMG), and electrocardiogram (ECG). This approach enables the model to learn highly expressive representations of PSG data. Furthermore, a temporal context module based on Mamba was developed to efficiently capture contextual information across signals. SynthSleepNet achieved superior performance compared to state-of-the-art methods across three downstream tasks: sleep-stage classification, apnea detection, and hypopnea detection, with accuracies of 89.89%, 99.75%, and 89.60%, respectively. The model demonstrated robust performance in a semi-supervised learning environment with limited labels, achieving accuracies of 87.98%, 99.37%, and 77.52% in the same tasks. These results underscore the potential of the model as a foundational tool for the comprehensive analysis of PSG data. SynthSleepNet demonstrates comprehensively superior performance across multiple downstream tasks compared to other methodologies, making it expected to set a new standard for sleep disorder monitoring and diagnostic systems."
Multi-Scored Sleep Databases: How to Exploit the Multiple-Labels in Automated Sleep Scoring,Luigi Fiorillo; Davide Pedroncelli; Valentina Agostini; Paolo Favaro; Francesca Dalia Faraci,2022.0,10.1093/sleep/zsad028,arxiv,http://arxiv.org/abs/2207.01910v3,patients undergoing polysomnography,training lightweight deep learning models with label smoothing and soft-consensus (LSSC) distribution,training models on scorer consensus,increase in averaged cosine similarity (ACS) up to 6.4%,Experimental study,0.9,"Study Objectives: Inter-scorer variability in scoring polysomnograms is a well-known problem. Most of the existing automated sleep scoring systems are trained using labels annotated by a single scorer, whose subjective evaluation is transferred to the model. When annotations from two or more scorers are available, the scoring models are usually trained on the scorer consensus. The averaged scorer's subjectivity is transferred into the model, losing information about the internal variability among different scorers. In this study, we aim to insert the multiple-knowledge of the different physicians into the training procedure. The goal is to optimize a model training, exploiting the full information that can be extracted from the consensus of a group of scorers. Methods: We train two lightweight deep learning based models on three different multi-scored databases. We exploit the label smoothing technique together with a soft-consensus (LSSC) distribution to insert the multiple-knowledge in the training procedure of the model. We introduce the averaged cosine similarity metric (ACS) to quantify the similarity between the hypnodensity-graph generated by the models with-LSSC and the hypnodensity-graph generated by the scorer consensus. Results: The performance of the models improves on all the databases when we train the models with our LSSC. We found an increase in ACS (up to 6.4%) between the hypnodensity-graph generated by the models trained with-LSSC and the hypnodensity-graph generated by the consensus. Conclusion: Our approach definitely enables a model to better adapt to the consensus of the group of scorers. Future work will focus on further investigations on different scoring architectures and hopefully large-scale-heterogeneous multi-scored datasets."
BreathAI: Transfer Learning-Based Thermal Imaging for Automated Breathing Pattern Recognition,Hamza Kheddar; Yassine Himeur; Abbes Amira,2026.0,10.1109/icip55913.2025.11084681,arxiv,http://arxiv.org/abs/2604.17442v1,Individuals with respiratory disorders such as sleep apnea and asthma,Adaptive Transfer Learning and Thresholding-based Deep Learning Model (ATL-TDLM) using thermal imaging,,Accuracy of 98.8%; Improved inter-class separability between inhalation and exhalation phases,,0.9,"This study presents an Adaptive Transfer Learning and Thresholding-based Deep Learning Model (ATL-TDLM) for automated breathing pattern recognition using thermal imaging. Unlike conventional methods that rely on sound-based respiratory data, our approach leverages hierarchical deep feature extraction and adaptive multi-thresholding (AMT) to enhance feature segmentation. The model integrates knowledge distillation-based fine-tuning (KD-FT) to optimize learning transfer and contrastive representation learning (CRL) to improve inter-class separability between inhalation (INH) and exhalation (EXH) phases. The ATL-TDLM framework achieves an accuracy of 98.8%, significantly outperforming state-of-the-art models while ensuring computational efficiency. This approach has potential applications in respiratory disorder detection, including sleep apnea and asthma monitoring."
Comparison analysis between standard polysomnographic data and in-ear-EEG signals: A preliminary study,Gianpaolo Palo; Luigi Fiorillo; Giuliana Monachino; Michal Bechny; Michel Walti; Elias Meier; Francesca Pentimalli Biscaretti di Ruffia; Mark Melnykowycz; Athina Tzovara; Valentina Agostini; Francesca Dalia Faraci,2024.0,10.1093/sleepadvances/zpae087,arxiv,http://arxiv.org/abs/2401.10107v4,ten healthy subjects aged 18 to 60 years,in-ear-EEG sensor,standard polysomnography (PSG),"large variability between PSG and in-ear-EEG hypnograms scored by the same sleep expert according to Cohen's kappa metric; significantly greater agreements for PSG scorers than for in-ear-EEG scorers (p < 0.001) based on Fleiss' kappa metric; high similarity between PSG and in-ear-EEG signals in terms of JSD-FSI (0.79 +/- 0.06 -awake, 0.77 +/- 0.07 -NREM, and 0.67 +/- 0.10 -REM)",Preliminary study,0.9,"Study Objectives: Polysomnography (PSG) currently serves as the benchmark for evaluating sleep disorders. Its discomfort makes long-term monitoring unfeasible, leading to bias in sleep quality assessment. Hence, less invasive, cost-effective, and portable alternatives need to be explored. One promising contender is the in-ear-EEG sensor. This study aims to establish a methodology to assess the similarity between the single-channel in-ear-EEG and standard PSG derivations. Methods: The study involves four-hour signals recorded from ten healthy subjects aged 18 to 60 years. Recordings are analyzed following two complementary approaches: (i) a hypnogram-based analysis aimed at assessing the agreement between PSG and in-ear-EEG-derived hypnograms; and (ii) a feature-based analysis based on time- and frequency- domain feature extraction, unsupervised feature selection, and definition of Feature-based Similarity Index via Jensen-Shannon Divergence (JSD-FSI). Results: We find large variability between PSG and in-ear-EEG hypnograms scored by the same sleep expert according to Cohen's kappa metric, with significantly greater agreements for PSG scorers than for in-ear-EEG scorers (p < 0.001) based on Fleiss' kappa metric. On average, we demonstrate a high similarity between PSG and in-ear-EEG signals in terms of JSD-FSI (0.79 +/- 0.06 -awake, 0.77 +/- 0.07 -NREM, and 0.67 +/- 0.10 -REM) and in line with the similarity values computed independently on standard PSG-channel-combinations. Conclusions: In-ear-EEG is a valuable solution for home-based sleep monitoring, however further studies with a larger and more heterogeneous dataset are needed."
Data-Efficient Sleep Staging with Synthetic Time Series Pretraining,Niklas Grieger; Siamak Mehrkanoon; Stephan Bialonski,2024.0,10.3390/a18090580,arxiv,http://arxiv.org/abs/2403.08592v2,human subjects with limited EEG data,frequency pretraining of a neural network for sleep staging,fully supervised learning,surpasses fully supervised learning in limited data scenarios; matches performance in many subjects; relevance of frequency information for sleep stage scoring; utilization of information beyond frequencies to enhance sleep staging performance,experimental study,0.9,"Analyzing electroencephalographic (EEG) time series can be challenging, especially with deep neural networks, due to the large variability among human subjects and often small datasets. To address these challenges, various strategies, such as self-supervised learning, have been suggested, but they typically rely on extensive empirical datasets. Inspired by recent advances in computer vision, we propose a pretraining task termed ""frequency pretraining"" to pretrain a neural network for sleep staging by predicting the frequency content of randomly generated synthetic time series. Our experiments demonstrate that our method surpasses fully supervised learning in scenarios with limited data and few subjects, and matches its performance in regimes with many subjects. Furthermore, our results underline the relevance of frequency information for sleep stage scoring, while also demonstrating that deep neural networks utilize information beyond frequencies to enhance sleep staging performance, which is consistent with previous research. We anticipate that our approach will be advantageous across a broad spectrum of applications where EEG data is limited or derived from a small number of subjects, including the domain of brain-computer interfaces."
Wital: A COTS WiFi Devices Based Vital Signs Monitoring System Using NLOS Sensing Model,Xiang Zhang; Yu Gu; Huan Yan; Yantong Wang; Mianxiong Dong; Kaoru Ota; Fuji Ren; Yusheng Ji,2023.0,10.1109/thms.2023.3264247,arxiv,http://arxiv.org/abs/2305.14490v1,patients requiring vital sign monitoring,"Wital, a contactless vital sign monitoring system using COTS Wi-Fi devices",,effectiveness in monitoring vital signs,,0.8,"Vital sign (breathing and heartbeat) monitoring is essential for patient care and sleep disease prevention. Most current solutions are based on wearable sensors or cameras; however, the former could affect sleep quality, while the latter often present privacy concerns. To address these shortcomings, we propose Wital, a contactless vital sign monitoring system based on low-cost and widespread commercial off-the-shelf (COTS) Wi-Fi devices. There are two challenges that need to be overcome. First, the torso deformations caused by breathing/heartbeats are weak. How can such deformations be effectively captured? Second, movements such as turning over affect the accuracy of vital sign monitoring. How can such detrimental effects be avoided? For the former, we propose a non-line-of-sight (NLOS) sensing model for modeling the relationship between the energy ratio of line-of-sight (LOS) to NLOS signals and the vital sign monitoring capability using Ricean K theory and use this model to guide the system construction to better capture the deformations caused by breathing/heartbeats. For the latter, we propose a motion segmentation method based on motion regularity detection that accurately distinguishes respiration from other motions, and we remove periods that include movements such as turning over to eliminate detrimental effects. We have implemented and validated Wital on low-cost COTS devices. The experimental results demonstrate the effectiveness of Wital in monitoring vital signs."
From Sleep Staging to Spindle Detection: A Case Study on End-to-End Automated Sleep Analysis,Niklas Grieger; Siamak Mehrkanoon; Philipp Ritter; Stephan Bialonski,2025.0,10.1038/s41598-026-53891-9,arxiv,http://arxiv.org/abs/2505.05371v2,bipolar patients and healthy controls,fully automated analysis using validated machine learning models for sleep staging (RobustSleepNet) and spindle detection (SUMOv2),expert-based study,significant differences in fast spindle densities between bipolar patients and healthy controls; inter-rater agreement for both sleep staging and spindle detection,Case study,0.9,"Automation of sleep analysis, including both macrostructural (sleep stages) and microstructural (e.g., sleep spindles) elements, promises to enable large-scale sleep studies and to reduce variance due to inter-rater incongruencies. While individual steps, such as sleep staging and spindle detection, have been studied separately, the feasibility of automating multi-step sleep analysis remains unclear. In this case study, we evaluate whether a fully automated analysis using validated machine learning models for sleep staging (RobustSleepNet) and subsequent spindle detection (SUMOv2) can replicate findings from an expert-based study of bipolar disorder. The automated analysis qualitatively reproduced key findings from the expert-based study, including significant differences in fast spindle densities between bipolar patients and healthy controls, accomplishing in minutes what previously took months to complete manually. While the results of the automated analysis differed quantitatively from the expert-based study, possibly due to biases between expert raters or between raters and the models, the models individually performed at or above inter-rater agreement for both sleep staging and spindle detection. Our results demonstrate that fully automated approaches have the potential to facilitate large-scale sleep research. We are providing public access to the tools used in our automated analysis by sharing our code and introducing SomnoBot, a privacy-preserving sleep analysis platform."
Thermal Imaging and Radar for Remote Sleep Monitoring of Breathing and Apnea,Kai Del Regno; Alexander Vilesov; Adnan Armouti; Anirudh Bindiganavale Harish; Selim Emir Can; Ashley Kita; Achuta Kadambi,2024.0,,arxiv,http://arxiv.org/abs/2407.11936v2,"10 participants, ages 34 - 78, with suspected sleep disorders",thermal imaging method for sleep monitoring,radar method for sleep monitoring,accuracy of thermal imaging: 0.99; precision of thermal imaging: 0.68; recall of thermal imaging: 0.74; F1 score of thermal imaging: 0.71; intra-class correlation of thermal imaging: 0.70; accuracy of radar: 0.83; precision of radar: 0.13; recall of radar: 0.86; F1 score of radar: 0.22; intra-class correlation of radar: 0.13,Comparative study,0.9,"Polysomnography (PSG), the current gold standard method for monitoring and detecting sleep disorders, is cumbersome and costly. At-home testing solutions, known as home sleep apnea testing (HSAT), exist. However, they are contact-based, a feature which limits the ability of some patient populations to tolerate testing and discourages widespread deployment. Previous work on non-contact sleep monitoring for sleep apnea detection either estimates respiratory effort using radar or nasal airflow using a thermal camera, but has not compared the two or used them together. We conducted a study on 10 participants, ages 34 - 78, with suspected sleep disorders using a hardware setup with a synchronized radar and thermal camera. We show the first comparison of radar and thermal imaging for sleep monitoring, and find that our thermal imaging method outperforms radar significantly. Our thermal imaging method detects apneas with an accuracy of 0.99, a precision of 0.68, a recall of 0.74, an F1 score of 0.71, and an intra-class correlation of 0.70; our radar method detects apneas with an accuracy of 0.83, a precision of 0.13, a recall of 0.86, an F1 score of 0.22, and an intra-class correlation of 0.13. We also present a novel proposal for classifying obstructive and central sleep apnea by leveraging a multimodal setup. This method could be used accurately detect and classify apneas during sleep with non-contact sensors, thereby improving diagnostic capacities in patient populations unable to tolerate current technology."
SWINSleepNet: A Hierarchical Context-Aware Framework for Sleep Staging (v2),Chongjian Wang; Junjie Gao,2026.0,,arxiv,http://arxiv.org/abs/2608.02183v1,Individuals with sleep disorders or those undergoing sleep quality assessment,"SwinSleepNet, a hierarchical context-aware dual-stream framework for sleep staging",,"Improved recognition accuracy for sleep stages, particularly N1 stage; Stronger robustness and stability on difficult N1 stages and transitional epochs; Competitive overall performance on Sleep-EDF-20, Sleep-EDF-78 and SHHS datasets",Experimental study,0.9,"Automatic sleep staging is a critical role in sleep disorder diagnosis, sleep quality assessment, and long-term health monitoring; however, existing approaches suffer poor performance on ambiguous and transition-related sleep stages, caused by inadequate modeling of fine-grained intra-epoch structures and complex cross-region spectral dependencies. Traditional epoch-level encoders commonly fail to extract subtle temporal microstructures and intra-epoch cross-region interactions, resulting in unsatisfactory recognition accuracy for hard categories such as the N1 stage. To tackle these drawbacks, we propose SwinSleepNet, a hierarchical context-aware dual-stream framework that separately optimizes intra-epoch representation learning and inter-epoch contextual modeling. Concretely, we characterize each sleep epoch from two complementary perspectives: raw time-domain EEG signal and its time-frequency transformation. The time-domain branch adopts convolutional encoders to capture fine waveform temporal details, and the time-frequency branch uses Swin Transformer to extract local spectro-temporal features, hierarchical multi-scale information and long-range spatial dependencies. The multi-branch extracted features are fused into integrated embeddings, which are optimized by a bidirectional context module to capture cross-epoch temporal dependencies for final sleep stage classification. Comprehensive experiments on Sleep-EDF-20, Sleep-EDF-78 and SHHS datasets verify that our method achieves competitive overall performance, and exhibits stronger robustness and stability on difficult N1 stages and transitional epochs. The results prove that optimized intra-epoch representation learning based on hierarchical architecture greatly benefits automatic sleep staging tasks."
What Radio Waves Tell Us about Sleep,Hao He; Chao Li; Wolfgang Ganglberger; Kaileigh Gallagher; Rumen Hristov; Michail Ouroutzoglou; Haoqi Sun; Jimeng Sun; Brandon Westover; Dina Katabi,2024.0,,arxiv,http://arxiv.org/abs/2405.11739v2,Patients undergoing sleep assessment and monitoring for sleep stages and apnea detection,Advanced machine learning algorithm for monitoring sleep and nocturnal breathing from radio waves,Polysomnography (gold standard),Accuracy of 81% for sleep hypnogram categorization; AUROC = 0.88 for sleep apnea detection; ICC=0.95 for Apnea-Hypopnea Index measurement,Validation study,0.9,"The ability to assess sleep at home, capture sleep stages, and detect the occurrence of apnea (without on-body sensors) simply by analyzing the radio waves bouncing off people's bodies while they sleep is quite powerful. Such a capability would allow for longitudinal data collection in patients' homes, informing our understanding of sleep and its interaction with various diseases and their therapeutic responses, both in clinical trials and routine care. In this article, we develop an advanced machine learning algorithm for passively monitoring sleep and nocturnal breathing from radio waves reflected off people while asleep. Validation results in comparison with the gold standard (i.e., polysomnography) (n=849) demonstrate that the model captures the sleep hypnogram (with an accuracy of 81% for 30-second epochs categorized into Wake, Light Sleep, Deep Sleep, or REM), detects sleep apnea (AUROC = 0.88), and measures the patient's Apnea-Hypopnea Index (ICC=0.95; 95% CI = [0.93, 0.97]). Notably, the model exhibits equitable performance across race, sex, and age. Moreover, the model uncovers informative interactions between sleep stages and a range of diseases including neurological, psychiatric, cardiovascular, and immunological disorders. These findings not only hold promise for clinical practice and interventional trials but also underscore the significance of sleep as a fundamental component in understanding and managing various diseases."
Attention-based Learning for Sleep Apnea and Limb Movement Detection using Wi-Fi CSI Signals,Chi-Che Chang; An-Hung Hsiao; Li-Hsiang Shen; Kai-Ten Feng; Chia-Yu Chen,2023.0,,arxiv,http://arxiv.org/abs/2304.06474v1,patients with sleep disorders including sleep apnea and periodic limb movement disorder (PLMD),attention-based learning for sleep apnea and limb movement detection (ALESAL) system,non-attention based methods of support vector machine and deep multilayer perceptron,weighted F1-score of 84.33,,0.9,"Wi-Fi channel state information (CSI) has become a promising solution for non-invasive breathing and body motion monitoring during sleep. Sleep disorders of apnea and periodic limb movement disorder (PLMD) are often unconscious and fatal. The existing researches detect abnormal sleep disorders in impractically controlled environments. Moreover, it leads to compelling challenges to classify complex macro- and micro-scales of sleep movements as well as entangled similar waveforms of cases of apnea and PLMD. In this paper, we propose the attention-based learning for sleep apnea and limb movement detection (ALESAL) system that can jointly detect sleep apnea and PLMD under different sleep postures across a variety of patients. ALESAL contains antenna-pair and time attention mechanisms for mitigating the impact of modest antenna pairs and emphasizing the duration of interest, respectively. Performance results show that our proposed ALESAL system can achieve a weighted F1-score of 84.33, outperforming the other existing non-attention based methods of support vector machine and deep multilayer perceptron."
Detection of Sleep Apnea-Hypopnea Events Using Millimeter-wave Radar and Pulse Oximeter,Wei Wang; Chenyang Li; Zhaoxi Chen; Wenyu Zhang; Zetao Wang; Xi Guo; Jian Guan; Gang Li,2024.0,,arxiv,http://arxiv.org/abs/2409.19217v2,Patients with Obstructive Sleep Apnea-Hypopnea Syndrome (OSAHS),Detection of sleep apnea-hypopnea events (SAE) using millimeter-wave radar and pulse oximeter (ROSA),Polysomnography (PSG),High degree of consistency (ICC=0.9864) between AHI from ROSA and PSG,Experimental study,0.9,"Obstructive Sleep Apnea-Hypopnea Syndrome (OSAHS) is a sleep-related breathing disorder associated with significant morbidity and mortality worldwide. The gold standard for OSAHS diagnosis, polysomnography (PSG), faces challenges in popularization due to its high cost and complexity. Recently, radar has shown potential in detecting sleep apnea-hypopnea events (SAE) with the advantages of low cost and non-contact monitoring. However, existing studies, especially those using deep learning, employ segment-based classification approach for SAE detection, making the task of event quantity estimation difficult. Additionally, radar-based SAE detection is susceptible to interference from body movements and the environment. Oxygen saturation (SpO2) can offer valuable information about OSAHS, but it also has certain limitations and cannot be used alone for diagnosis. In this study, we propose a method using millimeterwave radar and pulse oximeter to detect SAE, called ROSA. It fuses information from both sensors, and directly predicts the temporal localization of SAE. Experimental results demonstrate a high degree of consistency (ICC=0.9864) between AHI from ROSA and PSG. This study presents an effective method with lowload device for the diagnosis of OSAHS."
Apnea Burden-Guided Framework: Enhancing Out-of-Distribution Generalization in PPG-Based Sleep Apnea Characterization,Mantas RinkeviÄius; Oskar Pfeffer; Amal Alissa; Nando Hegemann; Vaidotas Marozas,2026.0,,arxiv,http://arxiv.org/abs/2608.12229v1,Individuals with sleep apnea,Apnea burden prediction-based framework using PPG features and SpO2,Using SpO2 alone,15.72% increase in macro-sensitivity; 9.22% increase in macro-accuracy; 16.01% increase in macro-F1-score; 11.08% increase in Cohen's kappa; 13.22% increase in Matthews correlation coefficient,,0.9,"Sleep apnea is a common sleep-related breathing disorder associated with substantial cardiovascular and metabolic risk. Although overnight polysomnography remains the reference standard for diagnosis, its complexity and cost limit its suitability for long-term preventive monitoring at home. In wearable systems, arterial blood oxygen saturation (SpO2) is commonly used as the main predictor, whereas additional morphological features of the photoplethysmographic (PPG) pulse wave are usually underexplored. This study proposes a novel apnea burden prediction-based framework for sleep apnea severity assessment and investigates the influence of PPG features on model performance and out-of-distribution (OOD) generalization. The proposed framework first predicts apnea burden as a continuous measure, which is subsequently converted into the clinically relevant apnea-hypopnea index for subject-level classification into four severity groups in both in-distribution (ID) and OOD data. Three artificial neural network architectures were evaluated, and the performance metrics were averaged over five independent runs with different fixed random seeds. During OOD testing, the combination of PPG features and SpO2 led to increases of approximately 15.72% in macro-sensitivity, 9.22% in macro-accuracy, 16.01% in macro-F1-score, 11.08% in Cohen's kappa, and 13.22% in Matthews correlation coefficient, compared with using SpO2 alone. The low-complexity convolutional-recurrent models achieved the highest overall performance. The results indicated that the proposed apnea burden-guided framework, combined with PPG features and SpO2, improves sleep apnea characterization while showing encouraging OOD performance on an independent external dataset. Moreover, simpler hybrid architectures demonstrated strong potential for robust home-based preventive monitoring."
SleepLiteCNN: Energy-Efficient Sleep Apnea Subtype Classification with 1-Second Resolution Using Single-Lead ECG,Zahra Mohammadi; Siamak Mohammadi,2025.0,,arxiv,http://arxiv.org/abs/2508.02718v1,Patients with sleep apnea,"SleepLiteCNN, a compact and energy-efficient convolutional neural network for classifying sleep apnea subtypes using single-lead ECG",,over 95% accuracy; 92% macro-F1 score; 1.8 microjoules per inference,,0.9,"Apnea is a common sleep disorder characterized by breathing interruptions lasting at least ten seconds and occurring more than five times per hour. Accurate, high-temporal-resolution detection of sleep apnea subtypes - Obstructive, Central, and Mixed - is crucial for effective treatment and management. This paper presents an energy-efficient method for classifying these subtypes using a single-lead electrocardiogram (ECG) with high temporal resolution to address the real-time needs of wearable devices. We evaluate a wide range of classical machine learning algorithms and deep learning architectures on 1-second ECG windows, comparing their accuracy, complexity, and energy consumption. Based on this analysis, we introduce SleepLiteCNN, a compact and energy-efficient convolutional neural network specifically designed for wearable platforms. SleepLiteCNN achieves over 95% accuracy and a 92% macro-F1 score, while requiring just 1.8 microjoules per inference after 8-bit quantization. Field Programmable Gate Array (FPGA) synthesis further demonstrates significant reductions in hardware resource usage, confirming its suitability for continuous, real-time monitoring in energy-constrained environments. These results establish SleepLiteCNN as a practical and effective solution for wearable device sleep apnea subtype detection."
MSSC-BiMamba: Multimodal Sleep Stage Classification and Early Diagnosis of Sleep Disorders with Bidirectional Mamba,Chao Zhang; Weirong Cui; Jingjing Guo,2024.0,,arxiv,http://arxiv.org/abs/2405.20142v2,"Individuals undergoing sleep monitoring, including those with healthy and unhealthy sleep patterns",Automated model for sleep staging and disorder classification (MSSC-BiMamba),Traditional manual staging methods,Enhanced diagnostic accuracy; Improved efficiency in sleep staging; High accuracy for sleep health prediction,,0.9,"Monitoring sleep states is essential for evaluating sleep quality and diagnosing sleep disorders. Traditional manual staging is time-consuming and prone to subjective bias, often resulting in inconsistent outcomes. Here, we developed an automated model for sleep staging and disorder classification to enhance diagnostic accuracy and efficiency. Considering the characteristics of polysomnography (PSG) multi-lead sleep monitoring, we designed a multimodal sleep state classification model, MSSC-BiMamba, that combines an Efficient Channel Attention (ECA) mechanism with a Bidirectional State Space Model (BSSM). The ECA module allows for weighting data from different sensor channels, thereby amplifying the influence of diverse sensor inputs. Additionally, the implementation of bidirectional Mamba (BiMamba) enables the model to effectively capture the multidimensional features and long-range dependencies of PSG data. The developed model demonstrated impressive performance on sleep stage classification tasks on both the ISRUC-S3 and ISRUC-S1 datasets, respectively containing data with healthy and unhealthy sleep patterns. Also, the model exhibited a high accuracy for sleep health prediction when evaluated on a combined dataset consisting of ISRUC and Sleep-EDF. Our model, which can effectively handle diverse sleep conditions, is the first to apply BiMamba to sleep staging with multimodal PSG data, showing substantial gains in computational and memory efficiency over traditional Transformer-style models. This method enhances sleep health management by making monitoring more accessible and extending advanced healthcare through innovative technology."
RestAware: Non-Invasive Sleep Monitoring Using FMCW Radar and AI-Generated Summaries,Agniva Banerjee; Bhanu Partap Paregi; Haroon R. Lone,2025.0,,arxiv,http://arxiv.org/abs/2508.00848v1,25 participants,"RestAware, a non-invasive, contactless sleep monitoring system based on a 24GHz FMCW radar",,92% classification accuracy; F1-score of 0.91,,0.9,"Monitoring sleep posture and behavior is critical for diagnosing sleep disorders and improving overall sleep quality. However, traditional approaches, such as wearable devices, cameras, and pressure sensors, often compromise user comfort, fail under obstructions like blankets, and raise privacy concerns. To overcome these limitations, we present RestAware, a non-invasive, contactless sleep monitoring system based on a 24GHz frequency-modulated continuous wave (FMCW) radar. Our system is evaluated on 25 participants across eight common sleep postures, achieving 92% classification accuracy and an F1-score of 0.91 using a K-Nearest Neighbors (KNN) classifier. In addition, we integrate instruction-tuned large language models (Mistral, Llama, and Falcon) to generate personalized, human-readable sleep summaries from radar-derived posture data. This low-cost ($ 35), privacy-preserving solution offers a practical alternative for real-time deployment in smart homes and clinical environments."
Real-time unobtrusive sleep monitoring of in-patients with affective disorders: a feasibility study,Samuel Askjer; Kim Mathiasen; Ali Amidi; Christine Parsons; Nicolai Ladegaard,2023.0,,arxiv,http://arxiv.org/abs/2311.13457v1,psychiatric in-patients diagnosed with depression and bipolar disorder,ballistocardiography for measuring sleep,,"feasibility of ballistocardiography; data quality; data integrity; link between length of stay and reduced time in bed (b = -0.06, SE = 0.03, t = -1.76, p = .08)",feasibility study,0.9,"Sleep and mental health are highly related concepts, and it is an important research and clinical priority to understand their interactions. In-bed sensors using ballistocardiography provide the possibility of unobtrusive measurements of sleep. In this study, we examined the feasibility of ballistocardiography in measuring key aspects of sleep in psychiatric in-patients. Specifically, we examined a sample of patients diagnosed with depression and bipolar disorder. The subjective experiences of the researchers conducting the study are explored and descriptive analyses of patient sleep are subsequently presented. The practicalities of using the ballistocardiography device seem to be favourable. There were no apparent issues regarding data quality or data integrity. Of clinical interest, we found no link between length of stay and reduced time in bed (b = -0.06, SE = 0.03, t = -1.76, p = .08). Using ballistocardiography for measurements on in-patients with affective disorders seems to be a feasible approach."
Deep Learning-Enabled Sleep Staging From Vital Signs and Activity Measured Using a Near-Infrared Video Camera,Jonathan Carter; JoÃ£o Jorge; Bindia Venugopal; Oliver Gibson; Lionel Tarassenko,2023.0,,arxiv,http://arxiv.org/abs/2306.03711v1,50 healthy volunteers,"sleep stage classification using heart rate, breathing rate, and activity measures derived from a near-infrared video camera",,accuracy of 73.4%; Cohen's kappa of 0.61,,0.9,"Conventional sleep monitoring is time-consuming, expensive and uncomfortable, requiring a large number of contact sensors to be attached to the patient. Video data is commonly recorded as part of a sleep laboratory assessment. If accurate sleep staging could be achieved solely from video, this would overcome many of the problems of traditional methods. In this work we use heart rate, breathing rate and activity measures, all derived from a near-infrared video camera, to perform sleep stage classification. We use a deep transfer learning approach to overcome data scarcity, by using an existing contact-sensor dataset to learn effective representations from the heart and breathing rate time series. Using a dataset of 50 healthy volunteers, we achieve an accuracy of 73.4\% and a Cohen's kappa of 0.61 in four-class sleep stage classification, establishing a new state-of-the-art for video-based sleep staging."
Privacy Protected Contactless Cardio-respiratory Monitoring using Defocused Cameras during Sleep,Yingen Zhu; Jia Huang; Hongzhou Lu; Wenjin Wang,2024.0,,arxiv,http://arxiv.org/abs/2401.08935v1,Individuals during sleep,Monitoring of heart rate (HR) and respiratory rate (RR) using a defocused camera,Focused camera monitoring,Mean Absolute Error (MAE) for HR measurement is 4.4 bpm; Mean Absolute Error (MAE) for RR measurement is 5.9 bpm; Correlation of HR measurement with reference ($R \geq 0.90$),,0.9,"The monitoring of vital signs such as heart rate (HR) and respiratory rate (RR) during sleep is important for the assessment of sleep quality and detection of sleep disorders. Camera-based HR and RR monitoring gained popularity in sleep monitoring in recent years. However, they are all facing with serious privacy issues when using a video camera in the sleeping scenario. In this paper, we propose to use the defocused camera to measure vital signs from optically blurred images, which can fundamentally eliminate the privacy invasion as face is difficult to be identified in obtained blurry images. A spatial-redundant framework involving living-skin detection is used to extract HR and RR from the defocused camera in NIR, and a motion metric is designed to exclude outliers caused by body motions. In the benchmark, the overall Mean Absolute Error (MAE) for HR measurement is 4.4 bpm, for RR measurement is 5.9 bpm. Both have quality drops as compared to the measurement using a focused camera, but the degradation in HR is much less, i.e. HR measurement has strong correlation with the reference ($R \geq 0.90$). Preliminary experiments suggest that it is feasible to use a defocused camera for cardio-respiratory monitoring while protecting the privacy. Further improvement is needed for robust RR measurement, such as by PPG-modulation based RR extraction."
MobileNetV2: A lightweight classification model for home-based sleep apnea screening,Hui Pan; Yanxuan Yu; Jilun Ye; Xu Zhang,2024.0,,arxiv,http://arxiv.org/abs/2412.19967v2,Individuals suspected of having obstructive sleep apnea (OSA),Lightweight neural network model using ECG and respiratory signals for OSA screening,,"Overall OSA detection accuracy of 0.978; Respiratory event classification accuracy of 0.969; ROC-AUC of 0.98 for respiratory event classification; ROC-AUC exceeding 0.85 for sleep stage classification in UCDDB dataset; Recall for Sleep reaching 0.906; Specificity for REM and Wake states at 0.956 and 0.937, respectively",Validation study,0.9,"This study proposes a novel lightweight neural network model leveraging features extracted from electrocardiogram (ECG) and respiratory signals for early OSA screening. ECG signals are used to generate feature spectrograms to predict sleep stages, while respiratory signals are employed to detect sleep-related breathing abnormalities. By integrating these predictions, the method calculates the apnea-hypopnea index (AHI) with enhanced accuracy, facilitating precise OSA diagnosis. The method was validated on three publicly available sleep apnea databases: the Apnea-ECG database, the UCDDB dataset, and the MIT-BIH Polysomnographic database. Results showed an overall OSA detection accuracy of 0.978, highlighting the model's robustness. Respiratory event classification achieved an accuracy of 0.969 and an area under the receiver operating characteristic curve (ROC-AUC) of 0.98. For sleep stage classification, in UCDDB dataset, the ROC-AUC exceeded 0.85 across all stages, with recall for Sleep reaching 0.906 and specificity for REM and Wake states at 0.956 and 0.937, respectively. This study underscores the potential of integrating lightweight neural networks with multi-signal analysis for accurate, portable, and cost-effective OSA screening, paving the way for broader adoption in home-based and wearable health monitoring systems."
PSG-MAE: Robust Multitask Sleep Event Monitoring using Multichannel PSG Reconstruction and Inter-channel Contrastive Learning,Yifei Wang; Qi Liu; Fuli Min; Honghao Wang,2025.0,,arxiv,http://arxiv.org/abs/2504.13229v1,Individuals undergoing polysomnography (PSG) for sleep monitoring,"PSG-MAE, a mask autoencoder (MAE) based pre-training framework for analyzing PSG data",,Accuracy of 83.7% for sleep staging; Accuracy of 90.45% for detecting obstructive sleep apnea,Experimental study,0.9,"Polysomnography (PSG) signals are essential for studying sleep processes and diagnosing sleep disorders. Analyzing PSG data through deep neural networks (DNNs) for automated sleep monitoring has become increasingly feasible. However, the limited availability of datasets for certain sleep events often leads to DNNs focusing on a single task with a single-sourced training dataset. As a result, these models struggle to transfer to new sleep events and lack robustness when applied to new datasets. To address these challenges, we propose PSG-MAE, a mask autoencoder (MAE) based pre-training framework. By performing self-supervised learning on a large volume of unlabeled PSG data, PSG-MAE develops a robust feature extraction network that can be broadly applied to various sleep event monitoring tasks. Unlike conventional MAEs, PSG-MAE generates complementary masks across PSG channels, integrates a multichannel signal reconstruction method, and employs a self-supervised inter-channel contrastive learning (ICCL) strategy. This approach enables the encoder to capture temporal features from each channel while simultaneously learning latent relationships between channels, thereby enhancing the utilization of multichannel information. Experimental results show that PSG-MAE effectively captures both temporal details and inter-channel information from PSG signals. When the encoder pre-trained through PSG-MAE is fine-tuned with downstream feature decomposition networks, it achieves an accuracy of 83.7% for sleep staging and 90.45% for detecting obstructive sleep apnea, which highlights the framework's robustness and broad applicability."
What your brain activity says about you: A review of neuropsychiatric disorders identified in resting-state and sleep EEG data,J. E. M. Scanlon; A. Pelzer; M. Gharleghi; K. C. Fuhrmeister; T. KÃ¶llmer; P. Aichroth; R. GÃ¶der; C. Hansen; K. I. Wolf,2025.0,,arxiv,http://arxiv.org/abs/2510.04984v1,Individuals participating in research and medical studies with resting-state and sleep EEG data,Classification of neuropsychiatric disorders using resting-state and sleep EEG data,,"Classification accuracy of various disorders including Autism Spectrum Disorder, Parkinson's disease, alcohol use disorder, sleep apnea, insomnia, REM sleep disorder",Review,0.8,"Electroencephalogram monitoring devices and online data repositories hold large amounts of data from individuals participating in research and medical studies without direct reference to personal identifiers. This paper explores what types of personal and health information have been detected and classified within task-free EEG data. Additionally, we investigate key characteristics of the collected resting-state and sleep data, in order to determine the privacy risks involved with openly available EEG data. We used Google Scholar, Web of Science and searched relevant journals to find studies which classified or detected the presence of various disorders and personal information in resting state and sleep EEG. Only English full-text peer-reviewed journal articles or conference papers about classifying the presence of medical disorders between individuals were included. A quality analysis carried out by 3 reviewers determined general paper quality based on specified evaluation criteria. In resting state EEG, various disorders including Autism Spectrum Disorder, Parkinson's disease, and alcohol use disorder have been classified with high classification accuracy, often requiring only 5 mins of data or less. Sleep EEG tends to hold classifiable information about sleep disorders such as sleep apnea, insomnia, and REM sleep disorder, but usually involve longer recordings or data from multiple sleep stages. Many classification methods are still developing but even today, access to a person's EEG can reveal sensitive personal health information. With an increasing ability of machine learning methods to re-identify individuals from their EEG data, this review demonstrates the importance of anonymization, and the development of improved tools for keeping study participants and medical EEG users' privacy safe."
The Breakthrough of Sleep: A Contactless Approach for Accurate Sleep Stage Detection Using the Sleepal AI Lamp,Zhuo Diao; Yueting Li; Jianpeng Wang; Shengyu Guan; Xinwei Wang; Wenxiong Cui; Xin Shi; Tong Liu; Kailai Sun; Jingyu Wang; Dian Fan; Thomas Penzel,2026.0,,arxiv,http://arxiv.org/abs/2604.16442v1,healthy individuals and patients with varying severities of obstructive sleep apnea (OSA),"Sleepal AI Lamp, a contactless, radar-based consumer-grade sleep tracker",polysomnography (PSG),accuracy of 92.8% for binary sleep-wake classification; macro-averaged F1 score of 0.895; accuracy of 78.5% for four-stage classification; Cohen's kappa coefficient of 0.695 in healthy individuals; accuracy of 77.2% with a kappa of 0.677 in heterogeneous population,Comparative study,0.9,"Sleep staging is essential for the assessment of sleep quality and the diagnosis of sleep-related disorders. Conventional polysomnography (PSG), while considered the gold standard, is intrusive, labor-intensive, and unsuitable for long-term monitoring. This study evaluates the performance of the Sleepal AI Lamp, a contactless, radar-based consumer-grade sleep tracker, in comparison with gold-standard polysomnography (PSG), using a large-scale dataset comprising 1022 overnight recordings. We extract multi-scale respiratory and motion-related features from radar signals to train a frequency-augmented deep learning model. For the binary sleep-wake classification task, experimental results demonstrated that the model achieved an accuracy of 92.8% alongside a macro-averaged F1 score of 0.895. For four-stage classification (wake, light NREM (N1 + N2), deep NREM (N3), REM), the model achieved an accuracy of 78.5% with a Cohen's kappa coefficient of 0.695 in healthy individuals and maintained a stable accuracy of 77.2% with a kappa of 0.677 in a heterogeneous population including patients with varying severities of obstructive sleep apnea (OSA). These experimental results demonstrate that the sleep staging performance of the contactless Sleepal AI Lamp is in high agreement with expert-labeled PSG sleep stages. Our findings suggest that non-contact radar sensing, combined with advanced temporal modeling, can provide reliable sleep staging performance without requiring physical contact or wearable devices. Owing to its unobtrusive nature, ease of deployment, and robustness to long-term use, the contactless Sleepal AI Lamp shows strong potential for clinical screening, home-based sleep assessment, and continuous longitudinal sleep monitoring in real-world medical and healthcare applications."
Sleep Position Classification using Transfer Learning for Bed-based Pressure Sensors,Olivier Papillon; Rafik Goubran; James Green; Julien LariviÃ¨re-Chartier; Caitlin Higginson; Frank Knoefel; RÃ©becca Robillard,2025.0,,arxiv,http://arxiv.org/abs/2505.08111v1,patients with suspected sleep disorders referred for assessments at a sleep clinic,transfer learning to adapt pre-trained deep learning models for sleep position classification,"previous work from PSM-based sleep pose classification using deep learning (TCN) and traditional machine learning models (SVM, XGBoost, Random Forest)",performance of sleep position classification; accuracy of estimating sleep positions from low-resolution PSM dataset,Clinical study,0.9,"Bed-based pressure-sensitive mats (PSMs) offer a non-intrusive way of monitoring patients during sleep. We focus on four-way sleep position classification using data collected from a PSM placed under a mattress in a sleep clinic. Sleep positions can affect sleep quality and the prevalence of sleep disorders, such as apnea. Measurements were performed on patients with suspected sleep disorders referred for assessments at a sleep clinic. Training deep learning models can be challenging in clinical settings due to the need for large amounts of labeled data. To overcome the shortage of labeled training data, we utilize transfer learning to adapt pre-trained deep learning models to accurately estimate sleep positions from a low-resolution PSM dataset collected in a polysomnography sleep lab. Our approach leverages Vision Transformer models pre-trained on ImageNet using masked autoencoding (ViTMAE) and a pre-trained model for human pose estimation (ViTPose). These approaches outperform previous work from PSM-based sleep pose classification using deep learning (TCN) as well as traditional machine learning models (SVM, XGBoost, Random Forest) that use engineered features. We evaluate the performance of sleep position classification from 112 nights of patient recordings and validate it on a higher resolution 13-patient dataset. Despite the challenges of differentiating between sleep positions from low-resolution PSM data, our approach shows promise for real-world deployment in clinical settings"
Sleep Stage Classification Using a Pre-trained Deep Learning Model,Hassan Ardeshir; Mohammad Araghi,2023.0,,arxiv,http://arxiv.org/abs/2309.07182v2,Individuals with sleep disorders,Machine-learning model called 'EEGMobile' utilizing pre-trained models and EEG spectrograms,,Accuracy of 86.97% on Sleep-EDF20 dataset; Accuracy of 56.4% in stage N1,,0.8,"One of the common human diseases is sleep disorders. The classification of sleep stages plays a fundamental role in diagnosing sleep disorders, monitoring treatment effectiveness, and understanding the relationship between sleep stages and various health conditions. A precise and efficient classification of these stages can significantly enhance our understanding of sleep-related phenomena and ultimately lead to improved health outcomes and disease treatment. Models others propose are often time-consuming and lack sufficient accuracy, especially in stage N1. The main objective of this research is to present a machine-learning model called ""EEGMobile"". This model utilizes pre-trained models and learns from electroencephalogram (EEG) spectrograms of brain signals. The model achieved an accuracy of 86.97% on a publicly available dataset named ""Sleep-EDF20"", outperforming other models proposed by different researchers. Moreover, it recorded an accuracy of 56.4% in stage N1, which is better than other models. These findings demonstrate that this model has the potential to achieve better results for the treatment of this disease."
Continuous SpO2 Monitoring Using Reflectance Pulse Oximetry at the Wrist and Upper Arm During Overnight Sleep Apnea Recordings,Karen Adam; ClÃ©mentine Aguet; Patrick Theurillat; Florent Baty; Maximilian Boesch; Damien Ferrario; Mathieu Lemay; Martin Brutsche; Fabian Braun,2025.0,,arxiv,http://arxiv.org/abs/2505.20846v1,134 patients with suspected sleep apnea (SA),reflectance pulse oximetry from a wearable device,,accuracy (root mean squared error) of 1.9% at the upper arm; accuracy (root mean squared error) of 3.2% at the wrist; rejection rate of 3.1% at the upper arm; rejection rate of 30.4% at the wrist,Cohort study,0.9,"Sleep apnea (SA) is a chronic sleep-related disorder consisting of repetitive pauses or restrictions in airflow during sleep and is known to be a risk factor for cerebro- and cardiovascular disease. It is generally diagnosed using polysomnography (PSG) recorded overnight in an in-lab setting at the hospital. This includes the measurement of blood oxygen saturation (SpO2), which exhibits fluctuations caused by SA events. In this paper, we investigate the accuracy and utility of reflectance pulse oximetry from a wearable device as a means to continuously monitor SpO2 during sleep. To this end, we analyzed data from a cohort of 134 patients with suspected SA undergoing overnight PSG and wearing the watch-like device at two measurement locations (upper arm and wrist). Our data show that standard requirements for pulse oximetry measurements are met at both measurement locations, with an accuracy (root mean squared error) of 1.9% at the upper arm and 3.2% at the wrist. With a rejection rate of 3.1%, the upper arm yielded better results in terms of data quality when compared to the wrist location which had 30.4% of data rejected."
Microbes in the Moonlight: How the Gut Microbiota Influences Sleep,Enso Onill Torres Alegre,2025.0,,arxiv,http://arxiv.org/abs/2511.02766v4,Individuals with sleep disorders or disturbances,"Microbiota-targeted therapies (probiotics, fecal microbiota transplantation, chrononutrition)",,Restoration of sleep homeostasis; Improvement in health outcomes,Review,0.8,"The gut microbiota has emerged as a fundamental regulator of sleep physiology, influencing neural, endocrine, and immune pathways through the gut-microbiota-brain axis (GMBA). This bidirectional communication system modulates neurotransmitter production, circadian rhythms, and metabolic homeostasis, while disruptions in microbial composition have been linked to sleep disorders, neuroinflammation, and systemic immune dysfunction. Recent findings suggest that gut dysbiosis contributes to sleep disturbances by altering serotonin, GABA, and short-chain fatty acid (SCFA) metabolism, with implications for neurodegenerative diseases, metabolic syndromes, and mood disorders. Additionally, the gut microbiota interacts with the endocrine and immune systems, shaping inflammatory responses and stress adaptation mechanisms. This review explores the intricate connections between sleep and the gut microbiota, integrating emerging research on microbiota-targeted therapies, such as probiotics, fecal microbiota transplantation (FMT), and chrononutrition, as potential interventions to restore sleep homeostasis and improve health outcomes"
Sleep Activity Recognition and Characterization from Multi-Source Passively Sensed Data,MarÃ­a MartÃ­nez-GarcÃ­a; Fernando Moreno-Pino; Pablo M. Olmos; Antonio ArtÃ©s-RodrÃ­guez,2023.0,,arxiv,http://arxiv.org/abs/2301.10156v1,subjects with sleep activity,Sleep Activity Recognition methods using passively sensed data from smartphones,traditional sleep assessment methods,characterization of sleep; identification of significant sleep episodes; assessment of sleep-wake cycles; detection of behavioral changes,,0.8,"Sleep constitutes a key indicator of human health, performance, and quality of life. Sleep deprivation has long been related to the onset, development, and worsening of several mental and metabolic disorders, constituting an essential marker for preventing, evaluating, and treating different health conditions. Sleep Activity Recognition methods can provide indicators to assess, monitor, and characterize subjects' sleep-wake cycles and detect behavioral changes. In this work, we propose a general method that continuously operates on passively sensed data from smartphones to characterize sleep and identify significant sleep episodes. Thanks to their ubiquity, these devices constitute an excellent alternative data source to profile subjects' biorhythms in a continuous, objective, and non-invasive manner, in contrast to traditional sleep assessment methods that usually rely on intrusive and subjective procedures. A Heterogeneous Hidden Markov Model is used to model a discrete latent variable process associated with the Sleep Activity Recognition task in a self-supervised way. We validate our results against sleep metrics reported by tested wearables, proving the effectiveness of the proposed approach and advocating its use to assess sleep without more reliable sources."
Resource Efficient Sleep Staging via Multi-Level Masking and Prompt Learning,Lejun Ai; Yulong Li; Haodong Yi; Jixuan Xie; Yue Wang; Jia Liu; Min Chen; Rui Wang,2025.0,,arxiv,http://arxiv.org/abs/2511.06785v2,Individuals undergoing sleep monitoring in resource-constrained environments,Mask-Aware Sleep Staging (MASS) using multi-level masking and prompt learning,,State-of-the-art performance in sleep staging; Reliable classification performance with reduced data acquisition,,0.9,"Automatic sleep staging plays a vital role in assessing sleep quality and diagnosing sleep disorders. Most existing methods rely heavily on long and continuous EEG recordings, which poses significant challenges for data acquisition in resource-constrained systems, such as wearable or home-based monitoring systems. In this paper, we propose the task of resource-efficient sleep staging, which aims to reduce the amount of signal collected per sleep epoch while maintaining reliable classification performance. To solve this task, we adopt the masking and prompt learning strategy and propose a novel framework called Mask-Aware Sleep Staging (MASS). Specifically, we design a multi-level masking strategy to promote effective feature modeling under partial and irregular observations. To mitigate the loss of contextual information introduced by masking, we further propose a hierarchical prompt learning mechanism that aggregates unmasked data into a global prompt, serving as a semantic anchor for guiding both patch-level and epoch-level feature modeling. MASS is evaluated on four datasets, demonstrating state-of-the-art performance, especially when the amount of data is very limited. This result highlights its potential for efficient and scalable deployment in real-world low-resource sleep monitoring environments."
Quantified Sleep: Machine learning techniques for observational n-of-1 studies,Gianluca Truda,2021.0,,arxiv,http://arxiv.org/abs/2105.06811v1,Individuals participating in an observational Quantified-Self (QS) study,Statistical learning techniques applied to sleep data,,Descriptive model of sleep quality; Identification of the 16 most-predictive features,Observational study,0.8,"This paper applies statistical learning techniques to an observational Quantified-Self (QS) study to build a descriptive model of sleep quality. A total of 472 days of my sleep data was collected with an Oura ring and combined with lifestyle, environmental, and psychological data. Such n-of-1 QS projects pose a number of challenges: heterogeneous data sources; missing values; high dimensionality; dynamic feedback loops; human biases. This paper directly addresses these challenges with an end-to-end QS pipeline that produces robust descriptive models. Sleep quality is one of the most difficult modelling targets in QS research, due to high noise and a large number of weakly-contributing factors. Sleep quality was selected so that approaches from this paper would generalise to most other n-of-1 QS projects. Techniques are presented for combining and engineering features for the different classes of data types, sample frequencies, and schema - including event logs, weather, and geo-spatial data. Statistical analyses for outliers, normality, (auto)correlation, stationarity, and missing data are detailed, along with a proposed method for hierarchical clustering to identify correlated groups of features. The missing data was overcome using a combination of knowledge-based and statistical techniques, including several multivariate imputation algorithms. ""Markov unfolding"" is presented for collapsing the time series into a collection of independent observations, whilst incorporating historical information. The final model was interpreted in two ways: by inspecting the internal $Î²$-parameters, and using the SHAP framework. These two interpretation techniques were combined to produce a list of the 16 most-predictive features, demonstrating that an observational study can greatly narrow down the number of features that need to be considered when designing interventional QS studies."
ULW-SleepNet: An Ultra-Lightweight Network for Multimodal Sleep Stage Scoring,Zhaowen Wang; Dongdong Zhou; Qi Xu; Fengyu Cong; Mohammad Al-Sa'd; Jenni Raitoharju,2026.0,,arxiv,http://arxiv.org/abs/2602.23852v1,Individuals with sleep disorders,"ULW-SleepNet, an ultra-lightweight multimodal sleep stage scoring framework",state-of-the-art methods,Accuracy of 86.9% on Sleep-EDF-20 dataset; Accuracy of 81.4% on Sleep-EDF-78 dataset; Reduction of parameters by up to 98.6%,Evaluation study,0.9,"Automatic sleep stage scoring is crucial for the diagnosis and treatment of sleep disorders. Although deep learning models have advanced the field, many existing models are computationally demanding and designed for single-channel electroencephalography (EEG), limiting their practicality for multimodal polysomnography (PSG) data. To overcome this, we propose ULW-SleepNet, an ultra-lightweight multimodal sleep stage scoring framework that efficiently integrates information from multiple physiological signals. ULW-SleepNet incorporates a novel Dual-Stream Separable Convolution (DSSC) Block, depthwise separable convolutions, channel-wise parameter sharing, and global average pooling to reduce computational overhead while maintaining competitive accuracy. Evaluated on the Sleep-EDF-20 and Sleep-EDF-78 datasets, ULW-SleepNet achieves accuracies of 86.9% and 81.4%, respectively, with only 13.3K parameters and 7.89M FLOPs. Compared to state-of-the-art methods, our model reduces parameters by up to 98.6% with only marginal performance loss, demonstrating its strong potential for real-time sleep monitoring on wearable and IoT devices. The source code for this study is publicly available at https://github.com/wzw999/ULW-SLEEPNET."
Sleep Modulation: The Challenge of Transitioning from Open Loop to Closed Loop,Guisong Liu; Jiansong Zhang; Yinpei Luo; Guoliang Wei; Shuqing Sun; Shiyang Deng; Pengfei Wei; Nanxi Chen,2025.0,,arxiv,http://arxiv.org/abs/2512.03784v1,Individuals with sleep disorders,Non-invasive brain stimulation for sleep modulation,,Improved sleep enhancement; Individual adaptation and modulation accuracy; Integration within a closed-loop framework,Conceptual review,0.8,"Sleep disorders have emerged as a critical global health issue, highlighting the urgent need for effective and widely accessible intervention technologies. Non-invasive brain stimulation has garnered attention as it enables direct or indirect modulation of neural activity, thereby promoting sleep enhancement in a safe and unobtrusive manner. This class of approaches is collectively referred to as sleep modulation. To date, the majority of sleep modulation research relies on open-loop paradigms with empirically determined parameters, while achieving individual adaptation and modulation accuracy remains a distant objective. The paradigm-specific constraints inherent to open-loop designs represent a major obstacle to clinical translation and large-scale deployment in home environments. In this paper, we delineate fundamental paradigms of sleep modulation, critically examine the intrinsic limitations of open-loop approaches, and formally conceptualize sleep closed-loop modulation. We further provide a comprehensive synthesis of prior studies involving five commonly employed modulation techniques, evaluating their potential integration within a closed-loop framework. Finally, we identify three primary challenges in constructing an effective sleep closed-loop modulation system: sensor solution selection, monitoring model design, and modulation strategy design, while also proposing potential solutions. Collectively, this work aims to advance the paradigm shift of sleep modulation from open-loop toward closed-loop systems."
EventSleep: Sleep Activity Recognition with Event Cameras,Carlos Plou; Nerea Gallego; Alberto Sabater; Eduardo Montijano; Pablo Urcola; Luis Montesano; Ruben Martinez-Cantin; Ana C. Murillo,2024.0,,arxiv,http://arxiv.org/abs/2404.01801v1,Individuals with sleep disorders,Event cameras for sleep monitoring,,High accuracy in activity recognition under low-lighting conditions; Robustness in predictions using Bayesian approach,Dataset and methodology study,0.9,"Event cameras are a promising technology for activity recognition in dark environments due to their unique properties. However, real event camera datasets under low-lighting conditions are still scarce, which also limits the number of approaches to solve these kind of problems, hindering the potential of this technology in many applications. We present EventSleep, a new dataset and methodology to address this gap and study the suitability of event cameras for a very relevant medical application: sleep monitoring for sleep disorders analysis. The dataset contains synchronized event and infrared recordings emulating common movements that happen during the sleep, resulting in a new challenging and unique dataset for activity recognition in dark environments. Our novel pipeline is able to achieve high accuracy under these challenging conditions and incorporates a Bayesian approach (Laplace ensembles) to increase the robustness in the predictions, which is fundamental for medical applications. Our work is the first application of Bayesian neural networks for event cameras, the first use of Laplace ensembles in a realistic problem, and also demonstrates for the first time the potential of event cameras in a new application domain: to enhance current sleep evaluation procedures. Our activity recognition results highlight the potential of event cameras under dark conditions, and its capacity and robustness for sleep activity recognition, and open problems as the adaptation of event data pre-processing techniques to dark environments."
Sleep Stage Classification using Multimodal Embedding Fusion from EOG and PSM,Olivier Papillon; Rafik Goubran; James Green; Julien LariviÃ¨re-Chartier; Caitlin Higginson; Frank Knoefel; RÃ©becca Robillard,2025.0,,arxiv,http://arxiv.org/abs/2506.06912v1,aging populations with sleep disorders,multimodal embedding deep learning model (ImageBind) integrating PSM data with dual-channel EOG signals for sleep stage classification,"existing models based on single-channel EOG (DeepSleepNet), exclusively PSM data (ViViT), and other multimodal deep learning approaches (MBT)",classification accuracy; performance without fine-tuning; adaptability to specific tasks with limited labeled data,,0.9,"Accurate sleep stage classification is essential for diagnosing sleep disorders, particularly in aging populations. While traditional polysomnography (PSG) relies on electroencephalography (EEG) as the gold standard, its complexity and need for specialized equipment make home-based sleep monitoring challenging. To address this limitation, we investigate the use of electrooculography (EOG) and pressure-sensitive mats (PSM) as less obtrusive alternatives for five-stage sleep-wake classification. This study introduces a novel approach that leverages ImageBind, a multimodal embedding deep learning model, to integrate PSM data with dual-channel EOG signals for sleep stage classification. Our method is the first reported approach that fuses PSM and EOG data for sleep stage classification with ImageBind. Our results demonstrate that fine-tuning ImageBind significantly improves classification accuracy, outperforming existing models based on single-channel EOG (DeepSleepNet), exclusively PSM data (ViViT), and other multimodal deep learning approaches (MBT). Notably, the model also achieved strong performance without fine-tuning, highlighting its adaptability to specific tasks with limited labeled data, making it particularly advantageous for medical applications. We evaluated our method using 85 nights of patient recordings from a sleep clinic. Our findings suggest that pre-trained multimodal embedding models, even those originally developed for non-medical domains, can be effectively adapted for sleep staging, with accuracies approaching systems that require complex EEG data."
SleepPPG-Net: a deep learning algorithm for robust sleep staging from continuous photoplethysmography,Kevin Kotzen; Peter H. Charlton; Sharon Salabi; Lea Amar; Amir Landesberg; Joachim A. Behar,2022.0,,arxiv,http://arxiv.org/abs/2202.05735v4,"2,374 patients from two publicly available sleep databases","SleepPPG-Net, a deep learning model for 4-class sleep staging from raw PPG time series",best-reported state-of-the-art (SOTA) algorithms,median Cohen's Kappa score of 0.75 for SleepPPG-Net; Cohen's Kappa score of 0.69 for the best SOTA approach; Cohen's Kappa score of 0.74 after transfer learning,,0.9,"Introduction: Sleep staging is an essential component in the diagnosis of sleep disorders and management of sleep health. It is traditionally measured in a clinical setting and requires a labor-intensive labeling process. We hypothesize that it is possible to perform robust 4-class sleep staging using the raw photoplethysmography (PPG) time series and modern advances in deep learning (DL). Methods: We used two publicly available sleep databases that included raw PPG recordings, totalling 2,374 patients and 23,055 hours. We developed SleepPPG-Net, a DL model for 4-class sleep staging from the raw PPG time series. SleepPPG-Net was trained end-to-end and consists of a residual convolutional network for automatic feature extraction and a temporal convolutional network to capture long-range contextual information. We benchmarked the performance of SleepPPG-Net against models based on the best-reported state-of-the-art (SOTA) algorithms. Results: When benchmarked on a held-out test set, SleepPPG-Net obtained a median Cohen's Kappa ($Îº$) score of 0.75 against 0.69 for the best SOTA approach. SleepPPG-Net showed good generalization performance to an external database, obtaining a $Îº$ score of 0.74 after transfer learning. Perspective: Overall, SleepPPG-Net provides new SOTA performance. In addition, performance is high enough to open the path to the development of wearables that meet the requirements for usage in clinical applications such as the diagnosis and monitoring of obstructive sleep apnea."
Lightweight ML-Based Automatic Sleep Staging Framework with Constrained CNN and Mamba for Small-Sample EEG Datasets,Zihao Wei; Yulin Gong; Yudan Lv,2026.0,,arxiv,http://arxiv.org/abs/2607.04934v1,single-channel EEG datasets,"GamSleepNet, a lightweight and low-latency automatic sleep staging framework",,overall accuracy of 87.86 percent; significantly improving the identification accuracy of challenging sleep stages,,0.9,"Automatic sleep staging is a key technology for precise diagnosis and treatment of sleep disorders as well as long-term home sleep monitoring. Portable electroencephalogram (EEG) devices have become the focus of research due to their convenience in data collection. However, current methods still face three major challenges: large parameter sizes that easily lead to overfitting on small datasets, low accuracy in classifying difficult stages such as N1 and REM, unclear optimal training dataset size, and difficulty in deployment. This paper proposes GamSleepNet, a lightweight and low-latency automatic sleep staging framework for single-channel EEG. The framework features the FEB module, which combines improved Gabor kernels with learnable filters for feature extraction, uses the Mamba architecture to build a temporal classification network, introduces a novel contrastive loss and a two-stage training strategy, and experimentally validates the optimal dataset size for single-channel EEG sleep staging models. On the Sleepedf dataset, this model achieves an overall accuracy of 87.86 percent with only 30.86 thousand parameters, with all metrics reaching SOTA levels and significantly improving the identification accuracy of challenging sleep stages."
Using Legacy Polysomnography Data to Train a Radar System to Quantify Sleep in Older Adults and People living with Dementia,M. Yin; K. G. Ravindran; C. Hadjipanayi; A. Bannon; A. Rapeaux; C. Della Monica; T. S. Lande; Derk-Jan Dijk; T. G. Constandinou,2026.0,,arxiv,http://arxiv.org/abs/2601.04057v1,Older adults and people living with dementia (including 18 participants with prodromal or mild Alzheimer disease),Deep transfer learning framework using radar data for sleep stage classification,,Accuracy of 79.5%; Kappa value of 0.65,,0.9,"Objective: Ultra-wideband radar technology offers a promising solution for unobtrusive and cost-effective in-home sleep monitoring. However, the limited availability of radar sleep data poses challenges in building robust models that generalize across diverse cohorts and environments. This study proposes a novel deep transfer learning framework to enhance sleep stage classification using radar data. Methods: An end-to-end neural network was developed to classify sleep stages based on nocturnal respiratory and motion signals. The network was trained using a combination of large-scale polysomnography (PSG) datasets and radar data. A domain adaptation approach employing adversarial learning was utilized to bridge the knowledge gap between PSG and radar signals. Validation was performed on a radar dataset of 47 older adults (mean age: 71.2), including 18 participants with prodromal or mild Alzheimer disease. Results: The proposed network structure achieves an accuracy of 79.5% with a Kappa value of 0.65 when classifying wakefulness, rapid eye movement, light sleep and deep sleep. Experimental results confirm that our deep transfer learning approach significantly enhances automatic sleep staging performance in the target domain. Conclusion: This method effectively addresses challenges associated with data variability and limited sample size, substantially improving the reliability of automatic sleep staging models, especially in contexts where radar data is limited. Significance: The findings underscore the viability of UWB radar as a nonintrusive, forward-looking sleep assessment tool that could significantly benefit care for older people and people with neurodegenerative disorders."
Estimating Respiratory Effort from Nocturnal Breathing Sounds for Obstructive Sleep Apnoea Screening,Xiaolei Xu; Chaoyue Niu; Guy J. Brown; Hector Romero; Ning Ma,2025.0,,arxiv,http://arxiv.org/abs/2509.14944v2,103 participants with obstructive sleep apnoea (OSA),latent-space fusion framework that integrates estimated effort embeddings with acoustic features for OSA detection,audio-only baselines,concordance correlation coefficient of 0.48; improved sensitivity; improved AUC,,0.9,"Obstructive sleep apnoea (OSA) is a prevalent condition with significant health consequences, yet many patients remain undiagnosed due to the complexity and cost of over-night polysomnography. Acoustic-based screening provides a scalable alternative, yet performance is limited by environmental noise and the lack of physiological context. Respiratory effort is a key signal used in clinical scoring of OSA events, but current approaches require additional contact sensors that reduce scalability and patient comfort. This paper presents the first study to estimate respiratory effort directly from nocturnal audio, enabling physiological context to be recovered from sound alone. We propose a latent-space fusion framework that integrates the estimated effort embeddings with acoustic features for OSA detection. Using a dataset of 157 nights from 103 participants recorded in home environments, our respiratory effort estimator achieves a concordance correlation coefficient of 0.48, capturing meaningful respiratory dynamics. Fusing effort and audio improves sensitivity and AUC over audio-only baselines, especially at low apnoea-hypopnoea index thresholds. The proposed approach requires only smartphone audio at test time, which enables sensor-free, scalable, and longitudinal OSA monitoring."
Dynamic gNodeB Sleep Control for Energy-Conserving 5G Radio Access Network,Pengfei Shen; Yulin Shao; Qi Cao; Lu Lu,2022.0,,arxiv,http://arxiv.org/abs/2207.06309v1,gNodeBs in 5G radio access networks,dynamic on-off switching paradigm for gNodeB sleep control,,reduced energy expenditure; close-to-optimal performance; computational efficiency,Simulation study,0.9,"5G radio access network (RAN) is consuming much more energy than legacy RAN due to the denser deployments of gNodeBs (gNBs) and higher single-gNB power consumption. In an effort to achieve an energy-conserving RAN, this paper develops a dynamic on-off switching paradigm, where the ON/OFF states of gNBs can be dynamically configured according to the evolvements of the associated users. We formulate the dynamic sleep control for a cluster of gNBs as a Markov decision process (MDP) and analyze various switching policies to reduce the energy expenditure. The optimal policy of the MDP that minimizes the energy expenditure can be derived from dynamic programming, but the computation is expensive. To circumvent this issue, this paper puts forth a greedy policy and an index policy for gNB sleep control. When there is no constraint on the number of gNBs that can be turned off, we prove the dual-threshold structure of the greedy policy and analyze its connections with the optimal policy. Inspired by the dual-threshold structure and Whittle index, we develop an index policy by decoupling the original MDP into multiple one-dimensional MDPs -- the indexability of the decoupled MDP is proven and an algorithm to compute the index is proposed. Extensive simulation results verify that the index policy exhibits close-to-optimal performance in terms of the energy expenditure of the gNB cluster. As far as the computational complexity is concerned, on the other hand, the index policy is much more efficient than the optimal policy, which is computationally prohibitive when the number of gNBs is large."
Sleep-time Compute: Beyond Inference Scaling at Test-time,Kevin Lin; Charlie Snell; Yu Wang; Charles Packer; Sarah Wooders; Ion Stoica; Joseph E. Gonzalez,2025.0,,arxiv,http://arxiv.org/abs/2504.13171v1,Large language models (LLMs),Sleep-time compute,,Reduce test-time compute by ~ 5x on Stateful GSM-Symbolic and Stateful AIME; Increase accuracy by up to 13% on Stateful GSM-Symbolic; Increase accuracy by up to 18% on Stateful AIME; Decrease average cost per query by 2.5x using Multi-Query GSM-Symbolic,Case study,0.9,"Scaling test-time compute has emerged as a key ingredient for enabling large language models (LLMs) to solve difficult problems, but comes with high latency and inference cost. We introduce sleep-time compute, which allows models to ""think"" offline about contexts before queries are presented: by anticipating what queries users might ask and pre-computing useful quantities, we can significantly reduce the compute requirements at test-time. To demonstrate the efficacy of our method, we create modified versions of two reasoning tasks - Stateful GSM-Symbolic and Stateful AIME. We find that sleep-time compute can reduce the amount of test-time compute needed to achieve the same accuracy by ~ 5x on Stateful GSM-Symbolic and Stateful AIME and that by scaling sleep-time compute we can further increase accuracy by up to 13% on Stateful GSM-Symbolic and 18% on Stateful AIME. Furthermore, we introduce Multi-Query GSM-Symbolic, which extends GSM-Symbolic by including multiple related queries per context. By amortizing sleep-time compute across related queries about the same context using Multi-Query GSM-Symbolic, we can decrease the average cost per query by 2.5x. We then conduct additional analysis to understand when sleep-time compute is most effective, finding the predictability of the user query to be well correlated with the efficacy of sleep-time compute. Finally, we conduct a case-study of applying sleep-time compute to a realistic agentic SWE task."
Voice-Based Conversational Agents for self-reporting fluid consumption and sleep quality,Abdalsalam Almzayyen; Angel Vela de la Garza Evia; Nick Coronato; Mehdi Boukhechba,2022.0,,arxiv,http://arxiv.org/abs/2202.02186v1,patients with specific fluid consumption requirements or sleep disorders,voice-based conversational agents (VCAs) for self-assessment health surveys,,satisfaction with ease of use; likeability; burden level,,0.8,"Intelligent conversational agents and virtual assistants, such as chatbots and voice assistants, have the potential of augmenting health service capacity to screen symptoms and deliver healthcare interventions. In this paper, we developed voice-based conversational agents (VCAs) in the Google Actions Console to deliver periodic self-assessment health surveys. The focus of this paper is to accommodate self-monitoring for patients with specific fluid consumption requirements or sleep disorders. Our VCAs, named FluidMonitor and Sleepy, have been tested to integrate naturally into a patient's daily lifestyle for the purpose of providing useful interventions. We show the functionality of our Google Actions and discuss the considerations for using VCAs as an at-home self-reporting survey technique. User testing showed satisfaction with the ease of use, likeability, and burden level of the VCAs."
Longitudinal wearable monitoring and polygenic risk for incident major depressive disorder in the All of Us Research Program,Yuezhou Zhang; Amos A. Folarin; Rongrong Zhong; Hyunju Kim; Shaoxiong Sun; Callum Stewart; Richard JB Dobson,2026.0,,arxiv,http://arxiv.org/abs/2608.06063v1,"3,030 adults of genetically inferred European ancestry",longitudinal wearable monitoring (Fitbit data),,"higher risk of EHR-recorded incident MDD associated with higher MDD PRS, lower daily steps, lower light and vigorous physical activity, lower sleep efficiency, greater sleep duration variability; C-index increased from 0.637 to 0.705 after integrating MDD PRS and wearable features",Cohort study,0.9,"Major depressive disorder (MDD) risk reflects both stable inherited liability and dynamic behavioral patterns, yet these dimensions are rarely examined together using long-term objective data in real-world settings. Here, we integrated genomic, electronic health record (EHR), and longitudinal Fitbit wearable data from 3,030 adults of genetically inferred European ancestry in the All of Us Research Program, 284 of whom developed EHR-recorded incident MDD after a 180-day baseline period. Time-varying Cox models examined associations of MDD polygenic risk scores (PRS), monthly wearable-derived physical activity and sleep features, and interactions between wearable features and MDD PRS with incident MDD. Higher MDD PRS, lower daily steps, lower light and vigorous physical activity, lower sleep efficiency, and greater sleep duration variability were associated with higher risk of EHR-recorded incident MDD. The associations of sedentary time and sleep duration variability with incident MDD differed across MDD PRS levels, with stronger risk associations among participants with higher MDD PRS. PRS-stratified hazard ratio curves further indicated that comparable estimated risk corresponded to more favorable behavioral levels (such as higher daily step counts and more stable sleep) among participants with higher MDD PRS than among those with lower MDD PRS. Sequentially integrating MDD PRS, baseline wearable features, monthly wearable features, and selected interactions between wearable features and MDD PRS increased model discrimination, with the C-index increasing from 0.637 to 0.705. These findings support the complementary value of inherited liability and longitudinal real-world behavioral monitoring for incident MDD risk characterization and may inform future work on genetically informed digital phenotyping for personalized risk monitoring and prevention."
Sleep Model -- A Sequence Model for Predicting the Next Sleep Stage,Iksoo Choi; Wonyong Sung,2023.0,,arxiv,http://arxiv.org/abs/2302.12709v1,Individuals with sleep disorders,Sleep model using statistical n-gram or deep neural network-based models for predicting sleep stages,,Improvement in sleep-stage classification accuracy; Performance evaluation of n-gram and LSTM RNN-based models,,0.8,"As sleep disorders are becoming more prevalent there is an urgent need to classify sleep stages in a less disturbing way.In particular, sleep-stage classification using simple sensors, such as single-channel electroencephalography (EEG), electrooculography (EOG), electromyography (EMG), or electrocardiography (ECG) has gained substantial interest. In this study, we proposed a sleep model that predicts the next sleep stage and used it to improve sleep classification accuracy. The sleep models were built using sleep-sequence data and employed either statistical $n$-gram or deep neural network-based models. We developed beam-search decoding to combine the information from the sensor and the sleep models. Furthermore, we evaluated the performance of the $n$-gram and long short-term memory (LSTM) recurrent neural network (RNN)-based sleep models and demonstrated the improvement of sleep-stage classification using an EOG sensor. The developed sleep models significantly improved the accuracy of sleep-stage classification, particularly in the absence of an EEG sensor."
From sleep medicine to medicine during sleep: A clinical perspective,Nitai Bar; Jonathan A. Sobel; Thomas Penzel; Yosi Shamay; Joachim A. Behar,2021.0,,arxiv,http://arxiv.org/abs/2102.05452v1,,"Utilization of sleep for diagnosis, management, and therapy of non-sleep-specific pathologies",,Diagnosis of pathologies; Monitoring of pathologies; Treatment of pathologies,Perspective,0.7,"Sleep has a profound influence on the physiology of body systems and biological processes. Molecular studies have shown circadian-regulated shifts in protein expression patterns across human tissues, further emphasizing the unique functional, behavioral and pharmacokinetic landscape of sleep. Thus, many pathological processes are also expected to exhibit sleep-specific manifestations. Nevertheless, sleep is seldom utilized for the study, detection and treatment of non-sleep-specific pathologies. Modern advances in biosensor technologies have enabled remote, non-invasive recording of a growing number of physiologic parameters and biomarkers. Sleep is an ideal time frame for the collection of long and clean physiological time series data which can then be analyzed using data-driven algorithms such as deep learning. In this perspective paper, we aim to highlight the potential of sleep as an auspicious time for diagnosis, management and therapy of nonsleep-specific pathologies. We introduce key clinical studies in selected medical fields, which leveraged novel technologies and the advantageous period of sleep to diagnose, monitor and treat pathologies. We then discuss possible opportunities to further harness this new paradigm and modern technologies to explore human health and disease during sleep and to advance the development of novel clinical applications: From sleep medicine to medicine during sleep."
Domain Invariant Representation Learning and Sleep Dynamics Modeling for Automatic Sleep Staging,Seungyeon Lee; Thai-Hoang Pham; Zhao Cheng; Ping Zhang,2023.0,,arxiv,http://arxiv.org/abs/2312.03196v3,subjects with diverse physiological signals related to sleep,"neural network based sleep staging model, DREAM",,superiority of DREAM in sleep stage prediction; generalized decision function for new subjects; prediction uncertainty,empirical study,0.9,"Sleep staging has become a critical task in diagnosing and treating sleep disorders to prevent sleep related diseases. With growing large scale sleep databases, significant progress has been made toward automatic sleep staging. However, previous studies face critical problems in sleep studies; the heterogeneity of subjects' physiological signals, the inability to extract meaningful information from unlabeled data to improve predictive performances, the difficulty in modeling correlations between sleep stages, and the lack of an effective mechanism to quantify predictive uncertainty. In this study, we propose a neural network based sleep staging model, DREAM, to learn domain generalized representations from physiological signals and models sleep dynamics. DREAM learns sleep related and subject invariant representations from diverse subjects' sleep signals and models sleep dynamics by capturing interactions between sequential signal segments and between sleep stages. We conducted a comprehensive empirical study to demonstrate the superiority of DREAM, including sleep stage prediction experiments, a case study, the usage of unlabeled data, and uncertainty. Notably, the case study validates DREAM's ability to learn generalized decision function for new subjects, especially in case there are differences between testing and training subjects. Uncertainty quantification shows that DREAM provides prediction uncertainty, making the model reliable and helping sleep experts in real world applications."
Contactless Oxygen Monitoring with Gated Transformer,Hao He; Yuan Yuan; Ying-Cong Chen; Peng Cao; Dina Katabi,2022.0,,arxiv,http://arxiv.org/abs/2212.03357v1,Patients at home requiring blood oxygen monitoring,Contactless monitoring of blood oxygen using radio signals and a neural network model (Gated BERT-UNet),,High accuracy in blood oxygen estimates; Adaptation to patient's medical indices,,0.8,"With the increasing popularity of telehealth, it becomes critical to ensure that basic physiological signals can be monitored accurately at home, with minimal patient overhead. In this paper, we propose a contactless approach for monitoring patients' blood oxygen at home, simply by analyzing the radio signals in the room, without any wearable devices. We extract the patients' respiration from the radio signals that bounce off their bodies and devise a novel neural network that infers a patient's oxygen estimates from their breathing signal. Our model, called \emph{Gated BERT-UNet}, is designed to adapt to the patient's medical indices (e.g., gender, sleep stages). It has multiple predictive heads and selects the most suitable head via a gate controlled by the person's physiological indices. Extensive empirical results show that our model achieves high accuracy on both medical and radio datasets."
LG-Sleep: Local and Global Temporal Dependencies for Mice Sleep Scoring,Shadi Sartipi; Mie Andersen; Natalie Hauglund; Celia Kjaerby; Verena Untiet; Maiken Nedergaard; Mujdat Cetin,2024.0,,arxiv,http://arxiv.org/abs/2412.15412v1,mice,"LG-Sleep, a deep neural network architecture for sleep scoring using EEG signals",conventional deep neural networks,superior performance in sleep stage scoring; good performance across different sleep stages,,0.9,"Efficiently identifying sleep stages is crucial for unraveling the intricacies of sleep in both preclinical and clinical research. The labor-intensive nature of manual sleep scoring, demanding substantial expertise, has prompted a surge of interest in automated alternatives. Sleep studies in mice play a significant role in understanding sleep patterns and disorders and underscore the need for robust scoring methodologies. In response, this study introduces LG-Sleep, a novel subject-independent deep neural network architecture designed for mice sleep scoring through electroencephalogram (EEG) signals. LG-Sleep extracts local and global temporal transitions within EEG signals to categorize sleep data into three stages: wake, rapid eye movement (REM) sleep, and non-rapid eye movement (NREM) sleep. The model leverages local and global temporal information by employing time-distributed convolutional neural networks to discern local temporal transitions in EEG data. Subsequently, features derived from the convolutional filters traverse long short-term memory blocks, capturing global transitions over extended periods. Crucially, the model is optimized in an autoencoder-decoder fashion, facilitating generalization across distinct subjects and adapting to limited training samples. Experimental findings demonstrate superior performance of LG-Sleep compared to conventional deep neural networks. Moreover, the model exhibits good performance across different sleep stages even when tasked with scoring based on limited training samples."
Clustering and Data Augmentation to Improve Accuracy of Sleep Assessment and Sleep Individuality Analysis,Shintaro Tamai; Masayuki Numao; Ken-ichi Fukui,2024.0,,arxiv,http://arxiv.org/abs/2404.10299v2,Individuals monitoring sleep at home,Machine learning-based sleep assessment model utilizing sleep sounds,,High accuracy of 94.8% in distinguishing sleep satisfaction; Differences in impactful sound event types and timings for different individuals,,0.9,"Recently, growing health awareness, novel methods allow individuals to monitor sleep at home. Utilizing sleep sounds offers advantages over conventional methods like smartwatches, being non-intrusive, and capable of detecting various physiological activities. This study aims to construct a machine learning-based sleep assessment model providing evidence-based assessments, such as poor sleep due to frequent movement during sleep onset. Extracting sleep sound events, deriving latent representations using VAE, clustering with GMM, and training LSTM for subjective sleep assessment achieved a high accuracy of 94.8% in distinguishing sleep satisfaction. Moreover, TimeSHAP revealed differences in impactful sound event types and timings for different individuals."
TILES-2018 Sleep Benchmark Dataset: A Longitudinal Wearable Sleep Data Set of Hospital Workers for Modeling and Understanding Sleep Behaviors,Tiantian Feng; Brandon M Booth; Karel Mundnich; Emily Zhou; Benjamin Girault; Kristina Lerman; Shrikanth Narayanan,2025.0,,arxiv,http://arxiv.org/abs/2507.03520v1,139 hospital employees,wearable sensing technology (wrist-worn devices) for monitoring sleep patterns,,sleep quality; stress; anxiety; sleep duration; sleep stages; sleep diaries,Longitudinal study,0.9,"Sleep is important for everyday functioning, overall well-being, and quality of life. Recent advances in wearable sensing technology have enabled continuous, noninvasive, and cost-effective monitoring of sleep patterns in real-world natural living settings. Wrist-worn devices, in particular, are capable of tracking sleep patterns using accelerometers and heart rate sensors. To support sleep research in naturalistic environments using wearable sensors, we introduce the TILES-2018 Sleep Benchmark dataset, which we make publicly available to the research community. This dataset was collected over a 10-week period from 139 hospital employees and includes over 6,000 unique sleep recordings, alongside self-reported survey data from each participant, which includes sleep quality, stress, and anxiety among other measurements. We present in-depth analyses of sleep patterns by combining the TILES-2018 Sleep Benchmark dataset with a previously released dataset (TILES-2018), which follows a similar study protocol. Our analyses include sleep duration, sleep stages, and sleep diaries. Moreover, we report machine learning benchmarks using this dataset as a testbed for tasks including sleep stage classification, prediction of self-reported sleep quality, and classifying demographics. Overall, this dataset provides a valuable resource for advancing foundational studies in sleep behavior modeling."
Pretraining on Sleep Data Improves non-Sleep Biosignal Tasks,William Lehn-SchiÃ¸ler; Magnus Ruud KjÃ¦r; Phillip Hempel; Magnus Guldberg Pedersen; Rahul Thapa; Bryan He; Nicolai Spicher; Andreas Brink-Kjaer; Lars Kai Hansen; Emmanuel Mignot,2026.0,,arxiv,http://arxiv.org/abs/2605.02500v1,,sleep-only multimodal contrastive pretraining,training from scratch,improved performance on downstream tasks; performance competitive with or surpassing prior specialized state-of-the-art and foundation models,,0.9,"Sleep foundation models have recently demonstrated strong performance on in-domain polysomnography tasks, including sleep staging, apnea detection, and disease risk prediction. In this work, we investigate whether sleep biosignals can serve as an effective pretraining distribution for learning representations that transfer beyond sleep to adjacent domains. Following sleep foundation models, we perform sleep-only multimodal contrastive pretraining (with a leave-one-out objective) and evaluate transfer to non-sleep EEG and ECG, two well-benchmarked biosignal modalities with heterogeneous datasets and clinically meaningful downstream tasks. Across eight downstream tasks spanning multiple EEG and ECG datasets, sleep pretraining consistently improves performance relative to training from scratch. Moreover, on several tasks, we achieve performance competitive with or surpassing prior specialized state-of-the-art and foundation models."
Multimodal Sleep Stage and Sleep Apnea Classification Using Vision Transformer: A Multitask Explainable Learning Approach,Kianoosh Kazemi; Iman Azimi; Michelle Khine; Rami N. Khayat; Amir M. Rahmani; Pasi Liljeberg,2025.0,,arxiv,http://arxiv.org/abs/2502.17486v1,Individuals undergoing sleep stage and sleep disorder classification,1D-Vision Transformer for simultaneous classification of sleep stages and sleep disorders,,Overall accuracy of 78% (Cohen's Kappa 0.66) for five-stage sleep classification; Overall accuracy of 74% (Cohen's Kappa 0.58) for sleep apnea classification,,0.9,"Sleep is an essential component of human physiology, contributing significantly to overall health and quality of life. Accurate sleep staging and disorder detection are crucial for assessing sleep quality. Studies in the literature have proposed PSG-based approaches and machine-learning methods utilizing single-modality signals. However, existing methods often lack multimodal, multilabel frameworks and address sleep stages and disorders classification separately. In this paper, we propose a 1D-Vision Transformer for simultaneous classification of sleep stages and sleep disorders. Our method exploits the sleep disorders' correlation with specific sleep stage patterns and performs a simultaneous identification of a sleep stage and sleep disorder. The model is trained and tested using multimodal-multilabel sensory data (including photoplethysmogram, respiratory flow, and respiratory effort signals). The proposed method shows an overall accuracy (cohen's Kappa) of 78% (0.66) for five-stage sleep classification and 74% (0.58) for sleep apnea classification. Moreover, we analyzed the encoder attention weights to clarify our models' predictions and investigate the influence different features have on the models' outputs. The result shows that identified patterns, such as respiratory troughs and peaks, make a higher contribution to the final classification process."
Sleep syndromes onset detection based on automatic sleep staging algorithm,Tim Cvetko; Tinkara Robek,2021.0,,arxiv,http://arxiv.org/abs/2107.03387v1,"Individuals with sleep syndromes, including restless leg syndrome and insomnia",A novel method for predicting early onsets of sleep syndromes using a Fast Fourier Transform and a deep convolutional LSTM neural network for sleep stage classification,,Accuracy of 86.43; Precision of 77.76; Recall of 93.32; F1-score of 89.12; Mean false error loss of 0.09,,0.9,"In this paper, we propose a novel method and a practical approach to predicting early onsets of sleep syndromes, including restless leg syndrome, insomnia, based on an algorithm that is comprised of two modules. A Fast Fourier Transform is applied to 30 seconds long epochs of EEG recordings to provide localized time-frequency information, and a deep convolutional LSTM neural network is trained for sleep stage classification. Automating sleep stages detection from EEG data offers great potential to tackling sleep irregularities on a daily basis. Thereby, a novel approach for sleep stage classification is proposed which combines the best of signal processing and statistics. In this study, we used the PhysioNet Sleep European Data Format (EDF) Database. The code evaluation showed impressive results, reaching an accuracy of 86.43, precision of 77.76, recall of 93,32, F1-score of 89.12 with the final mean false error loss of 0.09."
Continuous Sleep Depth Index Annotation with Deep Learning Yields Novel Digital Biomarkers for Sleep Health,Songchi Zhou; Ge Song; Haoqi Sun; Yue Leng; M. Brandon Westover; Shenda Hong,2024.0,,arxiv,http://arxiv.org/abs/2407.04753v2,"Participants in four large-scale cohorts with polysomnography recordings, including those with sleep apnea, insomnia, poor subjective sleep quality, hypertension, and cardiovascular disease.",Deep learning method for automatic and scalable annotation of continuous sleep depth index (SDI) using existing discrete sleep staging labels.,,"Decrease in sleep depth index correlated with increase in duration of arousal; Higher prevalence of sleep apnea, insomnia, poor subjective sleep quality, hypertension, and cardiovascular disease in disturbed sleep group; 42% increased risk of mortality (hazard ratio 1.42, 95% CI 1.24-1.62); 29% increased risk of fatal cardiovascular disease (hazard ratio 1.29, 95% CI 1.00-1.67)",Cohort study,0.9,"Traditional sleep staging categorizes sleep and wakefulness into five coarse-grained classes, overlooking subtle variations within each stage. It provides limited information about the duration of arousal and may hinder research on sleep fragmentation and relevant sleep disorders. To address this issue, we propose a deep learning method for automatic and scalable annotation of continuous sleep depth index (SDI) using existing discrete sleep staging labels. Our approach was validated using polysomnography from over 10,000 recordings across four large-scale cohorts. The results showcased a strong correlation between the decrease in sleep depth index and the increase in duration of arousal. Specific case studies indicated that the sleep depth index captured more nuanced sleep structures than conventional sleep staging. Gaussian mixture models based on the digital biomarkers extracted from the sleep depth index identified two subtypes of sleep, where participants in the disturbed sleep group had a higher prevalence of sleep apnea, insomnia, poor subjective sleep quality, hypertension, and cardiovascular disease. The disturbed subtype was associated with a 42% (hazard ratio 1.42, 95% CI 1.24-1.62) increased risk of mortality and a 29% (hazard ratio 1.29, 95% CI 1.00-1.67) increased risk of fatal cardiovascular disease. Our study underscores the utility of the proposed method for continuous sleep depth annotation, which could reveal more detailed information about the sleep structure and yield novel digital biomarkers for routine clinical use in sleep medicine."
Stanford Sleep Bench: Evaluating Polysomnography Pre-training Methods for Sleep Foundation Models,Magnus Ruud Kjaer; Rahul Thapa; Gauri Ganjoo; Hyatt Moore; Poul Joergen Jennum; Brandon M. Westover; James Zou; Emmanuel Mignot; Bryan He; Andreas Brink-Kjaer,2025.0,,arxiv,http://arxiv.org/abs/2512.09591v1,Patients undergoing polysomnography (PSG) for sleep analysis,Self-supervised representation learning (SSRL) pre-training methods,,Performance in sleep staging; Performance in apnea diagnosis; Performance in age estimation; Performance in disease and mortality prediction,Evaluation study,0.9,"Polysomnography (PSG), the gold standard test for sleep analysis, generates vast amounts of multimodal clinical data, presenting an opportunity to leverage self-supervised representation learning (SSRL) for pre-training foundation models to enhance sleep analysis. However, progress in sleep foundation models is hindered by two key limitations: (1) the lack of a shared dataset and benchmark with diverse tasks for training and evaluation, and (2) the absence of a systematic evaluation of SSRL approaches across sleep-related tasks. To address these gaps, we introduce Stanford Sleep Bench, a large-scale PSG dataset comprising 17,467 recordings totaling over 163,000 hours from a major sleep clinic, including 13 clinical disease prediction tasks alongside canonical sleep-related tasks such as sleep staging, apnea diagnosis, and age estimation. We systematically evaluate SSRL pre-training methods on Stanford Sleep Bench, assessing downstream performance across four tasks: sleep staging, apnea diagnosis, age estimation, and disease and mortality prediction. Our results show that multiple pretraining methods achieve comparable performance for sleep staging, apnea diagnosis, and age estimation. However, for mortality and disease prediction, contrastive learning significantly outperforms other approaches while also converging faster during pretraining. To facilitate reproducibility and advance sleep research, we will release Stanford Sleep Bench along with pretrained model weights, training pipelines, and evaluation code."
A Systematic Review on Sleep Stage Classification and Sleep Disorder Detection Using Artificial Intelligence,Tayab Uddin Wara; Ababil Hossain Fahad; Adri Shankar Das; Md. Mehedi Hasan Shawon,2024.0,,arxiv,http://arxiv.org/abs/2405.11008v3,Individuals undergoing sleep studies,Artificial Intelligence approaches for sleep stage classification and sleep disorder detection,,Accuracy up to 83.75%; F1 score of 45%; Kappa of 36.25%; Sensitivity of 31.25%; Specificity of 30%,Systematic Review,0.9,"Sleep is vital for people's physical and mental health, and sound sleep can help them focus on daily activities. Therefore, a sleep study that includes sleep patterns and sleep disorders is crucial to enhancing our knowledge about individuals' health status. This study aims to provide a comprehensive, systematic review of the recent literature to analyze the different approaches and their outcomes in sleep studies, which includes works on ""sleep stages classification"" and ""sleep disorder detection"" using AI. In this review, 183 articles were initially selected from different journals, among which 80 records were enlisted for explicit review, ranging from 2016 to 2023. Brain waves were the most commonly employed body parameters for sleep staging and disorder studies (almost 29% of the research used brain activity signals exclusively, and 77% combined with the other signals). The convolutional neural network (CNN), the most widely used of the 34 distinct artificial intelligence models, comprised 27%. The other models included the long short-term memory (LSTM), support vector machine (SVM), random forest (RF), and recurrent neural network (RNN), which consisted of 11%, 6%, 6%, and 5% sequentially. For performance metrics, accuracy was widely used for a maximum of 83.75% of the cases, the F1 score of 45%, Kappa of 36.25%, Sensitivity of 31.25%, and Specificity of 30% of cases, along with the other metrics. This article would help physicians and researchers get the gist of AI's contribution to sleep studies and the feasibility of their intended work."
Personalised recommendations of sleep behaviour with neural networks using sleep diaries captured in Sleepio,Alejo Nevado-Holgado; Colin Espie; Maria Liakata; Alasdair Henry; Jenny Gu; Niall Taylor; Kate Saunders; Tom Walker; Chris Miller,2022.0,,arxiv,http://arxiv.org/abs/2208.00033v1,people with sleep difficulty,personalised recommendations of sleep behaviour using a neural network based on sleep diaries,standard statistical methods,more accurate predictions of sleep quality; personalised recommendations for sleep habits; confidence intervals for predictions,Cohort study,0.9,"SleepioTM is a digital mobile phone and web platform that uses techniques from cognitive behavioural therapy (CBT) to improve sleep in people with sleep difficulty. As part of this process, Sleepio captures data about the sleep behaviour of the users that have consented to such data being processed. For neural networks, the scale of the data is an opportunity to train meaningful models translatable to actual clinical practice. In collaboration with Big Health, the therapeutics company that created and utilizes Sleepio, we have analysed data from a random sample of 401,174 sleep diaries and built a neural network to model sleep behaviour and sleep quality of each individual in a personalised manner. We demonstrate that this neural network is more accurate than standard statistical methods in predicting the sleep quality of an individual based on his/her behaviour from the last 10 days. We compare model performance in a wide range of hyperparameter settings representing various scenarios. We further show that the neural network can be used to produce personalised recommendations of what sleep habits users should follow to maximise sleep quality, and show that these recommendations are substantially better than the ones generated by standard methods. We finally show that the neural network can explain the recommendation given to each participant and calculate confidence intervals for each prediction, all of which are essential for clinicians to be able to adopt such a tool in clinical practice."
Monitoring of Sleep Breathing States Based on Audio Sensor Utilizing Melâ€Scale Features in Home Healthcare,Yu Fang; Dongbo Liu; Zhongwei Jiang; Haibin Wang,2023.0,10.1155/2023/6197564,openalex,http://dx.doi.org/10.1155/2023/6197564,Young healthy testers and patients who suffered from obstructive sleep apnea,Detection of breathing states related to sleep-related breathing disorders (SBDs) using breathing sound signals and Mel frequency cepstrum analysis,,Average accuracy for detecting abnormal breathing states: 93.1%; Improvement in sleep quality,,0.9,"Sleep-related breathing disorders (SBDs) will lead to poor sleep quality and increase the risk of cardiovascular and cerebrovascular diseases which may cause death in serious cases. This paper aims to detect breathing states related to SBDs by breathing sound signals. A moment waveform analysis is applied to locate and segment the breathing cycles. As the core of our study, a set of useful features of breathing signal is proposed based on Mel frequency cepstrum analysis. Finally, the normal and abnormal sleep breathing states can be distinguished by the extracted Mel-scale indexes. Young healthy testers and patients who suffered from obstructive sleep apnea are tested utilizing the proposed method. The average accuracy for detecting abnormal breathing states can reach 93.1%. It will be helpful to prevent SBDs and improve the sleep quality of home healthcare."
Attention-Based Transfer Learning for Efficient Obstructive Sleep Apnea (OSA) Classification on Snore Sound,Apichada Sillaparaya; Yuttapong Jiraraksopakun; Kosin Chamnongthai; Apichai Bhatranand,2025.0,10.1109/access.2025.3575203,openalex,https://doi.org/10.1109/access.2025.3575203,70 adult OSA patients,attention-based transfer learning model for non-invasive detection of obstructive sleep apnea using audio signals,,accuracy of 92.576Â±0.910%; sensitivity of 92.906Â±1.928%; specificity of 92.269Â±2.740%; precision of 92.173Â±3.024%; F1-score of 92.486Â±1.326%,,0.9,"Polysomnography (PSG) is currently the gold-standard technique for classifying sleep apnea disorders. Yet, it is costly and requires an expert to score the severity, making it impractical for self-screening and home use. Snore sound classification with Deep Learning (DL) is a promising approach and has gained increasing interest due to its relationship with abnormal breathing conditions in both time and frequency domains. This study proposes an attention-based transfer learning model for non-invasive detection of obstructive sleep apnea (OSA) using audio signals. Mel-spectrograms and MFCC features were input into the MobileNetV3-Large to extract deep features. A modified SENet was implemented to provide suitable channel attention for the extracted features. The attention-based features are then classified into normal and abnormal snore events. The study evaluates model performance using 10-fold cross-validation on sound data of the 70 adult OSA patients of an open-source PSG-Audio dataset [1]. Results show that utilizing both Mel-Spectrogram and MFCCs as input features significantly enhances classification performance compared to single-feature models. In addition, the MobileNetV3-Large with modified SENet significantly outperforms the combination of other pre-trained and attention mechanisms. Specifically, the proposed model provides an accuracy of 92.576Â±0.910%, a sensitivity of 92.906Â±1.928%, a specificity of 92.269Â±2.740%, a precision of 92.173Â±3.024%, and an F1-score of 92.486Â±1.326% on the binary classification. Its performance also shows statistically significant improvement when benchmarked with other existing OSA classification models. Our proposed model demonstrates suitable potential for portable device-based sleep apnea monitoring applications."
A Cascaded Two-Stage CNN Pipeline for Audio-Based Snore and Sleep Apnea Detection on Smartphones: Reference Baselines with Multi-Seed Validation,Yang L,2026.0,10.5281/zenodo.20662374,openalex,https://github.com/somnisense/audio-sleep-cnn-baselines,40 participants with labeled snore segments and apnea-detection windows derived from 80 person-nights,cascaded two-stage CNN pipeline for audio-based sleep monitoring,,94.29% accuracy with F1 90.28% for Stage-1 (snore detection); 83.82% accuracy with F1 83.99% for Stage-2 (sleep apnea detection),Cohort study,0.9,"Smartphone-based audio analysis offers a non-contact, low-cost path to sleep health screening at population scale. We present a cascaded two-stage CNN pipeline for audio-based sleep monitoring on consumer mobile devices: a short-window 2D CNN processes 1-second audio segments represented as 15 Ã— 13 Mel-frequency cepstral coefficient (MFCC) matrices and produces a per-segment binary snore-presence indicator; that per-second indicator, together with two scalar acoustic features (sound pressure level and SPL change rate), is assembled into a 200 Ã— 3 time-series feature matrix at 1 Hz sampling that forms the input to a long-window 1D CNN classifying the 200-second observation window as containing a sleep-disordered breathing event or not. The cascade structure â€” Stage-1 detector output forming a feature channel of the Stage-2 classifier's input â€” provides an ultra-compact intermediate representation (200 Ã— 3 â‰ˆ 600 floats per analysis window) suitable for on-device inference on consumer mobile hardware. We evaluate both stages under a multi-seed protocol with 95% bootstrap confidence intervals (10,000 iterations). On a dataset of 13,538 labeled 1-second snore segments and 2,953 labeled 200-second apnea-detection windows â€” derived from 80 person-nights across 40 participants, with PSG event annotations from a mix of in-laboratory PSG (10 nights) and portable / ambulatory PSG with nasal-airflow cannula (70 nights) â€” the two stages achieve, respectively, 94.29% (93.60, 95.02) accuracy with F1 90.28% (89.29, 91.38) for Stage-1 (snore detection), and 83.82% (82.61, 85.14) accuracy with F1 83.99% (82.87, 85.05) for Stage-2 (sleep apnea detection). The two-stage cascade and its compact intermediate representation are presented as reference baselines, with multi-seed bootstrap metrics that can serve as comparison points for downstream methodological work. Data and code availability: The model architectures, training pipeline, and multi-seed bootstrap analysis code are publicly available at https://github.com/somnisense/audio-sleep-cnn-baselines under the MIT License. By design, no audio recordings, labels, or derived feature matrices are distributed with the repository: the original recordings were collected under participant consent that does not cover public release of either the waveforms or the derived features. Competing interests: The author is the founder of SomniAI LLC, the entity that may commercialize the technology described in this work. The methods described are also the subject of three co-filed U.S. provisional patent applications by SomniAI LLC. No external funding was received."
An audio-semantic multimodal model for automatic obstructive sleep Apnea-Hypopnea Syndrome classification via multi-feature analysis of snoring sounds,Xihe Qiu; Chenghao Wang; Bin Li; Huijie Tong; Xiaoyu Tan; Long Yang; Tao Jing; Jingjing Huang,2024.0,10.3389/fnins.2024.1336307,openalex,https://doi.org/10.3389/fnins.2024.1336307,patients suspected of having Obstructive Sleep Apnea-Hypopnea Syndrome (OSAHS),Audio-Semantic Multi-Modal model for OSAHS severity classification (ASMM-OSA) based on patient snoring sound characteristics,,"diagnostic level in automatically identifying sleep apnea events; classification of the four-class severity (normal, mild, moderate, and severe) of OSAHS",Experimental study,0.9,"Introduction: Obstructive Sleep Apnea-Hypopnea Syndrome (OSAHS) is a common sleep-related breathing disorder that significantly impacts the daily lives of patients. Currently, the diagnosis of OSAHS relies on various physiological signal monitoring devices, requiring a comprehensive Polysomnography (PSG). However, this invasive diagnostic method faces challenges such as data fluctuation and high costs. To address these challenges, we propose a novel data-driven Audio-Semantic Multi-Modal model for OSAHS severity classification (i.e., ASMM-OSA) based on patient snoring sound characteristics. Methods: In light of the correlation between the acoustic attributes of a patient's snoring patterns and their episodes of breathing disorders, we utilize the patient's sleep audio recordings as an initial screening modality. We analyze the audio features of snoring sounds during the night for subjects suspected of having OSAHS. Audio features were augmented via PubMedBERT to enrich their diversity and detail and subsequently classified for OSAHS severity using XGBoost based on the number of sleep apnea events. Results: Experimental results using the OSAHS dataset from a collaborative university hospital demonstrate that our ASMM-OSA audio-semantic multimodal model achieves a diagnostic level in automatically identifying sleep apnea events and classifying the four-class severity (normal, mild, moderate, and severe) of OSAHS. Discussion: Our proposed model promises new perspectives for non-invasive OSAHS diagnosis, potentially reducing costs and enhancing patient quality of life."
RespireSegNet: Analyzing Sleep Breathing Patterns with Deep Audio Segmentation,Yunu Kim; Jaemyung Shin; Minsam Ko,2025.0,10.1109/iceic64972.2025.10879700,openalex,https://doi.org/10.1109/iceic64972.2025.10879700,Individuals with sleep disorders or irregularities in breathing patterns during sleep,"RespireSegNet, a deep audio segmentation method for analyzing sleep breathing patterns",FFT and PeakFinding methods,High precision in detecting respiratory rates; Cycle duration estimation; Superior accuracy in breathing rate detection; Cycle length estimation,,0.9,"Analyzing respiratory patterns is essential for diagnosing and monitoring various health conditions, particularly during sleep when irregularities such as apneas are prevalent. This study presents RespireSegNet, a deep audio segmentation method tailored for sleep breathing analysis, which addresses limitations of traditional signal processing techniques. Utilizing PSG-Audio dataset with tracheal sound recordings and respiratory belt data, RespireSegNet applies WhisperSeg, a pretrained Transformer-based model, to segment and analyze breathing cycles. The model captures subtle respiratory sounds amidst noise, demonstrating high precision in detecting respiratory rates and cycle durations across sleep stages. Compared with FFT and PeakFinding methods, RespireSegNet achieved superior accuracy in both breathing rate detection and cycle length estimation. These results highlight RespireSegNet's potential as a robust tool for non-invasive sleep disorder diagnostics, paving the way for improved respiratory sound analysis in healthcare applications."
Diagnosis of sleep apnea by optimal fuzzy system based on respiratory signals,Shahrzad Pouramirarsalani; Soozan Etemadi Maleki; Saman Rajebi; Nader Vadhani Manaf; Azade Roohany,2024.0,10.1109/qicar61538.2024.10496649,openalex,http://dx.doi.org/10.1109/qicar61538.2024.10496649,Patients with sleep apnea,Fuzzy network optimized with artificial intelligence algorithms for sleep apnea diagnosis,Nocturnal polysomnography (PSG),Correct classification rate (CCR) of 87.5% with leave one out cross-validation method,,0.8,"This Sleep apnea is an important and common disorder that leads to the reduction or interruption of respiratory flow during sleep due to obstruction of the airways. Currently, nocturnal polysomnography (PSG) is the standard approach for diagnosing sleep apnea. This method is expensive, time-consuming and inconvenient due to space limitations and the complexity of recording physiological signals. Today, machine learning algorithms are used to provide more friendly and accessible solutions that help in cost-effective and easy to diagnosis. In this article, a fuzzy network optimized with artificial intelligence algorithms is formed as a classband model for sleep apnea diagnosis. Changes in the acoustic signals caused by breathing sounds during sleep apnea can be used to monitor and diagnose sleep apnea events. The dataset of audio signals recorded from the sound of breathing is collected by a microphone and a mobile phone. The fuzzy classband model was built based on Mamdaniâ€™s fuzzy inference rules from the extracted features, and the correct classification rate (CCR) was 77.5 by adjusting different parameters of the model. Coefficients were obtained as feature values to increase data resolution by the particle swarm optimization (PSO) optimization algorithm and Fisherâ€™s discriminant ratio. By applying these coefficients to the input of the fuzzy network in order to optimize the feature vector, the correct classification rate was obtained equal to 87.5% with the leave one out cross-validation method."
Real-time sleep disorder monitoring design using dynamic temporal graphs with facial and acoustic feature fusion,Fei Pei; Ying Zhou; Qiang-Qiang Fu; Hong Zhou,2025.0,10.3389/frai.2025.1681759,openalex,https://doi.org/10.3389/frai.2025.1681759,patients with sleep disorders,non-invasive multimodal monitoring system for real-time sleep pathology detection,traditional polysomnography,accurate detection of sleep apnea; accurate detection of restless leg syndrome; accurate detection of cardiovascular irregularities; 10.7-s average delay; 94.6% clinical agreement; diagnostic accuracy comparable to polysomnography,,0.9,"Introduction: Sleep disorders pose significant risks to patient safety, yet traditional polysomnography imposes substantial discomfort and laboratory constraints. We developed a non-invasive multimodal monitoring system for real-time sleep pathology detection. Methods: We integrated facial expression analysis via deep convolutional neural networks with audio signal processing for breathing pattern detection. Heterogeneous data streams were unified into dynamic graph representations, with graph neural networks modeling spatiotemporal patterns of sleep pathologies. Results: The system accurately detected sleep apnea, restless leg syndrome, and cardiovascular irregularities with 10.7-s average delay and 94.6% clinical agreement, achieving diagnostic accuracy comparable to polysomnography. Conclusion: This framework enables continuous non-invasive monitoring for point-of-care screening and home-based management, potentially expanding sleep medicine access for underserved populations."
Automatic cough detection via a multi-sensor smart garment using machine learning,Philippe C. Dixon; Simon Dubeau; Jean-FranÃ§ois Roy; Pierre-Alexandre Fournier,2025.0,10.1016/j.compbiomed.2025.110192,openalex,https://doi.org/10.1016/j.compbiomed.2025.110192,44 healthy young adult participants,multi-sensor smart-garment device for cough detection,,F1-score 93.0 (1.1)%; precision 84.2 (4.2)%; recall 95.5 (1.6)%,"observational, cross-sectional study",0.9,"Coughing behavior is associated with conditions such as sleep apnea, asthma, and chronic obstructive pulmonary disorder and can severely affect quality of life in those affected. In this context, coughing quantification is often important, but routinely performed via questionnaires. This approach is dependent on patient compliance or recall, which may affect validity and be especially difficult for nocturnal coughs. Manual review of audio recordings is potentially more accurate, but raises privacy concerns due to the collection and review of sensitive audio-data by a human annotator. Today, machine learning approaches are increasingly used to quantify coughs; however, algorithms often rely on microphone recordings, resulting in the same privacy issues, especially if data are sent to a remote server for analysis. The aims of this study are to determine if (1) a suite of sensors, excluding microphone recordings, can accurately detect coughs unobtrusively and (2) what the relative importance of each sensor-type on model performance may be. Data from 44 healthy young adult participants performing on-demand coughs and other tasks (breathing, talking, throat clearing, laughing, sniffing) in supine and sitting conditions were collected for this observational, cross-sectional study using a multi-sensor smart-garment device. Synchronized video was used to annotate tasks. Three-dimension acceleration, respiration (inductance plethysmography), and electrical activity (electrocardiography) signals were extracted into 1 s strips and binarized into coughs and non-coughs. Data were split into train and test sets using an inter-subject 80:20 split, ensuring that data from a particular participant are found in a single set. This procedure was repeated 10 times with different random inter-subject splits to assess the variability of results. Statistical and frequency-based features were computed and used as inputs to a Random Forest Classifier to predict classes (cough vs not-cough). Model hyperparameters were tuned to maximize F1-score using five-fold cross validation of the training set. Final model performance was assessed using F1-score, precision, and recall (sensitivity) on the test sets with mean (standard deviation) reported. Single sensor models based on acceleration, respiration, or electrocardiography revealed F1 scores of 92.6 (1.2)%, 88.9 (3.2)%, and 77.5 (3.4)%, respectively. Overall, the dual (acceleration, respiration) sensor model achieved the highest performance (F1-score 93.0 (1.1)%, precision 84.2 (4.2)%, and recall 95.5 (1.6)%). The multi-modal wearable device was able to distinguish coughs from other respiratory maneuvers, with acceleration and respiration sensors providing the most valuable information. Future studies could implement this approach for remote monitoring of coughs in patients suffering from coughing symptoms."
Biomedical signal interpretation and smartphone sensors for the assessment of trunk function and sleep disorders in patients with spinal cord injury,Yolanda Castillo-Escario,2022.0,10.5821/dissertation-2117-429267,openalex,https://doi.org/10.5821/dissertation-2117-429267,patients with spinal cord injury (SCI),smartphone-based tools and biomedical signal analysis techniques for the assessment of trunk function and sleep-disordered breathing (SDB),,characterization of trunk function; detection and monitoring of obstructive sleep apnea (OSA); prevalence of moderate-to-severe SDB in SCI patients; quantitative measures for the evaluation and follow-up of patients,PhD thesis,0.9,"(English) Spinal cord injury (SCI) is one of the leading causes of disability worldwide. SCI causes motor and sensory impairment but is also associated with many other health problems. Two of these problems are trunk muscle impairment and sleep disorders. Impaired trunk function affects postural control and sitting balance, which are critical for activities of daily living. Disturbed sleep causes fatigue and sleepiness and can lead to serious comorbidities, impacting patient recovery and outcomes. However, due to the multiple health problems secondary to SCI and the limitations in current diagnostic tools, trunk function and sleep are rarely examined after SCI. The non-invasive acquisition and analysis of biomedical signals can help to overcome this issue, providing quantitative measures to assess patient condition. Smartphones can facilitate this task, thanks to their ubiquitous presence and powerful sensors. The aim of this PhD thesis is to propose new smartphone-based tools and biomedical signal analysis techniques for the quantitative assessment of trunk function and sleep-disordered breathing (SDB) in patients with SCI. This dissertation is divided into two parts, including four publications in high-impact journals. The first part addresses the characterization of trunk function in healthy subjects and patients with cervical (cSCI) and thoracic SCI (tSCI). The second part focuses on the development of a mobile health (mHealth) system based on smartphone audio signals for obstructive sleep apnea (OSA) diagnosis, and the detection and monitoring of SDB in SCI patients. The first part of the thesis introduces a novel methodology to quantitatively evaluate trunk function by combining electromyography (EMG) and smartphone accelerometry. In the first study, we characterized the muscle activity and movement patterns of trunk flexion during reaching in healthy humans and investigated if trunk stability was affected by a startling acoustic stimulus (SAS). We found that SAS markedly reduced the response time (RespT) and EMG onset latencies of all muscles (the so-called StartReact effect), either prime movers or stabilizers. In the second study, we evaluated trunk function and the effects of a SAS in patients with cSCI and tSCI. The results revealed deficits in postural control and compensatory strategies employed by SCI patients, such as delayed responses and high lateral deviations, with potential consequences for rehabilitation. This was the first study investigating the StartReact responses in trunk muscles in SCI. The SAS significantly shortened the RespT in tSCI, but not in cSCI, which suggests an increased cortical control in cSCI. In the second part of the thesis, we present mHealth tools for monitoring sleep disorders and investigate the sleep patterns of SCI patients. In the first article of this part, we designed a smartphone system and novel algorithms based on acoustic analysis for OSA screening. This approach demonstrated good agreement with a commercial system for home OSA diagnosis, correctly detecting and stratifying all the OSA patients. In the last article, sleep studies were performed in SCI patients using the smartphone, showing a very high prevalence of moderate-to-severe SDB in SCI patients. This study highlighted the problem of SDB in SCI and provided simple cost-effective tools to improve the detection and management of SDB in SCI patients. Overall, this thesis supports the use of smartphones and biomedical signal analysis for the assessment of trunk function and SDB in SCI patients. These novel approaches provide quantitative and objective measures for the evaluation and follow-up of patients in a simple and non-invasive way. We also give insights into the underlying mechanisms of postural control, respiratory function during sleep, and the changes occurring after SCI. Consequently, our results open the way for improving the management of health complications associated with SCI or other disabling conditions. (CatalÃ ) La lesiÃ³ medulÂ·lar (LM) Ã©s una de les primeres causes de discapacitat al mÃ³n. La LM causa dÃ¨ficit motor i sensitiu, perÃ² tambÃ© molts altres problemes de salut, com l'afectaciÃ³ dels mÃºsculs del tronc i els trastorns del son. Una funciÃ³ del tronc malmesa compromet el control postural i l'equilibri, crÃ­tics per a les activitats del dia a dia. Els trastorns del son sovint provoquen fatiga, somnolÃ¨ncia i diverses comorbiditats, empitjorant l'estat i la recuperaciÃ³ del pacient. Malgrat tot, a causa de les mÃºltiples complicacions de la LM i les limitacions de les eines diagnÃ²stiques actuals, el tronc i el son rarament s'examinen en aquests pacients. L'adquisiciÃ³ no invasiva i anÃ lisi de senyals biomÃ¨dics pot ajudar a adreÃ§ar aquest problema, proveint mesures quantitatives per a l'avaluaciÃ³ dels pacients. Els telÃ¨fons mÃ²bils poden contribuir a aquest repte, grÃ cies a la seva gran disponibilitat i potents sensors. L'objectiu d'aquesta tesi doctoral Ã©s proposar noves eines mÃ²bils i tÃ¨cniques d'anÃ lisi de senyals biomÃ¨dics per a l'avaluaciÃ³ quantitativa de la funciÃ³ del tronc i els trastorns del son en pacients amb LM. La dissertaciÃ³ es divideix en dues parts i inclou quatre articles de revista. La primera part contÃ© la caracteritzaciÃ³ de la funciÃ³ del tronc en subjectes sans i pacients amb LM cervical (LMC) i torÃ cica (LMT). La segona part aborda el desenvolupament d'un sistema mHealth basat en senyals d'Ã udio d'un mÃ²bil per al diagnÃ²stic de l'apnea obstructiva del son (AOS) i la detecciÃ³ i monitoratge de l'AOS en pacients amb LM. La primera part de la tesi introdueix una nova metodologia per avaluar quantitativament la funciÃ³ del tronc, combinant electromiografia (EMG) i l'accelerÃ²metre d'un mÃ²bil. Al primer estudi, vam caracteritzar el moviment i activitat muscular de la flexiÃ³ de tronc en humans sans i vam investigar si un estÃ­mul acÃºstic de sobresalt (SAS, per les sigles en anglÃ¨s) n'afecta l'estabilitat. Vam trobar que el SAS reduÃ¯a notablement el temps de resposta (RespT) i les latÃ¨ncies de tots els mÃºsculs (l'anomenat efecte StartReact), tant impulsors del moviment com mÃºsculs posturals. Al segon estudi, vam mesurar la funciÃ³ del tronc i els efectes d'un SAS en pacients amb LMC i LMT. Els resultats indiquen dÃ¨ficits al control postural i estratÃ¨gies compensatÃ²ries emprades pels pacients amb LM, com ara respostes retardades i grans desviacions laterals, amb possibles conseqÃ¼Ã¨ncies per a la rehabilitaciÃ³. Aquest Ã©s el primer estudi sobre lâ€™efecte StartReact en mÃºsculs del tronc en pacients amb LM. El SAS va reduir significativament el RespT al grup amb LMT, perÃ² no amb LMC, suggerint un major control cortical en LMC. La segona part de la tesi presenta eines mHealth per monitorar trastorns del son i investigar-ne l'impacte en pacients amb LM. Al primer estudi d'aquesta part, vam dissenyar un dispositiu mÃ²bil i nous algoritmes basats en l'anÃ lisi de senyals acÃºstics per al cribratge de l'AOS. El sistema va mostrar una gran concordanÃ§a amb un equip comercial per diagnosticar l'AOS a domicili, permetent una correcta detecciÃ³ i estratificaciÃ³ de tots els pacients. Al darrer article, vam fer estudis de son amb el mÃ²bil en individus amb LM, trobant una prevalenÃ§a molt alta d'AOS moderada o severa en aquesta poblaciÃ³. Aquest estudi remarca el problema de l'AOS en la LM i aporta eines senzilles i eficients per millorar la detecciÃ³ i gestiÃ³ dels trastorns del son. En conjunt, la tesi avala l'Ãºs de mÃ²bils i l'anÃ lisi de senyals biomÃ¨dics per a l'avaluaciÃ³ de la funciÃ³ del tronc i l'AOS en pacients amb LM. Els mÃ¨todes proposats ofereixen mesures quantitatives i objectives per a la valoraciÃ³ i seguiment dels pacients, de manera fÃ cil i no invasiva. A mÃ©s a mÃ©s, s'ha pogut aprofundir en els mecanismes del control postural, la funciÃ³ respiratÃ²ria durant el son i els canvis que es produeixen amb la LM. AixÃ­ doncs, els resultats obren el camÃ­ per millorar la gestiÃ³ de les complicacions de salut resultants de la LM o altres afeccions neurolÃ²giques."
SleepEcho: An AI-Based System for Real-Time Snoring Detection and Classification,Kevin Franklin James; MatÃ­as GarcÃ­a-Constantino,2026.0,10.1007/978-3-032-16992-1_10,openalex,https://doi.org/10.1007/978-3-032-16992-1_10,Individuals experiencing snoring,AI-based system for real-time snoring detection and classification,,Real-time detection of snoring; Classification of snoring types,,0.7,
