key,title,year,month,day,journal,issn,volume,issue,pages,authors,url,language,publisher,location,abstract,v2_decision,v2_reason,note,doi,keywords,pubmed_id,pmc_id
rayyan-662056067,Use of a wearable device to improve sleep quality.,2024,1,1,,,,,,Moore SL and Carey EP and Finikiotis K and Ford KL and Zane RD and Green KK,https://pubmed.ncbi.nlm.nih.gov/39968357/,,,,"OBJECTIVES: The present study aimed to analyze the effects of the use of a digital wellness device on improving sleep through reducing environmental noise.
METHODS: Fifty-five self-reported light or moderate sleepers with difficulty falling or staying asleep due to environmental noise participated in the study. Objective sleep architecture data were collected via a wireless electroencephalogram (EEG) sleep monitor and subjective data were obtained through analysis of daily sleep diaries and responses to study-specific user experience surveys. Four primary outcomes specified a priori were analyzed for statistical significance: objectively measured sleep onset latency (SOL), wake after sleep onset (WASO), number of awakenings, and perceived SOL. Exploratory analysis through descriptive statistics was conducted for an additional 36 secondary outcomes.
RESULTS: Use of the digital wellness device was associated with reduced SOL both objectively and subjectively. Perceived SOL was 32.5% reduced (p < 0.001, difference in means 7.5 min, 95% CI 22.3%-41.4% faster), and objectively measured SOL was 13.3% reduced (p = 0.030, difference in means 2.7 min, 95% CI = 1.4%-23.8% faster). No statistically significant differences were found for other primary outcomes. Among the subjective secondary outcomes, 100% of participants felt the device blocked environmental noise, 86% reported falling asleep more easily, 76% felt they stayed asleep longer, and 82% felt overall sleep quality was improved. No differences were observed among objectively measured secondary outcomes.
CONCLUSIONS: Participants fell asleep faster when using the wearable wellness device. Participants also perceived sleep quality improvements with the intervention, although no objective differences were measured. These findings show promise for using noise-masking digital wellness devices in noisy environments to improve sleep quality.",,,,10.3389/fdgth.2024.1384173,,,
rayyan-662056068,An experimental investigation on the impact of wind turbine noise on polysomnography-measured and sleep diary-determined sleep outcomes.,2022,1,1,,,,,,Liebich T and Lack L and Hansen K and Zajamsek B and Micic G and Lechat B and Dunbar C and Nguyen DP and Scott H and Catcheside P,https://pubmed.ncbi.nlm.nih.gov/35421223/,,,,"STUDY OBJECTIVES: Carefully controlled studies of wind turbine noise (WTN) and sleep are lacking, despite anecdotal complaints from some residents in wind farm areas and known detrimental effects of other noises on sleep. This laboratory-based study investigated the impact of overnight WTN exposure on objective and self-reported sleep outcomes.
METHODS: Sixty-eight participants (38 females) aged (mean ± SD) 49.2 ± 19.5 were recruited from four groups; N = 14, living <10 km from a wind farm and reporting WTN related sleep disruption; N = 18, living <10 km from a wind farm and reporting no WTN sleep disruption; N = 18, reporting road traffic noise-related sleep disruption; and N = 18 control participants living in a quiet rural area. All participants underwent in-laboratory polysomnography during four full-night noise exposure conditions in random order: a quiet control night (19 dB(A) background laboratory noise), continuous WTN (25 dB(A)) throughout the night; WTN (25 dB(A)) only during periods of established sleep; and WTN (25 dB(A)) only during periods of wake or light N1 sleep. Group, noise condition, and interaction effects on measures of sleep quantity and quality were examined via linear mixed model analyses.
RESULTS: There were no significant noise condition or group-by-noise condition interaction effects on polysomnographic or sleep diary determined sleep outcomes (all ps > .05).
CONCLUSIONS: These results do not support that WTN at 25 dB(A) impacts sleep outcomes in participants with or without prior WTN exposure or self-reported habitual noise-related sleep disruption. These findings do not rule out effects at higher noise exposure levels or potential effects of WTN on more sensitive markers of sleep disruption.
CLINICAL TRIAL REGISTRATION: ACTRN12619000501145, UTN U1111-1229-6126. Establishing the physiological and sleep disruption characteristics of noise disturbances in sleep. https://www.anzctr.org.au/. This study was prospectively registered on the Australian and New Zealand Clinical Trial Registry.",,,,10.1093/sleep/zsac085,,,
rayyan-662056083,A Study on the Correlation between Noise and Sleep Disorders in the Emergency Observation Ward for Elderly Patients.,2026,1,1,,,,,,Tang L and Shao H and Ma H and Xie X,https://pubmed.ncbi.nlm.nih.gov/42446330/,,,,"OBJECTIVE: This study aimed to investigate the relationship between objective nighttime noise exposure and sleep quality in elderly patients under emergency observation and to verify whether higher nighttime noise levels are an independent factor contributing to poorer sleep quality after controlling for multiple confounding factors.
METHODS: The single-center retrospective observational study consecutively enrolled 150 elderly patients (age ≥ 65 years) who were under observation in the emergency department of Zhejiang Sian International Hospital for ≥ 24 h between 31 December 2024 and 31 December 2025. Noise data for the first full night (22:00 to 06:00 the next day) during the observation period were obtained using a fixed automatic environmental noise monitor, with nighttime equivalent sound level (LAeq,8h) as the core exposure indicator. Sleep quality was measured with the Richards-Campbell Sleep Questionnaire (RCSQ), and an RCSQ score < 50 was defined as having a sleep disorder. Covariates included age, sex, disease severity (Modified Early Warning Score, MEWS), pain intensity (Numerical Rating Scale, NRS), anxiety status (Self-Rating Anxiety Scale, SAS), observation duration, and sedative-hypnotic drug use. Pearson correlation analysis was used to examine the relationship between noise and sleep quality, and multiple linear regression analysis was used to adjust for confounding factors and test the independent effect of LAeq,8h on RCSQ score.
RESULTS: Correlation analysis revealed a significant negative association between LAeq,8h and RCSQ score ( r  = -0.431, P < 0.001). After adjusting for all covariates, multiple linear regression confirmed that LAeq,8h remained an independent predictor of a lower RCSQ score (unstandardized B = -0.313, 95% CI: -0.434 to -0.193, standardized β = -0.404, t  = -5.130, P < 0.001). In logistic regression, each 1 dB increase in LAeq,8h was associated with 8% higher odds of sleep disorder (OR = 1.08, 95% CI: 1.03 to 1.13, P  = 0.002).
CONCLUSION: In elderly patients under emergency observation, higher LAeq,8h is independently associated with poorer sleep quality.",,,,10.4103/nah.nah_72_26,,,
rayyan-662056084,"Effect of clustered nursing on liver function indexes, nutrition, and emotional status of patients with severe liver failure.",2024,1,1,,,,,,Min X and Lu L and Wen B,https://pubmed.ncbi.nlm.nih.gov/39470483/,,,,"Liver failure is a metabolic disorder caused by a variety of mixed factors. For such diseases, adopting cluster care can effectively improve the relevant symptoms of patients. To explore the nursing effect of nutritional nursing combined with clustered nursing for patients with severe liver failure. A total of 129 patients with severe liver failure were selected as retrospective study subjects. Nine cases were due to an end event, such as death. The other patients were divided into control group and observation group according to different nursing methods. Among them, the control group adopted nutrition nursing, and the observation group implemented cluster nursing on this basis. The differences of liver function, anxiety and depression score, gastrointestinal recovery, nutritional status, and sleep quality were compared between the 2 groups before and after nursing. After nursing, the total bilirubin, albumin, and aspartate aminotransferase of the observation group were significantly higher than those of the control group (P < .05). The nursing staff used Self-Rating Anxiety Scale and Self-Rating Depression Scale of the observation group, which were slightly lower than those of the control group. The difference was statistically significant after testing (P < .05). After nursing, the observation group's upper arm circumference, brachial tri-scalp fold thickness, and hemoglobin were better than those of the control group. Statistics showed that the difference was statistically significant (P < .05). The depth of sleep, time to fall asleep, number of awakenings, time to fall asleep after awakening, overall sleep quality, and intensive care unit environmental noise intensity in the Richards-Campbell Sleep Questionnaire sleep scale after nursing in the 2 groups were significantly higher than those before nursing, and the scores of the observation group were significantly lower than those in the observation group. In the control group, this difference was statistically significant (P < .05). Nutritional nursing combined with clustered nursing can effectively promote the recovery of gastrointestinal function in patients with severe liver failure.",,,,10.1097/md.0000000000040267,,,
rayyan-662056086,Analysis of influencing factors of sleep quality in severe trauma patients without continuous sedation.,2025,1,1,,,,,,Jin Y and Wang S,https://pubmed.ncbi.nlm.nih.gov/41561944/,,,,"AIM: Sleep disorders are very common and serious among trauma patients, particularly in those with severe trauma, and have a negative impact on patients' physiological functioning. This study aimed to explore the status and influencing factors of sleep quality in severe trauma patients receiving non-continuous sedation.
METHODS: The prospective observational study was conducted in our hospital. A total of 139 patients receiving non-continuous sedation for severe trauma were selected as the research objectives. Objective: Sleep quality was continuously monitored for seven consecutive nights using the Fitbit Charge 2 to measure total sleep time (TST), while subjective sleep quality was assessed each morning using the Richards-Campbell Sleep Questionnaire (RCSQ). Demographical, clinical, environmental, and psychosocial variables were collected concurrently. Univariate and multiple linear regression analyses were performed to identify the predictors of sleep quality at different time points.
RESULTS: The average nighttime TST among the participants was 299.76 ± 85.22 min, and the mean RCSQ score was 51.38 ± 13.67, indicating generally poor sleep quality. Both objective and subjective sleep measures were poorest on day 1 and showed gradual improvement through day 7. Multivariate regression analyses identified several major predictors of reduced sleep quality, including pain intensity, thirst severity, environmental noise and light levels, ward temperature, pre-admission sleep status, trauma site (limbs), anxiety level, duration of visits, use of sleep aids, and the frequency of night-time non-invasive procedures.
CONCLUSION: Severe trauma patients without continuous sedation experience markedly impaired sleep during the early post-injury period, with gradual improvement over time but persistent effects from multiple clinical, environmental, and psychological factors. The findings highlight several modifiable determinants-such as pain control, environmental management, and reduced nighttime procedures-that may serve as key targets for clinical sleep-promoting interventions in trauma care.",,,,10.3389/fmed.2025.1707861,,,
rayyan-662056087,Mediating Role of Building Vibration Noise in the Relationship between Housing Type and Mental Health: Evidence from a Taiwanese Online Survey.,2025,1,1,,,,,,Li DJ and Yen CF and Chen YL,https://pubmed.ncbi.nlm.nih.gov/41482906/,,,,"OBJECTIVES: Prior research has documented associations between environmental noise and mental health; however, the impact of building vibration noise remains unclear. This study aimed to test a mediation model evaluating whether specific noise types mediate the association between housing type and mental health among adults in Taiwan.
METHODS: Cross-sectional data of 776 participants obtained from an online survey conducted from December 1, 2024 to May 31, 2025 were analyzed. The participants rated subjective levels of road-traffic noise, railway noise, and building vibration noise. Mental health outcomes included sleep quality, depressive symptoms, anxiety symptoms, and suicidality. Mediation analysis with nonparametric bootstrapping (5000 resamples) was used to test mediation.
RESULTS: Residing in an apartment/condominium had a significantly indirect mediating effect on poorer mental health (estimates of the indirect effect: 0.225, P < 0.001 for sleep quality, 0.431, P < 0.001 for anxiety, 0.412, P < 0.001 for depression, and 0.062, P = 0.024 for suicide risk), and this association was mediated by higher levels of building vibration noise. However, road-traffic and railway noise did not show significant mediation effects.
CONCLUSIONS: Building vibration noise appears to be a key pathway linking living in an apartment/condominium to adverse mental health outcomes.",,,,10.4103/nah.nah_174_25,,,
rayyan-662056089,"Study protocol for an observational panel study of heat strain in the general adult population in Basse Santa Su, The Gambia.",2025,1,1,,,,,,Tadiri E and Saucy A and Bonell A and Sarjo PM and Sonko B and Dos Santos Ferreira JV and Burger M and Gubler M and Minor K and Vicedo-Cabrera AM,https://pubmed.ncbi.nlm.nih.gov/40966263/,,,,"Heat is among the most hazardous environmental factors for human health, but humidity's role in heat-related health effects remains unclear. This study will assess the effect of humid heat and other environmental conditions on health in a representative population in Basse Santa Su, The Gambia, a region at high risk of humid heat exposure. We will examine the association between humid heat exposure and physiological heat strain, identify vulnerable sub-groups, and evaluate adaptive behaviours. We will recruit 60-90 healthy adults from Basse Santa Su and surrounding areas. Participants will be monitored for four non-consecutive weeks across dry (November-May) and rainy (June-October) seasons. Daily questionnaires will assess activities, thermal comfort, adaptation behaviours, heat strain symptoms, mood, and sleep quality. Wearables will collect time-resolved personal and indoor exposure (temperature and humidity), heat strain, and further physiological covariates. A fixed monitoring network will measure outdoor air temperature, humidity, air quality, and environmental noise. Descriptive analyses will assess baseline characteristics, heat stress and heat strain. Case-time series analysis with distributed non-linear lagged models will estimate immediate and delayed associations between exposure to humid heat and physiological heat strain. Stratified analyses by individual characteristics will explore possible vulnerability groups. Multiple exposure models and interaction terms will explore cumulative effects of multiple environmental factors. Multilinear land use regression modelling will develop high-resolution maps of temperature, humidity, and heat stress. This study will provide new insights into humid heat's effect on health, particularly in low-income, high-exposure settings. This study addresses limitations in prior epidemiological research on heat, humidity, and health, including lack of high-resolution and individual-level data, and limited focus on humidity as a heat-health driver, on non-mortality outcomes and on climate-vulnerable populations. This study combines high-resolution microclimate mapping and individual-level measurements which may inform future epidemiological studies and heat-health interventions.",,,,10.1371/journal.pone.0332238,,,
rayyan-662066812,"Association of perceptions of artificial light-at-night, light-emitting device usage and environmental noise appraisal with psychological distress, sleep quality and chronotype: A cross sectional study",2022,1,1,,,,,,Michael Cleary-Gaffney and B. R. Espey and Andrew N. Coogan,https://doi.org/10.1016/j.heliyon.2022.e11284,,,,"Exposure to artificial light-at-night (ALAN) is increasing globally, and there are concerns around how ALAN may impact sleep, psychological and physical health. However, there is a lack of evidence in the literature on how individuals perceive ALAN relative to their sleeping environment and habits, and how such perceptions correspond to objectively assessed night-time illuminance at the level of the residence. This cross-sectional study examined how such perceptions associate with sleep quality, sleep timing, psychological distress and cognitive failures. Further we examined the association between illuminance levels calculated as the biologically-relevant melatonin-suppression index (MSI) and the self-report of perception of ALAN. Five hundred and fifty two adult participants completed a survey addressing perception of ALAN in sleep environment along with the Pittsburgh Sleep Quality Index, Munich Chronotype Questionnaire, Cognitive Failure Questionnaire and the General Health Questionnaire. We report that perception of external ALAN in the sleeping environment was associated with poorer sleep quality, more cognitive failures and greater psychological distress, when controlling for age, sex, house location and MSI. No associations were found between the perception of external ALAN and MSI scores, and MSI scores were not associated with scores on any of the self-report measures. Internal lighting passing into the sleeping environment was associated with poorer sleep quality but not with psychological wellbeing. Habitual use of light-emitting devices was associated with poorer psychological wellbeing but not with sleep quality and sleep timing. Perception of environmental noise annoyance at night was associated with higher psychological distress and poorer quality sleep, and the perception of noise annoyance was associated with perception of ALAN. These results may suggest heightened attentional bias towards ALAN associated with poor sleep quality and higher levels of psychological distress, and highlight the need for more granular approaches in the study of ALAN and sleep and psychological health in terms of levels individual ALAN exposure, and an interpretation that seeks to integrate biological and psychological perspectives.",,,,10.1016/j.heliyon.2022.e11284,,,
rayyan-662066813,Effect of the Levels and Sources of Noise on the Sleep Quality of Conscious Patients in Emergency Intensive Care Unit,2024,1,1,,,,,,Jihe Yang and Jianguo Zhou,https://doi.org/10.4103/nah.nah_83_24,,,,"PURPOSE: This study aimed to assess the levels and sources of noise in the emergency intensive care unit (EICU) of an emergency department and investigate their effects on the sleep quality of conscious patients. METHODS: A study was conducted on patients admitted to the EICU from December 2020 to December 2023. They were categorised according to their sleep quality with the Pittsburgh Sleep Quality Index. Environmental noise levels were measured using precision sound level metres and environmental noise automatic monitoring instruments. Data analysis was performed using SPSS version 25.0, and Chi-square test, Fisher's exact probability and t-tests were conducted when applicable. The significance threshold was set at P < 0.05. Regression analysis was carried out for indicators with significant differences. RESULTS: A total of 200 patients were included in the study. Of them 96 in the ideal sleep group and 104 in the non-ideal sleep group. Patients with non-ideal sleep experienced significantly higher noise levels across various measures (P < 0.05). Additionally, patients with non-ideal sleep reported significantly higher occurrences of noise-related awakening, difficulty in falling asleep, nightmares or vivid dreams and sleepwalking episodes (P < 0.05). Significant differences in staff activities, including staff conversations, equipment noise exposure, cleaning activities, patient interventions and overhead pages, were observed between the groups (P < 0.05). Multivariate logistic regression analysis indicating that the average noise level, conversational speech, equipment alarms, ambient noise, peak noise levels, staff conversations, cleaning activities, patient interventions and overhead pages were significant contributors to poor sleep. CONCLUSION: The study suggested that high noise levels and staff-related activities affected the sleep quality of conscious patients in the EICU. Targeted measures could improve the prognoses of patients.",,,,10.4103/nah.nah_83_24,,,
rayyan-662066814,Individual-level noise exposure and its association with sleep quality and duration: A cross-sectional study using real-time data,2024,1,1,,,,,,Wenzhen Li and Jiannan Cai and Gengze Liao and Mei‐Po Kwan and Lap Ah Tse,https://doi.org/10.1016/j.scitotenv.2024.177047,,,,"As urban populations grow, the problem of noise pollution becomes more significant. The limited number of epidemiological studies linking individual-level dynamic noise exposure to sleep highlights a gap in our understanding of how individual-level noise exposure impact sleep quality and duration. A cross-sectional survey was conducted in Hong Kong, and portable noise sensors were used to record participants' real-time noise exposure. The Pittsburgh Sleep Quality Index was used to assess their sleep quality. Logistic regression was used to examine the relationship of individual-level noise exposure with sleep quality and sleep duration. Among a total of 763 subjects included in the analysis, and a-weighted decibels [dB(A)] 24-h average exposure (L<sub>24</sub>) was 63.21 (58.85-67.85) dB(A) for workday and 63.52 (59.03-67.86) dB(A) for non-workday. A significant decrease in individual noise level was observed closer to bedtime (P < 0.05). Compared with the lowest noise exposure, exposure to the highest noise level was positively associated with the presence of poor sleep quality for L<sub>24</sub>, L<sub>d</sub> and L<sub>n</sub>, with an odds ratio (OR) and 95 % confidential interval (CI) of 1.53 (1.04-2.24), 1.65 (1.12-2.43), and 1.51 (1.03-2.21), respectively. Exposure to elevated noise level was associated with increased risk of shorter nocturnal sleep duration (< 7 h), the OR and 95 % CI was 1.87 (1.29-2.73) for L<sub>24</sub>, 1.58 (1.09-2.30) for L<sub>d</sub>, 1.50 (1.03-2.18) for L<sub>e</sub>, and 1.60 (1.10-2.32) for L<sub>n</sub> in the highest noise exposure group. Similar findings were observed both on workdays and non-workdays, respectively. Furthermore, the results showed that each 10 dB(A) increment in L<sub>24</sub> and L<sub>n</sub> was associated with a probable 29 % and 27 % increase in poor sleep quality and a 24 % and 24 % reduction in sleep duration. This study demonstrates that environmental noise exposure was associated with poor sleep quality and shorter sleep duration, posing a significant public health issue in Hong Kong.",,,,10.1016/j.scitotenv.2024.177047,,,
rayyan-662066815,"Based -evidence, an intervention study to improve sleep quality in awake adult ICU patients: a prospective, single-blind, clustered controlled trial",2024,1,1,,,,,,Yanting Zhang and Yihua Yang and Chong Cheng and Gui Hua Hou and Xinbo Ding and Jing Ma,https://doi.org/10.1186/s13054-024-05161-1,,,,"BACKGROUND: Evidence-based guidelines advocate promoting sleep in intensive care unit (ICU) patients, yet many patients experience poor sleep quality. We sought to develop a collaborative evidence-based intervention with healthcare providers and assess whether evidence-based sleep interventions could improve sleep quality in awake adult ICU patients. METHODS: We conducted a prospective, nonrandomized cluster control trial in two intensive care units (ICUs) at a tertiary general teaching hospital in China. Patients aged 18 years or older who stayed in the ICU for one night or more and were conscious were eligible for enrollment. We only blinded the patients, not the outcome assessors. On the basis of evidence-based practice and clinical reality, we developed intervention measures for the intervention group, which mainly included four aspects: reducing environmental noise in the ICU, adjusting nursing actions, modifying nighttime lighting, and other measures. The assessment tools used were wearable actigraphy sleep monitoring devices and the Richards-Campbell Sleep Questionnaire (RCSQ). The primary outcomes were patient sleep quality, including total sleep time, deep sleep time, light sleep time, rapid eye movement (REM) time, number of awakenings, overall sleep score, and patients' self-assessment of their sleep quality that night. The data collected were analyzed via SPSS and Mplus statistical software for between-group analysis, pre-post comparison, profile analysis, and calculation of the intervention effect size. RESULTS: From September 1, 2023, to January 31, 2024, 713 patients underwent eligibility assessment, and ultimately 246 patients were included in the analysis, with 125 in the intervention group and 121 in the control group. Comparative analysis revealed no statistically significant differences in sleep quality between the two groups when the duration in the ICU = 1 night (P > 0.05), with a small intervention effect size. However, the intervention group had higher sleep quality scores (sleep monitoring wristband: 57.74 ± 22.55 > 57.72 ± 19.39; RCSQ questionnaire: 60.58 ± 22.14 > 57.61 ± 24.4) and total sleep time (440.42 ± 262.11 > 420.31 ± 236.89), a lower awakening frequency (3.98 ± 2.69 < 6.09 ± 4.66) and a lower awakening frequency (3.976 ± 2.693 < 6.09 ± 4.664) than did the control group. The sleep quality of patients who stayed in the ICU for > 1 night significantly improved in all the parameters except rapid eye movement time (min) according to the pre-post-test analyses (P < 0.05), with a medium to large intervention effect size and favorable intervention effects. CONCLUSION: Evidence-based interventions significantly improve sleep quality in ICU patients hospitalized for more than one day. However, our results do not support the improvement of sleep quality in patients admitted to the ICU for one day. CLINICAL TRIAL REGISTRATION: ChiCTR2300075763, Registered 14 September 2023-Retrospectively registered, https://www.chictr.org.cn/bin/userProject.",,,,10.1186/s13054-024-05161-1,,,
rayyan-662066816,Effectiveness of sound and darkness interventions for critically ill patients' sleep quality: A systematic review and component network meta‐analysis,2023,1,1,,,,,,Chiu‐Shu Fang and Yu‐Kang Tu and Shih‐Lun Chang and Chia‐Chi Kuo and Ching‐Ju Fang and Fan‐Hao Chou,https://doi.org/10.1111/nicc.12883,,,,"BACKGROUND: Noise and lighting are prime factors of poor sleep quality in critically ill patients, which impair recovery and increase the risk of delirium or complications. AIM: To identify and rank the effectiveness of sound and darkness interventions on the sleep quality of critically ill patients. STUDY DESIGN: This systematic review and component network meta-analysis was based on the Preferred Reporting Items for Systematic Reviews incorporating the Network Meta-Analyses (PRISMA-NMA) Statement. The Embase, MEDLINE, Cochrane CENTRAL, CINAHL, Airiti Library, and Google Scholar databases were searched from inception to August 10, 2021, for randomized controlled trials (RCTs) on sound and darkness interventions targeting critically ill patients' sleep quality. We applied standard and component NMA to determine the effects of interventions. The certainty of evidence was evaluated using the Cochrane risk-of-bias tool (V.2.0) and the online Confidence in Network Meta-Analysis (CINeMA) application. RESULTS: Twenty-four RCTs with 1507 participants who used combined interventions constituting seven competing interventions were included in the standard NMA. The combination of earplugs, eye masks, and music; eye masks alone; earplugs combined with eye masks; and music alone had beneficial intervention effects. The combination of earplugs, eye masks, and music was the best intervention, and these components had no interaction effect. An eye mask had the best relative effect, followed by music, quiet time, and earplugs. CONCLUSIONS: This study provides clinical evidence of the effectiveness of using eye masks, music, and earplugs to improve sleep quality in critically ill patients. We also recommend future research using bedtime music, nocturnal eye masks, and quiet time, which had the best relative effects on sleep quality. RELEVANCE TO CLINICAL PRACTICE: This study provides recommendations for interventions that nurses can use to improve critically ill patients' sleep quality.",,,,10.1111/nicc.12883,,,
rayyan-662066817,A narrative review of environmental noise and cardiovascular health: From molecular mechanisms to public health impact,2025,1,1,,,,,,Rahul Garg,https://doi.org/10.4103/ed.ed_22_24,,,,"Abstract Urban environments of the 21 st century present unprecedented challenges to human health, with environmental noise emerging as a critical determinant of cardiovascular well-being. This integrative analysis synthesizes contemporary understanding of noise-induced cardiovascular effects, incorporating insights from molecular biology, clinical research, and epidemiological investigations. The physiological response to noise encompasses both rapid adaptations and sustained modifications, including autonomic nervous system modulation, stress hormone cascades, and altered inflammatory pathways. Large-scale population studies demonstrate robust associations between chronic noise exposure and cardiovascular conditions, with particular emphasis on hypertension and coronary artery disease. The disruption of sleep architecture emerges as a central mechanism linking environmental noise to cardiovascular dysfunction. Vulnerability to these effects varies across populations, influenced by genetic, demographic, and preexisting health factors. Evidence supports a graded relationship between noise intensity and cardiovascular risk, suggesting a lack of safe threshold. These findings carry profound implications for urban planning and public health policy, highlighting the urgent need for innovative noise reduction strategies in modern living spaces.",,,,10.4103/ed.ed_22_24,,,
rayyan-662066818,Dark nighttime interventions and sleep quality in intensive care unit patients: A systematic review and meta‐analysis,2022,1,1,,,,,,Karina Thalita da Silva Higa and Fernanda Aparecida Ferraro Böhme and Simone Paschoa and Ana Cláudia Rodrigues Conte and Vinícius Batista Santos and Ariane Ferreira Machado Avelar,https://doi.org/10.1111/nicc.12827,,,,"Abstract Background Sleep disturbances resulting from adverse clinical and environmental conditions are associated with unfavourable outcomes in critically ill patients. Aim To collect evidence on the effect of dark nighttime interventions on sleep quality and daytime sleepiness in intensive care unit (ICU) patients. Study Design The study followed the Preferred Reporting Items for Systematic reviews and Meta‐Analyses recommendations. This is a systematic review and meta‐analysis of experimental and quasi‐experimental studies, developed with adult patients admitted to ICUs and submitted to measures such as environmental brightness reduction, eye mask or blue light‐blocking glass use at night. Outcomes were subjective or objective sleep quality and excessive daytime sleepiness. Search was carried out in the PubMed/MEDLINE, Cochrane Library, Embase, Virtual Health Library, Cumulative Index to Nursing and Allied Health Literature, Web of Science, and Scopus databases, using grey literature. Covidence software, Cochrane tools and Grading of Recommendations Assessment, Development and Evaluation were used, and a meta‐analysis was performed using RevMan software. Results Thirteen articles were included in the systematic review and seven studies were included in the meta‐analysis. There were 3 trials with 175 participants regarding lighting reduction and environmental noise control versus the usual routine, 2 of these trials, with 96 patients, were compiled in meta‐analysis in which it was observed a significant statistical improvement in subjective sleep quality, mean difference (MD) of 11.89 points (0–100); 95% confidence interval (CI) 8.0–15.76, evidence set with moderate certainty, as well as this same intervention, reduced daytime sleepiness in 2 trials, 135 participants (standardized MD −0.63; 95% CI −0.98 to −0.28), with low certainty evidence. Eye masks versus usual routine, 2 trials, 126 participants, improved subjective sleep quality (MD of 10 points; 95% CI 7.97–12.03), with moderate certainty of evidence. Eye mask use combined with other therapies versus usual routine, 5 trials, 204 participants, improved subjective sleep quality in all studies, with low certainty of evidence. Objective sleep assessment was not improved with these interventions. Conclusions This review shows some benefits of nighttime interventions on subjective sleep quality and excessive sleepiness, however, there is an urgent need to conduct better and more robust studies in this field. Relevance to Clinical Practice applying measures such as lighting reduction and eye mask use significantly improves sleep quality.",,,,10.1111/nicc.12827,,,
rayyan-662066819,Acute Exposure to Simulated Nocturnal Train Noise Leads to Impaired Sleep Quality and Endothelial Dysfunction in Young Healthy Men and Women: A Sex-Specific Analysis,2022,1,1,,,,,,Omar Hahad and Johannes Herzog and Martin Röösli and Frank P. Schmidt and Andreas Daiber and Thomas Münzel,https://doi.org/10.3390/ijerph192113844,,,,"A series of human field studies demonstrated that simulated nocturnal traffic noise exposure impaired sleep quality and endothelial function, which could be significantly improved after intake of vitamin C in case of endothelial function. However, it remains unclear whether these changes follow a sex-specific pattern. Thus, we aimed to analyze the effect of simulated nocturnal train noise exposure on sleep quality, endothelial function and its associated changes after vitamin C intake, and other hemodynamic and biochemical parameters in young healthy men and women. We used data from a randomized crossover study, wherein 70 healthy volunteers (50% women) were each exposed to one control pattern (regular background noise) and two different train noise scenarios (30 or 60 train noise events per night, with average sound pressure levels of 52 and 54 dB(A), respectively, and peak sound level of 73–75 dB(A)) in their homes for three nights. After each night, participants visited the study center for the measurement of endothelial function as well as other hemodynamic and biochemical parameters. Sleep quality measured via self-report was significantly impaired after noise 30 and noise 60 nights in both men and women (p &lt; 0.001 vs. control). Likewise, endothelial function measured by flow-mediated dilation (FMD) was significantly impaired after noise 30 and noise 60 nights in both men and women (p &lt; 0.001 vs. control). While in women, vitamin C intake significantly improved FMD after both noise 30 and noise 60 study nights compared to control nights, no significant changes were observed in men. Exposure to simulated nocturnal train noise impairs sleep quality and endothelial function in both men and women, whereas a significant improvement of endothelial function after noise exposure and vitamin C intake could only be observed in women. These findings suggest for the first time that in men other mechanisms such as oxidative stress causing endothelial dysfunction may come into play.",,,,10.3390/ijerph192113844,,,
rayyan-662066820,Environmental Factors Affecting Sleep Quality in Intensive Care Unit Patients in Southern Morocco: An Assessment Study,2025,1,1,,,,,,Abdelmajid Lkoul and Keltouma Oumbarek and Youssef Bouchriti and A. Jniene and Tarek Dendane,https://doi.org/10.3390/arm93030014,,,,"Introduction: Sleep disturbances are a common and often underestimated complication during intensive care unit (ICU) stays. These disturbances can significantly impact patients’ recovery and overall well-being. This study aimed to assess the sleep quality of ICU patients and investigate the environmental and clinical factors that affect sleep quality during their ICU stay. Methods: We conducted a six-month cross-sectional study involving patients who had stayed in the ICU for at least three nights and were oriented to time and place upon discharge. Sleep quality was assessed using the Arabic version of the Freedman Sleep Questionnaire. Both environmental factors (e.g., noise, light, and nursing interventions) and clinical variables (illness severity and pain) were examined. The differences across three time periods were analyzed using the Wilcoxon test and Spearman’s correlation. Multiple regression analysis identified the factors influencing sleep quality. Statistical analyses were performed using JAMOVI software (version 2.3.28). Results: The study enrolled 328 patients, with an average age of 49.74 ± 17.89 years. Of the participants, 75.3% were adults. The primary reasons for admission were circulatory distress (45.73%) and metabolic disorders (24.09%). Sleep quality was significantly lower in the ICU compared to patients’ sleep at home (Z = −14.870, p &lt; 0.001). The EVA and APACHE II scores had a statistically significant effect on sleep quality (p &lt; 0.001 and p = 0.015, respectively). In contrast, the Charlson and Quick SOFA scores did not show significant effects (p = 0.128 and p = 0.894). Environmental factors, including noise (p = 0.008), light (p = 0.009), and nursing interventions (p = 0.009), significantly impacted sleep quality. Conclusions: Patients in the ICU generally reported poor sleep quality. Our findings suggest that improving pain management, minimizing environmental noise, and reducing staff-related disturbances could significantly enhance sleep quality for patients in the intensive care unit (ICU).",,,,10.3390/arm93030014,,,
rayyan-662066821,Intersecting impacts: urban noise pollution on sleep quality and mental health outcomes,2024,1,1,,,,,,Pooja Ganatra,https://doi.org/10.3397/in_2024_4315,,,,"This study probes the intricate dynamics between urban noise pollution, sleep quality, and mental health, centering on Generation Z-those in their formative years and early adulthood. It aims to illuminate the particular impacts of environmental noise on the well-being of these younger urban dwellers. Through a multidisciplinary lens, the research assesses how persistent urban noise exposure perturbs sleep-a critical factor in psychological health-and fosters stress, anxiety, and depression in this demographic. By integrating objective acoustical measurements with Gen Z's subjective health reports, the methodology quantifies urban noise's influence on sleep and its ripple effects on mental health. Additionally, it evaluates noise mitigation strategies like soundproofing and urban greenery, for their potential to mitigate these adverse outcomes. Mapping the nexus between environmental noise, sleep disturbance, and mental health concerns among Generation Z, the study seeks to enrich understanding and guide interventions for improved urban habitats, better sleep, and enhanced mental well-being, addressing a significant public health issue.",,,,10.3397/in_2024_4315,,,
rayyan-662066822,Analysis of influencing factors of sleep quality in severe trauma patients without continuous sedation,2026,1,1,,,,,,Yue Jin and Shuya Wang,https://doi.org/10.3389/fmed.2025.1707861,,,,"Aim: Sleep disorders are very common and serious among trauma patients, particularly in those with severe trauma, and have a negative impact on patients' physiological functioning. This study aimed to explore the status and influencing factors of sleep quality in severe trauma patients receiving non-continuous sedation. Methods: The prospective observational study was conducted in our hospital. A total of 139 patients receiving non-continuous sedation for severe trauma were selected as the research objectives. Objective: Sleep quality was continuously monitored for seven consecutive nights using the Fitbit Charge 2 to measure total sleep time (TST), while subjective sleep quality was assessed each morning using the Richards-Campbell Sleep Questionnaire (RCSQ). Demographical, clinical, environmental, and psychosocial variables were collected concurrently. Univariate and multiple linear regression analyses were performed to identify the predictors of sleep quality at different time points. Results: The average nighttime TST among the participants was 299.76 ± 85.22 min, and the mean RCSQ score was 51.38 ± 13.67, indicating generally poor sleep quality. Both objective and subjective sleep measures were poorest on day 1 and showed gradual improvement through day 7. Multivariate regression analyses identified several major predictors of reduced sleep quality, including pain intensity, thirst severity, environmental noise and light levels, ward temperature, pre-admission sleep status, trauma site (limbs), anxiety level, duration of visits, use of sleep aids, and the frequency of night-time non-invasive procedures. Conclusion: Severe trauma patients without continuous sedation experience markedly impaired sleep during the early post-injury period, with gradual improvement over time but persistent effects from multiple clinical, environmental, and psychological factors. The findings highlight several modifiable determinants-such as pain control, environmental management, and reduced nighttime procedures-that may serve as key targets for clinical sleep-promoting interventions in trauma care.",,,,10.3389/fmed.2025.1707861,,,
rayyan-662066823,Factors associated with sleep deprivation and their impact on academic performance of hostelites of twin cities of Pakistan,2020,1,1,,,,,,Rimsha Rana and Misbah Ghous and Javeria Nawaz and Aneesa Ali and Maria Kanwal and Irum Yaqoob,https://doi.org/10.5455/jpma.16468,,,,"OBJECTIVE: To determine the factors associated with sleep deprivation and their impact on academic performance of students living in a hostel setting. METHODS: It was a correlational study conducted from January to June, 2018 in Rawalpindi and Islamabad, Pakistan, and comprised university students of either sex aged 18-25 years who were studying at different universities of the twin cities. A semi-structured questionnaire was used along with Pittsburgh Sleep Quality Index to collect data which was analysed using SPSS 21. RESULTS: Of the 850 students, 450(50%) each were males and females. The overall mean age was 21.10±1.84 years. There was academic stress in 672(79%) students which disturbed the normal sleep cycle. Other factors affecting students; sleep were financial issues 632(74%), uncomfortable bed mattresses 671(79%), environmental noise 468 (53%), poor ventilation 666 (78%), hostel near commercial places 233(27%), and the habit of playing mobile games 545(65%). Female students had more sleep problems than males (p<0.05). Bivariate correlation showed no association of these factors and cumulative grade point average (p>0.05). CONCLUSION: The most common factors found to be influencing hostelites' sleep were stress, financial issues, uncomfortable mattresses, environmental noise and playing games on mobile before sleep. Disturbed sleep did not affect academic performance.",,,,10.5455/jpma.16468,,,
rayyan-662066824,Impact of nocturnal road traffic noise and annoyance on self-reported insomnia symptoms: policy intervention in noise-polluted environments,2025,1,1,,,,,,Muzzamil Yaseen Peer and Mohammad Shafi Mir and Bijayananda Mohanty,https://doi.org/10.1007/s10661-025-13646-x,,,,"Chronic exposure to traffic noise is associated with increased stress and sleep disruptions. Research on the health consequences of environmental noise, specifically traffic noise, has primarily been conducted in high-income countries (HICs), which have guided the development of noise regulations. The relevance of these findings to policy frameworks in low- and middle-income countries (LMICs) remains uncertain. To investigate the relationship between road traffic noise exposure and annoyance on insomnia symptoms, a questionnaire survey was administered to 5408 randomly selected participants residing in Srinagar, India. Sleep quality was assessed using a standardized sleep disturbance score, along with self-reported annoyance levels related to road traffic noise at the participants' residences. Nighttime road traffic noise was modeled using Sound PLAN 8.2 software to generate noise contour maps, enabling the spatial evaluation of noise levels along roadways near residential areas. A total of 79.3% of the 5408 respondents were exposed to noise levels exceeding 45 L<sub>night</sub> dB(A). Statistically significant associations were observed between traffic noise exposure and all insomnia symptoms, with difficulty falling asleep showing the strongest association (OR = 1.53; 95% CI = 1.12-2.09) within the study sample. Compared to males, females exhibited higher insomnia symptoms (OR = 1.68; 95% CI = 1.35-2.08). The results indicated that insomnia was strongly correlated with an increased odds of traffic noise annoyance (OR = 2.39; 95% CI = 1.73-3.76) (p = 0.029). Finally, this study advocates for a robust regulatory framework to incorporate noise pollution mitigation strategies into the public health action plans of developing nations.",,,,10.1007/s10661-025-13646-x,,,
rayyan-662066825,Effect of Ward Noise Management Combined with Meditation Training on Stroke Rehabilitation Patients,2024,1,1,,,,,,Xiujuan Zhang and Xiaofang Wang and Ting Liu and Hongwei Ha and Jianxiu Dong and Suhui Ma,https://doi.org/10.4103/nah.nah_128_23,,,,"OBJECTIVE: To study the value of ward noise management combined with meditation training in stroke rehabilitation patients. METHODS: According to the retrospective analysis method, 150 stroke patients hospitalized in the rehabilitation center of a Tangshan Workers' Hospital from July 2020 to December 2023 were selected as study objects. They were divided into three groups, namely the control group (routine rehabilitation care, n = 50), observation group A (meditation training, n = 50), and observation group B (meditation training and ward noise management, n = 50) according to whether they received ward noise management and meditation training. The general demographic data, Fatigue Severity Scale (FSS), Pittsburgh Sleep Quality Index (PSQI), and the Short Form 36 (SF-36) were collected. Chi-square test and analysis of variance were used to analyse the data. RESULTS: The baseline data of the patients in each group were not statistically significant (P > 0.05). Before treatment, no difference in the FSS, PSQI, SF-36 scores and environmental noise level between the groups (P > 0.05) was observed. After management, the scores of SF-36 in observation group B were higher than those in the control group and observation group A (P < 0.05) except for somatic pain. Other indicators in observation group B were lower than those in the control and observation group A (P < 0.001). CONCLUSIONS: Ward noise management and meditation training can effectively reduce patients' fatigue, significantly reducing ambient noise levels, promoting the improvement of life quality, and improving sleep quality.",,,,10.4103/nah.nah_128_23,,,
rayyan-662066826,Pink noise reduces impact of traffic noise on sleep and the blood metabolome: a cross-over pilot study,2026,1,1,,,,,,Natalia Vincens and Anna Nause and Mathias Basner and Sofie Fredriksson and Daniel Malmodin and Anders Bay Nord and Kerstin Persson Waye and Magdy Younes and Ding Zou and Michael G. Smith,https://doi.org/10.1038/s43856-026-01380-5,,,,"Abstract Background Epidemiological studies show associations between chronic noise exposure and disease, but the biological pathways remain poorly understood. In this explorative pilot study, we investigate the mechanisms that may link sleep disruption by environmental noise with disease, and the efficacy of a non-pharmacological intervention to mitigate these effects. Methods We conducted a cross-over trial (ClinicalTrials.gov: NCT05319262; 2022-03-09) where N = 12 healthy individuals slept for five consecutive nights in acoustically isolated bedrooms. Nights included one familiarisation night; one quiet baseline night; one night with road, rail and air traffic noise of levels 45-65 dB L AS,max ; one night with continuous 45 dB broadband pink noise; and one night with both traffic noise and pink noise. Sleep was measured with polysomnography. Perceived sleep quality and recouperation were measured with morning questionnaires. Daily blood samples were collected for metabolomics analysis. Results Here we show that discrete traffic noise events induced acute elevations of the odds ratio product, indicating acute sleep fragmentation, even while total sleep time and overall sleep macrostructure were preserved. Traffic noise is further associated with significant elevations in concentrations of leucine, lactic acid, and acetone relative to quiet control. Sleep and metabolic disturbances by traffic noise are attenuated when pink noise is played continuously throughout the night. Conclusions Noise-induced sleep fragmentation is followed by changes in metabolic processes that in the long-term may be precursors for cardiometabolic disorders. Masking of traffic noise by continuous, neutral sound may mitigate acute physiological sleep disturbance and downstream metabolic effects. These results should be interpreted cautiously, given the limited sample size and subject homogeneity.",,,,10.1038/s43856-026-01380-5,,,
rayyan-662066827,0168 Effect of Environmental Noise on Sleep Architecture Among Black Adults,2024,1,1,,,,,,Matthew Coppello and Clarence Locklear and Bruno Oliveira and April Rogers and Azizi Seixas and Girardin Jean‐Louis,https://doi.org/10.1093/sleep/zsae067.0168,,,,"Abstract Introduction Sound is among the plethora of external stimuli impacting sleep. Previous research shows that noises above 45 dB disrupts normal human sleep architecture. High noise results in an increased duration of light sleep stages (NREM 1 and NREM 2) and a decrease in deeper stages (NREM 3 and REM). However, these findings are from studies that assessed the acute impact of noise on sleep. Additionally, the populations used in these studies were not racially diverse. Researching sleep in these populations is vital as sleep health disparities are prevalent in minoritized racial/ethnic groups in the United States. The objective of this study is to identify how long-term exposure to environmental noise at the neighborhood level alters sleep structure in Black adults. Methods Black adults (N = 101, 71.3% female, aged 37.9±13.2 years) were observed for a total of 573 night's sleep. Sleep parameters were gathered using the SleepImage® ring. This device divides sleep into three categories based on cardiopulmonary coupling: unstable sleep, stable sleep, and REM sleep. Unstable sleep is defined as including all of NREM 1 and parts of NREM 2, while stable sleep encompasses the rest of NREM 2 and all of NREM 3. Environmental noise was determined via HowLoud, a website which assigns a sound score to an address based on a combination of vehicle traffic, air transport, and other local factors. A linear regression was performed to examine how sound score impacts on sleep structure. Results Results of the regression analysis showed that sound score was significantly associated with percent unstable sleep in Black adults (F(1,99) = 4.67, p = 0.0332). This indicates that sound score is associated with a decreased percent unstable sleep (β1 = -0.463). Conclusion Greater levels of environmental noise are associated with an increased amount of unstable sleep among Blacks. These results suggest that quieter nights may lead to deeper and more restorative sleep. This is consistent with previous studies, supporting the notion that this biological mechanism is universally relevant. Finally, this study elucidates the detrimental effects of chronic noise pollution and highlights the importance of one's neighborhood on sleep health. Support (if any) NIH R01HL142066",,,,10.1093/sleep/zsae067.0168,,,
rayyan-662066828,Noise Exposure and Cardiovascular Health,2023,1,1,,,,,,Chayakrit Krittanawong and Yusuf Kamran Qadeer and Richard B. Hayes and Zhen Wang and Salim S. Virani and Marianne Zeller and Payam Dadvand and Carl J. Lavie,https://doi.org/10.1016/j.cpcardiol.2023.101938,,,,"Noise is considered an environmental stressor adversely affecting well-being and quality of life, inter-individual communications, and attention and cognitive function and inducing emotional responses, corresponding to noise annoyance. In addition, noise exposure is associated with nonauditory effects including worsening mental health, cognitive impairments, and adverse birth outcomes, sleep disorders, and increased annoyance. An accumulating body of evidence has indicated that traffic noise is also associated with CVD, through multiple pathways. It has been shown that psychological stress and mental health disorders such as depression and anxiety have a negative impact on the development of cardiovascular diseases and outcomes. Likewise, reduced sleep quality and/or duration has been reported to increase sympathetic nervous system activity, which can predispose to conditions like hypertension and diabetes mellitus, known risk factors for CVD. Finally, there seems to be a disruption in the hypothalamic-pituitary-axis secondary to noise pollution that also results in an increased risk of CVD. The World Health Organization has estimated that the number of DALYs (disability-adjusted life-years) lost resulting from environmental noise in Western Europe ranges from 1 to 1.6 million, making noise the second major contributor to the burden of disease in Europe, only after air pollution. Thus, we sought to explore the relationship between noise pollution and risk of CVD.",,,,10.1016/j.cpcardiol.2023.101938,,,
rayyan-662066829,Impact and efficacy of sound machine on sleep in hospitalized adults: A systematic review,2025,1,1,,,,,,Kanika Khandelwal and Alecia Anyim and Sara Shu and Dana Gerberi and Mohammed Yousufuddin and Sandeep R. Pagali,https://doi.org/10.1016/j.sleepx.2025.100154,,,,"Background: Sleep in hospitalized adults is impaired due to several reasons. Non-pharmacological approaches should be attempted first before considering medications to treat insomnia. Environmental noise levels in the hospital are also a major culprit that might result in disturbed sleep. While limiting any disturbance or sound during sleeping hours is crucial, it might not be completely feasible in the acute care setting. Sound machines that deliver a masking noise such as white noise are reported to mask these environmental noises and promote sleep. We aim to analyze the efficacy and safety of sound machines on sleep efficiency in hospitalized adults. Methods: A systematic review of all published literature was conducted following Preferred Reporting Items for Systematic Reviews and Meta-Analysis (PRISMA) guidelines. We searched MEDLINE, Embase, Cochrane Cochrane Central Register of Controlled Trials, EBSCO CINAHL, Google scholar, APA PsycINFO, Web of Science, and Scopus from inception to August 13, 2024. All studies that reported sound machine-based interventions on sleep efficiency in hospitalized adults were included. Sleep efficiency and other sleep related outcomes as total sleep time, latency, awakenings, and total sleep score were noted. Cochrane Risk of Bias 2 for RCTs was used to evaluate study quality. This study was registered with PROSPERO (CRD42024595293). Results: = 496 participants) met the inclusion criteria and were included. Two studies were from USA, and India each, while one study was reported each from Iran, China, and South Korea. Six of the seven studies used white noise, while one study reported using Uncorrelated Signal and Ambient noise in Space Integration (USASI) masking noise. Two studies reported using Pittsburgh Sleep Quality Index (PSQI), and Richards Campbell Sleep Questionnaire (RCSQ) each to measure sleep outcomes. White noise was well tolerated with no major adverse effects reported, and only 8 participants discontinued the study due to discomfort or found it less acceptable. Collectively, these studies provide evidence of improved sleep efficiency with white noise use in hospitalized adults. Given the heterogeneity in the duration of white noise use, inclusion criteria, and the outcome measurement scales in this small sample of RCT studies, meta-analysis was not feasible. Conclusions: White-noise and other similar masking noises seem to improve sleep efficiency in hospitalized adults, with good tolerability. Only limited studies report the efficacy and demonstrate wide heterogeneity in the duration of masking noise use, varied inclusion criteria, and outcome measurement scales. Larger studies analyzing the hospitalized patient population type, across different units, to identify the best patient population who would benefit from these masking sounds are needed.",,,,10.1016/j.sleepx.2025.100154,,,
rayyan-662066830,Environmental noise effect on 11 year old children sleep quality: a DAG model,2022,1,1,,,,,,Ane Arregi and Nerea Lertxundi and Gonzalo García‐Baquero and Asier Anabitarte and Alba Jimeno-Romero and Óscar Vegas and Jesús Ibarluzea and Aitana Lertxundi,https://doi.org/10.1289/isee.2022.p-0416,,,,"Background/aim: Environmental noise is considered the second environmental risk factor in Europe. Most of the noise effects in the adult population are associated with sleep quality, but there is little evidence about how environmental noise can affect children´s health and sleep and literature is inconclusive. It is thought that noise effects in health derives from the same mechanism as in adults; noise exposure creates a stress response, stimulating endocrine system and autonomic nervous system. Therefore, the goals of the study are: the description of environmental noise exposition in 11-year-old children from a cohort from northern Spain and the creation of a DAG model to test the unbiased effect of noise exposition on children´s sleep quality Methods: Data from 377 children participating in the Gipuzkoa cohort from the INMA project in the 11 year follow-up phase was used. Environmental noise exposition at children´s home, and both subjective and objective sleep quality were measured. Other variables were also assessed. Analyse was based on DAG model, that allows to identify a minimal sufficient adjustment set of variables to test the unbiased direct and total effect of environmental noise on sleep quality. Results: Children are exposed in media an exposition of 53,7dB during the evening and 46,73dB during the night. 60% of children are exposed to a day-evening-night environmental noise exposure above 55dB Lden. Clear sociodemographic differences were not observed. A suitable causal model to explain the unbiased effect of environmental noise on sleep quality has been created. No evidence was found that environmental noise has a significant effect on any sleep outcome. Conclusions: Our study observed environmental noise exposition is very high. However, no effect on sleep quality was observed. For better understanding, further research is needed including a bigger sample and other sleep quality markers. Keywords: Environmental Noise, Sleep quality, stress",,,,10.1289/isee.2022.p-0416,,,
rayyan-662066831,The Impact of an Optimised Environmental Noise Management Protocol on Sleep Quality and Fatigue in Patients with Colorectal Cancer,2026,1,1,,,,,,Biqin Wu and Xiaorong Huang,https://doi.org/10.4103/nah.nah_156_25,,,,"OBJECTIVE: This study aimed to examine the effects of an optimised environmental noise management protocol on sleep quality and fatigue levels in patients with colorectal cancer. METHODS: A retrospective analysis was conducted. Patients admitted before the implementation of the optimised protocol (January 2023 to December 2023, receiving conventional noise management) were assigned to the conventional care group ( n = 63). Those admitted after implementation (January 2024 to December 2024, receiving optimised environmental noise management) were assigned to the optimised management group ( n = 64). A comparison was made between the two groups regarding noise decibel levels (daytime and nighttime), sleep quality (Pittsburgh Sleep Quality Index [PSQI]), fatigue (Cancer Fatigue Scale [CFS]) and comfort status (General Comfort Questionnaire [GCQ]). RESULTS: The optimised management group demonstrated significantly lower noise decibel levels during daytime and nighttime compared with the conventional care group ( P < 0.05). Significantly reduced scores were observed in all PSQI domains and the global PSQI score in the optimised management group ( P < 0.05). Similarly, scores across all domains of the CFS and its total score significantly decreased in this group ( P < 0.05). Conversely, scores for all domains of the GCQ and its total score were significantly elevated in the optimised management group ( P < 0.05). Pearson correlation analysis revealed a significant positive correlation between noise decibel levels and PSQI ( r > 0, P < 0.05) and CFS scores ( r > 0, P < 0.05). A significant negative correlation was observed between noise decibel levels and GCQ scores ( r < 0, P < 0.05). CONCLUSION: Implementing an optimised environmental noise management protocol can effectively reduce noise levels in patient care units, thereby improving sleep quality, reducing fatigue, and enhancing overall patient comfort during hospitalisation.",,,,10.4103/nah.nah_156_25,,,
rayyan-662066832,Impact of Hospital Environmental Noise on Sleep Quality and Rehabilitation Outcomes in Patients with Acute Leukaemia Receiving Chemotherapy,2026,1,1,,,,,,XiHui Zhou and YanQin Mao and Zhen Yao and Jing Li and Rong Xu,https://doi.org/10.4103/nah.nah_224_25,,,,"BACKGROUND: For patients with acute leukaemia receiving chemotherapy, hospital noise may affect sleep and hinder recovery. Understanding these effects and exploring mitigation strategies are crucial for enhancing patient rehabilitation. OBJECTIVE: This work aimed to evaluate the effects of hospital environmental noise on sleep quality and rehabilitation outcomes amongst patients with acute leukaemia undergoing chemotherapy, providing evidence for improvement in the ward environment. METHODS: A retrospective cohort study included 102 patients with acute leukaemia treated between January 2023 and March 2025. On the basis of the noise level of the environment, patients were divided into a high-noise group ( n = 52) and a low-noise group ( n = 50), receiving equivalent treatment. Primary outcomes were the Pittsburgh Sleep Quality Index (PSQI), Leeds Sleep Evaluation Questionnaire (LSEQ) and bone marrow puncture results. Secondary indicators included perceived noise sources, Difficulties in Emotion Regulation Scale (DERS), Insomnia Severity Index (ISI) and haematologic parameters. Statistical analysis was conducted using SPSS (version 25.0). Independent sample t -test or Wilcoxon rank sum test was used for continuous variables, and chi-square test or analysis of covariance (ANCOVA) was used for categorical variables. P < 0.05 was considered statistically significant. RESULTS: The 24-hour average noise levels of the high- and low-noise groups were 59.9 and 50.5 dBA, respectively. The high-noise group showed significantly higher PSQI, DERS and ISI scores and lower LSEQ scores ( P < 0.05). Four weeks after treatment, the high-noise group had higher blast + promyelocyte proportions, longer time to reach <5%, slower white blood cell/neutrophil/platelet count recovery and less C-reactive protein reduction ( P < 0.05). The main noise sources were caregivers/visitors and snoring. CONCLUSION: Hospital environmental noise significantly impairs sleep quality and delays bone marrow recovery in patients with acute leukaemia receiving chemotherapy, negatively affecting physiological rehabilitation and treatment efficacy.",,,,10.4103/nah.nah_224_25,,,
rayyan-662066833,Evaluation on the Effect of Ward-Noise Reduction Management Combined with Monitoring–Training–Planning Management Mode in Hospitalized Patients with Heart Failure,2024,1,1,,,,,,Yuan Xue and Bingqing Lu and Yong‐Ming He and Minxia Lu,https://doi.org/10.4103/nah.nah_80_23,,,,"BACKGROUND: Noise from medical institutions such as hospitals usually exceeds the level recommended by the World Health Organization. This study aimed to explore the application effect of ward-noise reduction management combined with monitoring-training-planning (MTP) management mode in hospitalized patients with heart failure. MATERIALS AND METHODS: Among the 168 research objects, 55 patients with heart failure receiving ward-noise reduction management combined with MTP management mode from April 2022 to March 2023 were included in group A, 52 patients with heart failure who underwent MTP management mode from March 2021 to March 2022 were selected as group B, and 61 patients who underwent routine management measures from March 2020 to February 2021 served as the control group. The vital signs, Self-rating Anxiety Scale (SAS) scores, Self-rating Depression Scale (SDS) scores, physical function indices, sleep quality score, and satisfaction degree of patients in the three groups were compared before and after management. RESULTS: After 1 month of management, group A had lower heart rate, diastolic blood pressure, systolic blood pressure, and respiratory rate compared to group B and the control group (P < 0.001). The SAS score, SDS score, and Pittsburgh Sleep Quality Index score after management in group A were lower than those in group B and the control group (P < 0.001). Group A had a higher 6-Minute Walk Distance than group B and the control group (P < 0.001). Group A had a higher satisfaction degree after management compared to group B (P < 0.01) and the control group (P < 0.001). Group A had lower noise level than group B and the control group (P < 0.001), and there was no significant difference in noise level between group B and the control group (P > 0.05). CONCLUSION: Ward-noise reduction management combined with MTP management mode can reduce the noise level in the ward and improve the psychological state and sleep quality of patients with heart failure.",,,,10.4103/nah.nah_80_23,,,
rayyan-662066834,Impact of Noise Reduction Management on Occupational Protection and Auditory Fatigue in Hospital Central Sterile Supply Department Staff,2026,1,1,,,,,,Ning Wei and Xia Yuan and Li Sun and Wen Bei,https://doi.org/10.4103/nah.nah_176_25,,,,"OBJECTIVE: This study aimed to evaluate the impact of noise reduction management on occupational protection, auditory fatigue and physical and mental well-being in central sterile supply department (CSSD) staff. METHODS: A retrospective analysis was performed on the clinical data of the same cohort of 40 staff members from the CSSD of Nanjing Chest Hospital, Affiliated Nanjing Brain Hospital, Nanjing Medical University, between May 2023 and June 2025. All subjects received conventional management for 12 months from May 2023 to May 2024, and the combined conventional and noise reduction management for 12 months from June 2024 to June 2025. Statistical analysis was performed using SPSS 23.0 software. The following parameters before and after noise reduction management were compared using paired t-tests: occupational protection status, auditory fatigue, quality of life (Generic Quality of Life Inventory-74 [GQOLI-74]), sleep quality (Pittsburgh Sleep Quality Index [PSQI]) and noise intensity levels. RESULTS: After the implementation of noise reduction management, the average and maximum noise exposure levels were significantly lower than those before management (P < 0.05). In addition, significant improvements were observed across the following five evaluated dimensions: noise protection awareness, implementation of noise protection measures, environmental noise optimisation, distribution and utilisation of noise protection equipment and noise supervision (all P < 0.05). Additionally, post-implementation PSQI scores were significantly lower and pure-tone hearing threshold recovery time was notably shorter than pre-implementation levels (P < 0.05). Furthermore, scores in all domains of the GQOLI-74, namely, physical function, social function, psychological function and material life, significantly increased after noise reduction management (P < 0.05). CONCLUSION: The implementation of systematic noise reduction management in the hospital CSSD was associated with reduced environmental noise levels and improved occupational protection among staff members. These measures may contribute to the alleviation of auditory fatigue and improvement in sleep quality and overall quality of life.",,,,10.4103/nah.nah_176_25,,,
rayyan-662066835,"<b>Environmental Noise Exposure and Its Impact on Sleep Quality and Blood Pressure: A GIS-Based Cross-Sectional Study in Dhaka, Bangladesh</b>",2026,1,1,,,,,,Ryadul Alam,https://doi.org/10.6084/m9.figshare.31866478.v1,,,,"Noise Annoyance, Sleep Quality &amp; Blood pressure",,,,10.6084/m9.figshare.31866478.v1,,,
rayyan-662066836,EEG power spectral responses to wind farm compared with road traffic noise during sleep: A laboratory study,2021,1,1,,,,,,Claire Dunbar and Peter Catcheside and Bastien Lechat and Kristy L. Hansen and Branko Zajamšek and Tessa Liebich and Duc Phuc Nguyen and Hannah Scott and Leon Lack and Felix Decup and Andrew Vakulin and Gorica Micic,https://doi.org/10.1111/jsr.13517,,,,"Wind turbine noise is dominated by low frequencies for which effects on sleep relative to more common environmental noise sources such as road traffic noise remain unknown. This study examined the effect of wind turbine noise compared with road traffic noise on sleep using quantitative electroencephalogram power spectral analysis. Twenty-three participants were exposed to 3-min samples of wind turbine noise and road traffic noise at three sound pressure levels (33, 38 and 43 dBA) in randomised order during established sleep. Acute (0-30 s) and more sustained (30-180 s) effects of noise presentations during N2 and N3 sleep were examined using spectral analysis of changes in electroencephalogram power frequency ranges across time in 5-s intervals. Both noise types produced time- and sound pressure level-dependent increases in electroencephalogram power, but with significant noise type by sound pressure level interactions in beta, alpha, theta and delta frequency bands (all p < 0.05). Wind turbine noise showed significantly lower delta, theta and beta activity immediately following noise onset compared with road traffic noise (all p < 0.05). However, alpha activity was higher for wind turbine noise played at lower sound pressure levels (33 dBA [p = 0.001] and 38 dBA [p = 0.003]) compared with traffic noise during N2 sleep. These findings support that spectral analyses show subtle effects of noise on sleep and that electroencephalogram changes following wind turbine noise and road traffic noise onset differ depending on sound pressure levels; however, these effects were mostly transient and had little impact on conventionally scored sleep. Further studies are needed to establish if electroencephalogram changes associated with modest environmental noise exposures have significant impacts on sleep quality and next-day functioning.",,,,10.1111/jsr.13517,,,
rayyan-662066837,Impact of Airport Environmental Noise on the Health and Performance of Ground Staff,2025,1,1,,,,,,Fatemeh Dastjani Farahani and Rasoul Asgari and Hakime Zamani-Badi and Ahmad Joghataei,https://doi.org/10.21203/rs.3.rs-7785814/v1,,,,"<title>Abstract</title> <p>Background Occupational noise in airport environments poses a significant health risk to ground staff, with potential impacts on both physical and psychological well-being. This study investigates noise exposure levels among airport personnel and assesses correlations between health symptoms and job performance. Methods A cross-sectional analytical study was conducted on 120 operational Tehran airport workers including ramp agents, maintenance staff, and cargo handlers. Noise levels were measured using professional dosimeters and sound level meters. Health impacts were assessed via validated questionnaires such as GHQ-28, PSQI, and Job Satisfaction Survey. Blood pressure and hearing evaluations were also performed. Data analysis was conducted using SPSS v26 with t-tests, correlation coefficients, and multivariate regression models. Results Noise levels exceeded 85 dBA in all major operational areas except ground control. Participants exposed to higher noise levels reported a significantly higher prevalence of headaches, poor sleep quality, and elevated systolic blood pressure. Additionally, job satisfaction scores were lower, and reported operational errors were significantly higher in high-exposure groups. Conclusion The study confirms that occupational noise in airport settings adversely affects worker health and performance. Comprehensive noise management strategies and preventive occupational health programs are crucial for protecting airport personnel.</p>",,,,10.21203/rs.3.rs-7785814/v1,,,
rayyan-662066838,P043 Subjective sleep quality and impact of noise in a hospital respiratory ward,2022,1,1,,,,,,M Gibney and Denise M. O’Driscoll and Rowan P. Ogeil and Alan Young,https://doi.org/10.1093/sleepadvances/zpac029.116,,,,"Abstract Background/Aim Sleep is a restorative process that is vital for maintaining health. Hospital inpatients are at risk of poor sleep, with noise frequently reported as a major disruptor of sleep. This study sought to identify specific sources of noise disrupting sleep in respiratory inpatients. Methods Cross-sectional data were collected from respiratory ward inpatients at time of discharge through medical record review and completion of a questionnaire exploring sleep quality and factors disrupting sleep. Results Data includes 24 participants to date – recruitment continues. The median age was 63 years, thirteen participants (54%) were male and 12 (50%) slept in a shared room. The median number of comorbidities was seven and the most frequent admission diagnosis was COPD (29%). Sixteen patients (67%) rated sleep quality as fair to very poor, and 16 patients (67%) reported poorer sleep compared to home. Noise (10 patients – 42%) and acute medical issues (10 patients – 42%) were most frequently reported as more than a little disruptive to sleep. Seven patients in shared rooms (58%) reported noise as more than a little disruptive to sleep, compared with four patients in single rooms (25%). Environmental noise (e.g. doors banging, overhead speakers) was the most frequently reported source of noise disrupting sleep (7 patients – 29%), followed by other patients (4 patients – 17%). Conclusion Most patients described their sleep in hospital as worse than at home. Noise and acute medical issues disrupted sleep most frequently, with environmental noise and other patients the most frequent noise sources.",,,,10.1093/sleepadvances/zpac029.116,,,
rayyan-662066839,The Impact of Sleep Quality on Clinical Outcomes in Hospitalized Children: A Systematic Review,2026,1,1,,,,,,M Supriyani Putri and Nani Nurhaeni and Astuti Astuti,https://doi.org/10.37287/ijghr.v8i4.2090,,,,"Sleep is an essential physiological need in children that plays an important role in physical growth, neurological development, and the recovery process during illness. Hospitalized children are at high risk of experiencing sleep quality disturbances due to environmental, clinical, and psychological factors. Sleep disturbances during hospitalization are known to be associated with various adverse clinical outcomes. To identify the relationship between sleep quality and clinical outcomes in hospitalized children based on the latest scientific evidence. This systematic review was conducted in accordance with the PRISMA guidelines. Literature searches were performed in PubMed, ScienceDirect, Scopus, and Wiley. “poor sleep quality” AND “hospitalized children” AND “length of stay.” Included studies were quantitative studies involving hospitalized children aged 0–18 years that reported the relationship between sleep disturbances and clinical outcomes. Study quality was assessed using the Joanna Briggs Institute (JBI) Critical Appraisal Checklist, and the findings were analyzed using narrative synthesis. A total of six studies years 2021-2026 met the inclusion criteria. All studies reported decreased sleep quality during hospitalization, characterized by reduced sleep duration, increased nighttime awakenings, and decreased sleep efficiency. Sleep disturbances were associated with slower recovery, increased psychological distress, and a potential increase in length of hospital stay. The main contributing factors include environmental noise, medical interventions, pain, and anxiety. Non-pharmacological interventions were found to be effective in improving sleep quality. Sleep quality disturbances are common and multifactorial problems among hospitalized children and have a significant impact on clinical outcomes. Optimizing sleep quality should be integrated into clinical practice through simple interventions and family-centered approaches.",,,,10.37287/ijghr.v8i4.2090,,,
rayyan-662066840,EVALUATION OF THE NOISE IMPACTS ON SLEEP QUALITY IN COMMUNITIES NEAR TO THE INTERNATIONAL AIRPORT EL DORADO IN COLOMBIA,2020,1,1,,,,,,Miguel A. De Luque-Villa and ANDRES CAMILO ACUÑA MENDEZ and JUAN DIEGO VIRGUEZ and MARIAJOSE RUBIO and CAMILA CANCHON TRIANA,https://doi.org/10.2495/sdp200321,,,,"The El Dorado International Airport is located in the city of Bogot and near the rural area in the city of Funza. This paper assesses the impact of environmental noise on the quality of life in communities as the result of airport activities. Environmental noise level measurements were carried at 62 monitoring points in the Fontibn District of Bogot and Funza's rural area; the results were used to create noise maps using Arc-GIS 10.5 to reveal the spatial patterns of noise exposure. The Pittsburgh sleep quality index was adapted to Colombia (PSQI-CV) in order to identify sleep disturbances in the communities. The sound pressure levels were compared to the Colombia regulation threshold in Resolution 627/2006. The results showed that, during the daytime, 60% of the study area complied with this regulation, while at night-time, only 18% complied. The PSQI showed that 87% of the population surveyed in the study area had sleep disturbances. It was concluded that the airport noise mitigation strategies are not effective; thus, the coordination of development between El Dorado Airport and surrounding communities for land use planning is urgently needed in order to reduce noise exposure of the population.",,,,10.2495/sdp200321,,,
rayyan-662066841,Abstract 4119595: Impact of Environmental Noise and Sleep Health on Pediatric Hypertension Incidence: The ABCD Study,2024,1,1,,,,,,Augusto César Ferreira de Moraes and Marcus Vinícius Nascimento‐Ferreira and Yaima Barrios San Martín and Deanna M. Hoelscher,https://doi.org/10.1161/circ.150.suppl_1.4119595,,,,"Background: Pediatric hypertension is linked to environmental factors like neighborhood noise disrupting sleep, which is crucial for health. The specific interaction between noise and sleep health in causing hypertension still needs to be explored. Research Question: How does the interaction between neighborhood environmental noise and sleep health affect the incidence of pediatric hypertension? Aims: To estimate the incidence of hypertension in American adolescents and to investigate the individual and joint effects of exposure to neighborhood environmental noise and sleep health on its incidence. Methods: Our analysis involved 3,320 individuals from the Adolescent Brain Cognitive Development (ABCD) study across 21 US cities, followed prospectively from 2018-2020 (T0) to 2020-2022 (T1). We included only those with complete data: Fitbit-tracked sleep, blood pressure, height, neighborhood noise, and relevant covariates (biological sex, ethnicity, pubertal stage, waist circumference). Hypertension was defined as average blood pressure at or above the 95th percentile for age, sex, and height, based on American Academy of Pediatrics guidelines. Sleep health was classified based on daily duration into three categories: healthy (9-12 hours), moderately healthy (1 hour below or above optimal), and low (more than 1-hour deviation). Neighborhood noise exposure was quantified using median anthropogenic noise levels at night, linked to participants’ zip codes. We estimated hypertension incidence and its relative risks (RR, 95% CI), examining the effect (individual and joint) of sleep health and environmental noise on hypertension risk. Results: At Time 1 (T1), the mean age was 13.9 years; 47.6% were girls, and 52.9% were White. Hypertension prevalence in 2018-2020 was 1.7% (CI95% 1.4; 2.1), and the incidence after two years was 2.9% (CI95% 2.4; 3.6). Night noise was 58.4 decibels, 29.9% healthy sleep time (T0); 20.3% healthy sleep time (T1). Adolescents with more favorable healthy sleep showed a lower risk of developing hypertension RR= 0.63 (CI 95% 0.25 to 0.82). We found no association between noisy neighborhoods and no joint effects (neighborhood noise + sleep health) with hypertension incidence. Conclusions: Adequate sleep is associated with a lower risk of hypertension in adolescents. However, no significant link was found between neighborhood noise and pediatric hypertension. This highlights the need for public health efforts to improve sleep quality in youth.",,,,10.1161/circ.150.suppl_1.4119595,,,
rayyan-662066842,Combined Annoyance Assessment of Ship Structural Vibration and Ambient Noise,2023,1,1,,,,,,Hongmin Liu and Xincheng Lin and Zhihao Gong and Jieyuan Shi,https://doi.org/10.3390/buildings13020363,,,,"Background: Noise and vibration are environmental pollutants that endanger people’s productivity and sleep quality in ships, but the coupled effect in ship cabins has not been studied. This study aimed to assess the coupled effect of noise and vibration in ship cabins and propose a comfortable range of noise and vibration. Methods: Three different accommodation cabins were chosen to measure noise and vibration levels and investigate their satisfaction. A revised model combining exponential membership functions was proposed to reveal the relationship between noise and vibration level and its response. The annoyance rate from greater to lesser was classified as A, B, C, D, and E. Results: All measurement levels were satisfied with the acceptance ranges of standards. While subjects felt high annoyance in the crew lounge, subjects in passenger and dining cabins felt slightly annoyed. Conclusions: By combining measurements and subjective investigations, the prediction performance of the revised annoyance model was verified. The noise level reached 57.5 dB(A), and the acoustic condition had a greater impact on subjective feelings than the vibration level. For grade E demands, the vibration level should be lower than 0.095 m/s2, and the noise level should be less than 54 dB(A).",,,,10.3390/buildings13020363,,,
rayyan-662066843,"Environmental noise exposure in schools in São Paulo, Brazil: potential noise sources and health impacts among teachers",2026,1,1,,,,,,Camila Quintiliano de Andrade and Natalia Vincens and Adelaide Cassia Nardocci and Clayton Henrique Rocha and M Roosli and Alessandra Giannella Samelli,https://doi.org/10.1038/s41598-026-45322-6,,,,"Noise is an important environmental and occupational health risk factor linked to sustainable development. Schools are key environments where teachers may face harmful noise exposure, yet data from low- and middle-income countries remain limited. This study assessed school noise levels and related health impacts among teachers in western São Paulo. Using a short-term repeated-measures design, daily noise measurements were conducted over one school week in seven schools, complemented by cross-sectional multilevel analyses of teacher-reported outcomes. Continuous environmental noise data were collected with calibrated Type-II sound level meters positioned at the most exposed facades, and 85 teachers completed validated questionnaires on noise sensitivity, annoyance, self-rated health, wellbeing, and sleep quality. Median weekday noise exposure reached 70.3 dB LAeq(7-19) and 94.2 dB LAFmax(7-19). Higher student density and nearby commercial activity were associated with increased noise levels. Teachers reported substantial annoyance from children's irrelevant conversations/screams (48%), road traffic (35%), and neighboring schools (31%), and more than 60% were highly noise-sensitive at work. A 10 dB increase in LAeq(7-19) was associated with 4.2 times higher odds of poor self-rated health (OR = 4.2, 95% CI: 1.3-14.0) and significantly higher noise sensitivity scores. Teacher's sleep quality and wellbeing also varied across schools with differing noise levels. Although exposure to noise in the school environment represents contextual environmental conditions and not an individual dose in indoor settings, the results suggest that teachers are exposed to environmental noise above recommended limits, with measurable health impacts. Both internal and external noise sources contribute to this burden. These results contribute to the limited evidence on environmental noise in schools in middle-income urban settings and support the inclusion of school acoustic environments within urban planning, building technologies and educational practices to create healthier acoustic environments, protecting teachers' wellbeing.",,,,10.1038/s41598-026-45322-6,,,
rayyan-662066844,Impact of Nocturnal Environmental Noise on Phosphorylated Protein Kinase C Epsilon Pathway and Warmth Acupuncture Efficacy in Patients with Migraine,2025,1,1,,,,,,Qiang Liu and XiaoGuang Qin and Chenglin Luo and Zhongting Zhao and Wangjun Xie and Xin Qin and Du Xiaozheng,https://doi.org/10.4103/nah.nah_148_25,,,,"BACKGROUND: Environmental noise exposure is a potential trigger, potentially exacerbating migraine through stress-related activation of phosphorylated protein kinase C epsilon (PKCε)-mediated nociceptive pathways. Warmth acupuncture therapy offers a potential complementary treatment. This study investigates the effect of nocturnal noise on PKCε markers and the efficacy of warmth acupuncture in patients with migraine. METHODS: A retrospective cohort study of 220 patients with migraine was conducted. The patients were divided into two groups based on nocturnal noise exposure: low noise [≤45 dB(A), n = 110] and high noise [>45 dB(A), n = 110]. Both groups received warmth acupuncture. Pain, sleep, anxiety, and biochemical markers (p-PKCε, phosphorylated cyclic adenosine monophosphate (cAMP) response element binding protein and phosphorylated signal transducer and activator of transcription 1) were evaluated before and after 1 month of therapy. Continuous variables were compared using independent t-tests, and categorical variables were compared using chi-square tests. Pearson's correlation analysis was used to assess relationships between noise levels and PKCε pathway markers. RESULTS: After 1 month, the low-noise group was associated with significantly more favorable distribution of migraine symptom severity, lower visual analog scale pain scores, better sleep quality, lower anxiety levels, and lower PKCε pathway marker expression than the high-noise group (P < 0.05 for all). Correlation analysis revealed that higher noise levels were significantly associated with increased PKCε pathway markers. CONCLUSION: Lower nocturnal noise levels were associated with greater treatment response to warmth acupuncture and reduced PKCε pathway activation, suggesting that environmental noise may play an important role in migraine pathophysiology.",,,,10.4103/nah.nah_148_25,,,
rayyan-662066845,The Mediating Role of Sleep in the Association Between Environmental Noise and Mental Health,2024,1,1,,,,,,Kaya Grocott and Adelle Mansour and Rebecca Bentley and Kate Mason,http://dx.doi.org/10.1101/2024.07.02.24309814,,,,"ABSTRACT Exposure to environmental noise in residential areas has been associated with adverse mental health outcomes; however, the mechanisms of this relationship remain underexplored. This study investigates the contribution of reduced sleep quality to the negative association between perceived neighbourhood environmental noise exposure and poor mental health. We used the Household Income and Labour Dynamics in Australia (HILDA) survey and applied causal mediation methods to examine the role of sleep in the association between self-reported exposure to road traffic noise and plane, train and industry (PTI) noise and mental wellbeing at three time points between 2012 and 2021. Road traffic noise was associated with poorer mental health in 2012-13 and 2016-17, while no evidence of an association was observed in 2020-2021 (the period of COVID-related lockdowns in Australia). For the years where a significant association was observed, mediation analyses suggest that reduced sleep quality accounts for 21% (in 2012-13; 95% CI: 7–35%) and 33% (in 2016-17; 95% CI: 26–64%) of the total effect of perceived traffic noise on mental health. Perceived PTI noise was associated with poorer mental health in 2016-2017 and 2020-2021, with mediation through sleep observed in 2016-2017 (proportion mediated 20% (95% CI:3–38%)). Mediation by sleep quality was stronger among people reporting exposure to multiple noise sources than among people reporting exposure to a single noise source. As much as a third of the association between road traffic noise and poor mental wellbeing may be due to poorer sleep quality following exposure to unwanted noise.",,,,10.1101/2024.07.02.24309814,,,
rayyan-662066846,Environmental Noise and Sleep Among Population Residing Near Railway Tracks,2025,1,1,,,,,,Mst Foyzunnahar and Md. Zahidul Islam and Abdullah Al Mamun and Nargis Hoque and Rounak Jahan Dola and Airin Akhter Anny and Fathema Tuz Zohra and Shahria Sattar,https://doi.org/10.3329/jopsom.v43i2.84196,,,,"Background: Environmental noise is one of the most important environmental hazards, which have detrimental effects on wellbeing &amp; overall quality of life of people. The aim of this study was to find out the relationship between environmental noise and sleep quality among the population residing in areas adjacent to the railway track. Methods: A cross-sectional study was conducted from January to December 2023 on 422 people living near railway tracks of Bogura city. Participants were selected using purposive sampling from four sites. Noise levels were measured with a calibrated smartphone app, and socio-demographic data and sleep quality (PSQI) were collected via face to face interviews and semi-structured questionnaires. Results: The Mean equivalent noise level was found to be 78.83 ± 09.26 dB, with significantly higher levels in blocks closer to the railway (89.83 dB) than those further away (71.55 dB). Poor sleep was more common near the tracks and among men, the elderly, illiterate individuals, farmers, service holders, and those living in their residences for seven years or less. Logistic regression showed, age and noise exposure were significantly linked to sleep quality; each additional year of age increased the likelihood of sleep problems by 1.032 times, and those living near the tracks were 7.4 times more likely to report sleep problems than those living further away. Conclusions: Environmental noise was found to be associated with poor sleep quality. Effective measures such as use of protective green belt, noise barriers, regular health and noise impact assessment and awareness program may lessen the ill effects. JOPSOM 2024; 43(2): 29-37",,,,10.3329/jopsom.v43i2.84196,,,
rayyan-662066847,Investigating Sleep Disturbance Due to Environmental Noise Pollution in Urban Bangladesh,2025,1,1,,,,,,Abul Bashar and Mohammad Abdul Gani,https://doi.org/10.70818/jnmc.v02i02.017,,,,"Background: Environmental noise pollution in urban Bangladesh has become a major public health concern, leading to sleep disturbances among urban populations. Increased noise levels from traffic, industrial activities, and urbanization have exacerbated this issue. Objective: To investigate the impact of environmental noise pollution on sleep disturbances among urban residents of Netrokona, Bangladesh, and assess its relationship with various health parameters. Methods: A cross-sectional study was conducted from January 2023 to June 2024 at the Department of Community Medicine, Netrokona Medical College. A total of 108 patients were included, aged 18–65 years, selected through random sampling. Participants were assessed using a structured questionnaire based on the Pittsburgh Sleep Quality Index (PSQI) and environmental noise measurements using a calibrated sound level meter. Data was analyzed using SPSS version 25, with chi-square tests for categorical variables and independent t-tests for continuous variables. Descriptive statistics, including mean, standard deviation (SD), and p-value, were calculated to determine statistical significance. Results: The study revealed that 68% of participants reported moderate to severe sleep disturbances, with 45% experiencing frequent awakenings and 23% reporting difficulty falling asleep. Noise exposure levels ranged from 60 to 85 dB, with a mean of 73.4 dB (SD=5.6). The sleep disturbance index was significantly higher (p&lt;0.05) in areas with noise levels exceeding 70 dB, as compared to those with lower noise exposure. A strong negative correlation (r=-0.72, p&lt;0.01) was found between sleep quality and noise exposure. Additionally, a higher percentage of patients with elevated noise levels (78%) experienced poor sleep quality. Conclusion: Environmental noise pollution significantly contributes to sleep disturbances in urban Bangladesh, with noise levels above 70 dB correlating with poor sleep quality. Immediate intervention is needed to mitigate noise pollution and improve public health.",,,,10.70818/jnmc.v02i02.017,,,
rayyan-662066848,"Impact of Ward Noise Management on Anxiety, Depression, and Sleep Quality in Hematological Patients After Hematopoietic Stem Cell Transplantation",2026,1,1,,,,,,Yinrong Niu and Junfeng Dong and YuChun Bai and YiYang Xu and Yao Chen,https://doi.org/10.4103/nah.nah_8_26,,,,"OBJECTIVE: This study aimed to investigate the effects of comprehensive ward noise management measures on anxiety, depression, and sleep quality in hematological patients after hematopoietic stem cell transplantation. METHODS: From October 2023 to October 2024, 130 hematopoietic stem cell transplant patients admitted to Shanghai Changzheng Hospital were divided into an observation group (65 cases) and a control group (65 cases) based on whether they received ward noise management. Measures for managing noise in patient wards include environmental noise reduction modifications, the establishment of quiet protocols, the optimization of treatment processes, and health education. Ward noise levels, Hamilton Anxiety Rating Scale (HAMA) and Hamilton Depression Rating Scale (HAMD) scores, Pittsburgh Sleep Quality Index (PSQI) scores, and polysomnography (PSG) parameters were compared between the two groups before and after treatment. Independent samples t-tests were used to compare differences across groups, while chi-square tests were applied to count data. Multiple comparisons were corrected using the Holm-Bonferroni method. RESULTS: After treatment, the daytime and nighttime ward noise levels in the observation group were significantly lower than those in the control group ( P < 0.05). The HAMA, HAMD, and PSQI scores in the observation group were all lower than those in the control group ( P < 0.05). PSG showed that the wake-after-sleep-onset time and sleep-onset latency in the observation group were significantly shorter than those in the control group after treatment, while the total sleep time was significantly longer ( P < 0.05). CONCLUSION: Patients who received noise management in our hospital wards experienced lower noise levels, reduced anxiety and depression, and improved both subjective and objective sleep quality.",,,,10.4103/nah.nah_8_26,,,
rayyan-662066849,Noise Reduction Protocol and its Impact on Sleep Quality and Delirium Among ICU Patients in A Tertiary Care Hospital in New Delhi,2026,1,1,,,,,,Himanshi Lakra and Ruchi Gupta and Raminder Kalra and Arshdeep S Chadha and Sumit Ray,https://doi.org/10.5005/jaypee-journals-10071-25142.102,,,,"INTRODUCTION: Noise in the Intensive Care Unit (ICU) is a major environmental concern affecting patient outcomes. ICUs frequently record excessive noise from alarms, equipment, staff activity, and procedures—often surpassing the WHO limits of 35 dB by day and 30 dB at night. Sustained exposure disrupts sleep and is closely linked to ICU delirium. Although global evidence emphasizes these risks, noise control practices remain limited in many Indian ICUs. This study examined whether implementing a structured noise-reduction protocol could lower sound levels, enhance sleep quality, and reduce delirium among ICU patients in a selected New Delhi hospital. OBJECTIVES: To determine the effectiveness of a structured noise reduction protocol in: reducing ICU noise levels, improving sleep quality, and decreasing the incidence of delirium among ICU patients. MATERIALS AND METHODS: A five-month prospective interventional study was conducted in three phases: a two-month pre-intervention observation, a one-month protocol implementation, and a two-month post-intervention assessment. Using purposive sampling, 109 adult ICU patients were enrolled (50 pre-intervention, 59 post-intervention). Environmental noise was recorded every 30 minutes and at eight key daily time points, including nurses’ handovers, visiting hours, quiet times, cleaning hours, doctors’ rounds, and nighttime. Sleep quality was measured using the Sleep Quality Score (SQS), and delirium was assessed with CAM-ICU. The noise-reduction protocol consisted of staff education, alarm optimization, behavioural cues, visual reminders, and minor layout modifications. RESULTS: there was a statistically significant reduction in mean environmental noise levels following protocol implementation (p < 0.05). However, the absolute noise reduction was minimal, ranging from 0.2 to 0.5 dB, reflecting the inherent structural limitations of ICU settings. Despite limited measurable reduction in decibel levels, patient-reported sleep quality improved significantly in the post-intervention phase. Moreover, the incidence of ICU delirium decreased substantially from 28% in the pre-intervention group to 11.9% post-intervention (p = 0.033), demonstrating a clinically meaningful impact. CONCLUSION: The structured noise reduction protocol led to improved sleep quality and a significant reduction in delirium incidence, despite only marginal changes in measured noise levels. Short-term interventions may not dramatically lower physical noise due to ICU operational demands; however, behavioural and organizational strategies can meaningfully enhance patient outcomes. Continued staff training, longitudinal implementation, and multicentric studies are recommended to strengthen evidence and promote noise control as a standard component of ICU care bundles.",,,,10.5005/jaypee-journals-10071-25142.102,,,
rayyan-662066850,Sleep Quality Assessment in Trauma Patients Requiring Intensive Care: A Prospective Observational Study,2026,1,1,,,,,,S. Manju Priya and Yudhyavir Singh and Kapil Dev Soni and Richa Aggarwal and Chhavi Sawhney and Babita Gupta,https://doi.org/10.7759/cureus.111889,,,,"Background Sleep is vital for healing, cognitive function, immunity regulation, hormonal balance, and waste clearance. Sleep deprivation is common among intensive care unit (ICU) patients, particularly those receiving mechanical ventilation. Fragmented sleep, pain, noise, and other factors adversely affect recovery and outcomes. Trauma patients often experience increased pain from their injuries. As most sleep studies have been conducted in general and surgical ICUs, but not in trauma patients, a sleep quality assessment study was planned for trauma patients requiring intensive care. The primary objective was to evaluate sleep quality in trauma patients admitted to the ICU. The secondary objectives were to assess sleep quality changes during ICU stay, identify factors affecting sleep, measure environmental noise levels, and determine the incidence of delirium. Methodology A single-center, prospective observational study was conducted at a level I trauma ICU of a tertiary care hospital involving 80 trauma patients from July 2022 to June 2024. Patients were assessed using the Richmond Agitation and Sedation Scale (RASS) to evaluate sedation and agitation levels. Those with a RASS score of -1 to +1 were screened for delirium using the Confusion Assessment Method (CAM-ICU). Delirium-free patients (CAM-ICU score of 0-2) were recruited, and their sleep quality was assessed using the Richards-Campbell Sleep Questionnaire (RCSQ) over three days. Poor sleep was defined as RCSQ <50, and the poor sleep and good sleep groups were analyzed. Data were expressed as mean ± SD or median (IQR) or percentage as appropriate. Sleep groups were compared using Student's t-test for normally distributed continuous variables, Mann-Whitney U test for non-parametric variables, and ANOVA test for repeated measures, while categorical data were compared using Fisher's exact test. Results The mean RCSQ score was 49.87± 5.35 on day one, and the overall mean RCSQ score of the study population was 49.57 ± 4.95, indicating generally poor sleep quality among trauma ICU patients. Poor sleep (RCSQ <50) was found in 52.5% of patients on the first day, 45% on the second day, and 43.75% on the third day. The mean RCSQ score was significantly lower in the poor sleep group (45.87 ± 2.60) compared with the good sleep group (54.29 ± 3.90) (p = 0.001). Overall, the mean age was 41.42 ± 17.04 years and was comparable between the groups, with a male predominance (82.5%, 66). Noise was the most common factor (n = 52), followed by pain (n = 37) and light (n = 18), which kept the patients awake. Mean noise level in the ICU over three days was 48.7 ± 2.04 dB, which was above the WHO recommendations. Delirium cumulative incidence was 20%, and overall mortality was 11.25%. This was not significant between the poor and good sleep groups, though higher mortality was reported in the poor sleep group. Conclusions Trauma patients requiring ICU care reported poor sleep quality, with only minimal improvement during their ICU stay. Noise was identified as the most significant sleep disruptor, followed by light exposure and pain. Noise levels in the ICU exceeded the recommended limits, with significantly higher noise levels reported during the daytime compared with nighttime. Sleep quality did not significantly influence mortality in trauma patients. Better sleep management is required with targeted interventions, though larger trials are needed to confirm its impact on clinical outcomes.",,,,10.7759/cureus.111889,,,
rayyan-662066851,Research Progress of Perioperative Sleep Disorders in Patients Undergoing Surgery,2025,1,1,,,,,,Chulei Ji and Na Liu,https://doi.org/10.11648/j.ajns.20251401.13,,,,"Perioperative sleep disturbances in surgical patients represent a significant yet often overlooked clinical issue that can profoundly impact postoperative recovery and overall outcomes. Perioperative sleep disorders are common complications in surgical patients, with an incidence rate of up to 50%, significantly impacting postoperative recovery and overall health. These disorders manifest as reduced sleep duration, sleep fragmentation, circadian rhythm disturbances, and pain, peaking in severity on the first postoperative day and persisting in some patients for up to 15 days. Sleep disorders not only increase the risk of postoperative cognitive dysfunction (POCD) but are also closely associated with postoperative fatigue, pain, and dysfunction in the cardiovascular and gastrointestinal systems. The mechanisms involve both physiological and psychological factors, such as surgical stress, inflammatory responses, anxiety, and pain. Assessment tools include the Pittsburgh Sleep Quality Index (PSQI) and polysomnography (PSG). Influencing factors encompass patient age, gender, psychological state, environmental noise and lighting, type of surgery, and anesthetic agents. Prevention and management strategies include psychological interventions, environmental optimization, postoperative analgesia, and pharmacological treatments (e.g., dexmedetomidine, propofol). This comprehensive review delves into the prevalence, underlying mechanisms, risk factors, and potential interventions for sleep disorders during the perioperative period. By synthesizing current evidence, this review underscores the need for heightened awareness and proactive management of perioperative sleep disturbances to enhance patient recovery and surgical outcomes. Future research directions are also discussed, aiming to reducing the risk of POCD and promoting rapid recovery in patients.",,,,10.11648/j.ajns.20251401.13,,,
rayyan-662066852,Associations of self-reported residential noise exposure with obesity and hypertension in children and adolescents,2022,1,1,,,,,,Xiaohua Liang and Xian Tang and Mingliang Liu and Xiaoyue Liang and Li Chen and Xia Chen and Lei Zuo and Yanling Ren and Guang Hao,https://doi.org/10.3389/fped.2022.902868,,,,"Background Epidemiologic evidence linking environmental noise to obesity and hypertension remains scarce, especially in children, and the results remain inconclusive. This study aims to examine the cross-sectional associations of self-reported residential noise exposure with obesity and hypertension in children and adolescents. Methods As an ongoing study, a representative sample of the children aged 6–9 years in Chongqing were selected in 2014. In 2019, self-reported residential noise (answer categories: “very quiet,” “moderately quiet,” “slightly quiet,” and “not at all quiet”) data were collected, and 3,412 participants with completed data were included in the analyses. Results Participants living in a quieter area had a significantly lower risk of obesity than those living in a noisy area (very quiet: OR = 0.50, 95%CI: 0.29–0.88, P = 0.015; moderately quiet: OR = 0.61, 95%CI: 0.36–1.02, P = 0.059). Similar associations were observed for abdominal obesity, although did not reach statistical significance. Consistently, residential noise exposure was significantly associated with body mass index (BMI) and waist-to-height ratio. Self-reported residential noise exposure was positively associated with systolic blood pressure (β = −1.808; 95%CI = −3.495, −0.110; P = 0.037). When sleep quality, study stress, BMI, and vegetable/fruits consumption were further adjusted, all effect estimates decreased, and no statistical association was observed between noise exposure and blood pressure. Furthermore, we found that the mediating effects of obesity on the associations of self-reported residential noise exposure with hypertension were 6.8% (% of total effect mediated = 0.068, 95%CI: −2.58, 3.99), although did not reach statistical significance. Conclusions Self-reported residential noise exposure was associated with a higher risk of obesity or abdominal obesity. Also, self-reported residential noise exposure was positively associated with hypertension, and obesity may partially mediate this association, but did not reach statistical significance.",,,,10.3389/fped.2022.902868,,,
rayyan-662066853,Hearing and Diet (Narrative Review),2023,1,1,,,,,,Seyede Faranak Emami,https://doi.org/10.1007/s12070-023-04238-7,,,,"It seems that food factors and the type of nutrition have an effect on the function of the auditory system. Hearing is one of the most important senses for social communication and high cognitive behaviors. Sensorineural hearing loss leaves adverse and permanent consequences in all aspects of personal and social life of affected patients. Hence, this narrative review study was designed to determine the relationship between sensorineural hearing loss and type of diet. Based on the inclusion criteria, the full text of 62 articles published between 2005 and 2023 were extracted from Scopus, Medline [PubMed], Web of Science, and Google Scholar websites and constituted the sources of this research. The results of the studies showed that by limiting the consumption of foods rich in cholesterol, sugar, carbohydrates, and protein, hearing is protected against the factors that cause sensorineural hearing loss. Also, increasing the consumption of vegetables, fruits, omega-3, antioxidants in the form of vitamins A, C, E reduce hearing susceptibility due to noise exposure, presbycusis, ototoxic agents, and etc. Healthy diet includes eating all the nutrients the body needs in a balanced way. Healthy lifestyle factors including continuous physical activity, good sleep quality, quitting smoking, stay away from stressful factors or relaxation, and avoiding exposure to environmental noise. By following healthy eating and lifestyle patterns, the conditions for hearing, physical and mental health are provided.",,,,10.1007/s12070-023-04238-7,,,
rayyan-662066854,Disturbed Sleep: Estimating Night-time Sound Annoyance at a Hospital Ward,2022,1,1,,,,,,Sara Lenzi and PerMagnus Lindborg and Na Han and Simone Spagnol and D.J. Kamphuis and Elif Özcan,http://dx.doi.org/10.61782/fa.2023.1140,,,,"Hospital soundscapes are often associated with unhealthy sound levels and an overall perception of chaos and annoyance. Over the past four decades, concerns about the harmful effects of environmental noise on hospital stakeholders (patients, families, and healthcare professionals) were repeatedly raised by the scientific community. In this paper, the authors report a study they have conducted on the analysis of the acoustic environment of a multi-patient room in the Neurology unit in a Dutch hospital. The study employed sound source annotations by listeners to focus on what we claim is the most important emotional descriptor, namely annoyance. More than 9,000 sound events and their perceived annoyance were identified in over 400 night-time audio recordings. Analysis revealed that while patient-generated sounds such as snoring dominate the night-time soundscape and are identified as highly annoying, personnel-generated sounds such as speech might have an even higher accumulated annoyance when the duration of individual sound events is taken into account. This finding indicates the possibility of designerly approaches to improving the hospital ward environment by focussing on interventions to increase awareness of the impact of specific sound events on patient's sleep quality, and support actions to mitigate negative effects.",,,,10.61782/fa.2023.1140,,,
rayyan-662066855,Impact of urban noise pollution on sleep disorders and neurological symptoms,2025,1,1,,,,,,Lasin Faizal and Anil Kumar Rama Krishnappa and Medha Chakraborty and Shanmukha Koppolu,https://doi.org/10.6026/973206300214080,,,,"Urban noise pollution is an emerging public health concern linked to sleep disturbances and neurological dysfunction. This cross- sectional study evaluated the association between environmental noise exposure and the prevalence of sleep and neurological symptoms among 125 urban residents aged 20-55. Noise levels, sleep quality and neurological complaints were assessed using sound meters, the Pittsburgh Sleep Quality Index (PSQI) and clinical interviews. Higher noise exposure correlated with poorer sleep quality and increased reports of headaches, dizziness and irritability. Individuals exposed to noise levels above 65 dB consistently exhibited greater symptom burden, high lighting the neurophysiological impact of chronic urban noise.",,,,10.6026/973206300214080,,,
rayyan-662066856,One Ring to Contain Them all: The Pivotal Role of the Built Environment in all Pillars of Lifestyle Medicine,2025,1,1,,,,,,Levi Frehlich and Jonathan P. Bonnet,https://doi.org/10.1177/15598276251329818,,,,"The built environment - defined as the human-made physical aspects of where people live, work, and play - has long influenced morbidity and mortality. While historical examples include environmental exposures such as climate extremes or access to clean water, modern urbanization presents distinct health challenges and opportunities. This article explores the built environment's role in shaping health through the lens of lifestyle medicine, encompassing six key pillars: nutrition, physical activity, stress management, sleep health, social connection, and avoidance of risky substances. Neighbourhood food environments affect dietary behaviours, with greater access to fast food linked to obesity and cardiovascular disease, while fresh food availability promotes healthier choices. Walkability and greenspace enhance physical activity, while urban design incorporating green- and blue-spaces supports stress management. Environmental noise and artificial light at night impact sleep quality, whereas community infrastructure fosters social connectedness. Lastly, the spatial distribution of alcohol and tobacco outlets influences substance use behaviours. Given the built environment's wide-ranging influence, designing neighbourhoods that naturally promote health could yield significant public health benefits. This perspective underscores the need for policy-driven urban planning that prioritizes health-supportive environments, making the healthy choice the default choice for populations.",,,,10.1177/15598276251329818,,,
rayyan-662066857,Acoustic characteristics of bedrooms in two types of long-term care facilities in China,2024,1,1,,,,,,Mingxuan Xie and Zhixiao Deng and Zhengnan Xiang,https://doi.org/10.1016/j.heliyon.2024.e27121,,,,"The aim of this study was to quantitatively determine the acoustic characteristics of bedrooms in two types of long-term care facilities in China. Objective acoustic conditions, including noise levels and reverberation times, were measured through a series of acoustic measurements in twelve bedrooms in two nursing homes and three adult care homes in Kunming city, China. The impacts of noise and sound preferences were evaluated through a questionnaire survey administered to residents and nursing staff. In terms of the sound field, the background noise levels in most measured bedrooms exceeded the WHO's recommended value (30 dBA) by approximately 10–15 dBA. Compared to those in adult care homes, the noise levels in nursing homes were approximately 5–7 dBA higher during the daytime and 2–3 dBA higher during the nighttime due to frequent nursing activities. Moreover, noise levels were 5–15 dBA higher in roadside bedrooms. The reverberation time of five bedrooms reached 0.8 s at low frequency (125 Hz) due to their large space and absence of sound-absorbing materials. The questionnaire showed that noise sources were mainly perceived as coming from corridors and out-of-windows by residents and nursing staff. Traffic noise, residents' yelling in pain (just in nursing homes) and footsteps were considered the most noticeable noises, which may have had negative effects on participants' sleep quality, health, and emotional state. Moreover, the residents in roadside bedrooms reported that noise had a greater impact on their sleep ( p < 0.01). Compared to artificial and mechanical sounds, participants preferred nature sounds, such as streams and birds, which were significantly ( p < 0.01) positively correlated with age.",,,,10.1016/j.heliyon.2024.e27121,,,
rayyan-662066858,Ecological and Demographic Influences on the Prevalence of Sleep Disorders and Their Impact on Cognitive Decline,2025,1,1,,,,,,Muddsar Hameed and Zainab Salahuddin and Ismat Ullah Abid and Haniya Ihsan and Umair M. Nasir and Aleena Safdar Bukhari and Abdulrahman AlQaderi and Mehroz Zameer Khan and Dalia Emara and Bilge Bahar and Abdullah Salem Alsharif and Sumaiya Zaman and Aysha Rashed Al-Suwaidi,https://doi.org/10.7759/cureus.80162,,,,"Introduction: Sleep disorders are increasingly recognized as significant public health concerns, influencing cognitive function and overall well-being. While previous studies have established a connection between sleep disturbances and cognitive decline, little is known about the impact of ecological factors such as noise pollution, air quality, and temperature on sleep health. This study examines the relationship between ecological influences, the prevalence of sleep disorders, and their impact on cognitive functioning in various demographic groups. Methods: This cross-sectional study included 150 participants aged 18 and older. Data were collected using self-reported ecological and sleep quality questionnaires and the Mini-Mental State Examination (MMSE) to assess cognitive function. Statistical analysis was conducted using IBM SPSS Statistics for Windows, Version 26 (Released 2019; IBM Corp., Armonk, New York, United States), with chi-square tests (χ2), independent sample t-tests, ANOVA, and correlation analysis to assess the relationship between ecological factors, sleep disorders, and cognitive outcomes. Results: Gender differences were observed, with males showing lower rates of moderate cognitive impairment (n = 12) compared to females (n = 30), although sleep quality differences were not statistically significant (t(148) = 0.51, p = 0.61). Older adults exhibited significantly lower MMSE scores (χ2 = 135.0, p = 0.00), indicating more significant cognitive impairment than middle-aged adults. Ecological factors such as high environmental noise and poor air quality were negatively correlated with sleep quality (r = -0.79, p &lt; 0.05) and cognitive function (r = -0.90, p &lt; 0.01). Conclusion: This study highlights the substantial impact of ecological and demographic factors on sleep health and cognitive function. Poor sleep quality, influenced by noise pollution, air quality, and temperature fluctuations, is associated with cognitive decline, particularly in older adults. Maintaining an optimal sleep duration of approximately seven hours may serve as a protective factor against cognitive impairment. Given the observed associations, targeted interventions such as noise reduction policies, improved air quality measures, and urban planning for better sleep environments could help mitigate sleep-related cognitive decline. Future longitudinal studies incorporating objective sleep monitoring techniques are recommended to strengthen causal inferences.",,,,10.7759/cureus.80162,,,
rayyan-662066859,The impact of combined environmental noise on sleep quality and annoyance: a scoping review,2025,1,1,,,,,,"Köhler, A.",https://elib.dlr.de/216355/,,,,"Environmental noise is pervasive and poses significant challenges for public health, particularly regarding annoyance and undisturbed sleep. In Germany, about 60 million people find themselves under constant exposure to two or more noise sources, with a comprehensive overall noise assessment to evaluate potential harm to the population still missing. This scoping review examines how combined environmental noise is assessed in the literature, focusing on its impact on sleep disturbance and perceived annoyance. Eight prominent annoyance models (three perceptual and five psychophysical) used to predict noise annoyance are considered, while also including a non-exhaustive list of additional models. Findings indicate that perceptual models generally outperform psychophysical models, which tend to oversimplify interactions by relying solely on energy-based metrics. The vector summation model emerged as the most effective perceptual model, with the perceptual mixed model serving as a reliable alternative. Among psychophysical models, the independent effects model and the energy difference model produce the best predictions, albeit consistently underperforming relative to perceptual approaches. The review further identifies aircraft noise as the most disturbing source during nighttime and as the primary contributor to total noise annoyance. However, through the research it emerged that the ranking of noise sources can fluctuate based on sound level and context, with railway and road traffic noise exhibiting variable impacts under different conditions. The complex interplay of partial masking, synergistic effects, and cultural variability underscores the challenges in assessing combined noise annoyance. Future research should focus on addressing these methodological limitations and revising perceptual models – specifically to develop concepts to predict combined noise annoyance reliably.",,,,,,,
rayyan-662069499,"SLEEP TIMES, SLEEP QUALITY &amp;#38; SUBJECTIVELY PERCEIVED DISTURBING NOISE SOURCES IN A REPRESENTATIVE SAMPLE",2023,1,1,,,,,,G TINGUELY and C CAJOCHEN,https://doi.org/10.25144/16946,,,,,,,,10.25144/16946,,,
rayyan-662069500,The effects of noise stress on sleep quality,2024,1,1,,,,,,C.M. Goanta and F. Florea and D. Cirpaciu,https://doi.org/10.1016/j.sleep.2023.11.119,,,,,,,,10.1016/j.sleep.2023.11.119,,,
rayyan-662069501,Association between Nocturnal Environmental Noise and Sleep Quality in Hospitalised COPD Patients: A Retrospective Cohort Study,2026,1,1,,,,,,Yan Yang and MingXia Sun and Lei Yang,https://doi.org/10.4103/nah.nah_228_25,,,,"Objective:
                    This study aimed to analyse the influence of nocturnal environmental noise levels on sleep quality and the frequency of acute exacerbations in patients with chronic obstructive pulmonary disease (COPD).
                    Methods:
                    A retrospective cohort study was conducted by reviewing the clinical data of 120 patients with COPD admitted to Central Hospital Affiliated to Shandong First Medical University between January 2022 and December 2024. Patients were categorised into a poor sleep quality group (Athens Insomnia Scale [AIS] score &gt;6) and a good sleep quality group (AIS score ≤6) based on their mean AIS scores. Nocturnal environmental noise levels, polysomnography (PSG) parameters and acute exacerbation frequency were compared between the two groups. Univariate analysis was employed to screen variables (
                    P
                    &lt; 0.1), which were subsequently incorporated into multivariate logistic regression models and Pearson correlation analysis to investigate the influence of noise levels on sleep quality and acute exacerbation frequency.
                    Results:
                    Compared with the good sleep quality group (
                    n
                     = 70), the poor sleep quality group (
                    n
                     = 50) had significantly higher nocturnal noise levels (
                    P
                    &lt; 0.05) and worse PSG parameters, including reduced total sleep time; efficiency and N2/N3 sleep and increased sleep latency, N1 sleep and awakenings (all
                    P
                    &lt; 0.05). No significant inter-group differences were found in demographics or exacerbation frequency. Multivariate analysis identified nocturnal noise level as an independent risk factor for poor sleep quality [odds ratio (OR) = 3.012 per 5 dB increase; 95% confidence interval (CI): 1.650–5.611,
                    P
                    &lt; 0.001]. Noise levels were negatively correlated with restorative sleep measures and positively correlated with sleep fragmentation indicators (all
                    P
                    &lt; 0.05) but showed no association with acute exacerbation frequency.
                    Conclusion:
                    Nocturnal environmental noise is an independent risk factor for impaired sleep quality in hospitalised patients with COPD, but it is not associated with short-term exacerbation frequency. Interventions aimed to reduce ward noise at night may improve sleep quality in this population.",,,,10.4103/nah.nah_228_25,,,
rayyan-662069502,Pink noise/earplugs and nighttime environmental noise on sleep,2026,1,1,,,,,,Angie Lillehei,https://doi.org/10.1016/j.explore.2026.103365,,,,,,,,10.1016/j.explore.2026.103365,,,
rayyan-662069503,An implementation and evaluation of sound activated noise display for the reduction of noise levels and enhancement of staff’s sleep and noise awareness,2024,1,1,,,,,,C. Aparício,https://doi.org/10.1016/j.sleep.2023.11.069,,,,,,,,10.1016/j.sleep.2023.11.069,,,
rayyan-662069504,The impact of urban transportation noise and bedroom temperatures on sleep quality during summertime,2026,1,1,,,,,,Z. Zambelli and V. Rossi and I. Hartescu and M. Ravikumar and K. Lomas and A. Beizaee and V. Haines and J. Barnes and K. Morgan,https://doi.org/10.1016/j.sleep.2025.108522,,,,,,,,10.1016/j.sleep.2025.108522,,,
rayyan-662069505,NOCTURNAL ROAD TRAFFIC NOISE AND SLEEP LOCATION OF THE BEDROOM AS A MEDIATING FACTOR IN THE SUBJECTIVE EVALUATION OF NOISE &amp;#38; ITS IMPACT ON SLEEP,2023,1,1,,,,,,S PIRRERA and E DE VALCK and R CLUYDTS,https://doi.org/10.25144/17032,,,,,,,,10.25144/17032,,,
rayyan-662069507,Investigating the Combined Effect of Artificial Light at Night and Noise on Sleep Quality of High School Students,2026,1,1,,,,,,Hassan Shama and Orna Tzischinsky and Boris A. Portnov,https://doi.org/10.1111/jsr.70301,,,,"ABSTRACT
                  
                    Adolescents frequently use smartphones, smartwatches, personal computers, tablets, and other electronic devices during the day and at night. Whilst these devices are kept close to the eyes, they emit artificial light at night (ALAN) and generate noise. ALAN and noise are also emitted from other indoor and outdoor sources, such as home appliances, road traffic, street lighting, and advertising boards. However, the effect of these exposures has been studied mainly in the adult population, and little is known about their combined effect on adolescents. The present study aims to bridge this knowledge gap by examining the combined effect of ALAN and noise on the quality of sleep of junior high and high school students. Study participants included 81 adolescents (age 13–18 years) living in Tamra, a town in northern Israel. A 41‐day experiment was carried out during which participants wore smartwatches, connected to Android smartphones, to monitor their exposures to ALAN and noise and their sleep patterns. The collected data were then analysed using statistical tools and showed that an increase in ALAN in a plausible range of 40–150 lx before sleep is estimated to reduce sleep efficiency (SE), all other factors being constant, by ~18% (
                    t
                     &lt; −16,
                    p
                     &lt; 0.01), whilst an increase in noise from 30 to 60 dB was estimated to reduce SE by ~22% (
                    t
                     &lt; −14,
                    p
                     &lt; 0.01). These estimates are higher than those found for the adult population in previous studies, according to which the effects of these environmental risk factors on sleep duration and quality were estimated to be ~8%–9%.",,,,10.1111/jsr.70301,,,
rayyan-662069508,"Impact of Postoperative Noise Reduction on Anxiety, Depression, and Sleep Quality in Patients with Extensive Burns Undergoing Skin Grafting",2025,1,1,,,,,,YiXing Guo and XiXi Wu and ManMan Wang and XiaoLin Chen,https://doi.org/10.4103/nah.nah_109_25,,,,"Objective:
                    This study aimed to investigate the effects of postoperative noise control on anxiety, depression, and sleep quality in patients with extensive burns undergoing skin grafting.
                    Methods:
                    A retrospective analysis was conducted on 148 patients with burns (May 2022–December 2024), including 73 in the regular group (standard care) and 75 in the noise control group (noise-reducing caring method). Outcomes included noise levels, emotional states [Hamilton Depression Rating Scale (HAMD) and Hamilton Anxiety Rating Scale (HAMA)], sleep quality [Pittsburgh Sleep Quality Index (PSQI)], Numeric Rating Scale (NRS), wound healing, and nursing satisfaction.
                    Results:
                    Following the caring method, the noise reduction group showed significantly lower HAMD scores (13.25 ± 1.10 vs. 17.73 ± 2.01,
                    P
                    &lt; 0.001) and HAMA scores (12.50 ± 1.60 vs. 16.49 ± 1.32,
                    P
                    &lt; 0.001) compared with the regular group. The PSQI scores were significantly lower in the noise reduction group (4.55 ± 1.02 vs. 7.16 ± 1.24,
                    P
                    &lt; 0.001). The daytime and nighttime ward noise levels in the noise reduction group were 42.15 ± 3.28 and 32.47 ± 2.91 dB, respectively, which were significantly lower than those in the regular group (50.62 ± 4.11 and 40.85 ± 3.74 dB, respectively,
                    P
                    &lt; 0.001). Additionally, the noise reduction group had a higher skin graft survival rate (78.25% vs. 72.48%,
                    P 
                    = 0.023), shorter graft survival time (26.85 ± 2.12 vs. 30.12 ± 2.56 days,
                    P
                    &lt; 0.001), and higher nursing satisfaction (94.67% vs. 80.82%,
                    P 
                    = 0.010).
                    Conclusion:
                    Postoperative noise control improves psychological status, sleep quality, and wound healing, warranting clinical promotion.",,,,10.4103/nah.nah_109_25,,,
rayyan-662069509,BACKGROUND NOISE - WHICH L90?,2024,1,1,,,,,,J SELLER,https://doi.org/10.25144/20658,,,,,,,,10.25144/20658,,,
rayyan-662069512,Effect of Night-Time Noise Control Combined with Detailed Nursing on Negative Emotions and Sleep Quality in Patients with Upper Gastrointestinal Bleeding,2025,1,1,,,,,,Jing Yu and Dongyan Xu and Lihui Zhou,https://doi.org/10.4103/nah.nah_125_24,,,,"Objective:
                    The aim of the study was to investigate the effect of nighttime noise control, combined with detailed nursing, on negative emotions and sleep quality in patients suffering from upper gastrointestinal bleeding.
                    Methods:
                    This retrospective analysis was conducted on 100 patients with upper gastrointestinal bleeding who were admitted to the Fifth People’s Hospital of Wuxi from January 2021 to January 2024. Patients were divided into the noise control group and the detailed nursing group based on different nursing care methods, with each group containing 50 cases. The detailed nursing group received detailed nursing, whereas the noise control group received nighttime noise control combined with detailed nursing. The results of the Fear Visual Analog Scale (FVAS), Pittsburgh Sleep Quality Index (PSQI), Hamilton Anxiety Rating Scale (HAMA), Hamilton Depression Rating Scale (HAMD), and subjective assessment of noise of the two groups were compared.
                    Results:
                    After management, the HAMA, HAMD, FVAS, and PSQI scores of both groups showed a significant decrease compared to baseline (
                    P
                    &lt; 0.05). Additionally, the HAMA, HAMD, FVAS, and PSQI scores of the noise control group were significantly lower than those of the detailed nursing group (
                    P
                    &lt; 0.05).The subjective assessment of noise in both groups was significantly higher after management than before management, with the noise control group reporting a significantly higher subjective noise assessment than the detailed nursing group (
                    P
                    &lt; 0.05).
                    Conclusion:
                    Nighttime noise control combined with detailed nursing is effective in patients with upper gastrointestinal bleeding. This approach helps reduce negative emotions such as anxiety, depression, and fear; lowers the subjective assessment of noise; and improves sleep quality.",,,,10.4103/nah.nah_125_24,,,
rayyan-662069513,Effect of White Noise Intervention Combined with Multi-dimensional Nursing Mode on Sleep Quality and Incidence of Nosocomial Infection in Patients Undergoing Hip Replacement,2023,1,1,,,,,,Meng Tian and Xing Gu,https://doi.org/10.4103/nah.nah_32_23,,,,"Objective:
                    To investigate the clinical effects of white noise intervention combined with multi-dimensional nursing mode in patients receiving hip replacement (HR).
                    Methods:
                    The study selected the clinical data of 161 patients who underwent HR in our hospital from February 2020 to February 2022 for retrospective analysis. According to patients’ willingness, they were divided into the study group (
                    n
                     = 77, receiving white noise intervention combined with multi-dimensional nursing mode) and the control group (
                    n
                     = 84, receiving routine nursing). Pittsburgh sleep quality index (PSQI) scale was used to evaluate patients’ sleep quality in the two groups, and the incidence of nosocomial infection in the both groups was counted.
                    Results:
                    Before nursing and white noise intervention, the PSQI scores of patients’ sleep quality in the two groups were all lower, with no obvious difference (
                    P
                    &gt; 0.05). After nursing and white noise intervention, the sleep quality of the two groups was all improved, and the study group had overtly lower PSQI score and score of psychological status than the control group (
                    P
                    &lt; 0.05). After nursing and white noise intervention, the study group had remarkably lower incidence of nosocomial infection than the control group (
                    p
                    &lt; 0.05).
                    Conclusion:
                    White noise intervention combined with multi-dimensional nursing mode can effectively improve the sleep quality of patients undergoing HR and reduce the incidence of nosocomial infection, which is of positive significance for promoting the recovery of postoperative limb function.",,,,10.4103/nah.nah_32_23,,,
rayyan-662069514,Study on the objective assessment of sleep disturbance due to environmental noise by wearable devices,2023,1,1,,,,,,Makoto Morinaga and Chikashi Takara and Yosiaki Sasazawa and Hiroshi Nakamura and M MORINAGA and C TAKARA and Y SASAZAWA and H NAKAMURA,https://doi.org/10.3397/in_2022_0464,,,,"Introducing noise standards or limits at night is necessary to prevent sleep disturbance due to environmental noise, such as transportation noise. In general, noise standards should be based on robust exposure-response relationships derived from many human response data, and subjective
 evaluation obtained from large-scale socio-acoustic surveys can provide reliable scientific evidence. However, it is also necessary to investigate an easy method to collect objective data on sleep effects with little cost and effort. In the present study, we conducted a laboratory study and
 investigated how accurately wearable devices can estimate the sleep stage. Participants wore a smartwatch installed with photoplethysmography (PPG), a portable ECG, and equipment of PSG simultaneously. As a result, the agreement of the sleep stage between the estimations by PPG and by PSG
 was moderate (kappa coefficient = 0.47). Furthermore, we estimated the sleep stage by random forest using the data measured by the ECG, and it was highly agreed with the sleep stage by the PSG (kappa coefficient = 0.75). It is suggested that we could easily estimate the sleep stages such as
 waking, REM, and non-REM with a certain level of accuracy by these wearable devices.",,,,10.3397/in_2022_0464,,,
rayyan-662069515,Environmental Noise Exposure and the Risk of Sleep Disturbance: A Systematic Review and Meta-Analysis,2026,1,1,,,,,,Zitong Li,https://doi.org/10.4103/nah.nah_222_25,,,,"Objective:
                    To systematically evaluate the association between different types of environmental noise, particularly traffic noise, and sleep disturbances; to quantify the effect size and to explore key factors contributing to heterogeneity, thereby providing evidence to inform noise control and public health interventions.
                    Methods:
                    Publications from 2005 to 2025 were systematically searched in PubMed, Embase, Cochrane Library and Web of Science. A total of 68 observational studies were included in accordance with preferred reporting items for systematic reviews and meta-analyses (PRISMA) guidelines. Random-effects models were applied to pool effect sizes (correlation coefficients,
                    r
                    ). Subgroup analyses, meta-regression, sensitivity analyses and Egger’s test were conducted to explore sources of heterogeneity and publication bias. The certainty of evidence was assessed using the grading of recommendations assessment, development and evaluation (GRADE) framework.
                    Results:
                    Exposure to traffic noise was significantly associated with sleep disturbances. Source-specific analyses indicated that aircraft noise (
                    r
                     = 0.26) and railway noise (
                    r
                     = 0.21) were associated with larger effect sizes than road traffic noise (
                    r
                     = 0.15). Subgroup and meta-regression analyses identified outcome assessment methods, study design and geographic region as the main contributors to between-study heterogeneity. Evidence related to non-traffic noise was limited; however, available data suggested that community and hospital noise may also adversely affect sleep. Sensitivity analyses and assessments of publication bias indicated that the pooled estimates were robust. According to the GRADE framework, the overall certainty of evidence was rated as high.
                    Conclusions:
                    Environmental noise, particularly traffic noise, significantly increases the risk of sleep disturbances. Type-specific effects were observed, and a dose–response relationship was also identified. These findings support the need for further reductions in nighttime traffic noise exposure and strengthened residential noise control to promote population sleep health.",,,,10.4103/nah.nah_222_25,,,
rayyan-662069516,PB2406: EFFECT OF PINK NOISE ON IMPROVING SLEEP QUALITY OF PATIENTS UNDERGOING HEMATOPOIETIC STEM CELL TRANSPLANTATION,2023,1,1,,,,,,Fangfang Wu and Zhenglan He and Aihua Sun,https://doi.org/10.1097/01.hs9.0000976336.37432.62,,,,,,,,10.1097/01.hs9.0000976336.37432.62,,,
rayyan-662069517,Impacts of Different Noise Environments on Polysomnographic Monitoring Parameters and Sleep Quality Among Hospitalized Patients,2024,1,1,,,,,,Bin Chen and Xuefang Zhu,https://doi.org/10.4103/nah.nah_12_24,,,,"Background:
                    Excessive noise levels may decrease patients’ sleep quality and increase the risk of sleep disorders in patients. Given that only a few studies have been conducted on noise levels and sleep quality in hospitalized patients, this study investigated the effects of different noise environments on polysomnographic parameters and sleep in hospitalized patients. It also analyzed the factors associated with patients’ sleep quality.
                    Methods:
                    A sample of 244 cases of hospitalized patients were retrospectively selected from March 2020 to March 2023. A total of 122 patients without ward noise reduction treatment were set as the control group. A total of 122 patients who were treated with ward noise reduction were set as the observation group. The polysomnographic monitoring parameters and sleep conditions levels were compared between the two groups, after which logistic regression was used to analyze the relevant factors that affected patients’ sleep.
                    Results:
                    The incidence of noise level, rapid eye movement stage (R) phase proportion, nonrapid eye movement stage 1 (N1) phase proportion, and poorer sleep quality all had higher levels in the control group than in the observation group. In comparison, nonrapid eye movement stage 2 (N2) phase proportion, total sleep time (TST), and sleep efficiency (SE) were all lower than those in the observation group (
                    P
                    &lt; 0.05). Regression analysis revealed that the need for surgery, having diabetes mellitus, higher noise level and low N2 percentage levels were all associated factors affecting the sleep quality of patients.
                    Conclusion:
                    Environments with higher levels of noise can lead to patients’ poorer sleep quality. Thus, it is necessary to actively implement noise management measures to avoid higher noise levels and maintain good sleep quality among patients.",,,,10.4103/nah.nah_12_24,,,
rayyan-662069518,Monitoring the short-term biological response of environmental noise in real-life sleep conditions,2024,1,1,,,,,,Luc DEKONINCK and Timothy VAN RENTERGHEM,https://doi.org/10.3397/in_2024_2671,,,,"A protocol is developed to measure the short-term biological response to environmental noise during sleep. It is designed as potential component in the Human Biomonitoring Program of the Flemish Government. The focus of the protocol is the user-friendliness and the use of non-invasive
 but accurate technology. The sensor boxes are deployed without third party support using a simple set of instructions. The setup includes simultaneous indoor and outdoor spectral noise monitoring to discriminate between indoor and outdoor disturbances. Actimetry and heart rate are monitored
 on-torso to detect potential arousals and awakenings. The data analysis is performed in a 10 second resolution and is based on the heart rate variability (HRV) of nine teenage subjects. The bedroom insulation is included using the difference between outdoor and indoor noise. The relevant biomarker
 is the HF/LF ratio, a HRV parameter related to the activation of the autonomous nervous system, shows significant correlation with the environmental noise. Peak emergence and augmented background noise also result in enhanced activation of the autonomous nervous system. This novel approach
 delivers an objective measure of the short-term biological effect of noise during sleep in real-life conditions. The affordability and low-invasive design allow large-scale deployment in future health studies.",,,,10.3397/in_2024_2671,,,
rayyan-662069519,"Effect of White Noise Therapy Combined with Cognitive Behavioural Therapy on Clinical Symptoms, Psychological Stress and Sleep Quality in Depressed Patients",2025,1,1,,,,,,Shuai Wang and Yan Chen and JieFeng Liao and LiHui Dong and Tao Liang,https://doi.org/10.4103/nah.nah_95_25,,,,"Objective:
                    This study aimed to investigate the effects of white noise therapy combined with cognitive behavioural therapy (CBT) on clinical manifestations, psychological stress and sleep quality in patients with depression.
                    Methods:
                    This study retrospectively analysed 136 patients with mild to moderate depression treated between January 2022 and December 2024. On the basis of their treatment timeline, the patients were divided into conventional group (
                    n
                     = 47, conventional therapy, January–December 2022), CBT group (
                    n
                     = 45, conventional therapy + personalised CBT, January–December 2023) and white noise group (
                    n
                     = 44, conventional therapy + personalised CBT + white noise therapy, January–December 2024). The clinical symptoms [24-item Hamilton Depression Scale (HAMD-24), Stroop test], psychological stress [Perceived Stress Scale (PSS-10), Gross Emotion Regulation Questionnaire (ERQ)], sleep quality [Pittsburgh Sleep Quality Index (PSQI)], cognitive fusion level [Cognitive Fusion Questionnaire (CFQ-F)], hope level [Herth Hope Index (HHI)] and experiential avoidance degree [Acceptance and Action Questionnaire-II (AAQ-II)] were compared before and 12 weeks post-treatment.
                    Results:
                    Compared with pre-therapy levels, statistically significant improvements at 12 weeks were observed for all three groups (
                    P
                    &lt; 0.05). These included reductions in HAMD-24 scores, Stroop mean reaction time, PSS-10 scores, ERQ suppression subscale scores, PSQI scores and AAQ-II scores, along with increases in Stroop correct responses, ERQ reappraisal subscale scores, CFQ-F scores and HHI scores. Post-therapy between-group comparisons revealed that the white noise group exhibited superior outcomes versus both the conventional and CBT groups across all metrics, while the CBT group outperformed the conventional group on all assessment parameters (
                    P
                    &lt; 0.05).
                    Conclusion:
                    The findings of this retrospective study suggest that white noise therapy combined with CBT may have positive effects on patients with mild to moderate depression, including improvements in clinical symptoms, psychological stress response and sleep quality. These benefits were demonstrated through reduced depression severity, increased use of cognitive reappraisal strategies, enhanced cognitive fusion, reduced experiential avoidance and elevated hope levels.",,,,10.4103/nah.nah_95_25,,,
rayyan-662069520,"Noise Sensitivity of Students in Relation to Noise Annoyance, Sleep Quality and Inability to Cope with Noise",2025,1,1,,,,,,Pramath Chandra Sarker and Md Nur-E-Alam Siddique and Sabina Sultana,https://doi.org/10.26463/rnjph.10_2_4,,,,Background Noise is a significant public health concern due to its detrimental effects on both psychological and physiological health. Objective The purpose of the study was to investigate the noise sensitivity of students living in the Rajshahi metropolitan city specifically concerning noise annoyance sleep quality and inability to cope with noise.Method We assessed 473 participants from five Rajshahi institutions. Among them 273 57.7 were females and the rest of the 200 42.3 were males. Their age ranged from 18 to 28 years mean 22.88 SD 2.05. This cross-sectional study reported demographic information a noise sensitivity scale and a one-item noise annoyance scale. Descriptive statistics F-test and multiple linear regression were used to determine noise sensitivity.Results The results of the F-test showed that noise sensitivity varied significantly with noise annoyance at home Plt.001 in the workplace P lt.001 on road P lt.001 overall life P lt.001 sleep quality P .04 and inability to protect against noise P .002. Many students reported medium 58.14 and high 19.24 noise sensitivity. The multiple linear regression indicated that noise annoyance on the road P .04 in overall life P lt.001 and inability to protect against noise P .02 had adverse effects on noise sensitivity.Conclusion The findings highlight the importance of assessing individualrsquos noise sensitivity and noise annoyance as well as implementing measures to control noise pollution. Such efforts are likely to contribute to improved psychological well-being and physiological health.,,,,10.26463/rnjph.10_2_4,,,
rayyan-662069521,Association Between Perceived Noise Pollution and Sleep Quality: Findings from the 2018 Community Health Survey,2024,1,1,,,,,,Sujin Lee and Jae Ho Chung,https://doi.org/10.4103/nah.nah_42_24,,,,"Objectives:
                    This study aimed to investigate the potential relationship between sleep quality and perceived noise.
                    Methods:
                    A cross-sectional study involving 185,246 adults (81,854 men and 103,392 women) participating in the 2018 Korea Community Health Survey (KCHS) was conducted. Subjective sleep quality was assessed using the Pittsburgh Sleep Quality Index (PSQI), while perceived noise pollutants were categorized into two groups: perceived noise pollution (
                    n
                     = 43,638) and perceived non-noise pollution (
                    n
                     = 141,608). We used chi-square tests and independent sample
                    t
                    tests to compare differences between the perceived noise group and the non-perceived noise group, as well as multivariate logistic regression analysis to calculate adjusted odds ratios (OR) for sleep quality variables.
                    Results:
                    The perceived noise pollution group had significantly poor psychosocial variables (stress, depression assessed by Patient health questionnaire-9 (PHQ-9)) than the perceived non-noise pollution group. Poor sleep quality (PSQI &gt; 5) was associated with perceived noise pollution (OR 1.33, 95% confidence interval (CI) 1.30–1.36,
                    P
                    &lt; 0.001). In addition, sleep quality (OR 1.09; 95% CI 1.06–1.13,
                    P
                    &lt; 0.001); sleep latency (OR 1.11; 95% CI 1.09–1.14,
                    P
                    &lt; 0.001); sleep duration (OR 1.10; 95% CI 1.07–1.13,
                    P
                    &lt; 0.001); sleep efficiency (OR 1.20; 95% CI 1.16–1.25,
                    P
                    &lt; 0.001); sleep disturbance (OR 1.46; 95% CI 1.42–1.51,
                    P
                    &lt; 0.001); sleep medication use (OR 1.13; 95% CI 1.07–1.20,
                    P
                     = 0.002); and daytime dysfunction (OR 1.23; 95% CI 1.20–1.26,
                    P
                    &lt; 0.001) were associated with perceived noise pollution after confounding variables.
                    Conclusion:
                    Perceived noise pollution was significantly associated with poor sleep quality. Perceived noise annoyance could be used as a signal of health effects in the public community.",,,,10.4103/nah.nah_42_24,,,
rayyan-662069522,Wind turbine noise and sleep,2022,1,1,,,,,,Jeffrey M Ellenbogen,https://doi.org/10.1093/sleep/zsac133,,,,,,,,10.1093/sleep/zsac133,,,
rayyan-662069523,Effects of Nighttime Noise Management in Intensive Care Units on Hormone Levels and Sleep Quality in Conscious Patients,2024,1,1,,,,,,Leilei Zhang,https://doi.org/10.4103/nah.nah_55_24,,,,"Objective:
                    This study aims to investigate the effects of nighttime noise management in intensive care units (ICU) on hormone levels and sleep quality in conscious patients.
                    Methods:
                    From March 2020 to March 2021, the routine noise management for conscious patients was implemented in the ICU of Wenzhou TCM Hospital of Zhejiang Chinese Medical University. During this time, 86 patients were selected as the study subjects; five patients who did not meet the inclusion criteria were excluded, and 81 patients were included in the reference group. From April 2021 to April 2022, nighttime noise management for conscious patients was conducted, during which 93 patients were selected as the research subjects; six patients who did not meet the inclusion criteria were excluded, and 87 patients were included in the observation group. The hormone indicators, Pittsburgh Sleep Quality Index (PSQI) scores, and Symptom Checklist-90 (SCL-90) scores were collected and compared.
                    Results:
                    After management, the observation group had significantly lower noise level and hormone indicators (
                    P
                    &lt; 0.05), significantly lower PSQI score (
                    P
                    &lt; 0.001) and significantly lower SCL-90 score than the reference group (
                    P
                    &lt; 0.01).
                    Conclusion:
                    Nighttime noise in the ICU has an adverse effect on conscious patients. Nighttime noise management improves the hormone levels and sleep quality of ICU patients.",,,,10.4103/nah.nah_55_24,,,
rayyan-662069524,The effects of white noise on sleep and duration in individuals living in a high noise environment in New York City,2021,1,1,,,,,,Matthew R. Ebben and Peter Yan and Ana C. Krieger,https://doi.org/10.1016/j.sleep.2021.03.031,,,,"<h4>Introduction</h4>Undisturbed sleep has been shown to be important for both health and quality of life (Medic et al. [7]). The World Health Organization estimates that nearly 25% of the population suffers from disturbed sleep due to environmental noise (Health TWECfEa, [2]). Sleep disturbance associated with elevated noise levels is particularly prevalent in metropolitan areas. Our study tested the hypothesis that white noise would improve sleep in New Yorkers complaining of sleep difficulty due to elevated sound levels.<h4>Methods</h4>Ten adult participants were included in this study. All participants were recruited from a New York City based sleep clinic. Inclusion criteria was based on the presence of sleep disturbance and the reporting of high levels of environmental noise in participants' sleep location. The study was conducted using a within-subject, ABA design, with baseline, treatment phase, followed by another baseline (washout) period. Each phase lasted one-week, during which noise level and sleep were assessed. The treatment consisted of the application of a white noise device (Dohm Classic by Marpac, LLC) in the participants' bedroom. Sleep parameters were measured subjectively using the Consensus Sleep Diary (Carney et al. [15]), and objectively using a Motionlogger Actigraph.<h4>Results</h4>Paired sample t-tests were conducted to evaluate the hypothesis that white noise improves sleep in a high noise environment. Significance was found on the variables WASO, as measured by actigraphy, t(9) = 3.438, p = 0.007 and sleep latency as measured by sleep diary, t(9) = 2.947, p = 0.016. There was a trend toward significance on the number of awakenings during the night, as measured by sleep diary, t(9) = 2.622, p = 0.028 (Holm's sequential correction of p-value required a value of <0.01 to find significance on this comparison) and sleep efficiency (actigraph), t(9) = -2.121, p = 0.063.<h4>Conclusion</h4>Our data show that white noise significantly improved sleep based on subjective and objective measurements in subjects complaining of difficulty sleeping due to high levels of environmental noise. This suggests that the application of white noise may be an effective tool in helping to improve sleep in those settings.",,,,10.1016/j.sleep.2021.03.031,,,
rayyan-662069525,APPROACHES TO THE STUDY OF NOISE INDUCED SLEEP DISTURBANCE,2024,1,1,,,,,,NL CARTER,https://doi.org/10.25144/19672,,,,,,,,10.25144/19672,,,
rayyan-662069526,"Associations Among Noise Sensitivity, Insomnia, and Sleep Quality in Earthquake Survivors Residing in Container Homes",2025,1,1,,,,,,Ümmühan Aktürk and Ebru Gül and Emine Ceylan,https://doi.org/10.4103/nah.nah_137_25,,,,"Objective:
                    This cross-sectional study aimed to examine the relationships among noise sensitivity, insomnia complaints, and sleep quality in earthquake survivors residing in container cities.
                    Methods:
                    The study population comprised all adults residing in temporary shelters, and the sample consisted of 606 individuals. The cohort was subjected to power analysis (effect size = 0.28,
                    α
                     = 0.05, 95% confidence, and 0.95 power), and data were collected using the Weinstein Noise Sensitivity Scale (WNSS), the Basic Scale on Insomnia Symptoms and Quality of Sleep (BaSIQS), and a Descriptive Characteristics Form.
                    Results:
                    Sociodemographic factors, such as gender, marital status, occupation, perceived income, health status and parental status, were significantly correlated with insomnia complaints and sleep quality (
                    P
                    &lt; 0.05). WNSS scores exhibited a positive correlation with age and container life characteristics, including challenges related to privacy and security, and exposure to noise from humans and vehicles (
                    P
                    &lt; 0.05). Significant correlations were observed between the participants’ BaSIQS and WNSS scores, including the subscales of sleep onset and awakening problems (
                    r
                     = 0.125–0.147,
                    P
                    ≤ 0.002). Participants identified as noise-sensitive (WNSS ≥99) had a significantly higher number of insomnia complaints and poorer sleep quality than the noise-insensitive participants (
                    P
                    &lt; 0.05).
                    Conclusion:
                    Noise sensitivity is an important predictor of insomnia complaints and diminished sleep quality in earthquake survivors residing in container settlements. These results underscore the cumulative influence of environmental and psychosocial stressors on sleep in post-disaster temporary housing.",,,,10.4103/nah.nah_137_25,,,
rayyan-662069527,Association between Environmental Noise Exposure and Sleep Quality Assessed by the Pittsburgh Sleep Quality Index (PSQI) Among Urban Residents: Evidence from Ho Chi Minh City,2026,1,1,,,,,,Bui Hoai Nam,https://doi.org/10.36349/easjpbs.2026.v08i02.005,,,,"This study aimed to describe the status and distribution of poor sleep quality among urban residents, assess the level of self-reported environmental noise annoyance, and examine the independent association between noise annoyance and Pittsburgh Sleep Quality Index (PSQI) scores after controlling for potential confounding factors. A cross-sectional study was conducted among 178 urban residents in Ho Chi Minh City between February and April 2026. Sleep quality was assessed using the Pittsburgh Sleep Quality Index (PSQI), daytime sleepiness using the Epworth Sleepiness Scale (ESS), and insomnia status was assessed using an insomnia index. Noise annoyance was measured using a self-reported five-point Likert scale. Statistical analyses included Pearson correlation and multiple linear regression, with age, sex, body mass index (BMI), floor level, and adjacent street type included as control variables. The prevalence of poor sleep quality (PSQI &gt; 5) was 68.5%, with a mean PSQI score of 7.92 ± 3.14. The mean noise annoyance score was 3.46 ± 0.89 on a five-point scale, with 61.2% of participants reporting high levels of noise annoyance. Multiple linear regression analysis showed that noise annoyance was the strongest and most statistically significant predictor of poor sleep quality (β = 1.24; standardized β = 0.42; p &lt; 0.001; 95% CI: 0.87–1.61). The model explained 38.4% of the variance in PSQI scores (R² = 0.384; p &lt; 0.001). Environmental noise annoyance was independently associated with poor sleep quality among urban residents in Ho Chi Minh City, with both statistical significance and practical relevance. These findings provide empirical evidence to support recommendations for noise control in urban planning and public health interventions in Vietnam.",,,,10.36349/easjpbs.2026.v08i02.005,,,
rayyan-662069528,Wind Instrument Training and Sound-Based Interventions for Sleep Quality and Obstructive Sleep Apnoea: A Narrative Synthesis,2025,1,1,,,,,,Yi Ding and KaiLi Jiang,https://doi.org/10.4103/nah.nah_111_25,,,,"Background:
                    Tolerability issues with continuous positive airway pressure (CPAP) therapy for obstructive sleep apnoea (OSA) have spurred interest in nonpharmacological alternatives like sound-based interventions (wind instrument training, singing and music therapy) for improving upper airway function and sleep quality.
                    Methods:
                    A systematic search of PubMed, Embase, Scopus, Web of Science and Cochrane Central Register of Controlled Trials (through March 2024) identified studies evaluating the effects of wind instrument training, vocal interventions (singing or speech therapy) or music therapy on OSA-related outcomes and sleep quality. Eight studies, specifically, four randomised controlled trials, one before–after quasi-experimental study and three cross-sectional observational studies, were included.
                    Results:
                    Wind instrument training, particularly that with high-resistance instruments, showed moderate effectiveness in reducing OSA severity and improving sleep outcomes, although no significant improvements in pulmonary function were reported. Music-based interventions (e.g., passive bedtime listening) had mixed effects on sleep quality. Some evidence indicated that structured vocal exercises (singing or speech therapy) can reduce snoring and enhance outcomes when combined with CPAP, but results varied across studies. Overall, sound-based interventions demonstrated potential benefits for OSA, although heterogeneity amongst studies was high.
                    Conclusions:
                    This review highlights sound-based interventions as a unique and promising nonpharmacological treatment for OSA. In contrast to CPAP, which has a mechanical approach, these strategies aim to improve airway patency via upper airway muscle training and may serve as alternatives or adjuncts for patients intolerant of CPAP. Although moderate evidence supports their ability to improve sleep quality and OSA symptoms, outcomes remain inconsistent. The noninvasive, low-cost nature of sound-based interventions underscores substantial clinical potential. Large multicentre trials with long follow-ups and direct comparisons with CPAP are warranted to validate efficacy and clarify underlying mechanisms.",,,,10.4103/nah.nah_111_25,,,
rayyan-662069529,Effects of noise on sleep,2023,1,1,,,,,,Mathias Basner,https://doi.org/10.1016/b978-0-12-822963-7.00201-2,,,,,,,,10.1016/b978-0-12-822963-7.00201-2,,,
rayyan-662069530,Effects of the preference for acoustic stimuli on sleep quality,2023,1,1,,,,,,Shota Maki and Sho Otsuka and Seiji Nakagawa,https://doi.org/10.3397/in_2023_0858,,,,"Since pharmacological treatment for sleep disorders has a risk of addiction, developments of non-pharmacological tools are needed. Colored-noise sounds characterized by the power spectrum, e.g., white, pink, brown, blue, and purple noises, are used in some non-pharmacological sleep
 aids. Former reports showed that white and pink noises were effective for sleep, however the mechanisms how such noises promote sleep remain unknown. In this study, we proposed a hypothesis that effects of colored noises are depending on participants' auditory impressions and examined how
 each participant's preference for the noises affected sleep-quality indices (the sleep latency and the duration of slow-wave sleep (SWS)). Sleep states of each participant were examined by EEG in three conditions: (i) listening the most preferred noise, (ii) listening the least preferred noise
 for each subject and (iii) no sound stimulation. Sleep experiments were started at 3:00 PM in a soundproof room and the stimulus began to be presented at lights-out and continued for 60 min. In results obtained, there were no significant differences in the sleep-quality indices among the three
 conditions. Since duration of the experiment may not be enough to observe the effect of the stimuli, further investigations are needed after reviewing the experimental conditions.",,,,10.3397/in_2023_0858,,,
rayyan-662069531,0301 Investigating the Impact of Daily and Nighttime Noise on Sleep Duration: Insights from an Apple Watch Study,2024,1,1,,,,,,Jong Cheol-Shin,https://doi.org/10.1093/sleep/zsae067.0301,,,,"Abstract
               
                  Introduction
                  Noise exposure is commonly believed to influence sleep quality adversely. This study aims to scrutinize the relationship between both daytime and nighttime noise exposure and sleep duration while considering the influence of sleep deficiency from the previous night. The study aims to explore the correlation between daily and nighttime noise exposure and sleep duration, accounting for the impact of insufficient sleep from the previous night.
               
               
                  Methods
                  In a 6-week study, 15 university students (5 males and 10 females) wore an Apple Watch to collect data on sleep duration, wake time, time in bed, ambient noise levels, daily step count, and previous night's sleep duration. Linear regression models were applied, adjusting for physical activity and previous sleep deficiency, to analyze the relationship between noise exposure and sleep outcomes.
               
               
                  Results
                  Contrary to initial hypotheses, the study found no statistically significant correlation between either daily or nighttime noise exposure and the assessed sleep parameters (p&amp;gt;0.05). This was consistent even after accounting for the duration of the previous night's sleep and daily physical activity levels.
               
               
                  Conclusion
                  This study did not find evidence to support a significant relationship between noise exposure (both daily and nighttime) and sleep duration in university students. These results contribute to the nuanced understanding of sleep dynamics and its environmental influences. Further research, potentially involving larger or more diverse samples and varied methodologies, are encouraged. The study also demonstrates the utility of wearable technology in collecting comprehensive sleep and environmental data.
               
               
                  Support (if any)",,,,10.1093/sleep/zsae067.0301,,,
rayyan-662069532,The Effect of Exposure to Noise and Vibration and Ergonomic Factors on Sleep Quality and Musculoskeletal Disorders in Bus Drivers in Iran,2024,1,1,,,,,,Somayeh Rahimimoghadam and Narges Khanjani and Mahdi Jalali and Fatemeh Khorashadizadeh and Ayda Shahmohammadi,https://doi.org/10.4103/ijehe.ijehe_28_24,,,,"Abstract
                  
                    Aim:
                    City bus drivers are exposed to various harmful factors such as noise and vibration, which may cause adverse health effects. This study was conducted with the aim of investigating the impact of exposure to noise, vibration, and ergonomic factors on the quality of sleep and the prevalence of musculoskeletal disorders (MSDs) among city bus drivers in Neyshabur, Iran.
                  
                  
                    Methods:
                    Sixty-two city bus drivers from Neyshabur, Iran, participated in this study. Their level of exposure to noise was measured according to the ISO 5128:1980 standard, and the level of exposure to vibration was measured according to the ISO 2631 standard. Sleep quality (SQual) was evaluated with the Pittsburgh SQual Index, and the prevalence of MSDs was surveyed with the Nordic questionnaire. Data were analyzed with R version 4.3.2.
                  
                  
                    Results:
                    
                      The average ± standard deviation (SD) exposure to noise was 83.25 ± 4.12 dB, and the average ± SD exposure to vibration was 0.14 ± 0.04 m/s
                      2
                      . The SQual of 46.77% of drivers was bad, and 69.35% of drivers suffered from MSDs in at least one of their body parts. The results of this study showed as drivers’ age increased, the chance of having good SQual decreased (odds ratio [OR]: 0.9, 95% confidence interval [CI]: 0.81–0.99). Sleep disorders were more common among drivers whose buses had spring seats (OR =3.17, 95% CI: 1.07–9.40).
                    
                  
                  
                    Conclusion:
                    Almost half of the drivers had unfavorable SQual and suffered from MSDs. The type and quality of the seats, the age of the bus driver, and the bus type were among the most important factors affecting the quality of sleep and the presence of MSDs.",,,,10.4103/ijehe.ijehe_28_24,,,
rayyan-662069533,NOISE-INDUCED SLEEP DISTURBANCE,2024,1,1,,,,,,CG RICE,https://doi.org/10.25144/23057,,,,,,,,10.25144/23057,,,
rayyan-662069534,"Sleep disturbances induced by noise, sounds, and music",2026,1,1,,,,,,Michael G. Smith,https://doi.org/10.1016/b978-0-443-33651-5.00023-9,,,,,,,,10.1016/b978-0-443-33651-5.00023-9,,,
rayyan-662069535,"BACKGROUND NOISE CORRECTION FOR MEASUREMENTS OF SPECIFIC NOISE LEVEL LAeq,Tr OF BS4142:1990",2024,1,1,,,,,,MF RICKABY and RN VASUDEVAN,https://doi.org/10.25144/20665,,,,,,,,10.25144/20665,,,
rayyan-662069536,Effects of Perioperative Noise Exposure on Sleep Quality and Psychological Stress in Patients Undergoing Lung Cancer Surgery,2026,1,1,,,,,,XiaoYi Zhong and ShouJie Feng and GuangMei Xia,https://doi.org/10.4103/nah.nah_26_26,,,,"Objective:
                    Investigate how perioperative noise affects sleep quality and psychological stress of lung cancer surgery patients, in order to provide an optimizing ward settings and improving recovery efficacy.
                    Method:
                    This study is a retrospective observational study, with data sourced from the hospital medical record system, including 143 lung cancer surgery patients (November 2022–November 2024), who were divided based on perioperative 24-h average LAeq into two groups: ts (Novem
                    n
                     = 69) and &lt;55 dBA (
                    n
                     = 74). This study assessed sleep using (Pittsburgh Sleep Quality Index [PSQI] and sleep structure parameters: total sleep time [TST], sleep efficiency [SE], sleep latency [SL], psychological status using Depression Anxiety Stress Scale-21 [DASS-21], and Self-Rating Depression Scale [SDS]), saliva cortisol (SC), thyroid-stimulating hormone (TSH), and postoperative complications. Multiple logistic regression was used to control confounders and analyze the association between noise exposure and patient recovery.
                    Result:
                    Post-treatment, the high-exposure group had significantly higher PSQI, DASS-21 and SDS scores, as well as TSH and SC levels, but shorter TST, lower SE, and longer SL compared with the low-exposure group (all
                    P
                    &lt; 0.05). There was no significant difference in postoperative complications (
                    P
                    &gt; 0.05). Multiple logistic regression showed that after controlling for confounding factors such as age, perioperative noise exposure ≤55 dBA was a protective factor against sleep disorders and increased psychological stress, while open chest surgery was a risk factor for increased psychological stress.
                    Conclusion:
                    Perioperative noise exposure in lung cancer surgery reduces sleep quality, increases psychological stress. Multivariate analysis identifies 55 dBA noise as an independent protective factor, highlighting the need for optimizing the ward environment to improve recovery outcomes.",,,,10.4103/nah.nah_26_26,,,
rayyan-662069537,Influence of Ward Noise on Emotional State and Sleep Quality in Patients with Ventilator-induced Diaphragmatic Dysfunction,2025,1,1,,,,,,ZhiYun Qiu and Wei Zhang and ZhuLin Yan,https://doi.org/10.4103/nah.nah_163_25,,,,"Objectives:
                    This study aimed to investigate the effect of noise control care on emotional state and sleep quality in patients with ventilator-induced diaphragmatic dysfunction (VIDD).
                    Methods:
                    This retrospective study analysed 147 patients with VIDD between January 2023 and December 2023. Patients were grouped based on their admission period as follows: the standard care group (
                    n
                     = 63) comprised patients who received standard care in conventional wards between January 2023 and June 2023, whereas the noise control group (
                    n
                     = 84) included patients treated between July 2023 and December 2023 who additionally received noise reduction measures. Outcome measurements included Hamilton Anxiety Rating Scale (HAMA) and Hamilton Depression Rating Scale (HAMD) scores at baseline and Day 7. Other indicators included environmental sound levels (LAeq, LAmin and LAmax); Richards–Campbell Sleep Questionnaire (RCSQ) scores; haemodynamic measurements; duration of mechanical ventilation (MV) and incidence of delirium and hospital length of stay.
                    Results:
                    Both groups showed comparable baseline characteristics. The noise control group experienced significantly lower noise levels at daytime and nighttime than the standard care group (
                    P
                    &lt; 0.001). Both groups demonstrated improved HAMA and HAMD scores by Day 7, but the noise control group showed significantly greater reductions than the standard care group (
                    P
                    &lt; 0.001). RCSQ scores were significantly higher in the noise control group across all five domains and total score (
                    P
                    &lt; 0.001). The noise control group exhibited improved haemodynamic stability with significantly reduced heart rate and blood pressure on Day 7 (
                    P
                    &lt; 0.001). A significantly lowered incidence of delirium was observed in the noise control group (10.71% vs. 25.40%,
                    P
                    &lt; 0.05), accompanied with a shortened duration of MV (
                    P
                    &lt; 0.001) and hospital length of stay (
                    P
                    &lt; 0.05).
                    Conclusion:
                    Noise control was associated with reduced anxiety and depression, improved sleep quality and superior clinical outcomes in patients with VIDD.",,,,10.4103/nah.nah_163_25,,,
rayyan-662069538,NIGHT NOISE AND SLEEP IN SPAIN,2023,1,1,,,,,,S FEIJOO,https://doi.org/10.25144/17026,,,,,,,,10.25144/17026,,,
rayyan-662069539,Effect of Noise Sensitivity on Mental Health: Mediating Role of Sleep Problems,2025,1,1,,,,,,Yuyang Chen and Siyao Zheng and Yuting Liu and Andrew Smith and Jialin Fan,https://doi.org/10.4103/nah.nah_155_24,,,,"Objective
                    
                      Noise sensitivity refers to an individual’s general perception toward noise and may be associated with mental health and sleep. However, the effect of noise sensitivity on mental health requires further exploration. This study aimed to investigate the impact of noise sensitivity on mental health and the mediating role of sleep problems.
                      Methods:
                      We assessed 268 students from Shenzhen University, situated within 800 m of a construction site. We used the Weinstein Noise Sensitivity Scale-8, Patient Health Questionnaire-4, and Jenkins Sleep Scale-4 to assess noise sensitivity, depression, anxiety, and sleep quality.
                      Results:
                      Noise sensitivity was significantly and positively associated with anxiety, depression, and sleep problems (
                      P
                      &lt; 0.01). Logistic regressions indicated that noise sensitivity positively predicted sleep problems (
                      P 
                      = 0.011), anxiety, and depression (
                      P 
                      = 0.014). The indirect effect of noise sensitivity on anxiety and depression through sleep problems accounted for 38.89% of the total effect (
                      P 
                      = 0.268).
                      Conclusion:
                      Sleep problems serve as a mediating variable in the relationship between noise sensitivity and depression and anxiety. Future studies should explore additional variables that mediate the effect of noise sensitivity on mental health.",,,,10.4103/nah.nah_155_24,,,
rayyan-662069540,Neighborhood noise and child sleep: insights from objective sleep data,2024,1,1,,,,,,S. Thakur and M. Lucchini and D. Macia and N. Barnett and S. Berger,https://doi.org/10.1016/j.sleep.2023.11.341,,,,,,,,10.1016/j.sleep.2023.11.341,,,
rayyan-662069541,EFFECTS OF TRAFFIC NOISE SPEED REDUCTION IN INTERVENTIONS ON NOISE-INDUCED ANNOYANCE AND SELF-REPORTED SLEEP DISTURBANCES,2022,1,1,,,,,,M BRINK and S MATHIEU and S RUTTENER,https://doi.org/10.25144/14275,,,,,,,,10.25144/14275,,,
rayyan-662069542,Factors Influencing Sleep Quality in Postoperative Urological Patients and its Correlation with Ward Noise Exposure Levels,2025,1,1,,,,,,Jun Shen and Xun Xie and KuiYuan Zhang and YouYou Mu,https://doi.org/10.4103/nah.nah_125_25,,,,"Objective:
                    This study aimed to identify factors influencing sleep quality and examine the correlation between sleep quality and ward noise exposure levels in postoperative urological patients.
                    Methods:
                    A retrospective cohort study was conducted by analysing clinical data from 182 patients who underwent urological surgery at the First Affiliated Hospital of Guizhou University of Traditional Chinese Medicine between January 2021 and December 2024. The participants were stratified into two groups according to their average postoperative Athens Insomnia Scale (AIS) scores: poor sleep quality group (PSQ, AIS &gt; 6) and good sleep quality group (GSQ, AIS ≤ 6). Comparative analysis of clinical variables was performed, with multivariate logistic regression employed to identify the risk factors for poor sleep quality. Correlation between sleep quality and ward noise exposure levels was assessed using Pearson’s correlation analysis.
                    Results:
                    Among the 182 postoperative urological patients, 82 and 100 were categorised into the PSQ and GSQ groups, respectively. The overall mean ward noise exposure level was 61.55 ± 7.75 dB, and the mean AIS score was 6.74 ± 1.65. The PSQ group showed significantly higher AIS scores, noise exposure levels, age, rates of not placed intravenous patient-controlled analgesia (IV-PCA) catheters, postoperative length of stay (PLOS) and anxiety/depression scores than the GSQ group (all
                    P
                    &lt; 0.05). No other baseline characteristics differed significantly. Multivariate logistic regression confirmed age, IV-PCA retention, PLOS, anxiety/depression score and noise exposure as significant predictors of sleep quality, with noise exposure being the strongest independent predictor (OR &gt; 1,
                    P
                    &lt; 0.05). A significant positive correlation existed between AIS score and noise levels (
                    r
                    &gt; 0,
                    P
                    &lt; 0.001).
                    Conclusion:
                    Postoperative sleep quality in patients who underwent urological surgery requires improvement and is significantly correlated with ward noise exposure.",,,,10.4103/nah.nah_125_25,,,
rayyan-662069543,The Combined Effects of Inpatient Environmental Noise Management and Mindful Breathing Regulation on Nocturnal Blood Pressure and Sleep Quality in Patients with Stroke Sequelae of Hyperactivity of Liver Yang Type,2026,1,1,,,,,,Fenghui Li and Yuanyuan Zhang and Qiuju Su and Tingting He,https://doi.org/10.4103/nah.nah_29_26,,,,"Objective:
                    This study aimed to investigate the effects of inpatient environmental noise management combined with meditation and pranayama nursing on nocturnal blood pressure and sleep quality in patients with post-stroke sequelae of the liver-yang hyperactivity type.
                    Methods:
                    This retrospective cohort study included 200 patients with post-stroke sequelae of the liver-yang hyperactivity type who were hospitalized in the Department of Neurology at Qingdao Municipal Hospital from June 2022 to March 2025. Patients were divided into a conventional nursing group and a combined nursing group according to different nursing protocols. The conventional nursing group received routine integrated traditional Chinese medicine (TCM) and Western medicine nursing, and the combined nursing group received inpatient environmental noise management combined with mindful breathing regulation on this basis, and the nursing was carried out for 4 weeks. Blood pressure, sleep quality, emotional regulation scores, psychological stability scores, and environmental satisfaction scores were compared between the two groups of patients before and after nursing.
                    Results:
                    Before nursing, no significant differences in baseline data were observed between the two groups (
                    P
                    &gt; 0.05). After 4 weeks of nursing, the systolic blood pressure (SBP) and diastolic blood pressure (DBP) decreased significantly in both groups. Nocturnal SBP, DBP, and Pittsburgh sleep quality index (PSQI) scores in the combined nursing group were significantly lower than those in the conventional nursing group (
                    P
                    &lt; 0.05); after nursing, the cognitive dimension of the combined nursing group was significantly higher than that of the usual nursing group, and the expression inhibition dimension score was significantly lower than that of the usual nursing group (
                    P
                    &lt; 0.05); after nursing, the total Sleep Environment Satisfaction Scale score of the combined nursing group was significantly higher than that of the conventional nursing group (
                    P
                    &lt; 0.05).
                    Conclusion:
                    Noise management combined with meditative pranayama is associated with improvements in nocturnal blood pressure and sleep quality in patients with post-stroke sequelae of the liver-yang hyperactivity type, promoting emotional adjustment and mental stability, improving hospitalization comfort and environmental satisfaction, and demonstrating good clinical application value.",,,,10.4103/nah.nah_29_26,,,
rayyan-662093149,The Impact of Sleep Tracking Applications on Sleep Quality,2024,1,1,,,,,,Kirill Shaforostov and Nayla Murat and Ualikhan Tukenov and Ruslan Omirgaliyev,https://doi.org/10.1109/ieeeconf61558.2024.10585523,,,,,,,,10.1109/ieeeconf61558.2024.10585523,,,
rayyan-662093150,Effect of Environmental Noise in Speech Quality Assessment Studies using Crowdsourcing,2020,1,1,,,,,,Rafael Zequeira Jimenez and Babak Naderi and Sebastian Moller,https://doi.org/10.1109/qomex48832.2020.9123144,,,,,,,,10.1109/qomex48832.2020.9123144,,,
rayyan-662093151,Estimation of the Effect of Multiplicative Noise on Signal Detection against the background of Additive Noise,2020,1,1,,,,,,Vladimir Mikhaylovich Artyushenko and Vladimir Ivanovich Volovach and Ivanov Victor Vasilevich,https://doi.org/10.1109/mwent47943.2020.9067420,,,,,,,,10.1109/mwent47943.2020.9067420,,,
rayyan-662093152,Analysis of Doppler Effect of Vehicle Noise on Environmental Noise,2020,1,1,,,,,,Qian Zhao and Xintan Ma and Xiang Liu,https://doi.org/10.1109/isctt51595.2020.00112,,,,,,,,10.1109/isctt51595.2020.00112,,,
rayyan-662093153,A Noise-Robust Approach to Estimate Dimension of Sleep EEG in Mice Using Permutation Entropy,2024,1,1,,,,,,Kazuki Koyama and Masanori Sakaguchi and Takaaki Ohnishi,https://doi.org/10.1109/fuzz-ieee60900.2024.10611847,,,,,,,,10.1109/fuzz-ieee60900.2024.10611847,,,
rayyan-662093154,Multi-Scale Residual Shrinkage Network With Adaptive Thresholding for Noise-Robust EEG Sleep Staging,2026,1,1,,,,,,Jingyi Lin and Jinbiao Zhang and Jin Cheng,https://doi.org/10.1109/access.2026.3700900,,,,,,,,10.1109/access.2026.3700900,,,
rayyan-662093155,Obstructive Sleep Apnea Detection Using Sleep Architecture,2020,1,1,,,,,,Juan Liu and Qin Li and Yi Xin and Xiao Lu,https://doi.org/10.1109/icma49215.2020.9233529,,,,,,,,10.1109/icma49215.2020.9233529,,,
rayyan-662093156,Comprehensive Classification of Internet Background Noise,2020,1,1,,,,,,Maxim Zolotykh,https://doi.org/10.1109/glosic50886.2020.9267850,,,,,,,,10.1109/glosic50886.2020.9267850,,,
rayyan-662093157,Impact on Sleep Quality of Electronic Device Usage,2022,1,1,,,,,,Tatsuya Yamazaki,https://doi.org/10.1109/csit56902.2022.10000506,,,,,,,,10.1109/csit56902.2022.10000506,,,
rayyan-662093158,Cardiac Artifact Noise Removal From Sleep EEG Signals Using Hybrid Denoising Model,2022,1,1,,,,,,Rakesh Ranjan and Bikash Chandra Sahana and Ashish Kumar Bhandari,https://doi.org/10.1109/tim.2022.3198441,,,,,,,,10.1109/tim.2022.3198441,,,
rayyan-662093159,Noise-Robust Sleep States Classification Model Using Sound Feature Extraction and Conversion,2024,1,1,,,,,,Sangkeun Ko and Seongho Min and Ye Shin Choi and Woo-Je Kim and Suan Lee,https://doi.org/10.1109/bigcomp60711.2024.00051,,,,,,,,10.1109/bigcomp60711.2024.00051,,,
rayyan-662093160,Investigation for Impact of Environmental Noise on Power Analysis Attacks,2023,1,1,,,,,,Ryoma Katsube and Tomoaki Ukezono,https://doi.org/10.1109/isocc59558.2023.10396388,,,,,,,,10.1109/isocc59558.2023.10396388,,,
rayyan-662093161,Impact Analysis of Solar Background Noise on LEO Mega-Constellations,2025,1,1,,,,,,Xiyang Liu and Weigang Bai and Min Sheng and Di Zhou and Junyu Liu and Sijing Ji and Yan Zhu,https://doi.org/10.1109/icc52391.2025.11161010,,,,,,,,10.1109/icc52391.2025.11161010,,,
rayyan-662093162,Binaural sound stimulation at pink noise frequencies to reduce sleep consolidation time and its effects on bispectral index (BIS),2022,1,1,,,,,,A. E. Medellin-Serafin and F. Moumtadi,https://doi.org/10.1109/gmepe/pahce55115.2022.9757734,,,,,,,,10.1109/gmepe/pahce55115.2022.9757734,,,
rayyan-662093163,A 90nm Ring VCO with Sleep-Stack Biasing for Low Power and Phase Noise Reduction,2025,1,1,,,,,,Sathya P and Santhosh Sri Kumaran Y and Jogindhiran K J and Poorna Chandra Kumar S,https://doi.org/10.1109/i-pact65952.2025.11308047,,,,,,,,10.1109/i-pact65952.2025.11308047,,,
rayyan-662093164,Background Noise Adaptive Energy-Efficient Keywords Recognition Processor With Reusable DNN and Reconfigurable Architecture,2022,1,1,,,,,,Guoqiang He and Xiaoling Ding and Minghao Zhou and Bo Liu and Li Li,https://doi.org/10.1109/access.2022.3150354,,,,,,,,10.1109/access.2022.3150354,,,
rayyan-662093165,Effects of Background Noise on Communication Abilities and Subjective Effort in Listeners with Normal and Impaired Hearing,2025,1,1,,,,,,Julia Schütze and Christoph Kirsch and Stephan D. Ewert and Manuj Yadav and Birger Kollmeier,https://doi.org/10.1109/i3da65421.2025.11202062,,,,,,,,10.1109/i3da65421.2025.11202062,,,
rayyan-662093166,Machine Learning Techniques for Sleep Disorder Classification and Sleep Quality Assessment,2024,1,1,,,,,,Divya Rishi Sahu and Rajeev Kumar Gupta,https://doi.org/10.1109/acoit62457.2024.10939162,,,,,,,,10.1109/acoit62457.2024.10939162,,,
rayyan-662093167,Novel Training Paradigm and Ablation Study on Integrating Background Noise with Variable Accuracy for Noise-Aware Speech Enhancement,2025,1,1,,,,,,Siyuan Song and Haixin Zhao and Nilesh Madhu,https://doi.org/10.1109/ispa66905.2025.11259446,,,,,,,,10.1109/ispa66905.2025.11259446,,,
rayyan-662093168,Sleep Behavior Classification Based on Clusters of Sleep Quality,2023,1,1,,,,,,Pawonrat Khumngoen and Sukree Sinthupinyo,https://doi.org/10.1109/jcsse58229.2023.10202108,,,,,,,,10.1109/jcsse58229.2023.10202108,,,
rayyan-662093169,Autoencoder-based background reconstruction and foreground segmentation with background noise estimation,2023,1,1,,,,,,Bruno Sauvalle and Arnaud de La Fortelle,https://doi.org/10.1109/wacv56688.2023.00326,,,,,,,,10.1109/wacv56688.2023.00326,,,
rayyan-662093170,Analyzing The Impact Of Sleep Quality On Cognitive Abilities Using Game-Based Assessment,2024,1,1,,,,,,Amirali Shahriary and Fattaneh Taghiyareh and Farbod Bijary and Mohsen Mahmoudi,https://doi.org/10.1109/ist64061.2024.10843632,,,,,,,,10.1109/ist64061.2024.10843632,,,
rayyan-662093171,Objective Sleep Quality Prediction from the Period Before Sleep Onset,2025,1,1,,,,,,Tianzhe Chen and Haoqi Sun and Elizaveta Tremsina and Tingying Helen Zeng,https://doi.org/10.1109/bibm66473.2025.11356116,,,,,,,,10.1109/bibm66473.2025.11356116,,,
rayyan-662093172,Predicting Sleep Quality Using the Pittsburgh Sleep Quality Index: A Machine Learning Approach,2025,1,1,,,,,,Abdur Rahman and Mahfuz Ahmed Anik and Shahoriar Muttaki Utshaw and Azmine Toushik Wasi and A. M. M. Mukaddes,https://doi.org/10.1109/iccit68739.2025.11491297,,,,,,,,10.1109/iccit68739.2025.11491297,,,
rayyan-662093173,"Sleep Quality Monitoring based on Sleep Stage, Vital Sign, and PSQI",2023,1,1,,,,,,David Habsara Hareva and Jovita Senjoyo and Irene Astuti Lazarusli,https://doi.org/10.1109/conmedia60526.2023.10428167,,,,,,,,10.1109/conmedia60526.2023.10428167,,,
rayyan-662093174,"Associations Between Sleep Quality, Sleep Control, and Depressive Symptomatology Among Undergraduate Students",2026,1,1,,,,,,Sanket Shah and Deepam Makwana and Shreshang Thakor,https://doi.org/10.1109/icei65890.2026.11447508,,,,,,,,10.1109/icei65890.2026.11447508,,,
rayyan-662093175,Environmental Control with In-Bed Airflow to Improve Sleep Quality,2025,1,1,,,,,,Taizo Aoki and Hiroshi Maruyama and Kazutaka Yamamoto and Shuzhen Zhou and Shima Okada,https://doi.org/10.1109/icce63647.2025.10929893,,,,,,,,10.1109/icce63647.2025.10929893,,,
rayyan-662093176,Improving Sleep Quality Through an Arduino-Based Environment Sleep Monitoring System,2023,1,1,,,,,,Carolina Salvade and Virginia Tasso and Filippo Carloni and Marco D. Santambrogio,https://doi.org/10.1109/eurocon56442.2023.10199012,,,,,,,,10.1109/eurocon56442.2023.10199012,,,
rayyan-662093177,Noise Equilibrium Frequency as a Measure of the Low Noise Devices Quality Involves the Lambert Function,2021,1,1,,,,,,Horia-Nicolai Teodorescu,https://doi.org/10.1109/iseee53383.2021.9628679,,,,,,,,10.1109/iseee53383.2021.9628679,,,
rayyan-662093178,Make Some Noise! Measuring Noise Model Quality in Real-World Quantum Software,2025,1,1,,,,,,Stefan Raimund Maschek and Jürgen Schwitalla and Maja Franz and Wolfgang Mauerer,https://doi.org/10.1109/qsw67625.2025.00010,,,,,,,,10.1109/qsw67625.2025.00010,,,
rayyan-662093179,Real-Time Machine Learning for Air Quality and Environmental Noise Detection,2020,1,1,,,,,,Sayed Khushal Shah and Zeenat Tariq and Jeehwan Lee and Yugyung Lee,https://doi.org/10.1109/bigdata50022.2020.9377939,,,,,,,,10.1109/bigdata50022.2020.9377939,,,
rayyan-662093180,Noise-SDR: Arbitrary Modulation of Electromagnetic Noise from Unprivileged Software and Its Impact on Emission Security,2022,1,1,,,,,,Giovanni Camurati and Aurélien Francillon,https://doi.org/10.1109/sp46214.2022.9833767,,,,,,,,10.1109/sp46214.2022.9833767,,,
rayyan-662093181,Lifestyle to Sleep Health: A CNN-LSTM Approach for Predicting Sleep Quality and Disorders,2024,1,1,,,,,,Cherie Vartika Stephen and Tasmina Islam,https://doi.org/10.1109/icicyta64807.2024.10912866,,,,,,,,10.1109/icicyta64807.2024.10912866,,,
rayyan-662093182,Sleep Disorder Analysis: Unveiling the Interplay Between Lifestyle Health and Sleep Quality,2024,1,1,,,,,,Sarah Alshumayri and Reema Abdallah and Yehya Asseri and Zain Balfagih,https://doi.org/10.1109/lt60077.2024.10468720,,,,,,,,10.1109/lt60077.2024.10468720,,,
rayyan-662093183,Impact of Noise on the Resilience and the Security of Quantum Computing,2021,1,1,,,,,,Abdullah Ash Saki and Mahabubul Alam and Swaroop Ghosh,https://doi.org/10.1109/isqed51717.2021.9424258,,,,,,,,10.1109/isqed51717.2021.9424258,,,
rayyan-662093184,Using Under-Trained Deep Ensembles to Learn Under Extreme Label Noise: A Case Study for Sleep Apnea Detection,2021,1,1,,,,,,Konstantinos Nikolaidis and Thomas Plagemann and Stein Kristiansen and Vera Goebel and Mohan Kankanhalli,https://doi.org/10.1109/access.2021.3067455,,,,,,,,10.1109/access.2021.3067455,,,
rayyan-662093185,Using Sinusoidally-Modulated Noise as a Surrogate for Slow-Wave Sleep to Accomplish Stable Unsupervised Dictionary Learning in a Spike-Based Sparse Coding Model,2020,1,1,,,,,,Yijing Watkins and Edward Kim and Andrew Sornborger and Garrett T. Kenyon,https://doi.org/10.1109/cvprw50498.2020.00188,,,,,,,,10.1109/cvprw50498.2020.00188,,,
rayyan-662093186,Advanced Sleep Health Analyzer: A Machine Learning–Driven Approach for Personalized Sleep Quality Prediction and Health Intervention,2026,1,1,,,,,,Bangera Jnanesh Ratnakar and Pallavi Shetty,https://doi.org/10.1109/aide69088.2026.11545128,,,,,,,,10.1109/aide69088.2026.11545128,,,
rayyan-662093187,AlexCapsNet: An Integrated Architecture for Image Classification With Background Noise,2025,1,1,,,,,,Muyi Bao and Nanlin Jin and Ming Xu,https://doi.org/10.1109/access.2025.3544661,,,,,,,,10.1109/access.2025.3544661,,,
rayyan-662093188,A Prediction Model for Rainstorm Estimation Using Deep Sea Background Noise,2022,1,1,,,,,,Jayashree Agarkhed and Mohammadi Iram,https://doi.org/10.1109/i4tech55392.2022.9952539,,,,,,,,10.1109/i4tech55392.2022.9952539,,,
rayyan-662093189,Noise and Gaussian Clutter Background Descending Dimensional Subspace Signal Detector,2023,1,1,,,,,,Zhan Zhou and Guangfen Wei and Xu Liu and Yuan Luo and Tao Jian,https://doi.org/10.1109/sensors56945.2023.10324948,,,,,,,,10.1109/sensors56945.2023.10324948,,,
rayyan-662093190,Lightweight solution to background noise in crowd counting,2020,1,1,,,,,,Thien Thai and Ngoc Quoc Ly,https://doi.org/10.1109/nics51282.2020.9335834,,,,,,,,10.1109/nics51282.2020.9335834,,,
rayyan-662093191,Towards Improving Sleep Quality Using Automatic Sleep Stage Classification and Binaural Beats,2020,1,1,,,,,,Jose P. Munoz and Luis A. Rivera,https://doi.org/10.1109/embc44109.2020.9176385,,,,"Sleep disorders are extremely common in today's society and are greatly affecting the health and safety of every person suffering from one. Over the last decades, Automatic Sleep Stage Classification (ASSC) systems have been developed to assist specialists in the sleep stage scoring process and therefore in the diagnosis of sleep disorders. Binaural beats are auditory phenomena that have been shown to have a positive impact in sleep quality and mental state. This paper introduces a framework that combines an ASSC system and a binaural beats generator in real time. Our goal is to pave the way for developing systems which could reproduce specific binaural beats depending on the detected sleep stage, in order to entrain the brain into a more efficient sleep. For the ASSC stage, different classifiers were evaluated using data signals retrieved from a public sleep stage signals database, corresponding to ten subjects. The complete framework was tested using the database signals and signals from a test subject, captured and processed in real time. Our proposed framework may lead to a fully automated system to improve sleep quality without the need of medication.",,,,10.1109/embc44109.2020.9176385,,,
rayyan-662093192,Predicting Sleep Efficiency and Apnea Index Using ECG-Derived and Sleep Quality Features: A Machine Learning Approach,2025,1,1,,,,,,Mahla Khodaverdi and Raheleh Davoodi,https://doi.org/10.1109/icbme68496.2025.11392512,,,,,,,,10.1109/icbme68496.2025.11392512,,,
rayyan-662093193,Background Noise of the Internet: Look from Russian Segment,2020,1,1,,,,,,Maxim Zolotykh and Ilya Nikulin,https://doi.org/10.1109/usbereit48449.2020.9117630,,,,,,,,10.1109/usbereit48449.2020.9117630,,,
rayyan-662093194,An Association Rule Analysis of Acupressure Effect on Sleep Quality,2021,1,1,,,,,,Chih-Hung Lin and I-Shiang Tzeng and Ya-Hsuan Lin and Chan-Yen Kuo,https://doi.org/10.1109/bibm52615.2021.9669146,,,,,,,,10.1109/bibm52615.2021.9669146,,,
rayyan-662093195,Integrated Acoustic Localization and State Recognition for UAVs Under Background Noise,2026,1,1,,,,,,Wenrui Gou and Dexin Li,https://doi.org/10.1109/eei70303.2026.11640549,,,,,,,,10.1109/eei70303.2026.11640549,,,
rayyan-662093196,Exploration of Factors Influencing Noise Detection on Health Wearable Devices during Hand Motion Artifacts: Study on Noise Impact,2024,1,1,,,,,,Rizqi Ramadhan and Izzat Aulia Akbar,https://doi.org/10.1109/isitia63062.2024.10668366,,,,,,,,10.1109/isitia63062.2024.10668366,,,
rayyan-662093197,Assessment of Environmental Noise Annoyance: A Case Study of Industrial Noise in Thailand,2021,1,1,,,,,,P. Tinnam and N. Yodpijit and M. Jongprasithporn and S. Junsupasen,https://doi.org/10.1109/ieem50564.2021.9672800,,,,,,,,10.1109/ieem50564.2021.9672800,,,
rayyan-662093198,Effect Analysis of Microwave Power Transmitting Background Noise on Pilot Signal Reception,2024,1,1,,,,,,Shi-Wei Dong and Ying Wang and Yazhou Dong and Feng Gao and Weiwei Wang and Yafeng Li and Qiangli Xi and Qiaoshan Zhang and Zhengjun Li,https://doi.org/10.1109/icmmt61774.2024.10672111,,,,,,,,10.1109/icmmt61774.2024.10672111,,,
rayyan-662093199,Noise and Environmental Justice in Drone Fleet Delivery Paths: A Simulation-Based Audit and Algorithm for Fairer Impact Distribution,2023,1,1,,,,,,Zewei Zhou and Martim Brandão,https://doi.org/10.1109/icra48891.2023.10160821,,,,,,,,10.1109/icra48891.2023.10160821,,,
rayyan-662093200,"Effect of Sleep EEG, EOG, ECG and SPO2 Signals on Sleep Apnea Classification",2024,1,1,,,,,,Evrim YILDIZ and Cengiz TEPE and Nevra GÜLLÜ Arslan,https://doi.org/10.1109/ismsit63511.2024.10757271,,,,,,,,10.1109/ismsit63511.2024.10757271,,,
rayyan-662093201,Foreground-Background Separation Method for Noise Removal in Low-Illuminance Images,2026,1,1,,,,,,Naruki Inoue and Yasuyuki Miura,https://doi.org/10.1109/icct-pacific69083.2026.11518875,,,,,,,,10.1109/icct-pacific69083.2026.11518875,,,
rayyan-662093202,"In-Home, Smart Sleep Monitoring System for Cardiorespiratory Estimation and Sleep Apnea Detection: Proof of Concept",2024,1,1,,,,,,Mostafa Haghi and Natividad Martínez Madrid and Ralf Seepold,https://doi.org/10.1109/jsen.2024.3370819,,,,,,,,10.1109/jsen.2024.3370819,,,
rayyan-662093203,A Personalized Adaptive Algorithm for Sleep Quality Prediction using Physiological and Environmental Sensing Data,2021,1,1,,,,,,Nguyen Thi Phuoc Van and Dao Minh Son and Koji Zettsu,https://doi.org/10.1109/nics54270.2021.9700990,,,,,,,,10.1109/nics54270.2021.9700990,,,
rayyan-662093204,"Exploring the Impact of Image Quality on Convolutional Neural Networks: A Study on Noise, Blur, and Contrast",2023,1,1,,,,,,Marwa Kareem Ghoben and Lamia Abed Noor Muhammed,https://doi.org/10.1109/icosnikom60230.2023.10364394,,,,,,,,10.1109/icosnikom60230.2023.10364394,,,
rayyan-662093205,A 79.1dB-SNDR 20MHz-BW 2<sup>nd</sup>-Order SAR-Assisted Noise-Shaping Pipeline ADC with Gain and Offset Background Calibrations Based on Convergence Enhanced Split-Over-Time Architecture,2021,1,1,,,,,,Yanbo Zhang and Jin Zhang and Shubin Liu and Zhangming Zhu and Yan Zhu and Chi-hang Chan and R.P. Martins,https://doi.org/10.1109/cicc51472.2021.9431444,,,,,,,,10.1109/cicc51472.2021.9431444,,,
rayyan-662093206,Autonomous Reaction Wheel Magnetic Signature Detection Against Background Noise in Spacecraft,2023,1,1,,,,,,Ananya Sen Gupta and David Miles,https://doi.org/10.1109/lsens.2023.3308124,,,,,,,,10.1109/lsens.2023.3308124,,,
rayyan-662093207,Exploring The Impact of Soundscapes on Emotional States: A Data Driven Approach on Environmental Noise Recording,2024,1,1,,,,,,Michele Giuseppe Di Cesare and David Perpetuini and Daniela Cardone and Arcangelo Merla,https://doi.org/10.1109/ehb64556.2024.10805681,,,,,,,,10.1109/ehb64556.2024.10805681,,,
rayyan-662093208,Breathing to Sleep: Predicting Sleep Quality in COPD Patients with Respiratory Signals Derived From the Chest-Wearable RESpeck,2025,1,1,,,,,,D.K. Arvind and Passara Chanchotisatien and Jack Taylor and Isabel Martinez-Barona Garcia,https://doi.org/10.1109/bibe66822.2025.00026,,,,,,,,10.1109/bibe66822.2025.00026,,,
rayyan-662093209,Partially Adaptive Multichannel Joint Reduction of Ego-Noise and Environmental Noise,2023,1,1,,,,,,Huajian Fang and Niklas Wittmer and Johannes Twiefel and Stefan Wermter and Timo Gerkmann,https://doi.org/10.1109/icassp49357.2023.10096344,,,,,,,,10.1109/icassp49357.2023.10096344,,,
rayyan-662093210,Gesture-Driven Laptop Control with AI-Powered Background Noise Analysis,2025,1,1,,,,,,Nikhil Chabhadia and Nisarg Parmar and Aarti Solanki,https://doi.org/10.1109/aimv66517.2025.11203580,,,,,,,,10.1109/aimv66517.2025.11203580,,,
rayyan-662093211,Noise Improves Noise: Verification of Pre-Training Effect with Weakly Labeled Data on Social Media NER,2020,1,1,,,,,,Yejin Kim and Juae Kim and Jungyun Seo,https://doi.org/10.1109/bigcomp48618.2020.00-70,,,,,,,,10.1109/bigcomp48618.2020.00-70,,,
rayyan-662093212,Intelligent Environmental Noise Removal for Substations Noise Monitoring via Deep Learning,2023,1,1,,,,,,Wenchen Chen and Hao Yi and Aowei Chen and Yingdong Liu and Yayu Gao and Jingzhu Hu and Zhenghai Liao and Jun Zhao,https://doi.org/10.1109/icpet59380.2023.10367464,,,,,,,,10.1109/icpet59380.2023.10367464,,,
rayyan-662093213,Voice Activity Detection in Background Noise by Feature-Driven One-Class Variational Autoencoder,2026,1,1,,,,,,Nafisa Zarrin Tasnim and Nasser Kehtarnavaz,https://doi.org/10.1109/dcas69364.2026.11544638,,,,,,,,10.1109/dcas69364.2026.11544638,,,
rayyan-662093214,Method for Extracting Weak Fault Features of Rolling Bearings Under Strong Noise Background,2026,1,1,,,,,,Yunjian Ji and Jiajia Wu and Yingying Liu,https://doi.org/10.1109/ccdc69976.2026.11560259,,,,,,,,10.1109/ccdc69976.2026.11560259,,,
rayyan-662093215,An Inaccurate Median Filter Architecture for Salt and Pepper Noise Removal,2022,1,1,,,,,,Midde Venkata Siva and E P Jayakumar,https://doi.org/10.1109/vlsisata54927.2022.10046479,,,,,,,,10.1109/vlsisata54927.2022.10046479,,,
rayyan-662093216,Posture Recognition with Background Noise Elimination Using FMCW Radar,2020,1,1,,,,,,Zhao He and Xinxin Feng and Haifeng Zheng and Wenlong Li,https://doi.org/10.1109/csrswtc50769.2020.9372515,,,,,,,,10.1109/csrswtc50769.2020.9372515,,,
rayyan-662093217,A Background Noise Removal Method for 3D Gaussian Point Clouds,2025,1,1,,,,,,Jiaxing Tian and Yingzhe Luo and Tiecheng Sun,https://doi.org/10.1109/icecai66283.2025.11170596,,,,,,,,10.1109/icecai66283.2025.11170596,,,
rayyan-662093218,Home-Based Background Noise Levels Assessment Tool Using Machine Learning,2025,1,1,,,,,,Rajaa Nabhan and Maryam AlWashahi and Abigail Copiaco,https://doi.org/10.1109/icspis67605.2025.11318320,,,,,,,,10.1109/icspis67605.2025.11318320,,,
rayyan-662093219,"Review for ""Hardware Platform Stripe Noise Estimation and Random Noise Removal Framework""",2024,1,1,,,,,,,https://doi.org/10.1109/tgrs.2024.3474925/v1/review1,,,,,,,,10.1109/tgrs.2024.3474925/v1/review1,,,
rayyan-662093220,Combustion Quality Evaluation by Burning Noise Analysis,2020,1,1,,,,,,Eugen Lupu and Simina Emerich and Radu Arsinte,https://doi.org/10.1109/aqtr49680.2020.9130010,,,,,,,,10.1109/aqtr49680.2020.9130010,,,
rayyan-662093221,The Role of Model Personalization for Sleep Stage and Sleep Quality Recognition Using Wearables,2022,1,1,,,,,,Shkurta Gashi and Lidia Alecci and Elena Di Lascio and Maike E. Debus and Francesca Gasparini and Silvia Santini,https://doi.org/10.1109/mprv.2022.3164334,,,,,,,,10.1109/mprv.2022.3164334,,,
rayyan-662093222,Impact of Low Frequency Noise Source over Tunnel Field Effect Transistor in Nano Regime,2021,1,1,,,,,,Sweta Chander and Rekha Chaudhary and Sanjeet Kumar Sinha,https://doi.org/10.1109/rteict52294.2021.9573734,,,,,,,,10.1109/rteict52294.2021.9573734,,,
rayyan-662093223,Exploring Mental Well-Being Based on Daily Routine Patterns and on the Impact of Sleep Quality,2025,1,1,,,,,,Md. Rubayed Hossain and Sumaiya Akter Ritu and Md. Tauhid and Md. Firoz Hasan,https://doi.org/10.1109/ecce64574.2025.11013979,,,,,,,,10.1109/ecce64574.2025.11013979,,,
rayyan-662093224,On the Necessity of Assessing Noise Pollution Intensity to Investigate Environmental and Societal Impact,2021,1,1,,,,,,R. M. Weerasinghe and R. M. Chandima Rathnayake and D. C. Jayarathne,https://doi.org/10.1109/ieem50564.2021.9672887,,,,,,,,10.1109/ieem50564.2021.9672887,,,
rayyan-662093225,Investigating the Impact of Habitual Sleep Quality on Episodic Memory Performance: An Eeg-Based Representational Similarity Analysis,2025,1,1,,,,,,Masoud Seraji and Soroush Mirjalili and Audrey Duarte and Vince D Calhoun,https://doi.org/10.1109/isbi60581.2025.10980936,,,,,,,,10.1109/isbi60581.2025.10980936,,,
rayyan-662093226,Speech Segregation in Background Noise Based on Deep Learning,2020,1,1,,,,,,Joseph Bamidele Awotunde and Roseline Oluwaseun Ogundokun and Femi Emmanuel Ayo and Opeyemi Emmanuel Matiluko,https://doi.org/10.1109/access.2020.3024077,,,,,,,,10.1109/access.2020.3024077,,,
rayyan-662093227,Detecting and filtering multiple drone controller signals from background noise using bearing &amp; amplitude data,2021,1,1,,,,,,Anwar. M. Fanan and Meftah. A. Mehdawi and J. C. Murray,https://doi.org/10.1109/telfor52709.2021.9653345,,,,,,,,10.1109/telfor52709.2021.9653345,,,
rayyan-662093228,Need for Sleep: The Impact of a Night of Sleep Deprivation on Novice Developers’ Performance,2020,1,1,,,,,,Davide Fucci and Giuseppe Scanniello and Simone Romano and Natalia Juristo,https://doi.org/10.1109/tse.2018.2834900,,,,,,,,10.1109/tse.2018.2834900,,,
rayyan-662093229,Impact of synthetic noise signature and physiologic ECG signal on designing ML-based ECG noise detection framework,2023,1,1,,,,,,Saifur Rahman and Ahsan Habib and Chandan Karmakar and John Yearwood,https://doi.org/10.1109/embc40787.2023.10341145,,,,"Automatic signal analysis using artificial intelligence is getting popular in digital healthcare, such as ECG rhythm analysis, where ECG signals are collected from traditional ECG machines or wearable ECG sensors. However, the risk of using an automated system for ECG analysis when noise is present can lead to incorrect diagnosis or treatment decisions. A noise detector is crucial to minimise the risk of incorrect diagnosis. Machine learning (ML) models are used in ECG noise detection before clinical decision-making systems to mitigate false alarms. However, it is essential to prove the generalisation capability of the ML model in different situations. ML models performance is 50% lesser when the model is trained with synthetic and tested with physiologic ECG datasets compared to trained and tested with physiologic ECG datasets. This suggests that the ML model must be trained with physiologic ECG datasets rather than synthetic ones or add more various types of noise in synthetic ECG datasets that can mimic physiologic ECG.Clinical relevance- ML model trained with synthetic noisy ECG can increase the 50% misclassification rate in ECG noise detection compared to training with physiologic ECG datasets. The wrong classification of noise-free and noisy ECG will lead to misdiagnosis regarding the patient's condition, which could be a cause of death.",,,,10.1109/embc40787.2023.10341145,,,
rayyan-662093230,Low Frequency Noise and Synergy Effect in Hybrid Composites with Carbon Nanoparticles,2023,1,1,,,,,,Frydrichas Mireckas and Marina Korzhenevskaya and Sandra Pralgauskaitė and Jonas Matukas and Darya Meisak and Sergejs Gaidukovs and Jan Macutkevič and Jūras Banys,https://doi.org/10.1109/icnf57520.2023.10472743,,,,,,,,10.1109/icnf57520.2023.10472743,,,
rayyan-662093231,The effect of cell-to-cell variation in CMUTs on quality factor and frequency noise,2023,1,1,,,,,,Jin Hyuk Kim and Chang Hoon Lee and Beom Hoon Park and Kwan Kyu Park,https://doi.org/10.1109/ius51837.2023.10307600,,,,,,,,10.1109/ius51837.2023.10307600,,,
rayyan-662093232,Investigating the Effect of Feature Distribution Shift on the Performance of Sleep Stage Classification with Consumer Sleep Trackers,2021,1,1,,,,,,Pataranit Sirithummarak and Zilu Liang,https://doi.org/10.1109/gcce53005.2021.9621361,,,,,,,,10.1109/gcce53005.2021.9621361,,,
rayyan-662093233,Developing An Environmental Monitoring Dashboard to Identify Construction Activities That Affect On-Site Air Quality and Noise,2023,1,1,,,,,,Casey Calixto and Juan Chavez and Arsalan Heydarian and Abid Hussain and Kathryn Owens and Alex Repak,https://doi.org/10.1109/sieds58326.2023.10137893,,,,,,,,10.1109/sieds58326.2023.10137893,,,
rayyan-662093234,Enhancing Data Quality with Label Noise Detection,2023,1,1,,,,,,Wanwan Zheng,https://doi.org/10.1109/csci62032.2023.00121,,,,,,,,10.1109/csci62032.2023.00121,,,
rayyan-662093235,Impact of Phase Noise on FMCW and PMCW Radars,2023,1,1,,,,,,Marc Bauduin and André Bourdoux,https://doi.org/10.1109/radarconf2351548.2023.10149598,,,,,,,,10.1109/radarconf2351548.2023.10149598,,,
rayyan-662093236,Attacking VQA Systems via Adversarial Background Noise,2020,1,1,,,,,,Akshay Chaturvedi and Utpal Garain,https://doi.org/10.1109/tetci.2020.2977695,,,,,,,,10.1109/tetci.2020.2977695,,,
rayyan-662093237,Background-Aware Pooling and Noise-Aware Loss for Weakly-Supervised Semantic Segmentation,2021,1,1,,,,,,Youngmin Oh and Beomjun Kim and Bumsub Ham,https://doi.org/10.1109/cvpr46437.2021.00684,,,,,,,,10.1109/cvpr46437.2021.00684,,,
rayyan-662093238,A Digital Phase-Locked Loop With Background Supply Noise Cancellation,2021,1,1,,,,,,Yen-Min Tseng and Yu-Chi Yen and Shen-Iuan Liu,https://doi.org/10.1109/vlsi-dat52063.2021.9427357,,,,,,,,10.1109/vlsi-dat52063.2021.9427357,,,
rayyan-662093239,Background Noise Reduction for Solar-Blind Ultraviolet Images,2025,1,1,,,,,,Hao Liang and Zhiyuan Zhu and Haijun Lou,https://doi.org/10.1109/icicml67980.2025.11333429,,,,,,,,10.1109/icicml67980.2025.11333429,,,
rayyan-662093240,Injected Harmonic Impedance Measurement Method Considering Background Harmonic and Noise,2023,1,1,,,,,,Dianlang Wang and Jing Chen and Qi Yin and Hanlin Ding and Zhuoya Li and Hong Miao,https://doi.org/10.1109/icei60179.2023.00041,,,,,,,,10.1109/icei60179.2023.00041,,,
rayyan-662093241,Beamforming Under Correlated Noise Background Based on Generalized Sidelobe Cancellation Algorithm,2024,1,1,,,,,,Han Yuyang and Ma Yan and Luo Jian and Hu Houkun,https://doi.org/10.1109/icspcc62635.2024.10770301,,,,,,,,10.1109/icspcc62635.2024.10770301,,,
rayyan-662093242,Channel Prediction Based on Transformer Architecture in High Dynamic MIMO: Mitigating Noise Effect and Eliminating Error Accumulation,2025,1,1,,,,,,Yihao Liu and Zhiyong Luo,https://doi.org/10.1109/wcnc61545.2025.10978144,,,,,,,,10.1109/wcnc61545.2025.10978144,,,
rayyan-662093243,Distributed IoT Architecture for Real-Time Noise Compliance in Sustainable Urban Environments,2026,1,1,,,,,,Tummala Adithya Reddy and Anoop S,https://doi.org/10.1109/iciss67859.2026.11454093,,,,,,,,10.1109/iciss67859.2026.11454093,,,
rayyan-662094297,Evaluation of perceived speech quality for VoIP codecs under different loudness and background noise condition,2020,1,1,,,,,,Suparnakanti Das and Paromita Choudhury,https://doi.org/10.1145/3369740.3372774,,,,,,,,10.1145/3369740.3372774,,,
rayyan-662094298,Analysis of Sleep Habits: Prediction of Quality of Sleep and Reasoning Ability (Cognitive Skills),2024,1,1,,,,,,Abhishek Bhat and Chinthimi Hemachandra and Vidhathri V and M S Anand,https://doi.org/10.1145/3704198.3704214,,,,,,,,10.1145/3704198.3704214,,,
rayyan-662094299,The impact of sleep quality on procrastination behavior of college students: the mediating role of fatigue and core self-evaluation,2025,1,1,,,,,,Maoqin Tang and Dan He,https://doi.org/10.1145/3729605.3729670,,,,,,,,10.1145/3729605.3729670,,,
rayyan-662094300,Weak signal detection technology based on improved background noise subtraction,2023,1,1,,,,,,Qi Liu and Sunqing Xu,https://doi.org/10.1145/3617184.3630154,,,,,,,,10.1145/3617184.3630154,,,
rayyan-662094301,Enhancing Sleep Quality of People on the Autism Spectrum using Assistive Technology: A Concept,2022,1,1,,,,,,Sascha H. Fink and Lukas Wohofsky and Daniela Krainer,https://doi.org/10.1145/3529190.3534758,,,,,,,,10.1145/3529190.3534758,,,
rayyan-662094302,Analysis and Prediction of Cycling Behavior's Effect on Sleep Quality by Means of Machine Learning,2025,1,1,,,,,,Jinqiang Huang,https://doi.org/10.1145/3745238.3745498,,,,,,,,10.1145/3745238.3745498,,,
rayyan-662094303,"An Analysis of Pain, Muscle Tension, Quality of Sleep, Satisfaction, and Comfort in Sleep on the Innovative Latex Mattress for Back Patients, Healthy, and Older and Commercial Latex Mattress",2021,1,1,,,,,,Pattariya Intolo and Komson Plangsiri,https://doi.org/10.1145/3484377.3484395,,,,,,,,10.1145/3484377.3484395,,,
rayyan-662094304,Weak Signal Detection Methods under Strong Background Noise Based on Physics-Informed Neural Networks,2024,1,1,,,,,,Qunfeng Wei and Bin Qi,https://doi.org/10.1145/3735014.3735870,,,,,,,,10.1145/3735014.3735870,,,
rayyan-662094305,Comparison of machine learning methods to predict sleep quality from daytime activity and nightly bedroom environmental conditions,2021,1,1,,,,,,Hagen Fritz and Congyu Wu and Kerry Kinney and Zoltan Nagy,https://doi.org/10.1145/3486611.3492227,,,,,,,,10.1145/3486611.3492227,,,
rayyan-662094306,A Survey on Classifying Big Data with Label Noise,2022,1,1,,,,,,Justin M. Johnson and Taghi M. Khoshgoftaar,https://doi.org/10.1145/3492546,,,,"Class label noise is a critical component of data quality that directly inhibits the predictive performance of machine learning algorithms. While many data-level and algorithm-level methods exist for treating label noise, the challenges associated with big data call for new and improved methods. This survey addresses these concerns by providing an extensive literature review on treating label noise within big data. We begin with an introduction to the class label noise problem and traditional methods for treating label noise. Next, we present 30 methods for treating class label noise in a range of big data contexts, i.e., high-volume, high-variety, and high-velocity problems. The surveyed works include distributed solutions capable of operating on datasets of arbitrary sizes, deep learning techniques for large-scale datasets with limited clean labels, and streaming techniques for detecting class noise in the presence of concept drift. Common trends and best practices are identified in each of these areas, implementation details are reviewed, empirical results are compared across studies when applicable, and references to 17 open-source projects and programming packages are provided. An emphasis on label noise challenges, solutions, and empirical results as they relate to big data distinguishes this work as a unique contribution that will inspire future research and guide machine learning practitioners.",,,,10.1145/3492546,,,
rayyan-662094307,Signal Extraction and Damage Identification of Derrick Steel Structure Under Noise Background,2024,1,1,,,,,,Guoqing Zhu and Dongying Han and Zhentao Mi and Yanshuai Yang and Yanfei Liu and Tianyu Liu,https://doi.org/10.1145/3700035.3700048,,,,,,,,10.1145/3700035.3700048,,,
rayyan-662094308,Heed the noise in performance evaluations in neural architecture search,2022,1,1,,,,,,Arkadiy Dushatskiy and Tanja Alderliesten and Peter A. N. Bosman,https://doi.org/10.1145/3520304.3533995,,,,,,,,10.1145/3520304.3533995,,,
rayyan-662094309,Contactless sleep quality monitoring through thermal vision,2022,1,1,,,,,,Abdallah Naser and Ahmad Lotfi and Junpei Zhong,https://doi.org/10.1145/3529190.3534716,,,,,,,,10.1145/3529190.3534716,,,
rayyan-662094310,Clinical Effect Analysis of Obstructive Sleep Apnea Hypopnea Syndrome,2020,1,1,,,,,,Yu Wang,https://doi.org/10.1145/3429889.3429918,,,,,,,,10.1145/3429889.3429918,,,
rayyan-662094311,Exploring profiling and personalisation in sleep music design: towards conceptualising musical sleep aids for hospital use,2022,1,1,,,,,,Stefano Delle Monache and Doudou Jia and Daan Kamphuis and Elif Özcan,https://doi.org/10.1145/3561212.3561245,,,,,,,,10.1145/3561212.3561245,,,
rayyan-662094312,Enhancing Sleep Disorder Diagnosis with a Machine Learning Approach Using Ensemble Neural Networks: Sleep Disorder Diagnosis with Ensemble Neural Networks,2024,1,1,,,,,,Md Samiul Alom and Samiha Maisha Jeba and Angkon Debnath and Tanjim Taharat Aurpa and Rifat Siddiqua,https://doi.org/10.1145/3704522.3704533,,,,,,,,10.1145/3704522.3704533,,,
rayyan-662094313,Mitigating MOSFET Noise: Analysis and Implementation of Chopper Amplifiers for Reduced Flicker Noise,2023,1,1,,,,,,Yidong Fang,https://doi.org/10.1145/3640115.3640126,,,,,,,,10.1145/3640115.3640126,,,
rayyan-662094314,Deep Noise-Aware Quality Loss for Speaker Verification,2024,1,1,,,,,,Pantid Chantangphol and Theerat Sakdejayont and Monchai Lertsutthiwong and Tawunrat Chalothorn,https://doi.org/10.1145/3627673.3679895,,,,,,,,10.1145/3627673.3679895,,,
rayyan-662094315,"The Association of Sodium Intake on Sleep Quality and Quality of Life of Hill Tribes in Chiang Rai Province, Northern Thailand",2020,1,1,,,,,,Phatcharin Winyangkul and Anusara Pongjanta and Watcharapong Ruankham,https://doi.org/10.1145/3418094.3418113,,,,,,,,10.1145/3418094.3418113,,,
rayyan-662094316,Sleep-CBDDM: Sleep Data Augmentation Method Based on Conditional Bilateral Denoising Diffusion Model,2023,1,1,,,,,,Yue Yin,https://doi.org/10.1145/3644116.3644241,,,,,,,,10.1145/3644116.3644241,,,
rayyan-662094317,Doplor Sleep: Monitoring Hospital Soundscapes for Better Sleep Hygiene,2022,1,1,,,,,,Elif Özcan and Yiling Liu and Jered Vroon and Daan Kamphuis and Simone Spagnol,https://doi.org/10.1145/3545729.3545745,,,,,,,,10.1145/3545729.3545745,,,
rayyan-662094318,The Effect of Workplace Bullying on Sleep Quality: A Mediated Moderation Model,2022,1,1,,,,,,Lin Chang and Jie Zhu and Rui Zheng,https://doi.org/10.1145/3556089.3556201,,,,,,,,10.1145/3556089.3556201,,,
rayyan-662094319,Marine Environment Noise Characteristic Test and Ship Impact Analysis,2021,1,1,,,,,,Tongkui Yu and Yan Zhou and Haide Jiang and Zhijie Liang and Pengyun Sun,https://doi.org/10.1145/3469213.3471372,,,,,,,,10.1145/3469213.3471372,,,
rayyan-662094320,Towards Robustness to Label Noise in Text Classification via Noise Modeling,2021,1,1,,,,,,Siddhant Garg and Goutham Ramakrishnan and Varun Thumbe,https://doi.org/10.1145/3459637.3482204,,,,,,,,10.1145/3459637.3482204,,,
rayyan-662094321,Research on Airport Noise Prediction Method Based on Noise Model INM,2020,1,1,,,,,,Na Wei and Fang Zhu and Zuo ChaoGao,https://doi.org/10.1145/3383972.3384066,,,,,,,,10.1145/3383972.3384066,,,
rayyan-662094322,Sleep Quality Prediction from Wearables using Convolution Neural Networks and Ensemble Learning,2023,1,1,,,,,,Ozan Kilic and Berrenur Saylam and Ozlem Durmaz Incel,https://doi.org/10.1145/3589883.3589900,,,,,,,,10.1145/3589883.3589900,,,
rayyan-662094323,Benchmarking Quantum Computers and the Impact of Quantum Noise,2022,1,1,,,,,,Salonik Resch and Ulya R. Karpuzcu,https://doi.org/10.1145/3464420,,,,"Benchmarking is how the performance of a computing system is determined. Surprisingly, even for classical computers this is not a straightforward process. One must choose the appropriate benchmark and metrics to extract meaningful results. Different benchmarks test the system in different ways, and each individual metric may or may not be of interest. Choosing the appropriate approach is tricky. The situation is even more open ended for quantum computers, where there is a wider range of hardware, fewer established guidelines, and additional complicating factors. Notably, quantum noise significantly impacts performance and is difficult to model accurately. Here, we discuss benchmarking of quantum computers from a computer architecture perspective and provide numerical simulations highlighting challenges that suggest caution.",,,,10.1145/3464420,,,
rayyan-662094324,Impact of Training Data Quality on Deep Speckle Noise Reduction in Ultrasound Images,2023,1,1,,,,,,Fajar Astuti Hermawati and Elsen Ronando and Dwi Harini Sulistyawati,https://doi.org/10.1145/3638569.3638578,,,,,,,,10.1145/3638569.3638578,,,
rayyan-662094325,Sleep Elf: A Pillow Robot Accompanies Child to Sleep Better,2024,1,1,,,,,,Ruisi Sun and Changdan Cao and Xiangyu Sun and Qingwei Wang and Yilin Wang,https://doi.org/10.1145/3610978.3641274,,,,,,,,10.1145/3610978.3641274,,,
rayyan-662094326,Turning Quantum Noise on its Head: Using the Noise for Diffusion Models to Generate Images,2025,1,1,,,,,,Jason Han and Tirthak Patel,https://doi.org/10.1145/3725536.3725548,,,,"In this work, we propose positively using noise from quantum computers, which is currently viewed as a hindrance for performing useful computation, instead of simulated noise to train generative image diffusion models, which have two primary advantages:
            
              
                
                  True Noise Generation.
                  A key quality of random quantum fluctuations is that they are independent of human input. Current means of generating noise in diffusion models are pseudo-random, meaning that randomness is simulated using human-defined algorithms.
                
              
              
                
                  Parallel Noise Generation.
                  In quantum computers, each quantum bit (or qubit) has random fluctuations, so we can use multiple quantum bits to generate randomness in parallel. To parallelize noise generation classically, we would need to use more resources, which is not needed in quantum computers.
                
              
            
            Our approach, Quantum Image Noise-based Generative Diffusion Models (referred to as QINGDM), utilizes these benefits of quantum noise.",,,,10.1145/3725536.3725548,,,
rayyan-662094327,Effect of Acquisition Noise Outliers on Steganalysis,2025,1,1,,,,,,Edgar Kaziakhmedov and Jessica Fridrich and Patrick Bas,https://doi.org/10.1145/3733102.3733131,,,,,,,,10.1145/3733102.3733131,,,
rayyan-662094328,A Self-supervised Multiview Joint Pre-training Framework for Representation Learning in Sleep Staging: Multiview Sleep Staging Framework,2024,1,1,,,,,,Le Yu and Xianchao Zhang,https://doi.org/10.1145/3696687.3696697,,,,,,,,10.1145/3696687.3696697,,,
rayyan-662094329,A Noise Reduction Method for Partial Discharge Signals Based on CEEMDAN with Added Laplace White Noise and Improved Wavelet Thresholding,2026,1,1,,,,,,Bowen Zheng and Xiaoliang Feng,https://doi.org/10.1145/3807246.3807305,,,,,,,,10.1145/3807246.3807305,,,
rayyan-662094330,Bio-Inspired Nano System: Assessing Channel Reliability in the Presence of Environmental Noise,2023,1,1,,,,,,Athraa Jani and Jafar J. Jani,https://doi.org/10.1145/3638837.3638854,,,,,,,,10.1145/3638837.3638854,,,
rayyan-662094331,Noise and Codification Effect on Emotional Speech Classification Systems,2021,1,1,,,,,,Fangfang Zhu-Zhou and Roberto Gil-Pita and Joaquín García-Gómez and Manuel Rosa-Zurera,https://doi.org/10.1145/3498851.3499022,,,,,,,,10.1145/3498851.3499022,,,
rayyan-662094332,Unveiling Open-set Noise: Theoretical Insights into Label Noise,2025,1,1,,,,,,Chen Feng and Nicu Sebe and Georgios Tzimiropoulos and Miguel R. D. Rodrigues and Ioannis Patras,https://doi.org/10.1145/3746027.3755040,,,,,,,,10.1145/3746027.3755040,,,
rayyan-662094333,"Your Noise, My Signal",2020,1,1,,,,,,Zhihui Shao and Mohammad A. Islam and Shaolei Ren,https://doi.org/10.1145/3379473,,,,"Attacks based on power analysis have been long existing and studied, with some recent works focused on data exfiltration from victim systems without using conventional communications (e.g., WiFi). Nonetheless, prior works typically rely on intrusive direct power measurement, either by implanting meters in the power outlet or tapping into the power cable, thus jeopardizing the stealthiness of attacks. In this paper, we propose NoDE (Noise for Data Exfiltration), a new system for stealthy data exfiltration from enterprise desktop computers. Specifically, NoDE achieves data exfiltration over a building's power network by exploiting high-frequency voltage ripples (i.e., switching noises) generated by power factor correction circuits built into today's computers. Located at a distance and even from a different room, the receiver can non-intrusively measure the voltage of a power outlet to capture the high-frequency switching noises for online information decoding without supervised training/learning. To evaluate NoDE, we run experiments on seven different computers from top vendors and using top-brand power supply units. Our results show that for a single transmitter, NoDE achieves a rate of up to 28.48 bits/second with a distance of 90 feet (27.4 meters) without the line of sight, demonstrating a practically stealthy threat. Based on the orthogonality of switching noise frequencies of different computers, we also demonstrate simultaneous data exfiltration from four computers using only one receiver. Finally, we present a few possible defenses, such as installing noise filters, and discuss their limitations.",,,,10.1145/3379473,,,
rayyan-662094334,"A Privacy Protected Sleep Quality Prediction Approach Using Ultrawideband Ambient Sensor,Synthetic Data,and Deep Learning",2024,1,1,,,,,,Md Zia Uddin,https://doi.org/10.1145/3674029.3674039,,,,,,,,10.1145/3674029.3674039,,,
rayyan-662094335,Environmental Noise Recognition Method Based on Multi-Channel Resolution Features and Attention Mechanism,2025,1,1,,,,,,Xincheng Mu and Lizhi Liu,https://doi.org/10.1145/3746709.3746747,,,,,,,,10.1145/3746709.3746747,,,
rayyan-662094336,"Computational Analysis of Physical Activity, Sleep Quality, and Depressive Symptoms among Middle-Aged Teachers: Interrelationships and Moderating Effects",2025,1,1,,,,,,Yulin Chen and Lirong Zhang,https://doi.org/10.1145/3785987.3786082,,,,,,,,10.1145/3785987.3786082,,,
rayyan-662094337,Image Quality Improvement and Reduction of Parameters by Utilizing Learning-based Noise Reduction Method for Surveillance Camera Images,2024,1,1,,,,,,Tomio Goto,https://doi.org/10.1145/3669828.3669839,,,,,,,,10.1145/3669828.3669839,,,
rayyan-662094338,Sleep Elf: Pillow Robot that Pats and Sings Child to Sleep Mimicking A Parent,2024,1,1,,,,,,Yilin Wang and Qingwei Wang and Xiangyu Sun and Changdan Cao and Ruisi Sun,https://doi.org/10.1145/3610978.3640711,,,,,,,,10.1145/3610978.3640711,,,
rayyan-662094339,A Feature Extraction Method to Improve the Classification Effect of N1 and REM in Sleep Periods,2020,1,1,,,,,,Xiaobo Li,https://doi.org/10.1145/3429889.3429926,,,,,,,,10.1145/3429889.3429926,,,
rayyan-662094340,From Self-Tracking to Sleep-Hacking,2022,1,1,,,,,,Kasper Karlgren and Barry Brown and Donald McMillan,https://doi.org/10.1145/3555630,,,,"With growing interest in how technology can make sense of our body and bodily experiences, this work looks at how these experiences are communicated through and with the help of technology. We present the ways in which knowledge about sleep, and how to manipulate it, is collectively shared online. This paper documents the sleep-change practices of four groups of 'Sleep Hackers' including Nurses, Polyphasic Sleeper, Over-sleepers, and Biohackers. Our thematic analysis uses 1002 posts taken from public forums discussing sleep change. This work reveals the different ways individuals share their experiences and build communal knowledge on how to 'hack' their sleep -- from using drugs, external stimulation, isolation, and polyphasic sleeping practices where segmented sleep schedules are shared between peers. We describe how communal discussions around the body and sleep can inform the development of body sensing technology. We discuss the opportunities and implications for designing for bodily agency over sleep changes both in relation to collaboratively developed understandings of the body and social context of the user. We also discuss notions of slowly changing bodily processes and sensory manipulation in relation to how they can build on the exploration of soma-technology.",,,,10.1145/3555630,,,
rayyan-662094341,A formal approach to identifying the impact of noise on neural networks,2022,1,1,,,,,,Iram Tariq Bhatti and Mahum Naseer and Muhammad Shafique and Osman Hasan,https://doi.org/10.1145/3550492,,,,,,,,10.1145/3550492,,,
rayyan-662094342,Risk Aggregation Using the Poisson Shot Noise Model: What is the Impact of the Window Size?,2024,1,1,,,,,,Miguel Angelo Santos Bicudo and Daniel Sadoc Menasché,https://doi.org/10.1145/3697090.3697110,,,,,,,,10.1145/3697090.3697110,,,
rayyan-662094343,Research on Automatic Sleep Staging of Sleep Based on Different Reference Montages of Single Channel EEG,2022,1,1,,,,,,Hengyan Guo and Yang Di and Xingwei An and Zhongpeng Wang and Dong Ming,https://doi.org/10.1145/3574198.3574213,,,,,,,,10.1145/3574198.3574213,,,
rayyan-662094344,On the mismatch between measured and perceived sleep quality,2022,1,1,,,,,,Lidia Alecci and Nouran Abdalazim and Leonardo Alchieri and Shkurta Gashi and Silvia Santini,https://doi.org/10.1145/3544793.3563412,,,,,,,,10.1145/3544793.3563412,,,
rayyan-662094345,Potential Use of Personal Tracking Device for Sleep Quality Assessment of Flight Attendant,2020,1,1,,,,,,Aurawan Imsombut and Waraporn Jirapanthong and Banyapon Poolsawas and Vongsa Laovoravit and Krit Pongpirul,https://doi.org/10.1145/3404709.3404772,,,,,,,,10.1145/3404709.3404772,,,
rayyan-662094346,SlumberBot: An Interactive Agent for Helping Users Investigate Disturbance Factors of Sleep Quality,2020,1,1,,,,,,Yizhou Liu and Da-jung Kim and Ting Miao and Yaliang Chuang,https://doi.org/10.1145/3419249.3420091,,,,,,,,10.1145/3419249.3420091,,,
rayyan-662094347,Sleep Quality Evaluation System Based On Video Surveillance,2021,1,1,,,,,,Yu Zhang and Yang Yang and Qiyue Sun and Dong Huang,https://doi.org/10.1145/3471274.3471281,,,,,,,,10.1145/3471274.3471281,,,
rayyan-662094348,"Exploring the Impacts of Background Noise on Auditory Stimuli of Audio-Visual eHMIs for Hearing, Deaf, and Hard-of-Hearing People",2026,1,1,,,,,,Wenge Xu and Foroogh Hajiseyedjavadi and Debargha Dey and Tram Thi Minh Tran and Mark Colley,https://doi.org/10.1145/3772318.3791557,,,,,,,,10.1145/3772318.3791557,,,
rayyan-662094349,The Powerless Noise: How Experimental Settings Shape the Reported Power of Noise,2026,1,1,,,,,,Michał Mazuryk and Fleur Dolmans and Louis Gehringer and Ina Klaric and Jia-Huei Ju and Mohammad Aliannejadi,https://doi.org/10.1145/3805712.3808556,,,,,,,,10.1145/3805712.3808556,,,
rayyan-662094350,A Modified AlexNet Analysis of Canny Edge Detection as a Noise Reduction Method for Lemon Quality Classification,2025,1,1,,,,,,Tinashe Crispen Garidzira and William Tichaona Vambe,https://doi.org/10.1145/3759023.3759104,,,,,,,,10.1145/3759023.3759104,,,
rayyan-662094351,Enhancing Response Quality by Children in Voice-based Sleep Diaries via AI-based Continuous Feedback,2026,1,1,,,,,,Shanshan Chen and Jun Hu and Gubing Wang and Panos Markopoulos,https://doi.org/10.1145/3772318.3790684,,,,,,,,10.1145/3772318.3790684,,,
rayyan-662094352,FedMCRNN: Federated Learning using Multiple Convolutional Recurrent Neural Networks for Sleep Quality Prediction,2022,1,1,,,,,,Tran Anh Khoa and Do-Van Nguyen and Phuoc Van Nguyen Thi and Koji Zettsu,https://doi.org/10.1145/3512731.3534207,,,,,,,,10.1145/3512731.3534207,,,
rayyan-662094353,GoNature AR: Air Quality &amp; Noise Visualization Through a Multimodal and Interactive Augmented Reality Experience,2023,1,1,,,,,,Minas Katsiokalis and Elisavet Tsekeri and Aikaterini Lilli and Konstantinos Gobakis and Dionysia Kolokotsa and Katerina Mania,https://doi.org/10.1145/3573381.3597229,,,,,,,,10.1145/3573381.3597229,,,
rayyan-662094354,Visual Analytics of the Effect of Age on the Spatial Learning Capabilities of Sleep-Deprived Drosophila,2023,1,1,,,,,,Kevin Zhao and Dina Ellsworth and Craig Queenan,https://doi.org/10.1145/3615522.3615530,,,,,,,,10.1145/3615522.3615530,,,
rayyan-662094355,Green quality perception of urban streets: a study combining semantic segmentation and multimodal noise enhancement techniques,2025,1,1,,,,,,Yang Liu and Guanghu Jin and Jinji Zhang and Xiyue Xue,https://doi.org/10.1145/3728725.3728800,,,,,,,,10.1145/3728725.3728800,,,
rayyan-662094356,"""Did you sleep well?"": A Multimodal Sleep Diary for Sustained Self-Reporting by Children",2025,1,1,,,,,,Shanshan Chen and Jun Hu and Hannah Christina van Iterson and Ning Fang and Panos Markopoulos,https://doi.org/10.1145/3706598.3713425,,,,,,,,10.1145/3706598.3713425,,,
rayyan-662094357,A Study on the Impact of Social Media Interaction Environment on Pre-sleep Procrastination and its Mechanisms,2024,1,1,,,,,,Yi Pang and Jiawen Wang and Fang Wang and Shanshan Guo,https://doi.org/10.1145/3724504.3724636,,,,,,,,10.1145/3724504.3724636,,,
rayyan-662094358,"Metempsychosis in Media, Performance, and Sleep Choreography",2023,1,1,,,,,,Yiou Wang,https://doi.org/10.1145/3587421.3595438,,,,,,,,10.1145/3587421.3595438,,,
rayyan-662094359,SSA-HAN: Sleep-Stage-Aware Hierarchical Attention Network for Patient-Level Sleep Apnea Severity Assessment,2026,1,1,,,,,,Yanxue Yuan and Kai Xing and Libo Yin and Hui Yang and Xin Shi and Liping Zhou and Huanhuan Chang and Ruyuan Wang,https://doi.org/10.1145/3810280.3810395,,,,,,,,10.1145/3810280.3810395,,,
rayyan-662094360,Sleep Patterns and Sleep Alignment in Remote Teams during COVID-19,2022,1,1,,,,,,Thomas Breideband and Gonzalo J. Martinez and Poorna Talkad Sukumar and Megan Caruso and Sidney D'Mello and Aaron D. Striegel and Gloria Mark,https://doi.org/10.1145/3555217,,,,"Working remotely from home during the COVID-19 pandemic has resulted in significant shifts and disruptions in the personal and work lives of millions of information workers and their teams. We examined how sleep patterns---an important component of mental and physical health---relates to teamwork. We used wearable sensing and daily questionnaires to examine sleep patterns, affect, and perceptions of teamwork in 71 information workers from 22 teams over a ten-week period. Participants reported delays in sleep onset and offset as well as longer sleep duration during the pandemic. A similar shift was found in work schedules, though total work hours did not change significantly. Surprisingly, we found that more sleep was negatively related to positive affect, perceptions of teamwork, and perceptions of team productivity. However, a greater misalignment in the sleep patterns of members in a team predicted positive affect and teamwork after accounting for individual differences in sleep preferences. A follow-up analysis of exit interviews with participants revealed team-working conventions and collaborative mindsets as prominent themes that might help explain some of the ways that misalignment in sleep can affect teamwork. We discuss implications of sleep and sleep misalignment in work-from-home contexts with an eye towards leveraging sleep data to facilitate remote teamwork.",,,,10.1145/3555217,,,
rayyan-662094361,Noise in the Machine: Sources of Physical and Computation Error in Eye Tracking with Pupil Core Wearable Eye Tracker,2021,1,1,,,,,,Anca Velisar and Natela Shanidze,https://doi.org/10.1145/3450341.3458495,,,,,,,,10.1145/3450341.3458495,,,
rayyan-662094362,Teaching Quality in Programming Education:,2022,1,1,,,,,,Xiaohua Jia and Felienne Hermans,https://doi.org/10.1145/3501385.3543962,,,,,,,,10.1145/3501385.3543962,,,
rayyan-662094363,One Noise to Rule Them All: Learning a Unified Model of Spatially-Varying Noise Patterns,2024,1,1,,,,,,Arman Maesumi and Dylan Hu and Krishi Saripalli and Vladimir Kim and Matthew Fisher and Soeren Pirk and Daniel Ritchie,https://doi.org/10.1145/3658195,,,,"Procedural noise is a fundamental component of computer graphics pipelines, offering a flexible way to generate textures that exhibit ""natural"" random variation. Many different types of noise exist, each produced by a separate algorithm. In this paper, we present a single generative model which can learn to generate multiple types of noise as well as blend between them. In addition, it is capable of producing spatially-varying noise blends despite not having access to such data for training. These features are enabled by training a denoising diffusion model using a novel combination of data augmentation and network conditioning techniques. Like procedural noise generators, the model's behavior is controllable via interpretable parameters plus a source of randomness. We use our model to produce a variety of visually compelling noise textures. We also present an application of our model to improving inverse procedural material design; using our model in place of fixed-type noise nodes in a procedural material graph results in higher-fidelity material reconstructions without needing to know the type of noise in advance. Open-sourced materials can be found at https://armanmaesumi.github.io/onenoise/",,,,10.1145/3658195,,,
rayyan-662094364,Impact of the switching mode on the read noise of ReRAM devices,2023,1,1,,,,,,Kristoffer Schnieders and Stephan Aussen and Felix Cüppers and Susanne Hoffmann-Eifert and Stefan Wiefels,https://doi.org/10.1145/3611315.3633248,,,,,,,,10.1145/3611315.3633248,,,
rayyan-662094365,A Background Noise Self-adaptive VAD Using SNR Prediction Based Precision Dynamic Reconfigurable Approximate Computing,2020,1,1,,,,,,Bo Liu and Yan Li and Lepeng Huang and Hao Cai and Wentao Zhu and Shisheng Guo and Yu Gong and Zhen Wang,https://doi.org/10.1145/3386263.3407589,,,,,,,,10.1145/3386263.3407589,,,
rayyan-662094366,Colorful-Noise: Training-Free Low-Frequency Noise Manipulation for Color-Based Conditional Image Generation,2026,1,1,,,,,,Nadav Z. Cohen and Ofir Abramovich and Ariel Shamir,https://doi.org/10.1145/3799902.3811104,,,,,,,,10.1145/3799902.3811104,,,
rayyan-662094367,Noise Matters: Diffusion Model-based Urban Mobility Generation with Collaborative Noise Priors,2025,1,1,,,,,,Yuheng Zhang and Yuan Yuan and Jingtao Ding and Jian Yuan and Yong Li,https://doi.org/10.1145/3696410.3714516,,,,,,,,10.1145/3696410.3714516,,,
rayyan-662094368,Interpersonal Synchrony Over a Distance - the Effect of Network Noise on Synchronization and its Prosocial Consequences,2025,1,1,,,,,,Michal Rinott and Sheizaf Rafaeli and Noam Tractinsky,https://doi.org/10.1145/3706598.3713562,,,,,,,,10.1145/3706598.3713562,,,
rayyan-662094369,Unobtrusive Perceived Sleep Quality Monitoring in the Wild,2025,1,1,,,,,,Alvise Dei Rossi and Davide Marzorati and Tiziano Gerosa and Radoslava Švihrová and Silvia Santini and Francesca Faraci,https://doi.org/10.1145/3749502,,,,"Perceived sleep quality is a key aspect of sleep health and a crucial factor in mental health. However, predicting it accurately is difficult because of its deeply personal nature and the considerable variability in how individuals perceive their sleep at night. This study presents a robust subject-wise nested cross-validation framework for passive daily monitoring of perceived sleep quality using wearable data through population-level machine learning modeling. A total of 294 participants (mean age 42 (SD = 10) years; 43% female) were monitored over 30 days employing commercial wearable devices in free-living conditions, with daily self-reported sleep quality. A novel adaptation of the person-mean centering approach was employed to split time-varying features into within-person and between-person components, preventing temporal leakage and enabling unbiased daily prediction. Various machine learning models were trained, and SHAP values were used to identify key predictors. Our results show that fully passive prediction of perceived sleep quality is feasible at population-level from the first day of monitoring (ROC AUC 0.715, F1 0.494, BA 0.666), with within-person deviations from individual baselines being the primary predictors. The most influential predictors were found to be deviations in sleep duration and continuity, followed by cardiac, stress-related features, and SF-12 health survey components.",,,,10.1145/3749502,,,
rayyan-662094370,From Sleep Scores to Self-Knowledge: Older Adults’ Experiences with Tracking Sleep Using the Oura Ring,2026,1,1,,,,,,Aneesha Singh and Minsi Song and Stella Loukeri Woestman and Jiratchaya Ongsricharoenporn and Yasemin Gunal and Bran Knowles and Ewan Soubutts and Yvonne Rogers,https://doi.org/10.1145/3772318.3791510,,,,,,,,10.1145/3772318.3791510,,,
rayyan-662094371,The causal relationship between depression and sleep quality among college freshmen: A cross-lagged regression analysis with big data,2024,1,1,,,,,,Zaifu Duan and Xiaoxi Yu and Huabo Wu and Jiaming Qi and Yan Meng,https://doi.org/10.1145/3718677.3718681,,,,,,,,10.1145/3718677.3718681,,,
rayyan-662094372,Learning Noise-Resilient and Transferable Graph-Text Alignment via Dynamic Quality Assessment,2026,1,1,,,,,,Yuhang Liu and Minglai Shao and Zengyi Wo and Yunlong Chu and Bing Hao and Shengzhong Liu and Ruijie Wang and Jianxin Li,https://doi.org/10.1145/3805712.3809579,,,,,,,,10.1145/3805712.3809579,,,
rayyan-662094373,QuantumNAT,2022,1,1,,,,,,Hanrui Wang and Jiaqi Gu and Yongshan Ding and Zirui Li and Frederic T. Chong and David Z. Pan and Song Han,https://doi.org/10.1145/3489517.3530400,,,,,,,,10.1145/3489517.3530400,,,
rayyan-662094374,Effects of Aromatherapy and Music on Napping-Time Quality in Young Adults: EEG Sleep Study,2022,1,1,,,,,,Dwi Esti Kusumandari and Auditya Purwandini Sutarto and M Faizal Amri and Artha Ivonita Simbolon and Muhammad Rizqyawan and Adriani Amalia,https://doi.org/10.1145/3575882.3575932,,,,,,,,10.1145/3575882.3575932,,,
rayyan-662094375,Haptic Pillow Sleeve: Enhancing Sleep Quality by Providing Vital Sound Awareness Through Vibrotactile Feedback,2026,1,1,,,,,,Malindu Ehelagasthenna and Lars Erik Holmquist and Carlos Oliveira and Arash M. Shahidi and Pasindu Lugoda and Theo Hughes-Riley,https://doi.org/10.1145/3772363.3798362,,,,,,,,10.1145/3772363.3798362,,,
rayyan-662094376,LoCI: An Analysis of the Impact of Optical Loss and Crosstalk Noise in Integrated Silicon-Photonic Neural Networks,2022,1,1,,,,,,Amin Shafiee and Sanmitra Banerjee and Krishnendu Chakrabarty and Sudeep Pasricha and Mahdi Nikdast,https://doi.org/10.1145/3526241.3530365,,,,,,,,10.1145/3526241.3530365,,,
rayyan-662094377,NCVis: Noise Contrastive Approach for Scalable Visualization,2020,1,1,,,,,,Aleksandr Artemenkov and Maxim Panov,https://doi.org/10.1145/3366423.3380061,,,,,,,,10.1145/3366423.3380061,,,
rayyan-662094378,Are stress and engagement in toxicity associated with sleep quality? A study with League of Legends players,2024,1,1,,,,,,Bastian Kordyaka and Samuli Laato and Sebastian Weber and Björn Niehaves,https://doi.org/10.1145/3677101,,,,"Today, millions of people worldwide play popular multiplayer online battle arena games (MOBAs) such as League of Legends. MOBAs are designed to require real-time teamwork to win games. A side effect of this is toxic behavior (an umbrella term for various negative in-game behaviors). Following Transactional Stress Theory, in this study, we consider toxicity as a coping mechanism to better deal with in-game stress that leads to anger and frustration, potentially leading to subsequent sleep problems. Therefore, we asked League of Legends players (N=212) about their experiences within the last 30 days in a retrospective survey study. Our results indicated that perceived stress was, indeed, a positive predictor of sleeping problems, and toxic behavior partially mediated this relationship. These results indicate that some of the toxicity is caused by stress in play and that it may increase the likelihood of the occurrence of subsequent sleeping problems. Therefore, further efforts are needed to help players to develop harmonious means and techniques for coping with experienced in-game stress.",,,,10.1145/3677101,,,
rayyan-662094379,Analyzing the Role of Stress in Affecting Sleep Quality and Mental Health in Public Institution Employees,2025,1,1,,,,,,Huanhuan Zhang and Wenbin Gao and Ting Tao and Ligang Wang and Chunlei Fan and Chunyan Wang and Xin Li and Haiyan Mu and Junfang An,https://doi.org/10.1145/3729605.3729663,,,,,,,,10.1145/3729605.3729663,,,
rayyan-662094380,Domain-Invariant Representation Learning and Sleep Dynamics Modeling for Automatic Sleep Staging,2025,1,1,,,,,,Seungyeon Lee and Thai-Hoang Pham and Zhao Cheng and Ping Zhang,https://doi.org/10.1145/3757066,,,,"Sleep staging has become a critical task in diagnosing and treating sleep disorders to prevent sleep-related diseases. With growing large-scale sleep databases, significant progress has been made toward automatic sleep staging. However, previous studies face critical problems in sleep studies: the heterogeneity of subjects’ physiological signals, the inability to extract meaningful information from unlabeled data to improve predictive performances, the difficulty in modeling correlations between sleep stages, and the lack of an effective mechanism to quantify predictive uncertainty. In this study, we propose a neural network-based sleep staging model, DREAM, to learn domain generalized representations from physiological signals and model sleep dynamics. DREAM learns sleep-related and subject-invariant representations from diverse subjects’ sleep signals and models sleep dynamics by capturing interactions between sequential signal segments and between sleep stages. We conducted a comprehensive empirical study to demonstrate the superiority of DREAM, including sleep stage prediction experiments, a case study, the usage of unlabeled data, and uncertainty. Notably, the case study validates DREAM’s ability to learn the generalized decision function for new subjects, especially in case there are differences between testing and training subjects. Uncertainty quantification shows that DREAM provides prediction uncertainty, making the model reliable and helping sleep experts in real-world applications.",,,,10.1145/3757066,,,
rayyan-662094381,DTCNA-Net: Dual temporal convolutional neural network with noise estimation and attention mechanism for intelligent fault diagnosis under the complex noise environment,2024,1,1,,,,,,Jiyang Zhang and Jianxiao Zou and Zhiheng Su and Penglong Lian and Shicai Fan,https://doi.org/10.1145/3689218.3689226,,,,,,,,10.1145/3689218.3689226,,,
rayyan-662094382,Accelerating Simulation of Quantum Circuits under Noise via Computational Reuse,2025,1,1,,,,,,Meng Wang and Swamit Tannu and Prashant J Nair,https://doi.org/10.1145/3695053.3730992,,,,,,,,10.1145/3695053.3730992,,,
rayyan-662094383,The Impact of Class Noise-handling on the Effectiveness of Machine Learning-based Methods for Build Outcome and Code Change Request Predictions,2026,1,1,,,,,,Khaled Al-Sabbagh and Miroslaw Staron and Regina Hebig,https://doi.org/10.1145/3764864,,,,"Machine learning-based methods are increasingly used to optimize build processes and accelerate the integration of software code. These methods leverage large volumes of historical code changes to train models on predicting and preventing issues in the codebase that could delay code integrations and features delivery to end-users. The objective of this study is to examine the impact of handling class noise present in software code changes collected from Continuous Integration (CI) systems on the predictive performance of machine learning models for predicting the execution outcome of CI builds and negative code reviews. In this study, we conduct a series of computational experiments using data from 110 Java open-source projects, examining the effectiveness of two removal-based statistical techniques - Majority Filter (MF) and Consensus Filter (CF) - and two corrective techniques - Domain Knowledge-based (DB) and CleanLab. Our results show that removal-based techniques significantly improve model predictive performance in both build outcome and negative code review prediction tasks. For build outcome prediction, applying MF increased the F1-score from 82% to 97%, and MCC from 0.13 to 0.58. In negative code review predictions, MF improved the F1-score from 17% to 53%, and MCC from −0.03 to 0.57. The DB technique was effective primarily in the context of code review comments but less so for build outcome predictions. While CleanLab yielded more consistent predictions, its overall impact on model performance was more moderate compared to removal-based techniques. Additionally, our findings show that hyperparameter tuning, applied independently or in combination with CleanLab, can further improve model performance; however, these gains did not surpass those achieved by removal-based techniques alone. We conclude that applying removal-based techniques to the training data of code changes is necessary to improve the prediction of build outcomes and negative code review comments.",,,,10.1145/3764864,,,
rayyan-662094384,Triple Weave with Noise Synthesis,2022,1,1,,,,,,Tatsuki Hayama and Kotaro Uchibe,https://doi.org/10.1145/3559400.3565580,,,,,,,,10.1145/3559400.3565580,,,
rayyan-662094385,Designing for Extreme Sleepers: Rethinking the Rhythms of Sleep Technology,2022,1,1,,,,,,Kasper Karlgren and Donald McMillan,https://doi.org/10.1145/3546155.3546685,,,,,,,,10.1145/3546155.3546685,,,
rayyan-662094386,Noise-Resilient Unsupervised Graph Representation Learning via Multi-Hop Feature Quality Estimation,2024,1,1,,,,,,Shiyuan Li and Yixin Liu and Qingfeng Chen and Geoffrey I. Webb and Shirui Pan,https://doi.org/10.1145/3627673.3679758,,,,,,,,10.1145/3627673.3679758,,,
rayyan-662094387,Steerable Perlin Noise,2025,1,1,,,,,,Jacob Benjamin Rice,https://doi.org/10.1145/3721239.3734101,,,,,,,,10.1145/3721239.3734101,,,
rayyan-662094388,How Noisy is Too Noisy? The Impact of Data Noise on Multimodal Recognition of Confusion and Conflict During Collaborative Learning,2023,1,1,,,,,,Yingbo Ma and Mehmet Celepkolu and Kristy Elizabeth Boyer and Collin F. Lynch and Eric Wiebe and Maya Israel,https://doi.org/10.1145/3577190.3614127,,,,,,,,10.1145/3577190.3614127,,,
rayyan-662094389,Research on Sleep EEG Signals Based on IOTA,2022,1,1,,,,,,Jun Wang,https://doi.org/10.1145/3565387.3565390,,,,,,,,10.1145/3565387.3565390,,,
rayyan-662094390,Poster: PQ Noise Explorer,2025,1,1,,,,,,Animesh Thakur and Mikael Asplund,https://doi.org/10.1145/3719027.3760728,,,,,,,,10.1145/3719027.3760728,,,
rayyan-662094391,Applying Deep Learning for Prediction Sleep Quality from Wearable Data,2020,1,1,,,,,,Dinh-Van Phan and Chien-Lung Chan and Duc-Khanh Nguyen,https://doi.org/10.1145/3418094.3418114,,,,,,,,10.1145/3418094.3418114,,,
rayyan-662094392,(Perlin) Noise as AI coordinator,2026,1,1,,,,,,Kaijie Xu and Clark Verbrugge,https://doi.org/10.1145/3815598.3815608,,,,,,,,10.1145/3815598.3815608,,,
rayyan-662094393,Noise-Enhanced Community Detection,2020,1,1,,,,,,Reyhaneh Abdolazimi and Shengmin Jin and Reza Zafarani,https://doi.org/10.1145/3372923.3404788,,,,,,,,10.1145/3372923.3404788,,,
rayyan-662094394,Theoretical Mechanism of the Impact of Income Gap on Environmental Quality,2021,1,1,,,,,,Pengting Zhao and Yaobo Shi,https://doi.org/10.1145/3510249.3510283,,,,,,,,10.1145/3510249.3510283,,,
rayyan-662998251,Tracheal Sound Analysis.,2022,1,1,,,,,,Sabil A and Launois S,https://pubmed.ncbi.nlm.nih.gov/36217090/,,,,"Tracheal sound sensors provide multiple respiratory signals that are valuable for studying upper airway characteristics. This chapter reviews the original work and ongoing research on tracheal sound analysis in relation to upper airway obstruction during sleep. Past and current research suggest that being associated with other sleep study recording sensors and advanced signal processing techniques, tracheal sound analysis can extensively contribute to the diagnosis and assessment of sleep-disordered breathing.",,,,10.1007/978-3-031-06413-5_16,,,
rayyan-662998252,Emerging Artificial Intelligence-Empowered mHealth: Scoping Review.,2022,1,1,,,,,,Bhatt P and Liu J and Gong Y and Wang J and Guo Y,https://pubmed.ncbi.nlm.nih.gov/35679107/,,,,"BACKGROUND: Artificial intelligence (AI) has revolutionized health care delivery in recent years. There is an increase in research for advanced AI techniques, such as deep learning, to build predictive models for the early detection of diseases. Such predictive models leverage mobile health (mHealth) data from wearable sensors and smartphones to discover novel ways for detecting and managing chronic diseases and mental health conditions.
OBJECTIVE: Currently, little is known about the use of AI-powered mHealth (AIM) settings. Therefore, this scoping review aims to map current research on the emerging use of AIM for managing diseases and promoting health. Our objective is to synthesize research in AIM models that have increasingly been used for health care delivery in the last 2 years.
METHODS: Using Arksey and O'Malley's 5-point framework for conducting scoping reviews, we reviewed AIM literature from the past 2 years in the fields of biomedical technology, AI, and information systems. We searched 3 databases, PubsOnline at INFORMS, e-journal archive at MIS Quarterly, and Association for Computing Machinery (ACM) Digital Library using keywords such as ""mobile healthcare,"" ""wearable medical sensors,"" ""smartphones"", and ""AI."" We included AIM articles and excluded technical articles focused only on AI models. We also used the PRISMA (Preferred Reporting Items for Systematic Reviews and Meta-Analyses) technique for identifying articles that represent a comprehensive view of current research in the AIM domain.
RESULTS: We screened 108 articles focusing on developing AIM models for ensuring better health care delivery, detecting diseases early, and diagnosing chronic health conditions, and 37 articles were eligible for inclusion, with 31 of the 37 articles being published last year (76%). Of the included articles, 9 studied AI models to detect serious mental health issues, such as depression and suicidal tendencies, and chronic health conditions, such as sleep apnea and diabetes. Several articles discussed the application of AIM models for remote patient monitoring and disease management. The considered primary health concerns belonged to 3 categories: mental health, physical health, and health promotion and wellness. Moreover, 14 of the 37 articles used AIM applications to research physical health, representing 38% of the total studies. Finally, 28 out of the 37 (76%) studies used proprietary data sets rather than public data sets. We found a lack of research in addressing chronic mental health issues and a lack of publicly available data sets for AIM research.
CONCLUSIONS: The application of AIM models for disease detection and management is a growing research domain. These models provide accurate predictions for enabling preventive care on a broader scale in the health care domain. Given the ever-increasing need for remote disease management during the pandemic, recent AI techniques, such as federated learning and explainable AI, can act as a catalyst for increasing the adoption of AIM and enabling secure data sharing across the health care industry.",,,,10.2196/35053,,,
rayyan-662998253,Audio-based snore detection using deep neural networks.,2021,1,1,,,,,,Xie J and Aubert X and Long X and van Dijk J and Arsenali B and Fonseca P and Overeem S,https://pubmed.ncbi.nlm.nih.gov/33434817/,,,,"BACKGROUND AND OBJECTIVE: Snoring is a prevalent phenomenon. It may be benign, but can also be a symptom of obstructive sleep apnea (OSA) a prevalent sleep disorder. Accurate detection of snoring may help with screening and diagnosis of OSA.
METHODS: We introduce a snore detection algorithm based on the combination of a convolutional neural network (CNN) and a recurrent neural network (RNN). We obtained audio recordings of 38 subjects referred to a clinical center for a sleep study. All subjects were recorded by a total of 5 microphones placed at strategic positions around the bed. The CNN was used to extract features from the sound spectrogram, while the RNN was used to process the sequential CNN output and to classify the audio events to snore and non-snore events. We also addressed the impact of microphone placement on the performance of the algorithm.
RESULTS: The algorithm achieved an accuracy of 95.3 ± 0.5%, a sensitivity of 92.2 ± 0.9%, and a specificity of 97.7 ± 0.4% over all microphones in snore detection on our data set including 18412 sound events. The best accuracy (95.9%) was observed from the microphone placed about 70 cm above the subject's head and the worst (94.4%) was observed from the microphone placed about 130 cm above the subject's head.
CONCLUSION: Our results suggest that our method detects snore events from audio recordings with high accuracy and that microphone placement does not have a major impact on detection performance.",,,,10.1016/j.cmpb.2020.105917,,,
rayyan-662998254,Deep learning enhanced transmembranous electromyography in the diagnosis of sleep apnea.,2024,1,1,,,,,,Mandeville R and Sedghamiz H and Mansfield P and Sheean G and Studer C and Cordice D and Ghanbari G and Malhotra A and Nemati S and Koola J,https://pubmed.ncbi.nlm.nih.gov/39741274/,,,,"Obstructive sleep apnea (OSA) is widespread, under-recognized, and under-treated, impacting the health and quality of life for millions. The current gold standard for sleep apnea testing is based on the in-lab sleep study, which is costly, cumbersome, not readily available and represents a well-known roadblock to managing this huge societal burden. Assessment of neuromuscular function involved in the upper airway using electromyography (EMG) has shown potential to characterize and diagnose sleep apnea, while the development of transmembranous electromyography (tmEMG), a painless surface probe, has made this opportunity practical and highly feasible. However, experience and ability to interpret electrical signals from the upper airway are scarce, and much of the pertinent information within the signal is likely difficult to detect visually. To overcome this issue, we explored the use of transformers, a deep learning (DL) model architecture with attention mechanisms, to model tmEMG data and distinguish between electromyographic signals from a cohort of control, neurogenic, and sleep apnea patients. Our approach involved three strategies to train a generalizable model on a relatively small dataset including, (1) transfer learning using an audio spectral transformer (AST), (2) the use of 6,000 simulated EMG recordings, converted to spectrograms and using standard backpropagation for fine-tuning, and (3) application of regularization to prevent overfitting and enhance generalizability. This DL approach was tested using 177 transoral EMG recordings from a prior study's database that included six healthy controls, five moderate to severe OSA patients, and five amyotrophic lateral sclerosis (ALS) patients with evidence of bulbar involvement (neurogenic injury). Sensitivity and specificity for classifying neurogenic cases from controls were 98% and 73%, respectively, while classifying OSA from controls were 88% and 64%, respectively. Notably, by averaging the predicted probabilities of each segment for individual patients, the model correctly classified up to 82% of control and OSA patients. These results not only suggest a potential to diagnose OSA patients accurately, but also to identify OSA endotypes that involve neuromuscular pathology, which has major implications for clinical management, patient outcomes, and research.",,,,10.1186/s12868-024-00913-9,,,
rayyan-662998255,Can Machine Learning Assist Locating the Excitation of Snore Sound? A Review.,2021,1,1,,,,,,Qian K and Janott C and Schmitt M and Zhang Z and Heiser C and Hemmert W and Yamamoto Y and Schuller BW,https://pubmed.ncbi.nlm.nih.gov/32750978/,,,,"In the past three decades, snoring (affecting more than 30 % adults of the UK population) has been increasingly studied in the transdisciplinary research community involving medicine and engineering. Early work demonstrated that, the snore sound can carry important information about the status of the upper airway, which facilitates the development of non-invasive acoustic based approaches for diagnosing and screening of obstructive sleep apnoea and other sleep disorders. Nonetheless, there are more demands from clinical practice on finding methods to localise the snore sound's excitation rather than only detecting sleep disorders. In order to further the relevant studies and attract more attention, we provide a comprehensive review on the state-of-the-art techniques from machine learning to automatically classify snore sounds. First, we introduce the background and definition of the problem. Second, we illustrate the current work in detail and explain potential applications. Finally, we discuss the limitations and challenges in the snore sound classification task. Overall, our review provides a comprehensive guidance for researchers to contribute to this area.",,,,10.1109/jbhi.2020.3012666,,,
rayyan-662998256,Getting More from the Sleep Recording.,2021,1,1,,,,,,McNicholas WT,https://pubmed.ncbi.nlm.nih.gov/34711382/,,,,"Sleep studies have typically followed criteria established many decades ago, but emerging technologies allow signal analyses that go far beyond the scoring rules for manual analysis of sleep recordings. These technologies may apply to the analysis of signals obtained in standard polysomnography in addition to novel signals more recently developed that provide both direct and indirect measures of sleep and breathing in the ambulatory setting. Automated analysis of signals such as electroencephalogram and oxygen saturation, in addition to heart rate and rhythm, provides a wealth of additional information on sleep and breathing disturbances and their potential for comorbidity.",,,,10.1016/j.jsmc.2021.08.001,,,
rayyan-662998257,A review of automated sleep disorder detection.,2022,1,1,,,,,,Xu S and Faust O and Seoni S and Chakraborty S and Barua PD and Loh HW and Elphick H and Molinari F and Acharya UR,https://pubmed.ncbi.nlm.nih.gov/36182761/,,,,"Automated sleep disorder detection is challenging because physiological symptoms can vary widely. These variations make it difficult to create effective sleep disorder detection models which support hu-man experts during diagnosis and treatment monitoring. From 2010 to 2021, authors of 95 scientific papers have taken up the challenge of automating sleep disorder detection. This paper provides an expert review of this work. We investigated whether digital technology and Artificial Intelligence (AI) can provide automated diagnosis support for sleep disorders. We followed the Preferred Reporting Items for Systematic Reviews and Meta-Analyses (PRISMA) guidelines during the content discovery phase. We compared the performance of proposed sleep disorder detection methods, involving differ-ent datasets or signals. During the review, we found eight sleep disorders, of which sleep apnea and insomnia were the most studied. These disorders can be diagnosed using several kinds of biomedical signals, such as Electrocardiogram (ECG), Polysomnography (PSG), Electroencephalogram (EEG), Electromyogram (EMG), and snore sound. Subsequently, we established areas of commonality and distinctiveness. Common to all reviewed papers was that AI models were trained and tested with labelled physiological signals. Looking deeper, we discovered that 24 distinct algorithms were used for the detection task. The nature of these algorithms evolved, before 2017 only traditional Machine Learning (ML) was used. From 2018 onward, both ML and Deep Learning (DL) methods were used for sleep disorder detection. The strong emergence of DL algorithms has considerable implications for future detection systems because these algorithms demand significantly more data for training and testing when compared with ML. Based on our review results, we suggest that both type and amount of labelled data is crucial for the design of future sleep disorder detection systems because this will steer the choice of AI algorithm which establishes the desired decision support. As a guiding principle, more labelled data will help to represent the variations in symptoms. DL algorithms can extract information from these larger data quantities more effectively, therefore; we predict that the role of these algorithms will continue to expand.",,,,10.1016/j.compbiomed.2022.106100,,,
rayyan-662998258,Machine Listening for OSA Diagnosis: A Bayesian Meta-Analysis.,2025,1,1,,,,,,Tan BKJ and Gao EY and Tan NKW and Yeo BSY and Tan CJ and Ng ACW and Leong ZH and Phua CQ and Uataya M and Goh LC and Ong TH and Leow LC and Huang GB and Toh ST,https://pubmed.ncbi.nlm.nih.gov/40220991/,,,,"BACKGROUND: Among 1 billion patients worldwide with OSA, 90% remain undiagnosed. The main barrier to diagnosis is the overnight polysomnogram, which requires specialized equipment, skilled technicians, and inpatient beds available only in tertiary sleep centers. Recent advances in artificial intelligence (AI) have enabled OSA detection using breathing sound recordings.
RESEARCH QUESTION: What is the diagnostic accuracy of and how can we optimize machine listening for OSA?
STUDY DESIGN AND METHODS: PubMed, Embase, Scopus, Web of Science, and IEEE Xplore databases were systematically searched. Two masked reviewers selected studies comparing the patient-level diagnostic performance of AI approaches using overnight audio recordings vs conventional diagnosis (apnea-hypopnea index) using a train-test split or k-fold cross-validation. Bayesian bivariate meta-analysis and meta-regression were performed. Publication bias was assessed by using a selection model. Risk of bias and evidence quality were assessed by using the Quality Assessment of Diagnostic Accuracy Studies-2 and the Grading of Recommendations, Assessment, Development, and Evaluation tools.
RESULTS: From 6,254 records, 16 studies (41 models) trained on 4,864 participants and tested on 2,370 participants were included. No study had a high risk of bias. Machine listening achieved a pooled sensitivity (95% credible interval) of 90.3% (86.9%-93.1%), a specificity of 86.7% (83.1%-89.7%), a diagnostic OR of 60.8 (39.4-99.9), and positive and negative likelihood ratios of 6.78 (5.34-8.85) and 0.113 (0.079-0.152), respectively. At apnea-hypopnea index cutoffs of ≥ 5, ≥ 15, and ≥ 30 events per hour, sensitivities were 94.3% (90.3%-96.8%), 86.3% (80.1%-90.9%), and 86.3% (79.2%-91.1%); and specificities were 78.5% (68.0%-86.9%), 87.3% (81.8%-91.3%), and 89.5% (84.8%-93.3%). Meta-regression identified increased sensitivity for the following: higher audio sampling frequencies, non-contact microphones, higher OSA prevalence, and train-test split model evaluation. Accuracy was equal regardless of home smartphone vs in-laboratory professional microphone recordings, deep learning vs traditional machine learning, and variations in age and sex. Publication bias was not evident, and the evidence was of high quality.
INTERPRETATION: In this study, machine listening achieved excellent diagnostic accuracy, superior to the STOP-Bang (snoring, tiredness, observed apnea, BP, BMI, age, neck size, gender) questionnaire and comparable to common home sleep tests. Digital medicine should be further explored and externally validated for accessible and equitable OSA diagnosis.
CLINICAL TRIAL REGISTRATION: PROSPERO database; No.: CRD42024534235; URL: https://www.crd.york.ac.uk/PROSPERO/).",,,,10.1016/j.chest.2025.04.006,,,
rayyan-662998259,Automatic snoring detection using a hybrid 1D-2D convolutional neural network.,2023,1,1,,,,,,Li R and Li W and Yue K and Zhang R and Li Y,https://pubmed.ncbi.nlm.nih.gov/37640790/,,,,"Snoring, as a prevalent symptom, seriously interferes with life quality of patients with sleep disordered breathing only (simple snorers), patients with obstructive sleep apnea (OSA) and their bed partners. Researches have shown that snoring could be used for screening and diagnosis of OSA. Therefore, accurate detection of snoring sounds from sleep respiratory audio at night has been one of the most important parts. Considered that the snoring is somewhat dangerously overlooked around the world, an automatic and high-precision snoring detection algorithm is required. In this work, we designed a non-contact data acquire equipment to record nocturnal sleep respiratory audio of subjects in their private bedrooms, and proposed a hybrid convolutional neural network (CNN) model for the automatic snore detection. This model consists of a one-dimensional (1D) CNN processing the original signal and a two-dimensional (2D) CNN representing images mapped by the visibility graph method. In our experiment, our algorithm achieves an average classification accuracy of 89.3%, an average sensitivity of 89.7%, an average specificity of 88.5%, and an average AUC of 0.947, which surpasses some state-of-the-art models trained on our data. In conclusion, our results indicate that the proposed method in this study could be effective and significance for massive screening of OSA patients in daily life. And our work provides an alternative framework for time series analysis.",,,,10.1038/s41598-023-41170-w,,,
rayyan-662998260,"Proposition of a new, minimally-invasive, software smartphone device to predict sleep apnea and its severity.",2025,1,1,,,,,,Frija J and Millet J and Béquignon E and Covali A and Cathelain G and Houenou J and Benzaquen H and Geoffroy PA and Bacry E and Grajoszex M and d'Ortho MP,https://pubmed.ncbi.nlm.nih.gov/40911165/,,,,"PURPOSE: obstructive sleep apnea is underdiagnosed due to limited access to polysomnography (PSG). We aimed to assess the performances of Apneal®, an application recording sound and movements thanks to a smartphone's microphone, accelerometer and gyroscope, to estimate patients' apnea-hypopnea index (AHI).
METHODS: monocentric proof-of-concept study with a first manual scoring step, then automatic detection of respiratory events from recorded signals using a sequential deep-learning model (version 0.1 of Apneal® automatic scoring of respiratory events, end 2022), in adult patients.
RESULTS: 46 patients (women 34%, BMI 28.7 kg/m²) were included. Sensitivity of manual scoring was 0.91 (95% CI [0.8-1]) for IAH > 15 and 0.85 [0.67-1] for AHI > 30, and positive predictive values (PPV) 0.89 [0.76-0.97] and 0.94 [0.8-1]. We obtained an AUC-ROC of 0.85 (95% CI [0.69-0.96]) and AUC-PR of 0.94 (95% CI [0.84-0.99]) for the identification of AHI > 15, and AUC-ROC of 0.95 [0.860.99] and AUC-PR of 0.93 [0.81-0.99] for AHI > 30. The ICC between the AHI estimated manually, and from the PSG is 0.89 (p = 6.7 × 10- 17), Pearson correlation 0.90 (p = 1.25 × 10- 17). Automatic scoring found sensitivity of 1 [0.95-1], PPV of 0.9 [0.8-0.9] for AHI > 15, and sensitivity 0.95 [0.84-1], PPV 0.69 [0.52-0.85] for AHI > 30. The ICC between the estimated AHI, and PSG scorings is 0.84 (p = 5.4 × 10- 11) and Pearson correlation is 0.87 (p = 1.7 × 10- 12).
CONCLUSION: Manual scoring of smartphone-based signals is possible and accurate compared to PSG-based scorings. Automatic scoring method based on a deep learning model provides promising results.
TRIAL REGISTRATION: NCT03803098.",,,,10.1007/s11325-025-03441-w,,,
rayyan-662998261,Snoring classification with deep time-frequency features.,2026,1,1,,,,,,Lu W and Han J and Lei W and Chen X and Wang Y and Wang R,https://pubmed.ncbi.nlm.nih.gov/42393127/,,,,"Snoring is a primary symptom of Obstructive Sleep Apnea (OSA), and its accurate classification is crucial for non-invasively locating upper airway obstructions. However, existing methods struggle with insufficient data, imbalanced classes, and inadequate integration of time-frequency information. To address these challenges, this paper proposes a heterogeneous integration framework combining Short-Time Fourier Transform (STFT), pre-trained CNNs, and an L2-regularized Support Vector Machine (SVM). First, STFT is employed to convert snore signals into spectrograms with a perceptually uniform Viridis colormap, preserving critical time-frequency structures. Second, deep time-frequency features are extracted from the fc7 layer of a pre-trained AlexNet, which inherently mitigates the problem of limited labeled data. Finally, an L2-regularized SVM replaces the standard softmax classifier to counteract overfitting under high-dimensional, small-sample conditions. Experiments on the Munich-Passau Snore Sound Corpus demonstrate that our method achieves a test set Unweighted Average Recall of 67.1%, outperforming state of the art methods including end to end Convolutional Neural Networks and Transformer based audio models. Ablation studies confirm that removing any single component including Short-Time Fourier Transform, pre-trained Convolutional Neural Network, or Support Vector Machine causes a significant performance drop of up to 21.3%. The proposed framework provides an effective, generalizable, and data efficient solution for snore source localization.",,,,10.1038/s41598-026-58941-w,,,
rayyan-662998262,Automatically detecting OSAHS patients based on transfer learning and model fusion.,2024,1,1,,,,,,Ding L and Peng J and Song L and Zhang X,https://pubmed.ncbi.nlm.nih.gov/38722551/,,,,"Objective. Snoring is the most typical symptom of obstructive sleep apnea hypopnea syndrome (OSAHS) that can be used to develop a non-invasive approach for automatically detecting OSAHS patients.Approach. In this work, a model based on transfer learning and model fusion was applied to classify simple snorers and OSAHS patients. Three kinds of basic models were constructed based on pretrained Visual Geometry Group-16 (VGG16), pretrained audio neural networks (PANN), and Mel-frequency cepstral coefficient (MFCC). The XGBoost was used to select features based on feature importance, the majority voting strategy was applied to fuse these basic models and leave-one-subject-out cross validation was used to evaluate the proposed model.Main results. The results show that the fused model embedded with top-5 VGG16 features, top-5 PANN features, and MFCC feature can correctly identify OSAHS patients (AHI > 5) with 100% accuracy.Significance. The proposed fused model provides a good classification performance with lower computational cost and higher robustness that makes detecting OSAHS patients at home possible.",,,,10.1088/1361-6579/ad4953,,,
rayyan-662998263,Obstructive Sleep Apnea Detection Based on Sleep Sounds via Deep Learning.,2022,1,1,,,,,,Wang B and Tang X and Ai H and Li Y and Xu W and Wang X and Han D,https://pubmed.ncbi.nlm.nih.gov/36394068/,,,,"PURPOSE: This study aimed to propose a novel deep-learning method for automatic sleep apneic event detection and thus to estimate the apnea hypopnea index (AHI) and identify obstructive sleep apnea (OSA) in an event-by-event manner solely based on sleep sounds obtained by a noncontact audio recorder.
METHODS: We conducted a cross-sectional study of participants with habitual snoring or heavy breathing sounds during sleep to train and test a deep convolutional neural network named OSAnet for the detection of OSA based on sleep sounds. Polysomnography (PSG) was conducted, and sleep sounds were recorded simultaneously in a regular room without noise attenuation. The study was conducted in two phases. In phase one, eligible participants were enrolled and randomly allocated into training and validation groups for deep learning algorithm development. In phase two, eligible patients were enrolled in a test group for algorithm assessment. Sensitivity, specificity, accuracy, unweighted Cohen kappa coefficient (κ) and the area under the curve (AUC) were calculated using PSG as the reference standard.
RESULTS: A total of 135 participants were randomly divided into a training group (n, 116) and a validation group (n, 19). An independent test group of 59 participants was subsequently enrolled. Our algorithm achieved a precision of 0.81 and sensitivity of 0.78 in the test group for overall sleep event detection. The algorithm exhibited robust diagnostic performance to identify severe cases with a sensitivity of 95.6% and specificity of 91.6%.
CONCLUSION: Our results showed that a deep learning algorithm based on sleep sounds recorded by a noncontact voice recorder served as a feasible tool for apneic event detection and OSA identification. This technique may hold promise for OSA assessment in the community in a relatively comfortable and low-cost manner. Further studies to develop a tool based on a home-based setting are warranted.",,,,10.2147/nss.s373367,,,
rayyan-662998264,Adolescent Asthma Monitoring: A Preliminary Study of Audio and Spirometry Modalities.,2023,1,1,,,,,,Barahona JA and Mills K and Hernandez M and Bozkurt A and Carpenter D and Lobaton EJ,https://pubmed.ncbi.nlm.nih.gov/38083189/,,,,"Asthma patients' sleep quality is correlated with how well their asthma symptoms are controlled. In this paper, deep learning techniques are explored to improve forecasting of forced expiratory volume in one second (FEV1) by using audio data from participants and test whether auditory sleep disturbances are correlated with poorer asthma outcomes. These are applied to a representative data set of FEV1 collected from a commercially available sprirometer and audio spectrograms collected overnight using a smartphone. A model for detecting nonverbal vocalizations including coughs, sneezes, sighs, snoring, throat clearing, sniffs, and breathing sounds was trained and used to capture nightly sleep disturbances. Our preliminary analysis found significant improvement in FEV1 forecasting when using overnight nonverbal vocalization detections as an additional feature for regression using XGBoost over using only spirometry data.Clinical relevance- This preliminary study establishes up to 30% improvement of FEV1 forecasting using features generated by deep learning techniques over only spirometry-based features.",,,,10.1109/embc40787.2023.10340643,,,
rayyan-662998265,Application of artificial intelligence in the diagnosis of sleep apnea.,2023,1,1,,,,,,Bazoukis G and Bollepalli SC and Chung CT and Li X and Tse G and Bartley BL and Batool-Anwar S and Quan SF and Armoundas AA,https://pubmed.ncbi.nlm.nih.gov/36856067/,,,,"STUDY OBJECTIVES: Machine learning (ML) models have been employed in the setting of sleep disorders. This review aims to summarize the existing data about the role of ML techniques in the diagnosis, classification, and treatment of sleep-related breathing disorders.
METHODS: A systematic search in Medline, EMBASE, and Cochrane databases through January 2022 was performed.
RESULTS: Our search strategy revealed 132 studies that were included in the systematic review. Existing data show that ML models have been successfully used for diagnostic purposes. Specifically, ML models showed good performance in diagnosing sleep apnea using easily obtained features from the electrocardiogram, pulse oximetry, and sound signals. Similarly, ML showed good performance for the classification of sleep apnea into obstructive and central categories, as well as predicting apnea severity. Existing data show promising results for the ML-based guided treatment of sleep apnea. Specifically, the prediction of outcomes following surgical treatment and optimization of continuous positive airway pressure therapy can be guided by ML models.
CONCLUSIONS: The adoption and implementation of ML in the field of sleep-related breathing disorders is promising. Advancements in wearable sensor technology and ML models can help clinicians predict, diagnose, and classify sleep apnea more accurately and efficiently.
CITATION: Bazoukis G, Bollepalli SC, Chung CT, et al. Application of artificial intelligence in the diagnosis of sleep apnea. J Clin Sleep Med. 2023;19(7):1337-1363.",,,,10.5664/jcsm.10532,,,
rayyan-662998266,Artificial intelligence facial recognition of obstructive sleep apnea: a Bayesian meta-analysis.,2024,1,1,,,,,,Gao EY and Tan BKJ and Tan NKW and Ng ACW and Leong ZH and Phua CQ and Loh SRH and Uataya M and Goh LC and Ong TH and Leow LC and Huang GB and Toh ST,https://pubmed.ncbi.nlm.nih.gov/39614959/,,,,"PURPOSE: Conventional obstructive sleep apnea (OSA) diagnosis via polysomnography can be costly and inaccessible. Recent advances in artificial intelligence (AI) have enabled the use of craniofacial photographs to diagnose OSA. This meta-analysis aims to clarify the diagnostic accuracy of this innovative approach.
METHODS: Two blinded reviewers searched PubMed, Embase, Scopus, Web of Science, and IEEE Xplore databases, then selected and graded the risk of bias of observational studies of adults (≥ 18 years) comparing the diagnostic performance of AI algorithms using craniofacial photographs, versus conventional OSA diagnostic criteria (i.e. apnea-hypopnea index [AHI]). Studies were excluded if they detected apneic events without diagnosing OSA. AI models evaluated with a random split test set or k-fold cross-validation were included in a Bayesian bivariate meta-analysis.
RESULTS: From 5,147 records, 6 studies were included, containing 10 AI models trained/tested on 1,417/983 participants. The risk of bias was low. AI trained on craniofacial photographs achieved a pooled 84.9% sensitivity (95% credible interval [95% CrI]: 77.1-90.7%) and 71.2% specificity (95% CrI: 60.7-81.4%). Bayesian meta-regression identified deep learning (convolutional neural networks) as the most accurate AI algorithm (91.1% sensitivity, 79.2% specificity) comparable to home sleep apnea tests. AHI cutoffs, OSA prevalence, feature engineering, input data, camera type and informativeness of Bayesian prior did not alter diagnostic accuracy. There was no substantial publication bias.
CONCLUSION: AI trained on craniofacial photographs have high diagnostic accuracy and should be considered as a low-cost OSA screening tool. Future work focused on deep learning using smartphone images could improve the feasibility of this approach in primary care.",,,,10.1007/s11325-024-03173-3,,,
rayyan-662998267,Acoustic Screening for Obstructive Sleep Apnea in Home Environments Based on Deep Neural Networks.,2022,1,1,,,,,,Romero HE and Ma N and Brown GJ and Hill EA,https://pubmed.ncbi.nlm.nih.gov/35213321/,,,,"Obstructive sleep apnea (OSA) is a chronic and prevalent condition with well-established comorbidities. However, many severe cases remain undiagnosed due to poor access to polysomnography (PSG), the gold standard for Obstructive sleep apnea (OSA) diagnosis. Accurate home-based methods to screen for OSA are needed, which can be applied inexpensively to high-risk subjects to identify those that require PSG to fully assess their condition. A number of methods that analyse speech or breathing sounds to screen for OSA have been previously investigated. However, these methods have constraints that limit their use in home environments (e.g., they require specialised equipment, are not robust to background noise, are obtrusive or depend on tightly controlled conditions). This paper proposes a novel method to screen for OSA, which analyses sleep breathing sounds recorded with a smartphone at home. Audio recordings made over a whole night are divided into segments, each of which is classified for the presence or absence of OSA by a deep neural network. The apnea-hypopnea index estimated from the segments predicted as containing evidence of OSA is then used to screen for the condition. Audio recordings made during home sleep apnea testing from 103 participants for 1 or 2 nights were used to develop and evaluate the proposed system. When screening for moderate OSA the acoustics based system achieved a sensitivity of 0.79 and a specificity of 0.80. The sensitivity and specificity when screening for severe OSA were 0.78 and 0.93, respectively. The system is suitable for implementation on consumer smartphones.",,,,10.1109/jbhi.2022.3154719,,,
rayyan-662998268,Deep Learning-Based Event Counting for Apnea-Hypopnea Index Estimation Using Recursive Spiking Neural Networks.,2025,1,1,,,,,,Werthen-Brabants L and Castillo-Escario Y and Groenendaal W and Jane R and Dhaene T and Deschrijver D,https://pubmed.ncbi.nlm.nih.gov/40030371/,,,,"OBJECTIVE: To develop a novel method for improved screening of sleep apnea in home environments, focusing on reliable estimation of the Apnea-Hypopnea Index (AHI) without the need for highly precise event localization.
METHODS: RSN-Count is introduced, a technique leveraging Spiking Neural Networks to directly count apneic events in recorded signals. This approach aims to reduce dependence on the exact time-based pinpointing of events, a potential source of variability in conventional analysis.
RESULTS: RSN-Count demonstrates a superior ability to quantify apneic events (AHI MAE ) compared to established methods (AHI MAE ) on a dataset of whole-night audio and SpO recordings (N = 33). This is particularly valuable for accurate AHI estimation, even in the absence of highly precise event localization.
CONCLUSION: RSN-Count offers a promising improvement in sleep apnea screening within home settings. Its focus on event quantification enhances AHI estimation accuracy.
SIGNIFICANCE: This method addresses limitations in current sleep apnea diagnostics, potentially increasing screening accuracy and accessibility while reducing dependence on costly and complex polysomnography.",,,,10.1109/tbme.2024.3498097,,,
rayyan-662998269,Automatic monitoring of obstructive sleep apnea based on multi-modal signals by phone and smartwatch.,2023,1,1,,,,,,Zhou G and Zhou W and Zhang Y and Zeng Z and Zhao W,https://pubmed.ncbi.nlm.nih.gov/38083356/,,,,"Obstructive Sleep Apnea (OSA) is the most common sleep-related breathing disorder, with an overall population prevalence ranging from 9% to 38%, and it is associated with many cardiovascular diseases. The diagnosis of OSA requires polysomnography (PSG) testing, which is unsuitable for large-scale preliminary screening due to its high cost and discomfort to wear. Therefore, a simple and inexpensive screening method would be of great value. This study presents a novel at-home OSA screening method using a smartwatch and a smartphone to obtain several physiological signals, snoring segments, and questionnaire information during a whole night's sleep. The proposed method can distinguish four OSA risk levels based on machine learning (ML) classifications; the system was validated by conducting an in-hospital study on 350 subjects with sleep disorders. The estimated OSA risk levels are in good agreement with the OSA severity diagnosed by PSG (correlation with apnea-hypopnea index (AHI) = 0.92), and an encouraging classification performance is achieved (accuracy = 88.1%, 84.5%, 85.1%, sensitivity = 89.1%, 84.2%, 85.6% for mild, moderate and severe OSA). These findings reveal that wearable devices have the potential for large-scale OSA screening.",,,,10.1109/embc40787.2023.10340237,,,
rayyan-662998270,Auditory Receptive Field Net Based Automatic Snore Detection for Wearable Devices.,2023,1,1,,,,,,Hu X and Sun J and Dong J and Zhang X,https://pubmed.ncbi.nlm.nih.gov/35377849/,,,,"Although obstructive sleep apnea and hypopnea syndrome (OSAHS) is a common sleep disease, it is sometimes difficult to be detected in time because of the inconvenience of polysomnography (PSG) examination. Since snoring is one of the earliest symptoms of OSAHS, it can be used for early OSAHS prediction. With the recent development of wearable and IoT sensors, we proposed a deep learning-based accurate snore detection model for long-term home monitoring of snoring during sleep. To enhance the discriminability of features between snoring and non-snoring events, an auditory receptive field (ARF) net was proposed and integrated into the feature extraction network. Based on the feature maps derived by the feature extraction network, the detection model predicted a series of candidate boxes and corresponding confidence scores for each candidate box, which denoted whether the candidate box contained a snore event from the input sound waveforms. A snore detection dataset with a total duration of more than 4600 min was developed to evaluate the proposed model. The experimental results on this dataset revealed that the proposed model outperformed other traditional approaches and deep learning models.",,,,10.1109/jbhi.2022.3164517,,,
rayyan-662998271,A wearable device for at-home obstructive sleep apnea assessment: State-of-the-art and research challenges.,2023,1,1,,,,,,Tran NT and Tran HN and Mai AT,https://pubmed.ncbi.nlm.nih.gov/36824418/,,,,"In the last 3 years, almost all medical resources have been reserved for the screening and treatment of patients with coronavirus disease (COVID-19). Due to a shortage of medical staff and equipment, diagnosing sleep disorders, such as obstructive sleep apnea (OSA), has become more difficult than ever. In addition to being diagnosed using polysomnography at a hospital, people seem to pay more attention to alternative at-home OSA detection solutions. This study aims to review state-of-the-art assessment techniques for out-of-center detection of the main characteristics of OSA, such as sleep, cardiovascular function, oxygen balance and consumption, sleep position, breathing effort, respiratory function, and audio, as well as recent progress in the implementation of data acquisition and processing and machine learning techniques that support early detection of severe OSA levels.",,,,10.3389/fneur.2023.1123227,,,
rayyan-662998272,Identification of OSAHS patients based on ReliefF-mRMR feature selection.,2024,1,1,,,,,,Ye Z and Peng J and Zhang X and Song L,https://pubmed.ncbi.nlm.nih.gov/37878092/,,,,"Obstructive Sleep Apnea Hypopnea Syndrome (OSAHS) is a serious chronic sleep disorder. Snoring is a common and easily observable symptom of OSAHS patients. The purpose of this work is to identify OSAHS patients by analyzing the acoustic characteristics of snoring sounds throughout the entire night. Ten types of acoustic features, such as Mel-frequency cepstral coefficients (MFCC), linear prediction coefficients (LPC) and spectral entropy among others, were extracted from the snoring sounds. A fused feature selection algorithm based on ReliefF and Max-Relevance and Min-Redundancy (mRMR) was proposed for optimal feature set selection. Four types of machine learning models were then applied to validate the effectiveness of OSAHS patient identification. The results show that the proposed feature selection algorithm can effectively select features with high contribution, including MFCC and LPC. Based on the selected top-20 features and using a support vector machine model, the accuracies in identifying OSAHS patients under the thresholds of AHI = 5,15, and 30, were 100%, 100%, and 98.94%, respectively. This indicates that the proposed model can effectively identify OSAHS patients.",,,,10.1007/s13246-023-01345-1,,,
rayyan-662998274,Screening Sleep Apnea Using Random Convolution Kernels of Acoustic Speech Representations.,2025,1,1,,,,,,TaghiBeyglou B and Akbari S and Mclaurin P and Yasokaran O and Adams R and Mohammed M and Ayas N and Pendharkar SR and Almeida FR and Singh M and Rac V and Yadollahi A,https://pubmed.ncbi.nlm.nih.gov/41336387/,,,,"Obstructive sleep apnea (OSA), characterized by complete or partial airway obstruction during sleep, affects approximately 38% of the adult population. The clinical diagnosis of OSA is typically conducted using polysomnography (PSG), which has been reported to be cumbersome, requires technical expertise, and involves long waitlists. Consequently, alternative methods, such as questionnaires, have gained attention in recent years. However, while these methods are highly sensitive, they suffer from low specificity. Speech-based screening has emerged as an accessible alternative and has been widely explored in the literature. Despite this, existing technologies primarily rely on acoustic features and classical machine learning models, with the potential of deep neural networks largely unexplored. In this study, we employed random convolution kernels to simulate the effects of convolutional neural networks on speech acoustic features to predict the severity of sleep apnea based on two apnea-hypopnea index (AHI) thresholds: 10 and 15 events/hour. Our results, based on a sample of 35 individuals, achieved an F1-score of 0.83 for the 10 events/hour threshold and 0.71 for the 15 events/hour threshold, surpassing the performance reported in the literature with similar sample sizes.",,,,10.1109/embc58623.2025.11252985,,,
rayyan-662998275,Assessing Obstructive Sleep Apnea Severity During Wakefulness via Tracheal Breathing Sound Analysis.,2025,1,1,,,,,,Alqudah AM and Moussavi Z,https://pubmed.ncbi.nlm.nih.gov/41157332/,,,,"Obstructive sleep apnea (OSA) is a commonly underdiagnosed condition that not only increases the risk of accidents but also significantly contributes to a wide range of health complications, including heightened perioperative morbidity and mortality risks during surgeries under general anesthesia. Polysomnography (PSG), which is the diagnostic gold standard, is costly, requires skilled technicians, is time-consuming, and is not always accessible. This study presents a fast, objective, and non-invasive method for detecting OSA severity by analyzing tracheal breathing sounds (TBS) recorded during wakefulness in supine position. Features were extracted from six binary (1-vs-1) severity comparisons-Non-OSA, Mild, Moderate, and Severe-and combined with anthropometric characteristics for classification. The data of 199 subjects (74 Non-OSA, 35 Mild, 50 Moderate, and 40 Severe) were analyzed, the data of 169 and 30 was used for training and blind testing, respectively, and the training dataset was shuffled 10 times to avoid any bias during training. Multiple machine learning models were evaluated, and the best-performing model for each was saved. Across six experimental models comparing OSA severity levels, the most balanced performance was achieved by the Base Model of Non-OSA vs. Severe-OSA using the support vector machine algorithm, with 88.2% accuracy, 83.3% sensitivity, and 90.9% specificity. While Random Forests in the Base Model of Non-OSA vs. Mild-OSA achieved 100% sensitivity, its accuracy was lower (81.2%). The results confirm the reliability and robustness of the proposed approach, providing a basis for OSA severity screening in under 10 min during wakefulness.",,,,10.3390/s25206280,,,
rayyan-662998276,A novel deep feature transfer-based OSA detection method using sleep sound signals.,2020,1,1,,,,,,Luo J and Liu H and Gao X and Wang B and Zhu X and Shi Y and Hei X and Ren X,https://pubmed.ncbi.nlm.nih.gov/32559754/,,,,"OBJECTIVE: Polysomnography is typically used to evaluate the severity of obstructive sleep apnea (OSA) but the inconvenience of application and high cost considerably affect the diagnostics. In this study, sleep sound signals are used to detect OSA in patients.
APPROACH: A deep feature transfer-based OSA detection approach is proposed. First, a deep convolutional neural network is trained on large-scale labeled audio data sets to distinguish respiration sounds from environmental noise. Second, the trained model is transferred to recognize respiration sounds in sleep sound signals. Third, the deep features of the detected respiration sounds are used to train a logistic regression classifier to identify OSA patients from potential patients. Polysomnography-based diagnosis is used as a reference.
MAIN RESULTS: A self-collected data set of 132 potential OSA patients is applied in OSA detection experiments. The OSA detection performances are tested on four models for different apnea-hypopnea index thresholds and sexes resulting in accuracies of 80.17%, 80.21%, 81.63% and 77.22%. The corresponding areas under the receiver operating characteristic curves are 0.82, 0.80, 0.81 and 0.79. In addition, the proposed method presented a significant performance improvement compared with the state-of-the-art methods.
SIGNIFICANCE: Big data, deep learning and transfer learning can be successfully applied to improve diagnostic accuracy in OSA detection. The performance of the proposed approach is superior to that of traditional audio analysis technology. The proposed method significantly reduces difficulties in OSA detection and diagnosis, such that potential OSA patients can perform initial inspections by themselves at home.",,,,10.1088/1361-6579/ab9e7b,,,
rayyan-662998277,Screening for obstructive sleep apnea with novel hybrid acoustic smartphone app technology.,2020,1,1,,,,,,Tiron R and Lyon G and Kilroy H and Osman A and Kelly N and O'Mahony N and Lopes C and Coffey S and McMahon S and Wren M and Conway K and Fox N and Costello J and Shouldice R and Lederer K and Fietze I and Penzel T,https://pubmed.ncbi.nlm.nih.gov/32944361/,,,,"BACKGROUND: Obstructive sleep apnea (OSA) has a high prevalence, with an estimated 425 million adults with apnea hypopnea index (AHI) of ≥15 events/hour, and is significantly underdiagnosed. This presents a significant pain point for both the sufferers, and for healthcare systems, particularly in a post COVID-19 pandemic world. As such, it presents an opportunity for new technologies that can enable screening in both developing and developed countries. In this work, the performance of a non-contact OSA screener App that can run on both Apple and Android smartphones is presented.
METHODS: The subtle breathing patterns of a person in bed can be measured via a smartphone using the ""Firefly"" app technology platform [and underpinning software development kit (SDK)], which utilizes advanced digital signal processing (DSP) technology and artificial intelligence (AI) algorithms to identify detailed sleep stages, respiration rate, snoring, and OSA patterns. The smartphone is simply placed adjacent to the subject, such as on a bedside table, night stand or shelf, during the sleep session. The system was trained on a set of 128 overnights recorded at a sleep laboratory, where volunteers underwent simultaneous full polysomnography (PSG), and ""Firefly"" smartphone app analysis. A separate independent test set of 120 recordings was collected across a range of Apple iOS and Android smartphones, and withheld for performance evaluation by a different team. An operating point tuned for mid-sensitivity (i.e., balancing sensitivity and specificity) was chosen for the screener.
RESULTS: The performance on the test set is comparable to ambulatory OSA screeners, and other smartphone screening apps, with a sensitivity of 88.3% and specificity of 80.0% [with receiver operating characteristic (ROC) area under the curve (AUC) of 0.92], for a clinical threshold for the AHI of ≥15 events/hour of detected sleep time.
CONCLUSIONS: The ""Firefly"" app based sensing technology offers the potential to significantly lower the barrier of entry to OSA screening, as no hardware (other than the user's personal smartphone) is required. Additionally, multi-night analysis is possible in the home environment, without requiring the wearing of a portable PSG or other home sleep test (HST).",,,,10.21037/jtd-20-804,,,
rayyan-662998278,Continuous Mobile Audio Monitoring for Sleep Apnea Detection.,2026,1,1,,,,,,Han J and Xia T and Mascolo C,https://pubmed.ncbi.nlm.nih.gov/42009325/,,,,"Audio-based sleep apnea detection methods hold great potential to improve access to diagnosis, by providing unattended sleep apnea screening at home via sound collected from mobile sensors during sleep. Our research involved a thorough comparison and evaluation of tracheal and ambient microphone recordings for sleep apnea detection with different granularities. Utilising a variety of acoustic representations and sophisticated deep learning architectures, we performed an extensive analysis on the open PSG-Audio dataset, which encompasses over 850 hours of audio data from 194 subjects. For sleep apnea classification, the most effective model showed a 90.8 % accuracy in detecting sleep apnea, 83.3 % accuracy when hypopneic and apneic events were detected separately, and 75.7 % accuracy when apneic events were further divided into three sub-categories. On overnight recordings, the model achieved a sensitivity of 0.93 and a specificity of 1.0 for moderate sleep apnea screening, and a sensitivity of 0.84 and a specificity of 0.97 for severe sleep apnea screening. This research also provided a unique study to compare and combine respiratory sounds from two different types of sensors for sleep apnea detection. The high performance of our model provides a promising avenue for enabling remote diagnosis and monitoring of sleep apnea.",,,,10.1109/jbhi.2026.3685448,,,
rayyan-662998279,Estimating the severity of obstructive sleep apnea during wakefulness using speech: A review.,2024,1,1,,,,,,TaghiBeyglou B and Čuljak I and Bagheri F and Suntharalingam H and Yadollahi A,https://pubmed.ncbi.nlm.nih.gov/39173487/,,,,"Obstructive sleep apnea (OSA) is a chronic breathing disorder during sleep that affects 10-30% of adults in North America. The gold standard for diagnosing OSA is polysomnography (PSG). However, PSG has several drawbacks, for example, it is a cumbersome and expensive procedure, which can be quite inconvenient for patients. Additionally, patients often have to endure long waitlists before they can undergo PSG. As a result, other alternatives for screening OSA have gained attention. Speech, as an accessible modality, is generated by variations in the pharyngeal airway, vocal tract, and soft tissues in the pharynx, which shares similar anatomical structures that contribute to OSA. Consequently, in this study, we aim to provide a comprehensive review of the existing research on the use of speech for estimating the severity of OSA. In this regard, a total of 851 papers were initially identified from the PubMed database using a specified set of keywords defined by population, intervention, comparison and outcome (PICO) criteria, along with a concatenated graph of the 5 most cited papers in the field extracted from ConnectedPapers platform. Following a rigorous filtering process that considered the preferred reporting items for systematic reviews and meta-analyses (PRISMA) approach, 32 papers were ultimately included in this review. Among these, 28 papers primarily focused on developing methodology, while the remaining 4 papers delved into the clinical perspective of the association between OSA and speech. In the next step, we investigate the physiological similarities between OSA and speech. Subsequently, we highlight the features extracted from speech, the employed feature selection techniques, and the details of the developed models to predict OSA severity. By thoroughly discussing the current findings and limitations of studies in the field, we provide valuable insights into the gaps that need to be addressed in future research directions.",,,,10.1016/j.compbiomed.2024.109020,,,
rayyan-662998280,An OSAHS evaluation method based on multi-features acoustic analysis of snoring sounds.,2021,1,1,,,,,,Jiang Y and Peng J and Song L,https://pubmed.ncbi.nlm.nih.gov/34217922/,,,,"Snoring is the most direct symptom of obstructive sleep apnea hypopnea syndrome (OSAHS) and implies a lot of information about OSAHS symptoms. This paper aimed to identify OSAHS patients by analyzing acoustic features derived from overnight snoring sounds. Mel-frequency cepstral coefficients, 800 Hz power ratio, spectral entropy and other 10 acoustic features were extracted from snores, and Top-6 features were selected from the extracted 10 acoustic features by a feature selection algorithm based on random forest, then 5 kinds of machine learning models were applied to validate the effectiveness of Top-6 features on identifying OSAHS patients. The results showed that when the classification performance and computing efficiency were taken into account, the combination of logistic regression model and Top-6 features performed best and could successfully distinguish OSAHS patients from simple snorers. The proposed method provides a higher accuracy for evaluating OSAHS with lower computational complexity. The method has great potential prospect for the development of a portable sleep snore monitoring device.",,,,10.1016/j.sleep.2021.06.012,,,
rayyan-662998281,Upper Airway Classification in Sleep Endoscopy Examinations using Convolutional Recurrent Neural Networks().,2021,1,1,,,,,,Hanif U and Kezirian E and Kiar EK and Mignot E and Sorensen HBD and Jennum P,https://pubmed.ncbi.nlm.nih.gov/34892097/,,,,"Assessing the upper airway (UA) of obstructive sleep apnea patients using drug-induced sleep endoscopy (DISE) before potential surgery is standard practice in clinics to determine the location of UA collapse. According to the VOTE classification system, UA collapse can occur at the velum (V), oropharynx (O), tongue (T), and/or epiglottis (E). Analyzing DISE videos is not trivial due to anatomical variation, simultaneous UA collapse in several locations, and video distortion caused by mucus or saliva. The first step towards automated analysis of DISE videos is to determine which UA region the endoscope is in at any time throughout the video: V (velum) or OTE (oropharynx, tongue, or epiglottis). An additional class denoted X is introduced for times when the video is distorted to an extent where it is impossible to determine the region. This paper is a proof of concept for classifying UA regions using 24 annotated DISE videos. We propose a convolutional recurrent neural network using a ResNet18 architecture combined with a two-layer bidirectional long short-term memory network. The classifications were performed on a sequence of 5 seconds of video at a time. The network achieved an overall accuracy of 82% and F1-score of 79% for the three-class problem, showing potential for recognition of regions across patients despite anatomical variation. Results indicate that large-scale training on videos can be used to further predict the location(s), type(s), and degree(s) of UA collapse, showing potential for derivation of automatic diagnoses from DISE videos eventually.",,,,10.1109/embc46164.2021.9630098,,,
rayyan-662998282,Convolutional Neural Networks for Apnea Detection from Smartphone Audio Signals: Effect of Window Size.,2022,1,1,,,,,,Castillo-Escario Y and Werthen-Brabants L and Groenendaal W and Deschrijver D and Jane R,https://pubmed.ncbi.nlm.nih.gov/36085651/,,,,"Although sleep apnea is one of the most prevalent sleep disorders, most patients remain undiagnosed and untreated. The gold standard for sleep apnea diagnosis, polysomnography, has important limitations such as its high cost and complexity. This leads to a growing need for novel cost-effective systems. Mobile health tools and deep learning algorithms are nowadays being proposed as innovative solutions for automatic apnea detection. In this work, a convolutional neural network (CNN) is trained for the identification of apnea events from the spectrograms of audio signals recorded with a smartphone. A systematic comparison of the effect of different window sizes on the model performance is provided. According to the results, the best models are obtained with 60 s windows (sensitivity-0.72, specilicity-0.89, AUROC = 0.88), For smaller windows, the model performance can be negatively impacted, because the windows become shorter than most apnea events, by which sound reductions can no longer be appreciated. On the other hand, longer windows tend to include multiple or mixed events, that will confound the model. This careful trade-off demonstrates the importance of selecting a proper window size to obtain models with adequate predictive power. This paper shows that CNNs applied to smartphone audio signals can facilitate sleep apnea detection in a realistic setting and is a first step towards an automated method to assist sleep technicians. Clinical Relevance- The results show the effect of the window size on the predictive power of CNNs for apnea detection. Furthermore, the potential of smartphones, audio signals, and deep neural networks for automatic sleep apnea screening is demonstrated.",,,,10.1109/embc48229.2022.9871396,,,
rayyan-662998283,[Snoring noise removal method for bowel sound signal during sleep].,2024,1,1,,,,,,Wang G and Wang W and Liu H,https://pubmed.ncbi.nlm.nih.gov/38686409/,,,,"Monitoring of bowel sounds is an important method to assess bowel motility during sleep, but it is seriously affected by snoring noise. In this paper, the complete ensemble empirical mode decomposition with adaptive noise (CEEMDAN) method was applied to remove snoring noise from bowel sounds during sleep. Specifically, the noisy bowel sounds were first band-pass filtered, then decomposed by the CEEMDAN method, and finally the appropriate components were selected to reconstruct the pure bowel sounds. The results of semi-simulated and real data showed that the CEEMDAN method was better than empirical mode decomposition and wavelet denoising method. The CEEMDAN method is used to remove snoring noise from bowel sounds during sleep, which lays an important foundation for using bowel sounds to assess the intestinal motility during sleep.",,,,10.7507/1001-5515.202307055,,,
rayyan-662998284,"Artificial Intelligence in Snoring Sound Analysis: OSA Detection and Obstruction Site Classification, a Systematic Review.",2026,1,1,,,,,,Tartaglia FC and Pace GM and Giombi F and Nava G and Motisi A and Maffoni N and Mancin S and Berdin N and Sandri G and Cerri L and Serra E and Mercante G and Spriano G and Malvezzi L and Paderno A,https://pubmed.ncbi.nlm.nih.gov/41521859/,,,,"OBJECTIVE: The aim of the systematic review is to evaluate the application of machine learning (ML) and artificial intelligence (AI) models in the analysis of snoring sounds for the detection of obstructive sleep apnea (OSA) and the classification of obstruction sites based on the Velum, Oropharynx, Tongue, and Epiglottis (VOTE) system.
DATA SOURCES: We conducted a comprehensive literature search in PubMed, Scopus, Ovid, Cochrane, and Web of Science databases from 2011 to November 30, 2024. The search included terms related to snoring, machine learning, artificial intelligence, and acoustic analysis.
REVIEW METHODS: The review was structured using the PICO framework and adhered to Preferred Reporting Items for Systematic Reviews and Meta-analyses (PRISMA) 2020 guidelines. A total of 591 records were identified, and 42 studies were included after screening and full-text review. Methodological quality was assessed using the Prediction model Risk Of Bias Assessment Tool (PROBAST) tool, and data extraction focused on ML models, data sets, feature extraction methods, and performance metrics.
RESULTS: ML models such as support vector machine (SVMs), convolutional neural networks (CNNs), and hybrid deep learning architectures achieved high accuracy (up to 98.6%) in snore classification and OSA detection. Key features included mel-frequency cepstral coefficients (MFCCs), wavelet transforms, and deep spectral representations. Several studies attempted VOTE classification, reporting unweighted average recalls (UARs) of 49% to 75% with baseline pipelines, and up to 87.5% to 94.7% UAR or 92.2 to 95.5% accuracy when using targeted features with SVM or k-nearest neighbor (kNN). Challenges included limited external validation, data set imbalance, and noise interference.
CONCLUSION: AI-driven snore analysis holds potential for noninvasive OSA screening and anatomical site classification. Future work should focus on multimodal data integration, real-world validation, and model generalizability to support clinical translation.",,,,10.1002/ohn.70114,,,
rayyan-662998285,ApneaWhisper: Transformer-Based Audio Segmentation for Fine-Grained Non-Invasive Sleep Apnea Detection.,2025,1,1,,,,,,Kim Y and Kim M and Shin J and Ko M,https://pubmed.ncbi.nlm.nih.gov/41069504/,,,,"PURPOSE: Sleep apnea is a prevalent sleep disorder with serious health implications. This study introduces ApneaWhisper, a Transformer-based audio segmentation model designed for noninvasive detection of sleep apnea subtypes using PSG-Audio data.
PATIENTS AND METHODS: We utilized a PSG-Audio dataset from 284 patients. ApneaWhisper leverages a pretrained Whisper encoder to extract 10 ms-resolution frame-level features from 20-second audio clips. A lightweight Transformer decoder with token-based segmentation and a classification head aggregates these features for both frame-level and clip-level predictions. The model was fine-tuned using class-balanced cross-entropy loss to address data imbalance across apnea subtypes.
RESULTS: ApneaWhisper achieved strong performance for sleep apnea detection, with a clip-level F1-score of 0.82 and a frame-level F1-score of 0.70, outperforming conventional baselines including MFCC+DNN, VGGish+bi-LSTM, and VAD-based models. It also showed promising ability in distinguishing between OSA, MSA, CSA, and hypopnea, though with varying success.
CONCLUSION: The model's fine-grained temporal resolution enables precise apnea event localization, duration estimation, and subtype classification. While ApneaWhisper performs robustly for OSA, challenges remain in distinguishing central (CSA) and mixed (MSA) sleep apnea, due to subtle or ambiguous acoustic patterns. The frame-level segmentation also facilitates accurate apnea-hypopnea index (AHI) estimation, which could reduce dependence on full PSG studies in certain clinical and home-monitoring scenarios. Future improvements may involve multimodal integration (eg, oxygen saturation) and noise-robust training techniques.",,,,10.2147/nss.s553774,,,
rayyan-662998286,A multi-branch convolutional neural network for snoring detection based on audio.,2025,1,1,,,,,,Dong H and Wu H and Yang G and Zhang J and Wan K,https://pubmed.ncbi.nlm.nih.gov/38372231/,,,,"Obstructive sleep apnea (OSA) is associated with various health complications, and snoring is a prominent characteristic of this disorder. Therefore, the exploration of a concise and effective method for detecting snoring has consistently been a crucial aspect of sleep medicine. As the easily accessible data, the identification of snoring through sound analysis offers a more convenient and straightforward method. The objective of this study was to develop a convolutional neural network (CNN) for classifying snoring and non-snoring events based on audio. This study utilized Mel-frequency cepstral coefficients (MFCCs) as a method for extracting features during the preprocessing of raw data. In order to extract multi-scale features from the frequency domain of sound sources, this study proposes the utilization of a multi-branch convolutional neural network (MBCNN) for the purpose of classification. The network utilized asymmetric convolutional kernels to acquire additional information, while the adoption of one-hot encoding labels aimed to mitigate the impact of labels. The experiment tested the network's performance by utilizing a publicly available dataset consisting of 1,000 sound samples. The test results indicate that the MBCNN achieved a snoring detection accuracy of 99.5%. The integration of multi-scale features and the implementation of MBCNN, based on audio data, have demonstrated a substantial improvement in the performance of snoring classification.",,,,10.1080/10255842.2024.2317438,,,
rayyan-662998287,Advancements in pediatric obstructive sleep apnea: cognitive implications and the role of AI in precision medicine.,2025,1,1,,,,,,Zhao B and Fan H and Niu H and Li Y and Deng S and Zhai L and Wang L and Gao X,https://pubmed.ncbi.nlm.nih.gov/41357513/,,,,"BACKGROUND: Obstructive sleep apnea (OSA) in children is linked to cognitive impairment, which is further aggravated by fragmented sleep, intermittent hypoxia, and comorbid attention deficit hyperactivity disorder (ADHD), often resulting in poor academic performance, behavioral problems, and delayed neurodevelopment.
METHODS: A bibliometric and scientometric analysis was conducted using Web of Science Core Collection (WoSCC) and Scopus databases (1983-2025). After exclusion of non-article records and duplicates, 1,610 studies were included. CiteSpace, VOSviewer, and the R-based Bibliometrix package were employed to analyze publication trends, authorship, institutional collaborations, co-citations, and keyword evolution.
RESULTS: Since 2010, scholarly attention to pediatric obstructive sleep apnea and its cognitive implications has grown rapidly, with research output increasing at an annual rate of 11.96%. The United States, China, and several European countries stand out as major contributors, both in terms of publications and international collaboration. Prominent academic centers-such as Harvard University, the University of Michigan, and the University of Chicago-serve as key institutional hubs. Among the most influential contributors to the field are David Gozal and Leila Kheirandish-Gozal, while leading journals include Sleep Medicine and the Journal of Clinical Sleep Medicine. Keyword mapping highlights the central focus on ""obstructive sleep apnea,"" ""children,"" and ""sleep-disordered breathing,"" alongside diagnostic and treatment terms such as ""polysomnography"" and ""adenotonsillectomy."" Notably, there is growing emphasis on cognitive and behavioral aspects, including ""cognition,"" ""behavior,"" and ""ADHD,"" as well as comorbidities like ""obesity"" and ""Down syndrome."" Recent clusters underscore advances in artificial intelligence (AI) and machine learning (ML) based models using oximetry, electrocardiogram (ECG), and acoustic data, enabling early detection and supporting precision medicine approaches.
CONCLUSION: The relationship between pediatric obstructive sleep apnea and neurocognitive development has gained significant attention, with recent research focusing on cognitive outcomes and emerging technologies. While conventional treatments remain important, their limited impact on cognitive recovery underscores the need for early diagnosis and personalized therapies. Advances in artificial intelligence and machine learning are improving diagnostic accuracy, enabling earlier interventions, and supporting neurocognitive function in affected children. These developments reflect a shift toward precision-based, tailored care rather than one-size-fits-all treatments.",,,,10.3389/fmed.2025.1704504,,,
rayyan-662998288,Automatic classification of excitation location of snoring sounds.,2021,1,1,,,,,,Sun J and Hu X and Peng S and Peng CK and Ma Y,https://pubmed.ncbi.nlm.nih.gov/33560203/,,,,"STUDY OBJECTIVES: For surgical treatment of patients with obstructive sleep apnea-hypopnea syndrome, it is crucial to locate accurately the obstructive sites in the upper airway; however, noninvasive methods for locating the obstructive sites have not been well explored. Snoring, as the cardinal symptom of obstructive sleep apnea-hypopnea syndrome, should contain information that reflects the state of the upper airway. Through the classification of snores produced at four different locations, this study aimed to test the hypothesis that snores generated by various obstructive sites differ.
METHODS: We trained and tested our model on a public data set that comprised 219 participants. For each snore episode, an acoustic and a physiological feature were extracted and concatenated, forming a 59-dimensional fusion feature. A principal component analysis and a support machine vector were used for dimensional reduction and snore classification. The performance of the proposed model was evaluated using several metrics: sensitivity, precision, specificity, area under the receiver operating characteristic curve, and F1 score.
RESULTS: The unweighted average values of sensitivity, precision, specificity, area under the curve, and F1 were 86.36%, 89.09%, 96.4%, 87.9%, and 87.63%, respectively. The model achieved 98.04%, 80.56%, 72.73%, and 94.12% sensitivity for types V (velum), O (oropharyngeal), T (tongue), and E (epiglottis) snores.
CONCLUSIONS: The characteristics of snores are related to the state of the upper airway. The machine-learning-based model can be used to locate the vibration sites in the upper airway.",,,,10.5664/jcsm.9094,,,
rayyan-662998289,Automatic snoring sounds detection from sleep sounds based on deep learning.,2020,1,1,,,,,,Jiang Y and Peng J and Zhang X,https://pubmed.ncbi.nlm.nih.gov/32378124/,,,,"Snoring is a typical characteristic of obstructive sleep apnea hypopnea syndrome (OSAHS) and can be used for its diagnosis. The purpose of this paper is to develop an automatic snoring detection algorithm for classifying snore and non-snore sound segments, which have been segmented from a whole-night sleep sound signal using a spectral entropy method, based on convolutional neural network (CNN) descriptors extracted from audio maps. For each sound segment, the time-domain waveform, spectrum, spectrogram, Mel-spectrogram and CQT-spectrogram are calculated. Two classifiers are applied to classify sound segments into either snore or non-snore classes. The first classifier is referred to as CNNs-DNNs and combines CNNs and deep neural networks (DNNs), and the second classifier is referred to as CNNs-LSTMs-DNNs and consists of CNNs, Long and Short memory networks (LSTMs) and DNNs. The results show that the Mel-spectrogram can better reflect the differences between snore and non-snore sound segments for the five maps extracted in this study. Furthermore, the deep spectrum features extracted from CNNs-LSTMs-DNNs using Mel-spectrogram are well suited to this task. The results indicate that the method developed in this study could be used for a portable sleep monitoring device.",,,,10.1007/s13246-020-00876-1,,,
rayyan-662998290,Cough detection using a non-contact microphone: A nocturnal cough study.,2022,1,1,,,,,,Eni M and Mordoh V and Zigel Y,https://pubmed.ncbi.nlm.nih.gov/35045111/,,,,"An automatic non-contact cough detector designed especially for night audio recordings that can distinguish coughs from snores and other sounds is presented. Two different classifiers were implemented and tested: a Gaussian Mixture Model (GMM) and a Deep Neural Network (DNN). The detected coughs were analyzed and compared in different sleep stages and in terms of severity of Obstructive Sleep Apnea (OSA), along with age, Body Mass Index (BMI), and gender. The database was composed of nocturnal audio signals from 89 subjects recorded during a polysomnography study. The DNN-based system outperformed the GMM-based system, at 99.8% accuracy, with a sensitivity and specificity of 86.1% and 99.9%, respectively (Positive Predictive Value (PPV) of 78.4%). Cough events were significantly more frequent during wakefulness than in the sleep stages (p < 0.0001) and were significantly less frequent during deep sleep than in other sleep stages (p < 0.0001). A positive correlation was found between BMI and the number of nocturnal coughs (R = 0.232, p < 0.05), and between the number of nocturnal coughs and OSA severity in men (R = 0.278, p < 0.05). This non-contact cough detection system may thus be implemented to track the progression of respiratory illnesses and test reactions to different medications even at night when a contact sensor is uncomfortable or infeasible.",,,,10.1371/journal.pone.0262240,,,
rayyan-662998291,AHI estimation of OSAHS patients based on snoring classification and fusion model.,2023,1,1,,,,,,Song Y and Sun X and Ding L and Peng J and Song L and Zhang X,https://pubmed.ncbi.nlm.nih.gov/37392727/,,,,"Obstructive sleep apnea-hypopnea syndrome (OSAHS) is a chronic and common sleep-breathing disease that could negatively influence lives of patients and cause serious concomitant diseases. Polysomnography(PSG) is the gold standard for diagnosing OSAHS, but it is expensive and requires overnight hospitalization. Snoring is a typical symptom of OSAHS. This study proposes an effective OSAHS screening method based on snoring sound analysis. Snores were labeled as OSAHS related snoring sounds and simple snoring sounds according to real-time PSG records. Three models were used, including acoustic features combined with XGBoost, Mel-spectrum combined with convolution neural network (CNN), and Mel-spectrum combined with residual neural network (ResNet). Further, the three models were fused by soft voting to detect these two types of snoring sounds. The subject's apnea-hypopnea index (AHI) was estimated according to these recognized snoring sounds. The accuracy and recall of the proposed fusion model achieved 83.44% and 85.27% respectively, and the predicted AHI has a Pearson correlation coefficient of 0.913 (R2 = 0.834, p < 0.001) with PSG. The results demonstrate the validity of predicting AHI based on analysis of snoring sound and show great potential for monitoring OSAHS at home.",,,,10.1016/j.amjoto.2023.103964,,,
rayyan-662998292,Diagnostic modalities in pediatric obstructive sleep apnea: A review article.,2026,1,1,,,,,,Mazi A and AlSaedi K,https://pubmed.ncbi.nlm.nih.gov/41418344/,,,,"BACKGROUND: Pediatric obstructive sleep apnea (OSA) affects ∼3 % of children and causes adverse neurocognitive, behavioral, and cardiovascular outcomes. Polysomnography (PSG) remains the gold standard but faces accessibility constraints. This review synthesizes evidence on alternative diagnostic tools, focusing on accuracy, feasibility, and clinical applicability.
METHODS: This systematic-narrative hybrid review evaluated alternative pediatric OSA diagnostics through database searches (PubMed, Scopus, Web of Science) through July 2025. Eligible studies included children aged 0-18 years assessed with questionnaires, oximetry, portable monitors, machine learning/artificial intelligence models, smartphone video analysis, or novel modalities compared with PSG.
RESULTS: Five modality categories emerged: pulse oximetry, questionnaires, portable monitoring, machine learning/artificial intelligence, and emerging technologies. Screening tools prioritized sensitivity over specificity; diagnostic tools demonstrated the reverse. The Pediatric Sleep Questionnaire (PSQ) and smartphone video analysis (VAPS) achieved highest screening sensitivity (73-96 %), with VAPS providing objective visual documentation when parents capture representative breathing. Algorithm-enhanced oximetry offered optimal diagnostic accuracy for moderate-to-severe OSA (AUC 0.90-0.97, sensitivity/specificity >85-90 %). Portable monitoring performed well but underestimated mild disease. Machine learning models and wearables (mandibular sensors, software-generated AHI) approached PSG-level performance. Meta-analyses confirmed optimal stepwise screening combines high-sensitivity questionnaires with high-specificity oximetry.
CONCLUSION: Where PSG is unavailable, questionnaires and smartphone video analysis provide effective screening, while automated oximetry and machine learning models offer diagnostic alternatives for moderate-to-severe OSA. Tiered pathways integrating questionnaires, video analysis, and objective testing optimize detection while reducing PSG dependence.",,,,10.1016/j.sleep.2025.108725,,,
rayyan-662998293,Prediction of Apnea-Hypopnea Index Using Sound Data Collected by a Noncontact Device.,2020,1,1,,,,,,Kim JW and Kim T and Shin J and Lee K and Choi S and Cho SW,https://pubmed.ncbi.nlm.nih.gov/32013710/,,,,"OBJECTIVE: To predict the apnea-hypopnea index (AHI) in patients with obstructive sleep apnea (OSA) using data from breathing sounds recorded using a noncontact device during sleep.
STUDY DESIGN: Prospective cohort study.
SETTING: Tertiary referral hospital.
SUBJECT AND METHODS: Audio recordings during sleep were performed using an air-conduction microphone during polysomnography. Breathing sounds recorded from all sleep stages were analyzed. After noise reduction preprocessing, the audio data were segmented into 5-second windows and sound features were extracted. Estimation of AHI by regression analysis was performed using a Gaussian process, support vector machine, random forest, and simple linear regression, along with 10-fold cross-validation.
RESULTS: In total, 116 patients who underwent attended, in-laboratory, full-night polysomnography were included. Overall, random forest resulted in the highest performance with the highest correlation coefficient (0.83) and least mean absolute error (9.64 events/h) and root mean squared error (13.72 events/h). Other models resulted in somewhat lower but similar performances, with correlation coefficients ranging from 0.74 to 0.79. The estimated AHI tended to be underestimated as the severity of OSA increased. Regarding bias and precision, estimation performances in the severe OSA subgroup were the lowest, regardless of the model used. Among sound features, derivative of the area methods of moments of overall standard deviation demonstrated the highest correlation with AHI.
CONCLUSION: AHI was fairly predictable by using data from breathing sounds generated during sleep. The prediction model may be useful not only for prescreening but also for follow-up after treatment in patients with OSA.",,,,10.1177/0194599819900014,,,
rayyan-662998294,Automatic classification of the obstruction site in obstructive sleep apnea based on snoring sounds.,2022,1,1,,,,,,Liu Y and Feng Y and Li Y and Xu W and Wang X and Han D,https://pubmed.ncbi.nlm.nih.gov/36067537/,,,,"OBJECTIVES: Snoring is a common symptom of obstructive sleep apnea (OSA) which is considered to be potential predictors of the obstruction site. Successful treatment of OSA depend on the determination the types of obstruction site. This study aimed to develop a machine learning-based model to detect obstruction site using snoring sound.
METHODS: Patients with OSA underwent drug-induced sleep endoscopy (DISE) and the snoring sounds were recorded simultaneously. We extracted acoustic features based on Mel-frequency cepstral coefficients (MFCC). A k-nearest neighbors (KNN) was used for snore classification.
RESULTS: Total 42 patients with OSA were enrolled. The accuracy of model was 85.55 %, F1 score was 85.04. With combined age, gender and Body Mass Index (BMI), the accuracy of model was 87.98 %, and F1 score was 87.96. The model exhibited accuracies of 83 %, 93 % and 92 %; an AUC of 85.88, 89.22 and 88.17 in detecting retropalatal, retrolingual and multilevel obstructions.
CONCLUSION: Our results suggest that combing snoring sound with age, gender and BMI, the machine learning based model can help automatically assess obstruction site. The model may have potential utility as a clinical tool to help for clinical decision-making.",,,,10.1016/j.amjoto.2022.103584,,,
rayyan-662998295,Enhancing poultry health management through machine learning-based analysis of vocalization signals dataset.,2023,1,1,,,,,,Adebayo S and Aworinde HO and Akinwunmi AO and Alabi OM and Ayandiji A and Sakpere AB and Adeyemo A and Oyebamiji AK and Olaide O and Kizito E,https://pubmed.ncbi.nlm.nih.gov/37674509/,,,,"Population expansion and rising consumer demand for nutrient-dense meals have both contributed to an increase in the consumption of animal protein worldwide. A significant portion of the meat and eggs used for human consumption come from the poultry industry. Early diagnosis and warning of infectious illnesses in poultry are crucial for enhancing animal welfare and minimizing losses in the breeding and production systems for poultry. On the other hand, insufficient techniques for early diagnosis as well as infectious disease control in poultry farms occasionally fail to stop declining productivity and even widespread death. Individual physiological, physical, and behavioral symptoms in poultry, such as fever-induced increases in body temperature, abnormal vocalization due to respiratory conditions, and abnormal behavior due to pathogenic infections, frequently represent the health status of the animal. When birds have respiratory problems, they make strange noises like coughing and snoring. The work is geared towards compiling a dataset of chickens that were both healthy and unhealthy. 100 day-old poultry birds were purchased and split into two groups at the experimental site, the poultry research farm at Bowen University. For respiratory illnesses, the first group received treatment, whereas the second group did not. After that, the birds were separated and caged in a monitored environment. To eliminate extraneous sounds and background noise that might affect the analysis, microphones were set a reasonable distance away from the birds. The data was gathered using 24-bit samples at 96 kHz. For 65 days, three times per day (morning, afternoon, and night) of audio data were continually collected. Food and water are constantly provided to the birds during this time. During this time, the birds have constant access to food and water. After 30 days, the untreated group started to sound sick with respiratory issues. This information was also noted as being unhealthy. Chickens' audio signals were recorded, saved in MA4, and afterwards converted to WAV format. This dataset's creation is intended to aid in the design of smart technologies capable of early detection and monitoring of the status of birds in poultry farms in a continuous, noninvasive, and automated way.",,,,10.1016/j.dib.2023.109528,,,
rayyan-662998296,Real-time prediction of upcoming respiratory events via machine learning using snoring sound signal.,2021,1,1,,,,,,Wang B and Yi X and Gao J and Li Y and Xu W and Wu J and Han D,https://pubmed.ncbi.nlm.nih.gov/33843580/,,,,"STUDY OBJECTIVES: The aim of the study was to inspect the acoustic properties and sleep characteristics of a preapneic snoring sound. The feasibility of forecasting upcoming respiratory events by snoring sound was also investigated.
METHODS: Participants with habitual snoring or a heavy breathing sound during sleep were recruited consecutively. Polysomnography was conducted, and snoring-related breathing sound was recorded simultaneously. Acoustic features and sleep features were extracted from 30-second samples, and a machine learning algorithm was used to establish 2 prediction models.
RESULTS: A total of 74 eligible participants were included. Model 1, tested by 5-fold cross-validation, achieved an accuracy of 0.92 and an area under the curve of 0.94 for respiratory event prediction. Model 2, with acoustic features and sleep information tested by Leave-One-Out cross-validation, had an accuracy of 0.78 and an area under the curve of 0.80. Sleep position was found to be the most important among all sleep features contributing to the performance of the 2 models.
CONCLUSIONS: Preapneic sound presented unique acoustic characteristics, and snoring-related breathing sound could be deployed as a real-time apneic event predictor. The models, combined with sleep information, serve as a promising tool for an early warning system to forecast apneic events.
CITATION: Wang B, Yi X, Gao J, et al. Real-time prediction of upcoming respiratory events via machine learning using snoring sound signal. J Clin Sleep Med. 2021;17(9):1777-1784.",,,,10.5664/jcsm.9292,,,
rayyan-662998297,Hypergraph-Based Audio-Visual Fusion for Obstructive Sleep Apnea Severity Estimation During Wakefulness.,2026,1,1,,,,,,Xue B and Shao Y and Wang Z and Fu C and Zhu X and Zhao H and Xu J and Hong H,https://pubmed.ncbi.nlm.nih.gov/40768464/,,,,"Obstructive sleep apnea (OSA) is associated with psychophysiological impairments, and recent studies have shown the feasibility of using speech and craniofacial images during wakefulness for severity estimation. However, the inherent limitations of unimodal data constrain the performance of current methods. To address this, we proposed a novel hypergraph-based multimodal fusion framework (HMFusion) that integrates psychophysiological information from audio-visual data. Specifically, we employ long short-term memory (LSTM)-based encoders to extract modality-specific temporal dynamics from pre-trained audio-visual embeddings and remotely photoplethysmography (rPPG)-derived heart rate sequences. A hypergraph neural network is then utilized to capture critical cross-modal interactions for OSA severity estimation. Evaluation on a dataset of 159 participants from a clinical sleep center demonstrates that the proposed model achieves area under the receiver operating characteristic curves (AUCs) of 88.26%, 86.07%, and 85.29%, with corresponding F1-scores of 92.91%, 85.50%, and 85.30% at Apnea-Hypopnea Index (AHI) thresholds of 5, 15, and 30 events/hour, respectively, outperforming state-of-the-art approaches. This study highlights the potential of psychophysiological data in enhancing OSA severity estimation during wakefulness, offering new avenues for clinical research in this field.",,,,10.1109/jbhi.2025.3595646,,,
rayyan-662998298,Snore-GANs: Improving Automatic Snore Sound Classification With Synthesized Data.,2020,1,1,,,,,,Zhang Z and Han J and Qian K and Janott C and Guo Y and Schuller B,https://pubmed.ncbi.nlm.nih.gov/30946682/,,,,"One of the frontier issues that severely hamper the development of automatic snore sound classification (ASSC) associates to the lack of sufficient supervised training data. To cope with this problem, we propose a novel data augmentation approach based on semi-supervised conditional generative adversarial networks (scGANs), which aims to automatically learn a mapping strategy from a random noise space to original data distribution. The proposed approach has the capability of well synthesizing ""realistic"" high-dimensional data, while requiring no additional annotation process. To handle the mode collapse problem of GANs, we further introduce an ensemble strategy to enhance the diversity of the generated data. The systematic experiments conducted on a widely used Munich-Passau snore sound corpus demonstrate that the scGANs-based systems can remarkably outperform other classic data augmentation systems, and are also competitive to other recently reported systems for ASSC.",,,,10.1109/jbhi.2019.2907286,,,
rayyan-662998299,Non-contact acoustic screening for sleep apnea: a subject-aware deep learning approach.,2026,1,1,,,,,,Aygün Çakıroğlu M and Kızılkaya Aydoğan E and Bolattürk ÖF and Aydoğan S and İsmailoğulları S and Delice Y,https://pubmed.ncbi.nlm.nih.gov/41670793/,,,,"PURPOSE: To explore the feasibility of using camera-derived, non-contact audio synchronized with PSG for clinically relevant sleep-apnea classification, and to benchmark compact deep models under a subject-aware design using a previously unstudied, real-world dataset. METHODS: Thirty-two adults underwent simultaneous polysomnography (PSG) and camera-based non-contact audio recording. The synchronized audio segments were used to train and compare three compact deep-learning architectures (convolutional, attention-augmented, and transformer-based) under a subject-aware evaluation design that prevented identity leakage. Model performance and calibration were assessed at both segment and subject levels using standard statistical tests. RESULTS: Subject-level evaluation was based on a very small, imbalanced test set of six subjects (one positive). Within this limited yet previously unstudied local dataset, the CNN_trans model achieved an apparent perfect ranking performance (AUC = 1.00; 95% CI 0.00–1.00), though this likely reflects the small, imbalanced test cohort, with recall = 1.00 and precision = 0.55. The wide confidence interval reflects substantial statistical uncertainty, and DeLong comparisons showed no significant AUC difference between CNN_trans and CNN_att (ΔAUC = − 0.042; p = 0.43). CONCLUSION: PSG-synchronized, non-contact audio supports accurate and well-calibrated sleep-apnea classification with compact deep models. This subject-aware evaluation suggests that contactless acoustic monitoring may have potential clinical relevance, motivating larger, multi-site validation.",,,,10.1007/s11325-026-03594-2,,,
rayyan-662998300,Neural network analysis of pharyngeal sounds can detect obstructive upper respiratory disease in brachycephalic dogs.,2024,1,1,,,,,,McDonald A and Agarwal A and Williams B and Liu NC and Ladlow J,https://pubmed.ncbi.nlm.nih.gov/39172898/,,,,"Brachycephalic obstructive airway syndrome (BOAS) is a highly prevalent respiratory disease affecting popular short-faced dog breeds such as Pugs and French bulldogs. BOAS causes significant morbidity, leading to poor exercise tolerance, sleep disorders and a shortened lifespan. Despite its severity, the disease is commonly missed by owners or disregarded by veterinary practitioners. A key clinical sign of BOAS is stertor, a low-frequency snoring sound. In recent years, a functional grading scheme has been introduced to semi-objectively grade BOAS based on the presence of stertor and other abnormal signs. However, correctly grading stertor requires significant experience and adding an objective component would aid accuracy and repeatability. This study proposes a recurrent neural network model to automatically detect and grade stertor in laryngeal electronic stethoscope recordings. The model is developed using a novel dataset of 665 labelled recordings taken from 341 dogs with diverse BOAS clinical signs. Evaluated via nested cross validation, the neural network predicts the presence of clinically significant BOAS with an area under the receiving operating characteristic of 0.85, an operating sensitivity of 71% and a specificity of 86%. The algorithm could enable widespread screening for BOAS to be conducted by both owners and veterinarians, improving treatment and breeding decisions.",,,,10.1371/journal.pone.0305633,,,
rayyan-662998301,Awake speech recordings for machine learning diagnosis of obstructive sleep apnea: a Bayesian meta-analysis.,2025,1,1,,,,,,Gao EY and Hao Y and Tan NKW and Ng ACW and Leong ZH and Phua CQ and Ong TH and Leow LC and Huang GB and Tan BKJ and Toh ST,https://pubmed.ncbi.nlm.nih.gov/41678061/,,,,"STUDY OBJECTIVES: Obstructive sleep apnea (OSA) is a prevalent but underdiagnosed condition linked to serious health risks. Due to the limited accessibility of polysomnography (PSG), AI (Artificial Intelligence)-based speech analysis has gained attention as a non-invasive screening tool. This Bayesian meta-analysis evaluates the diagnostic accuracy of AI models trained on awake speech and examines factors affecting performance.
METHODS: We systematically searched Medline/PubMed, Embase, Scopus, Web of Science, and IEEE Xplore databases. Eligible studies included adults with OSA diagnosis via in-lab polysomnography or home sleep apnea tests and evaluated AI models using speech recordings. Models evaluated using random-split test sets or k-fold cross-validation were included in a Bayesian bivariate meta-analysis and meta-regression. Publication bias was examined using a selection model approach, while risk of bias and evidence quality were assessed with QUADAS-2 and GRADE.
RESULTS: From 6,254 screened articles, 8 studies comprising 24 AI models, trained and tested on 1,060 and 825 participants were included. All studies used professional microphone recordings in the controlled hospital settings. AI models analysing awake speech recordings demonstrated pooled sensitivity and specificity of 82.9% (95% CrI: 80.0-86.4%) and 83.3% (95% CrI: 80.7-86.1%), respectively. The diagnostic odds ratio was 24.3 (95% CrI: 18.2-35.0). Higher mean age improved sensitivity. No significant effects were seen for OSA severity, model type, OSA prevalence, or male percentage. Publication bias was not evident.
CONCLUSION: AI models trained on awake speech recordings demonstrate good diagnostic accuracy for OSA and hold potential as a practical, scalable screening tool in both clinical and community-based settings.",,,,10.1007/s44470-025-00013-3,,,
rayyan-662998302,Review of Application of Machine Learning as a Screening Tool for Diagnosis of Obstructive Sleep Apnea.,2022,1,1,,,,,,Aiyer I and Shaik L and Sheta A and Surani S,https://pubmed.ncbi.nlm.nih.gov/36363530/,,,,"Obstructive sleep apnea syndrome (OSAS) is a pervasive disorder with an incidence estimated at 5-14 percent among adults aged 30-70 years. It carries significant morbidity and mortality risk from cardiovascular disease, including ischemic heart disease, atrial fibrillation, and cerebrovascular disease, and risks related to excessive daytime sleepiness. The gold standard for diagnosis of OSAS is the polysomnography (PSG) test which requires overnight evaluation in a sleep laboratory and expensive infrastructure, which renders it unsuitable for mass screening and diagnosis. Alternatives such as home sleep testing need patients to wear diagnostic instruments overnight, but accuracy continues to be suboptimal while access continues to be a barrier for many. Hence, there is a continued significant underdiagnosis and under-recognition of sleep apnea in the community, with at least one study suggesting that 80-90% of middle-aged adults with moderate to severe sleep apnea remain undiagnosed. Recently, we have seen a surge in applications of artificial intelligence and neural networks in healthcare diagnostics. Several studies have attempted to examine its application in the diagnosis of OSAS. Signals included in data analytics include Electrocardiogram (ECG), photo-pletysmography (PPG), peripheral oxygen saturation (SpO2), and audio signals. A different approach is to study the application of machine learning to use demographic and standard clinical variables and physical findings to try and synthesize predictive models with high accuracy in assisting in the triage of high-risk patients for sleep testing. The current paper will review this latter approach and identify knowledge gaps that may serve as potential avenues for future research.",,,,10.3390/medicina58111574,,,
rayyan-662998303,Development and validation of moderate to severe obstructive sleep apnea screening test (ColTon) in a pediatric population.,2023,1,1,,,,,,Bokov P and Dudoignon B and Boujemla I and Dahan J and Spruyt K and Delclaux C,https://pubmed.ncbi.nlm.nih.gov/36870322/,,,,"OBJECTIVE: Development and validation of a machine learning algorithm to predict moderate to severe obstructive sleep apnea syndrome (OSAS) in otherwise healthy children.
DESIGN: Multivariable logistic regression and cforest algorithm of a large cross-sectional data set of children with sleep-disordered breathing.
SETTING: An university pediatric sleep centre.
PARTICIPANTS: Children underwent clinical examination, acoustic rhinometry and pharyngometry, and surveying through parental sleep questionnaires, allowing the recording of 14 predictors that have been associated with OSAS. The dataset was nonrandomly split into a training (development) versus test (external validation) set (2:1 ratio) based on the time of the polysomnography. We followed the TRIPOD checklist.
RESULTS: We included 336 children in the analysis: 220 in the training set (median age [25th-75th percentile]: 10.6 years [7.4; 13.5], z-score of BMI: 1.96 [0.73; 2.50], 89 girls) and 116 in the test set (10.3 years [7.8; 13.0], z-score of BMI: 1.89 [0.61; 2.46], 51 girls). The prevalence of moderate to severe OSAS was 106/336 (32%). A machine learning algorithm using the cforest with pharyngeal collapsibility (pharyngeal volume reduction from sitting to supine position measured by pharyngometry) and tonsillar hypertrophy (Brodsky scale), constituting the ColTon index, as predictors yielded an area under the curve of 0.89, 95% confidence interval [0.85-0.93]. The ColTon index had an accuracy of 76%, sensitivity of 63%, specificity of 81%, negative predictive value of 84%, and positive predictive value of 59% on the validation set.
CONCLUSION: A cforest classifier allows valid predictions for moderate to severe OSAS in mostly obese, otherwise healthy children.",,,,10.1016/j.sleep.2023.02.016,,,
rayyan-662998304,The Role of Novel Digital Clinical Tools in the Screening or Diagnosis of Obstructive Sleep Apnea: Systematic Review.,2023,1,1,,,,,,Duarte M and Pereira-Rodrigues P and Ferreira-Santos D,https://pubmed.ncbi.nlm.nih.gov/37494079/,,,,"BACKGROUND: Digital clinical tools are a new technology that can be used in the screening or diagnosis of obstructive sleep apnea (OSA), notwithstanding the crucial role of polysomnography, the gold standard.
OBJECTIVE: This study aimed to identify, gather, and analyze the most accurate digital tools and smartphone-based health platforms used for OSA screening or diagnosis in the adult population.
METHODS: We performed a comprehensive literature search of PubMed, Scopus, and Web of Science databases for studies evaluating the validity of digital tools in OSA screening or diagnosis until November 2022. The risk of bias was assessed using the Joanna Briggs Institute critical appraisal tool for diagnostic test accuracy studies. The sensitivity, specificity, and area under the curve (AUC) were used as discrimination measures.
RESULTS: We retrieved 1714 articles, 41 (2.39%) of which were included in the study. From these 41 articles, we found 7 (17%) smartphone-based tools, 10 (24%) wearables, 11 (27%) bed or mattress sensors, 5 (12%) nasal airflow devices, and 8 (20%) other sensors that did not fit the previous categories. Only 8 (20%) of the 41 studies performed external validation of the developed tool. Of these, the highest reported values for AUC, sensitivity, and specificity were 0.99, 96%, and 92%, respectively, for a clinical cutoff of apnea-hypopnea index (AHI)≥30. These values correspond to a noncontact audio recorder that records sleep sounds, which are then analyzed by a deep learning technique that automatically detects sleep apnea events, calculates the AHI, and identifies OSA. Looking at the studies that only internally validated their models, the work that reported the highest accuracy measures showed AUC, sensitivity, and specificity values of 1.00, 100%, and 96%, respectively, for a clinical cutoff AHI≥30. It uses the Sonomat-a foam mattress that, aside from recording breath sounds, has pressure sensors that generate voltage when deformed, thus detecting respiratory movements, and uses it to classify OSA events.
CONCLUSIONS: These clinical tools presented promising results with high discrimination measures (best results reached AUC>0.99). However, there is still a need for quality studies comparing the developed tools with the gold standard and validating them in external populations and other environments before they can be used in clinical settings.
TRIAL REGISTRATION: PROSPERO CRD42023387748; https://www.crd.york.ac.uk/prospero/display_record.php?RecordID=387748.",,,,10.2196/47735,,,
rayyan-662998305,"Sleep Apnea Detection by Tracheal Motion and Sound, and Oximetry via Application of Deep Neural Networks.",2023,1,1,,,,,,Montazeri Ghahjaverestan N and Aguiar C and Hummel R and Cao X and Yu J and Bradley TD,https://pubmed.ncbi.nlm.nih.gov/37274453/,,,,"PURPOSE: Sleep apnea (SA) is highly prevalent, but under diagnosed due to inaccessibility of sleep testing. To address this issue, portable devices for home sleep testing have been developed to provide convenience with reasonable accuracy in diagnosing SA. The objective of this study was to test the validity a novel portable sleep apnea testing device, BresoDX1, in SA diagnosis, via recording of trachea-sternal motion, tracheal sound and oximetry.
PATIENTS AND METHODS: Adults with a suspected sleep disorder were recruited to undergo in-laboratory polysomnography (PSG) and a simultaneous BresoDX1 recording. Data from BresoDX1 were collected and features related to breathing sounds, body motions and oximetry were extracted. A deep neural network (DNN) model was trained with 61-second epochs of the extracted features to detect apneas and hypopneas from which an apnea-hypopnea index (AHI) was calculated. The AHI estimated by BresoDX1 (AHIbreso) was compared to the AHI determined from PSG (AHIPSG) and the sensitivity and specificity of SA diagnosis were assessed at an AHIPSG ≥ 15.
RESULTS: Two-hundred thirty-three participants (mean ± SD) 50 ± 16 years of age, with BMI of 29.8 ± 6.6 and AHI of 19.5 ± 22.7, were included. There was a strong relationship between AHIbreso and AHIPSG (r = 0.91, p < 0.001). SA detection for an AHIPSG ≥ 15 was highly sensitive (90.0%) and specific (85.9%).
CONCLUSION: We conclude that the DNN model we developed via recording and analyses of trachea-sternal motion and sound along with oximetry provides an accurate estimate of the AHIPSG with high sensitivity and specificity. Therefore, BresoDX1 is a simple, convenient and accurate portable SA monitoring device that could be employed for home SA testing in the future.",,,,10.2147/nss.s397196,,,
rayyan-662998306,"Sleep prediction using data from oximeter, accelerometer and snoring for portable monitor obstructive sleep apnea diagnosis.",2024,1,1,,,,,,Domingues DM and Rocha PR and Miachon ACMV and Giampá SQC and Soares F and Genta PR and Lorenzi-Filho G,https://pubmed.ncbi.nlm.nih.gov/39427062/,,,,"The aim of this study was to build and validate an artificial neural network (ANN) algorithm to predict sleep using data from a portable monitor (Biologix system) consisting of a high-resolution oximeter with built-in accelerometer plus smartphone application with snoring recording and cloud analysis. A total of 268 patients with suspected obstructive sleep apnea (OSA) were submitted to standard polysomnography (PSG) with simultaneous Biologix (age: 56 ± 11  years; body mass index: 30.9 ± 4.6  kg/m 2  , apnea-hypopnea index [AHI]: 35 ± 30  events/h). Biologix channels were input features for construction an ANN model to predict sleep. A k-fold cross-validation method (k=10) was applied, ensuring that all sleep studies (N=268; 246,265 epochs) were included in both training and testing across all iterations. The final ANN model, evaluated as the mean performance across all folds, resulted in a sensitivity, specificity and accuracy of 91.5%, 71.0% and 86.1%, respectively, for detecting sleep. As compared to the oxygen desaturation index (ODI) from Biologix without sleep prediction, the bias (mean difference) between PSG-AHI and Biologix-ODI with sleep prediction (Biologix-Sleep-ODI) decreased significantly (3.40 vs. 1.02 events/h, p<0.001). We conclude that sleep prediction by an ANN model using data from oximeter, accelerometer, and snoring is accurate and improves Biologix system OSA diagnostic precision.",,,,10.1038/s41598-024-75935-8,,,
rayyan-662998307,High-Precision Contactless Stereo Acoustic Monitoring in Polysomnographic Studies of Children.,2025,1,1,,,,,,Smetana M and Janousek L,https://pubmed.ncbi.nlm.nih.gov/40871956/,,,,"This paper focuses on designing a robust stereophonic measurement set-up for sound sleep recording. The system is employed throughout the night during polysomnographic examinations of children in a pediatric sleep laboratory at a university hospital. Deep learning methods were used to classify the sounds in the recordings into four categories (snoring, breathing, silence, and other sounds). Specifically, a recurrent neural network with two long short-term memory layers was employed for classification. The network was trained using a dataset containing 1500 sounds from each category. The deep neural network achieved an accuracy of 91.16%. We developed an innovative algorithm for sound classification, which was optimized for accuracy. The results were presented in a detailed report, which included graphical representations and sound categorization throughout the night.",,,,10.3390/s25165093,,,
rayyan-662998308,Systematic review of automated sleep apnea detection based on physiological signal data using deep learning algorithm: a meta-analysis approach.,2023,1,1,,,,,,Tyagi PK and Agarwal D,https://pubmed.ncbi.nlm.nih.gov/37519869/,,,,"UNLABELLED: Sleep apnea (SLA) is a respiratory-related sleep disorder that affects a major proportion of the population. The gold standard in sleep testing, polysomnography, is costly, inconvenient, and unpleasant, and it requires a skilled professional to score. Multiple researchers have suggested and developed automated scoring processes with less detectors and automated classification algorithms to resolve these problems. An automatic detection system will allow for a high diagnosis rate and the analysis of additional patients. Deep learning (DL) is achieving high priority due to the availability of databases and recently developed methods. As the most up-and-coming technique for classification and generative tasks, DL has shown its significant potential in 2-dimensional clinical image processing studies. However, physiological information collected as 1-dimensional data has yet to be effectively extracted from this new approach to achieve the needed medical goals. So, in this study, we review the most recent studies in the field of DL applied to physiological data based on pulse oxygen saturation, electrocardiogram, airflow, and sound signal. A total of 47 articles from different journals and publishing houses that were published between 2012 and 2022 were identified. The primary objective of this work is to perform a comprehensive analysis to analyze, classify, and compare the main characteristics of deep-learning algorithms applied in physiological data processing for SLA detection. Overall, our analysis provides comprehensive and detailed information for researchers looking to add to this field. The data input source, objective, DL network, training framework, and database references are the critical factors of the DL approach examined. These are the most critical variables that influence system performance. We categorized the relevant research studies in physiological sensor data analysis using the DL approach based on (1) Physiological sensor data aspects, like signal types, sampling frequency, and window size; and (2) DL model perspectives, such as learning structure and input data types.
SUPPLEMENTARY INFORMATION: The online version contains supplementary material available at 10.1007/s13534-023-00297-5.",,,,10.1007/s13534-023-00297-5,,,
rayyan-662998309,Assessment of simulated snoring sounds with artificial intelligence for the diagnosis of obstructive sleep apnea.,2025,1,1,,,,,,Fang L and Cai J and Huang Z and Tuohuti A and Chen X,https://pubmed.ncbi.nlm.nih.gov/39566267/,,,,"BACKGROUND: Performing simulated snoring (SS) is a commonly used method to evaluate the source of snoring in obstructive sleep apnea (OSA). SS sounds is considered as a potential biomarker for OSA. SS sounds can be easily recorded, which is a cost-effective method for prescreening purposes.
OBJECTIVE: This study aimed to validate the performance of artificial intelligence (AI) models using SS sounds for OSA diagnosis.
METHODS: All participants underwent full-night polysomnography (PSG) monitoring at the sleep center. SS sounds of the participants were recorded during the laryngoscopy procedure. The audio data were processed via Python, and relevant features were extracted. OSA diagnostic models were developed using three machine learning (ML) algorithms and one deep learning (DL) algorithm. The diagnostic performance was evaluated by multiple indicators.
RESULTS: A total of 465 participants were included. For the support vector machine algorithm, the accuracy values at apnea-hypopnea index (AHI) levels of 5, 15, and 30 per hour were 0.914, 0.887, and 0.807, respectively. For the K-nearest neighbor algorithm, the accuracy values at AHI levels of 5, 15, and 30 per hour were 0.896, 0.872, and 0.756, respectively. For the random forest algorithm, the accuracy values at AHI levels of 5, 15, and 30 per hour were 0.905, 0.881, and 0.804, respectively. For the audio spectrogram transformer algorithm, the accuracy values at AHI levels of 5, 15, and 30 per hour were 0.926, 0.887, and 0.830, respectively.
CONCLUSIONS: Our study demonstrates that DL models can effectively screen and identify OSA with commendable performance. In addition, the identification ability of the DL models was better than that of any of the ML models.",,,,10.1016/j.sleep.2024.11.018,,,
rayyan-662998310,Audio source separation to reduce sleeping partner sounds: a simulation study.,2021,1,1,,,,,,Mordoh V and Zigel Y,https://pubmed.ncbi.nlm.nih.gov/34038872/,,,,"Objective.When recording a subject in an at-home environment for sleep evaluation or for other breathing disorder diagnoses using non-contact microphones, the breathing recordings (audio signals) can be distorted by sounds such as TV, outside noise, or air-conditioners. If two people are sleeping together, both may produce breathing/snoring sounds that need to be separated. In this study, we present signal processing and source separation algorithms for the enhancement of individual breathing/snoring audio signals in a simulated environment.Approach.We developed a computer simulation of mixed signals derived from genuine nocturnal recordings of 110 subjects. Two main source separation approaches were tested: (1) changing the basis vectors for the mixtures in the time domain (principal and independent component analysis, PCA/ICA) and (2) converting the mixtures to their time-frequency representations (degenerate un-mixing estimation technique, DUET). In addition to these source separation techniques, a beamforming approach was tested.Main results.The separation results with a reverberation time of 0.15 s and zero SNR between signals showed good performance (mean source to interference ratio (SIR): DUET = 12.831 dB, ICA = 3.388 dB, PCA = 4.452 dB), and for beamforming (SIR = -0.304 dB). To evaluate our source separation results, we propose two new measures: an evaluation measure based on a spectral similarity score (mel-SID) between the target source and its estimation (after separation) and a breathing energy ratio measure (BER). The results with the new proposed measures yielded comparable conclusions (mel-SID: DUET = 1.320, ICA = 2.732, PCA = 1.927, and beamforming = 2.590, BER: DUET = 10.241 dB, ICA = 0.270 dB, PCA = -2.847 dB, and beamforming = -1.151 dB), but better differentiated the differences between the performance of the algorithms. The DUET is superior on all measures. Its main advantage is that it only uses two microphones for separation.Significance. The separated audio signal can thus contribute to a more informed diagnosis of sleep-related and non-sleep-related diseases. The Institutional Review Committee of Soroka University Medical Center approved this study protocol (protocol number 10141) and all methods were performed in accordance with the relevant guidelines and regulations.",,,,10.1088/1361-6579/ac0592,,,
rayyan-662998311,Real-Time Snoring Detection Using Deep Learning: A Home-Based Smartphone Approach for Sleep Monitoring.,2025,1,1,,,,,,Hong J and Yang SK and Kim S and Cho SW and Oh J and Cho ES and Yoon IY and Lee D and Kim JW,https://pubmed.ncbi.nlm.nih.gov/40190583/,,,,"BACKGROUND: Despite the prevalence of sleep-related disorders, few studies have developed deep learning models to predict snoring using home-recorded smartphone audio. This study proposes a real-time snoring detection method utilizing a Vision Transformer-based deep learning model and smartphone recordings.
METHODS: Participants' sleep-breathing sounds were recorded using smartphones, with concurrent Level I or II polysomnography (PSG) conducted in home or hospital settings. A total of 200 minutes of smartphone audio per participant, corresponding to 400 30-second sleep stage epochs on PSG, were sampled. Each epoch was annotated independently by two trained labelers, with snoring labeled only when both agreed. Model performance was evaluated by epoch-by-epoch prediction accuracy and correlation between observed and predicted snoring ratios.
RESULTS: The study included 214 participants (85,600 epochs). Hospital audio data from 105 participants (42,000 epochs) were used for training, while home audio data from 109 participants were split into 54 participants (21,600 epochs) for training and 55 participants (22,000 epochs) for testing. On the test dataset, the model demonstrated a sensitivity of 89.8% and a specificity of 91.3%. Correlation analysis showed strong agreement between observed and predicted snoring ratios (r = 0.97, 95% CI: 0.95-0.99).
CONCLUSION: This study demonstrates the feasibility of using deep learning for real-time snoring detection from home-recorded smartphone audio. With high accuracy and scalability, the approach offers a practical and accessible tool for monitoring sleep-related disorders, paving the way for home-based sleep health management solutions.",,,,10.2147/nss.s514631,,,
rayyan-662998312,Prediction of Oxygen Desaturation by Using Sound Data From a Noncontact Device: A Proof-of-Concept Study.,2022,1,1,,,,,,Kim JW and Shin J and Lee K and Won TB and Rhee CS and Cho SW,https://pubmed.ncbi.nlm.nih.gov/34873695/,,,,"OBJECTIVES/HYPOTHESIS: Prediction of the apnea-hypopnea index (AHI) from breathing sounds during sleep could be used to prescreen for obstructive sleep apnea (OSA). In addition, the oxygen desaturation index (ODI) is a known risk factor for developing cardiovascular disease in OSA patients. This study focused on estimation of ODI from a noncontact manner from sleep breathing sounds.
STUDY DESIGN: Retrospective study.
METHODS: Patients who visited the sleep center due to snoring or sleep apnea underwent polysomnography in lab overnight. Sound recordings were made during polysomnography using a microphone. After noise reduction, the sound data were segmented into 5 seconds windows and features were extracted. Binary classification and regression analyses were performed to estimate the ODI during sleep (model 1). This was re-tested after inclusion of body mass index (BMI) and age as additional features (model 2: BMI only, model 3: BMI and age).
RESULTS: We included 116 patients. The mean age and AHI of all patients were 50.4 ± 16.7 years and 23.0 ± 24.0 events/hr. In binary classification, for ODI cutoff values of 5, 15, and 30 events/hr, the areas under the curve were 0.88, 0.93, 0.91, respectively, and accuracies were 85.34, 86.21, and 87.07, respectively. In regression analysis, the correlation coefficient and mean absolute error were 0.80 and 9.60 events/hr, respectively. In models 2 and 3, the correlation coefficient and mean absolute error were 0.82, 9.44 events/hr and 0.81, 9.6 events/hr, respectively.
CONCLUSION: Prediction of ODI from sleep sound seems to be feasible. Additional clinical feature such as BMI may increase overall predictability.
LEVEL OF EVIDENCE: 4 Laryngoscope, 132:901-905, 2022.",,,,10.1002/lary.29971,,,
rayyan-662998313,Development of a support vector machine learning and smart phone Internet of Things-based architecture for real-time sleep apnea diagnosis.,2020,1,1,,,,,,Ma B and Wu Z and Li S and Benton R and Li D and Huang Y and Kasukurthi MV and Lin J and Borchert GM and Tan S and Li G and Yang M and Huang J,https://pubmed.ncbi.nlm.nih.gov/33323112/,,,,"BACKGROUND: The breathing disorder obstructive sleep apnea syndrome (OSAS) only occurs while asleep. While polysomnography (PSG) represents the premiere standard for diagnosing OSAS, it is quite costly, complicated to use, and carries a significant delay between testing and diagnosis.
METHODS: This work describes a novel architecture and algorithm designed to efficiently diagnose OSAS via the use of smart phones. In our algorithm, features are extracted from the data, specifically blood oxygen saturation as represented by SpO2. These features are used by a support vector machine (SVM) based strategy to create a classification model. The resultant SVM classification model can then be employed to diagnose OSAS. To allow remote diagnosis, we have combined a simple monitoring system with our algorithm. The system allows physiological data to be obtained from a smart phone, the data to be uploaded to the cloud for processing, and finally population of a diagnostic report sent back to the smart phone in real-time.
RESULTS: Our initial evaluation of this algorithm utilizing actual patient data finds its sensitivity, accuracy, and specificity to be 87.6%, 90.2%, and 94.1%, respectively.
DISCUSSION: Our architecture can monitor human physiological readings in real time and give early warning of abnormal physiological parameters. Moreover, after our evaluation, we find 5G technology offers higher bandwidth with lower delays ensuring more effective monitoring. In addition, we evaluate our algorithm utilizing real-world data; the proposed approach has high accuracy, sensitivity, and specific, demonstrating that our approach is very promising.
CONCLUSIONS: Experimental results on the apnea data in University College Dublin (UCD) Database have proven the efficiency and effectiveness of our methodology. This work is a pilot project and still under development. There is no clinical validation and no support. In addition, the Internet of Things (IoT) architecture enables real-time monitoring of human physiological parameters, combined with diagnostic algorithms to provide early warning of abnormal data.",,,,10.1186/s12911-020-01329-1,,,
rayyan-662998314,Design and Analysis of a Contact Piezo Microphone for Recording Tracheal Breathing Sounds.,2024,1,1,,,,,,Ashraf W and Moussavi Z,https://pubmed.ncbi.nlm.nih.gov/39275422/,,,,"Analysis of tracheal breathing sounds (TBS) is a significant area of study in medical diagnostics and monitoring for respiratory diseases and obstructive sleep apnea (OSA). Recorded at the suprasternal notch, TBS can provide detailed insights into the respiratory system's functioning and health. This method has been particularly useful for non-invasive assessments and is used in various clinical settings, such as OSA, asthma, respiratory infectious diseases, lung function, and detection during either wakefulness or sleep. One of the challenges and limitations of TBS recording is the background noise, including speech sound, movement, and even non-tracheal breathing sounds propagating in the air. The breathing sounds captured from the nose or mouth can interfere with the tracheal breathing sounds, making it difficult to isolate the sounds necessary for accurate diagnostics. In this study, two surface microphones are proposed to accurately record TBS acquired solely from the trachea. The frequency response of each microphone is compared with a reference microphone. Additionally, this study evaluates the tracheal and lung breathing sounds of six participants recorded using the proposed microphones versus a commercial omnidirectional microphone, both in environments with and without background white noise. The proposed microphones demonstrated reduced susceptibility to background noise particularly in the frequency ranges (1800-2199) Hz and (2200-2599) Hz with maximum deviation of 2 dB and 2.1 dB, respectively, compared to 9 dB observed in the commercial microphone. The findings of this study have potential implications for improving the accuracy and reliability of respiratory diagnostics in clinical practice.",,,,10.3390/s24175511,,,
rayyan-662998315,Snoring-based obstructive sleep apnea screening and AHI estimation with an adapted pretrained audio model.,2026,1,1,,,,,,Li H and Lu Y and Qian Y and Zhou L and Wang M and Cheng H,https://pubmed.ncbi.nlm.nih.gov/42150594/,,,,"Objective.Obstructive sleep apnea (OSA) is a common sleep disorder that, if left untreated, can lead to serious health problems. Snoring is a typical symptom of OSA and is commonly used to develop non-contact automatic detection methods for apnea states during sleep. However, scarce snoring data and subject heterogeneity hinder model generalization to unseen subjects.Approach.This study proposed a snoring-based framework for OSA detection and apnea-hypopnea index (AHI) estimation. First, the OSA detection model is based on pretrained audio model Wav2vec 2.0. Considering the high computational complexity of the pretrained model, we adapt Wav2vec 2.0 through two complementary strategies. A layer dropping approach was proposed to prune redundant higher Transformer encoder layers to reduce computational burden while retaining low-level and mid-level acoustic representations relevant to snoring pathology. A cross-layer attention mechanism was introduced to integrate complementary features from different Transformer layers, balancing fine-grained acoustic detail with contextual information. Second, by simulating clinical AHI calculation processes, we introduced statistics including both absolute counts and ratio-based measures to build a regression model for AHI estimation.Main results.Evaluations under subject-dependent and subject-independent settings showed that the proposed framework achieved high abnormal-snoring detection performance with a trade-off between accuracy and computational cost. For AHI estimation, it achieved a mean absolute error of about 11 events h-1and a Pearson correlation coefficient of 0.81.Significance.These results suggest that the task-adapted pretrained model can enhance generalization across unseen subjects and provide preliminary evidence of the feasibility of snoring-based OSA initial screening and AHI estimation.",,,,10.1088/1361-6579/ae6f6a,,,
rayyan-662998316,End-to-End Sleep Staging Using Nocturnal Sounds from Microphone Chips for Mobile Devices.,2022,1,1,,,,,,Hong J and Tran HH and Jung J and Jang H and Lee D and Yoon IY and Hong JK and Kim JW,https://pubmed.ncbi.nlm.nih.gov/35783665/,,,,"PURPOSE: Nocturnal sounds contain numerous information and are easily obtainable by a non-contact manner. Sleep staging using nocturnal sounds recorded from common mobile devices may allow daily at-home sleep tracking. The objective of this study is to introduce an end-to-end (sound-to-sleep stages) deep learning model for sound-based sleep staging designed to work with audio from microphone chips, which are essential in mobile devices such as modern smartphones.
PATIENTS AND METHODS: Two different audio datasets were used: audio data routinely recorded by a solitary microphone chip during polysomnography (PSG dataset, N=1154) and audio data recorded by a smartphone (smartphone dataset, N=327). The audio was converted into Mel spectrogram to detect latent temporal frequency patterns of breathing and body movement from ambient noise. The proposed neural network model learns to first extract features from each 30-second epoch and then analyze inter-epoch relationships of extracted features to finally classify the epochs into sleep stages.
RESULTS: Our model achieved 70% epoch-by-epoch agreement for 4-class (wake, light, deep, REM) sleep stage classification and robust performance across various signal-to-noise conditions. The model performance was not considerably affected by sleep apnea or periodic limb movement. External validation with smartphone dataset also showed 68% epoch-by-epoch agreement.
CONCLUSION: The proposed end-to-end deep learning model shows potential of low-quality sounds recorded from microphone chips to be utilized for sleep staging. Future study using nocturnal sounds recorded from mobile devices at home environment may further confirm the use of mobile device recording as an at-home sleep tracker.",,,,10.2147/nss.s361270,,,
rayyan-662998317,Current role of artificial intelligence and machine learning: is their application feasible in pediatric upper airway obstructive disorders?,2026,1,1,,,,,,Dallari V and Reale M and Fermi M and Fabbris C and Trecca EMC,https://pubmed.ncbi.nlm.nih.gov/40775390/,,,,"PURPOSE: The aim of this article was to conduct a systematic review to evaluate the role and reliability of artificial intelligence (AI) and machine learning (ML) in the diagnosis, management, and potential treatment of pediatric upper airway obstruction (UAO).
METHODS: This PRISMA-based review searched PubMed, Scopus, and Web of Science for English-language studies on pediatric UAO (≤ 18 years) using AI/ML. Non-original works, unrelated topics, mixed-age studies, and those without AI/ML were excluded.
RESULTS: Out of 76 identified articles, 27 were included in the review. Most studies on AI and ML focused on pediatric obstructive sleep apnea (OSA), particularly diagnosis and severity classification.Convolutional Neural Networks (CNNs) were the most common approach, used in 29% of studies. The most frequent input modality was nocturnal blood oxygen saturation (SpO₂) signals (44%), followed by clinical parameters (14.8%), electrocardiography (ECG) (7.4%), and polysomnography (PSG) data (7.4%). Model performance varied based on input data and study design. Advanced methods for OSA show high accuracy: deep learning (88.8%), actigraphy/oximetry (96%), and smartphone oximeters (> 79%). The Sunrise algorithm reached 100% sensitivity for severe OSA. Limitations across current studies include heterogeneous patient populations, small sample sizes, and a predominant focus on obstructive sleep apnea (OSA), which may restrict the generalizability of the findings.
CONCLUSIONS: In pediatric sleep medicine, ML models have focused on diagnosis mainly using physiological signalsand XGBoost/Support Vector Machines (SVM) for clinical data. No studies addressed treatment or monitoring, and challenges like data diversity, validation, and feasibility remain.",,,,10.1007/s00405-025-09592-6,,,
rayyan-662998318,Prediction of Sleep Stages Via Deep Learning Using Smartphone Audio Recordings in Home Environments: Model Development and Validation.,2023,1,1,,,,,,Tran HH and Hong JK and Jang H and Jung J and Kim J and Hong J and Lee M and Kim JW and Kushida CA and Lee D and Kim D and Yoon IY,https://pubmed.ncbi.nlm.nih.gov/37261889/,,,,"BACKGROUND: The growing public interest and awareness regarding the significance of sleep is driving the demand for sleep monitoring at home. In addition to various commercially available wearable and nearable devices, sound-based sleep staging via deep learning is emerging as a decent alternative for their convenience and potential accuracy. However, sound-based sleep staging has only been studied using in-laboratory sound data. In real-world sleep environments (homes), there is abundant background noise, in contrast to quiet, controlled environments such as laboratories. The use of sound-based sleep staging at homes has not been investigated while it is essential for practical use on a daily basis. Challenges are the lack of and the expected huge expense of acquiring a sufficient size of home data annotated with sleep stages to train a large-scale neural network.
OBJECTIVE: This study aims to develop and validate a deep learning method to perform sound-based sleep staging using audio recordings achieved from various uncontrolled home environments.
METHODS: To overcome the limitation of lacking home data with known sleep stages, we adopted advanced training techniques and combined home data with hospital data. The training of the model consisted of 3 components: (1) the original supervised learning using 812 pairs of hospital polysomnography (PSG) and audio recordings, and the 2 newly adopted components; (2) transfer learning from hospital to home sounds by adding 829 smartphone audio recordings at home; and (3) consistency training using augmented hospital sound data. Augmented data were created by adding 8255 home noise data to hospital audio recordings. Besides, an independent test set was built by collecting 45 pairs of overnight PSG and smartphone audio recording at homes to examine the performance of the trained model.
RESULTS: The accuracy of the model was 76.2% (63.4% for wake, 64.9% for rapid-eye movement [REM], and 83.6% for non-REM) for our test set. The macro F1-score and mean per-class sensitivity were 0.714 and 0.706, respectively. The performance was robust across demographic groups such as age, gender, BMI, or sleep apnea severity (accuracy 73.4%-79.4%). In the ablation study, we evaluated the contribution of each component. While the supervised learning alone achieved accuracy of 69.2% on home sound data, adding consistency training to the supervised learning helped increase the accuracy to a larger degree (+4.3%) than adding transfer learning (+0.1%). The best performance was shown when both transfer learning and consistency training were adopted (+7.0%).
CONCLUSIONS: This study shows that sound-based sleep staging is feasible for home use. By adopting 2 advanced techniques (transfer learning and consistency training) the deep learning model robustly predicts sleep stages using sounds recorded at various uncontrolled home environments, without using any special equipment but smartphones only.",,,,10.2196/46216,,,
rayyan-662998319,A pilot observation using ultrasonography and vowel articulation to investigate the influence of suspected obstructive sleep apnea on upper airway.,2024,1,1,,,,,,Saha S and Rattansingh A and Martino R and Viswanathan K and Saha A and Montazeri Ghahjaverestan N and Yadollahi A,https://pubmed.ncbi.nlm.nih.gov/38480766/,,,,"Failure to employ suitable measures before administering full anesthesia to patients with obstructive sleep apnea (OSA) who are undergoing surgery may lead to developing complications after surgery. Therefore, it is very important to screen OSA before performing a surgery, which is currently done by subjective questionnaires such as STOP-Bang, Berlin scores. These questionnaires have 10-36% specificity in detecting sleep apnea, along with no information given on anatomy of upper airway, which is important for intubation. To address these challenges, we performed a pilot study to understand the utility of ultrasonography and vowel articulation in screening OSA. Our objective was to investigate the influence of OSA risk factors in vowel articulation through ultrasonography and acoustic features analysis. To accomplish this, we recruited 18 individuals with no risk of OSA and 13 individuals with high risk of OSA and asked them to utter vowels, such as /a/ (as in ""Sah""), /e/ (as in ""See""). An expert ultra-sonographer measured the parasagittal anterior-posterior (PAP) and transverse diameter of the upper airway. From the recorded vowel sounds, we extracted 106 features, including power, pitch, formant, and Mel frequency cepstral coefficients (MFCC). We analyzed the variation of the PAP diameters and vowel features from ""See: /i/"" to ""Sah /a/"" between control and OSA groups by two-way repeated measures ANOVA. We found that, there was a variation of upper airway diameter from ""See"" to ""Sah"" was significantly smaller in OSA group than control group (OSA: ∆12.8 ± 5.3 mm vs. control: ∆22.5 ± 3.9 mm OSA, p < 0.01). Moreover, we found several vowel features showed the exact same or opposite trend as PAP diameter variation, which led us to build a machine learning model to estimate PAP diameter from vowel features. We found a correlation coefficient of 0.75 between the estimated and measured PAP diameter after applying four estimation models and combining their output with a random forest model, which showed the feasibility of using acoustic features of vowel sounds to monitor upper airway diameter. Overall, this study has proven the concept that ultrasonography and vowel sounds analysis may be useful as an easily accessible imaging tool of upper airway.",,,,10.1038/s41598-024-56159-2,,,
rayyan-662998320,An automated snoring sound classification method based on local dual octal pattern and iterative hybrid feature selector.,2021,1,1,,,,,,Tuncer T and Akbal E and Dogan S,https://pubmed.ncbi.nlm.nih.gov/32922509/,,,,"In this research, a novel snoring sound classification (SSC) method is presented by proposing a new feature generation function to yield a high classification rate. The proposed feature extractor is named as Local Dual Octal Pattern (LDOP). A novel LDOP based SSC method is presented to solve the low success rate problems for Munich-Passau Snore Sound Corpus (MPSSC) dataset. Multilevel discrete wavelet transform (DWT) decomposition and the LDOP based feature generation, informative features selection with ReliefF and iterative neighborhood component analysis (RFINCA), and classification using k nearest neighbors (kNN) are fundamental phases of the proposed SSC method. Seven leveled DWT transform, and LDOP are used together to generate low, medium, and high levels features. This feature generation network extracts 4096 features in total. RFINCA selects 95 the most discriminative and informative ones of these 4096 features. In the classification phase, kNN with leave one out cross-validation (LOOCV) is used. 95.53% classification accuracy and 94.65% unweighted average recall (UAR) have been achieved using this method. The proposed LDOP based SSC method reaches 22% better result than the best of the other state-of-the-art machine learning and deep learning-based methods. These results clearly denote the success of the proposed SSC method.",,,,10.1016/j.bspc.2020.102173,,,
rayyan-662998321,A multimodal dataset for training deep learning models aimed at detecting and analyzing sleep apnea.,2025,1,1,,,,,,Tao J and Huang J and Miao B and Yang L,https://pubmed.ncbi.nlm.nih.gov/40681588/,,,,"Sleep Apnea Syndrome (SAS) is a serious respiratory disorder that can lead to a range of complications, including hypertension, arrhythmias, cognitive impair- ment, and metabolic disturbances. Due to the insidious nature of its symptoms, patients often fail to recognize the condition, and clinical screening is both time- consuming and resource-intensive. To address these challenges, we have developed a comprehensive dataset that integrates data from Polysomnography (PSG) devices with synchronized audio recordings. This dataset has been rigorously annotated by expert medical professionals based on PSG monitoring data, ensur- ing its accuracy and reliability. Our objective is to provide a publicly available, standardized, and high-quality data resource for the development and applica- tion of deep learning models in the field of sleep apnea syndrome. This dataset is designed to enhance diagnostic accuracy and efficiency while promoting advanced scientific research and technological innovation in this domain.",,,,10.1038/s41597-025-05583-8,,,
rayyan-662998322,Real-Time Detection of Sleep Apnea Based on Breathing Sounds and Prediction Reinforcement Using Home Noises: Algorithm Development and Validation.,2023,1,1,,,,,,Le VL and Kim D and Cho E and Jang H and Reyes RD and Kim H and Lee D and Yoon IY and Hong J and Kim JW,https://pubmed.ncbi.nlm.nih.gov/36811943/,,,,"BACKGROUND: Multinight monitoring can be helpful for the diagnosis and management of obstructive sleep apnea (OSA). For this purpose, it is necessary to be able to detect OSA in real time in a noisy home environment. Sound-based OSA assessment holds great potential since it can be integrated with smartphones to provide full noncontact monitoring of OSA at home.
OBJECTIVE: The purpose of this study is to develop a predictive model that can detect OSA in real time, even in a home environment where various noises exist.
METHODS: This study included 1018 polysomnography (PSG) audio data sets, 297 smartphone audio data sets synced with PSG, and a home noise data set containing 22,500 noises to train the model to predict breathing events, such as apneas and hypopneas, based on breathing sounds that occur during sleep. The whole breathing sound of each night was divided into 30-second epochs and labeled as ""apnea,"" ""hypopnea,"" or ""no-event,"" and the home noises were used to make the model robust to a noisy home environment. The performance of the prediction model was assessed using epoch-by-epoch prediction accuracy and OSA severity classification based on the apnea-hypopnea index (AHI).
RESULTS: Epoch-by-epoch OSA event detection showed an accuracy of 86% and a macro F1-score of 0.75 for the 3-class OSA event detection task. The model had an accuracy of 92% for ""no-event,"" 84% for ""apnea,"" and 51% for ""hypopnea."" Most misclassifications were made for ""hypopnea,"" with 15% and 34% of ""hypopnea"" being wrongly predicted as ""apnea"" and ""no-event,"" respectively. The sensitivity and specificity of the OSA severity classification (AHI≥15) were 0.85 and 0.84, respectively.
CONCLUSIONS: Our study presents a real-time epoch-by-epoch OSA detector that works in a variety of noisy home environments. Based on this, additional research is needed to verify the usefulness of various multinight monitoring and real-time diagnostic technologies in the home environment.",,,,10.2196/44818,,,
rayyan-662998323,Prediction of the obstruction sites in the upper airway in sleep-disordered breathing based on snoring sound parameters: a systematic review.,2021,1,1,,,,,,Huang Z and Aarab G and Ravesloot MJL and Zhou N and Bosschieter PFN and van Selms MKA and den Haan C and de Vries N and Lobbezoo F and Hilgevoord AAJ,https://pubmed.ncbi.nlm.nih.gov/34749271/,,,,"BACKGROUND: Identification of the obstruction site in the upper airway may help in treatment selection for patients with sleep-disordered breathing. Because of limitations of existing techniques, there is a continuous search for more feasible methods. Snoring sound parameters were hypothesized to be potential predictors of the obstruction site. Therefore, this review aims to i) investigate the association between snoring sound parameters and the obstruction sites; and ii) analyze the methodology of reported prediction models of the obstruction sites.
METHODS: The literature search was conducted in PubMed, Embase.com, CENTRAL, Web of Science, and Scopus in collaboration with a medical librarian. Studies were eligible if they investigated the associations between snoring sound parameters and the obstruction sites, and/or reported prediction models of the obstruction sites based on snoring sound.
RESULTS: Of the 1016 retrieved references, 28 eligible studies were included. It was found that the characteristic frequency components generated from lower-level obstructions of the upper airway were higher than those generated from upper-level obstructions. Prediction models were built mainly based on snoring sound parameters in frequency domain. The reported accuracies ranged from 60.4% to 92.2%.
CONCLUSIONS: Available evidence points toward associations between the snoring sound parameters in the frequency domain and the obstruction sites in the upper airway. It is promising to build a prediction model of the obstruction sites based on snoring sound parameters and participant characteristics, but so far snoring sound analysis does not seem to be a viable diagnostic modality for treatment selection.",,,,10.1016/j.sleep.2021.10.015,,,
rayyan-662998324,Multi-modal multi-task deep neural networks for sleep disordered breathing assessment using cardiac and audio signals.,2025,1,1,,,,,,Xie J and Fonseca P and van Dijk JP and Overeem S and Long X,https://pubmed.ncbi.nlm.nih.gov/40286704/,,,,"BACKGROUND AND OBJECTIVE: Sleep disordered breathing (SDB) is one of the most common sleep disorders and has short-term consequences for daytime functioning while being a risk factor for several conditions, such as cardiovascular disease. Polysomnography, the current diagnostic gold standard, is expensive and has limited accessibility. Therefore, cost-effective and easily accessible methods for SDB detection are needed. Both cardiac and audio signals have received attention for SDB detection as they can be obtained with unobtrusive sensors, suitable for home applications.
METHODS: This paper introduces a multi-modal multi-task deep learning approach for SDB assessment using a combination of cardiac and audio signals under the assumption that they can provide complementary information. We aimed to estimate the apnea-hypopnea index (AHI) and assess AHI-based SDB severity through the detection of SDB events, combined with total sleep time estimated from simultaneous sleep-wake classification. Inter-beat interval and electrocardiogram-derived respiration from the electrocardiogram, and Mel-scale frequency cepstral coefficients from concurrent audio recordings were used as inputs. We compared the performance of several models trained with different combinations of these inputs.
RESULTS: Using cross-validation with a dataset comprising overnight recordings of 161 subjects, we achieved an F1 score of 0.588 for SDB event detection, a correlation coefficient of 0.825 for AHI estimation, and an accuracy of 57.8% for SDB severity classification (normal, mild, moderate, and severe).
CONCLUSION: Results show that combining cardiac and audio signals can enhance the performance of SDB detection and highlight the potential of multi-modal data fusion for further research in this domain.",,,,10.1016/j.ijmedinf.2025.105932,,,
rayyan-662998325,A domain adversarial network for small-sample obstructive sleep apnea detection using a single-lead piezoelectric sensor.,2026,1,1,,,,,,Song X and Lan X and Hou T and Liu H and Wang Y and Tong J and Jia S and Yuan H and Xin Y,https://pubmed.ncbi.nlm.nih.gov/41962584/,,,,"Objective.In recent years, increasing attention to sleep health has accelerated development of wearable devices for home monitoring. Two critical challenges remain: providing an unobtrusive sensing solution suitable for long-term deployment, and designing algorithms that generalize across diverse users and acoustic environments when annotated data are limited.Approach.We develop a single-lead bone-conduction monitoring system and a distribution-aware detection model. The wearable system uses a piezoelectric sensor at the lateral throat to capture tracheal vibrations for continuous overnight monitoring, which improves user comfort relative to multi-lead polysomnography (PSG). For robust event recognition, we propose the convolutional memory adaptive prototypic network (CMAP), which combines convolutional-recurrent feature extraction with domain-adversarial training and a prototypical constraint to learn domain-invariant representations under limited labels. We evaluated our solution with a cohort of 95 participants undergoing simultaneous PSG and wearable monitoring.Main results.For snore and breath sound event detection during sleep, the model attained precision of 0.90 and recall of 0.93. The estimated Apnea-Hypopnea Index (AHI) from our system correlated strongly with PSG-derived AHI (Pearsonr= 0.94,p< 0.001). The model achieved 83.2% accuracy in four-class severity classification across healthy, mild, moderate and severe obstructive sleep apnea (OSA).Significance.These results indicate that a single-sensor, distribution-aware approach can provide a reliable acoustic surrogate for AHI and clinically relevant severity classification. The proposed wearable and CMAP model offer a practical, comfortable, and cost-effective solution for early clinical triaging, scalable home-based OSA screening and longitudinal monitoring with low user burden.",,,,10.1088/1361-6579/ae5e17,,,
rayyan-662998326,Real-time sleep disorder monitoring design using dynamic temporal graphs with facial and acoustic feature fusion.,2025,1,1,,,,,,Pei F and Zhou Y and Fu Q and Zhou H,https://pubmed.ncbi.nlm.nih.gov/41306519/,,,,"INTRODUCTION: Sleep disorders pose significant risks to patient safety, yet traditional polysomnography imposes substantial discomfort and laboratory constraints. We developed a non-invasive multimodal monitoring system for real-time sleep pathology detection.
METHODS: We integrated facial expression analysis via deep convolutional neural networks with audio signal processing for breathing pattern detection. Heterogeneous data streams were unified into dynamic graph representations, with graph neural networks modeling spatiotemporal patterns of sleep pathologies.
RESULTS: The system accurately detected sleep apnea, restless leg syndrome, and cardiovascular irregularities with 10.7-s average delay and 94.6% clinical agreement, achieving diagnostic accuracy comparable to polysomnography.
CONCLUSION: This framework enables continuous non-invasive monitoring for point-of-care screening and home-based management, potentially expanding sleep medicine access for underserved populations.",,,,10.3389/frai.2025.1681759,,,
rayyan-662998327,Association of snoring characteristics with predominant site of collapse of upper airway in obstructive sleep apnea patients.,2021,1,1,,,,,,Sebastian A and Cistulli PA and Cohen G and de Chazal P,https://pubmed.ncbi.nlm.nih.gov/34270768/,,,,"STUDY OBJECTIVES: Acoustic analysis of isolated events and snoring by previous researchers suggests a correlation between individual acoustic features and individual site of collapse events. In this study, we hypothesized that multiparameter evaluation of snore sounds during natural sleep would provide a robust prediction of the predominant site of airway collapse.
METHODS: The audio signals of 58 obstructive sleep apnea patients were recorded simultaneously with full-night polysomnography. The site of collapse was determined by manual analysis of the shape of the airflow signal during hypopnea events and corresponding audio signal segments containing snore were manually extracted and processed. Machine learning algorithms were developed to automatically annotate the site of collapse of each hypopnea event into three classes (lateral wall, palate, and tongue base). The predominant site of collapse for a sleep period was determined from the individual hypopnea annotations and compared to the manually determined annotations. This was a retrospective study that used cross-validation to estimate performance.
RESULTS: Cluster analysis showed that the data fit well in two clusters with a mean silhouette coefficient of 0.79 and an accuracy of 68% for classifying tongue/non-tongue collapse. A classification model using linear discriminants achieved an overall accuracy of 81% for discriminating tongue/non-tongue predominant site of collapse and accuracy of 64% for all site of collapse classes.
CONCLUSIONS: Our results reveal that the snore signal during hypopnea can provide information regarding the predominant site of collapse in the upper airway. Therefore, the audio signal recorded during sleep could potentially be used as a new tool in identifying the predominant site of collapse and consequently improving the treatment selection and outcome.",,,,10.1093/sleep/zsab176,,,
rayyan-662998328,Fiber Memristor-Based Physical Reservoir Computing for Multimodal Sleep Monitoring.,2025,1,1,,,,,,Zhang J and Zhu Z and Meng J and Wang T,https://pubmed.ncbi.nlm.nih.gov/40933237/,,,,"Real-time wearable sleep monitors process diverse biological signals while operating under tight energy and computation budgets. The existing algorithms are facing problems of high energy consumption due to separate hardware storage and computation units. In this work, textile-integrated in-memory neuromorphic computing electronics based on MoS2 quantum dot fiber memristors was proposed for physical reservoir computing for the first time. Textile electronics convert raw electroencephalogram (EEG)and snoring audio directly into rich, high-dimensional state vectors based on intrinsic nonlinear dynamics. Leveraging 16 pulse-programmable conductance levels, the reservoir realizes an accuracy of 94.8%, 95.4%, and 93.5% in snoring events, sleep stages, and multimodal fusion, respectively. To enhance the robustness of feature extraction and improve classification performance under noisy conditions, the linear readout layer was replaced with a lightweight convolutional neural network. The hybrid neural network is 6 times faster than traditional deep-learning methods in 24-h segment EEG analysis. The memristors switch at ±1 V and sub-nanoampere currents, providing picowatt energy consumption suited to continuous on-body use. The results establish fiber memristor reservoir computing as an energy-efficient path to in-fabric, multimodal intelligence for next-generation home sleep analysis and wearable health care.",,,,10.34133/research.0870,,,
rayyan-662998329,Breath variability increases in the minutes preceding obstructive sleep apneic events.,2021,1,1,,,,,,Pandian TNG and Sehra R and Narayan S,https://pubmed.ncbi.nlm.nih.gov/32506203/,,,,"PURPOSE: It is unclear if there is a consistent signature in breath patterns prior to an impending obstructive apneic event in patients with sleep-disordered breathing (SDB).
OBJECTIVE: To use continuous recordings of ambient sound in sleep using a smartphone to track auditory signatures of breaths and measure their regularity preceding apneic events.
METHODS: We studied 50 patients evaluated for SDB in whom sound was recorded using smartphones concurrently with polysomnography (PSG). Whole-night sound files were analyzed for time and frequency domain analyses of breath periodicity during periods of normal and sleep-disordered breathing.
RESULTS: Fifty patients (44% women, 42.0 ± 9.4 years old, BMI 32.8 ± 10.8 kg/m2) recorded sound, of whom 30 were diagnosed with OSA and 20 were not. We analyzed a total of 497 apneic (≥10 s) and 481 non-apneic intervals, confirmed by PSG. Interbreath intervals were 3.75 ± 0.62 s for 1 min in quiet breathing, with SD 1.11 ± 0.48 s that increased to 4.16 ± 3.06 s in successive 60-s epochs up to apnea (p < 0.001). Interbreath SD in the 60 s immediately preceding apnea was higher than the SD in random non-apneic periods (p < 0.01, ANOVA). Interbreath SD ≥1.49 s gave 87.3% sensitivity and 86.5% specificity for predicting apnea in the next minute (c-statistic 0.94).
CONCLUSIONS: Breaths increase in variability minutes before proven obstructive apnea in patients with suspected SDB. These results suggest that it may be possible to predict and thus potentially avert apneic events and provide insights into events leading to SDB.
TRIAL REGISTRATION: NCT03288376, clinicaltrials.org.",,,,10.1007/s11325-020-02094-1,,,
rayyan-662998330,Enhanced Monitoring of Sleep Position in Sleep Apnea Patients: Smartphone Triaxial Accelerometry Compared with Video-Validated Position from Polysomnography.,2021,1,1,,,,,,Ferrer-Lluis I and Castillo-Escario Y and Montserrat JM and Jané R,https://pubmed.ncbi.nlm.nih.gov/34073215/,,,,"Poor sleep quality is a risk factor for multiple mental, cardiovascular, and cerebrovascular diseases. Certain sleep positions or excessive position changes can be related to some diseases and poor sleep quality. Nevertheless, sleep position is usually classified into four discrete values: supine, prone, left and right. An increase in sleep position resolution is necessary to better assess sleep position dynamics and to interpret more accurately intermediate sleep positions. This research aims to study the feasibility of smartphones as sleep position monitors by (1) developing algorithms to retrieve the sleep position angle from smartphone accelerometry; (2) monitoring the sleep position angle in patients with obstructive sleep apnea (OSA); (3) comparing the discretized sleep angle versus the four classic sleep positions obtained by the video-validated polysomnography (PSG); and (4) analyzing the presence of positional OSA (pOSA) related to its sleep angle of occurrence. Results from 19 OSA patients reveal that a higher resolution sleep position would help to better diagnose and treat patients with position-dependent diseases such as pOSA. They also show that smartphones are promising mHealth tools for enhanced position monitoring at hospitals and home, as they can provide sleep position with higher resolution than the gold-standard video-validated PSG.",,,,10.3390/s21113689,,,
rayyan-662998331,Interpretable Acoustic Features from Wakefulness Tracheal Breathing for OSA Severity Assessment.,2026,1,1,,,,,,Alqudah AM and Ashraf W and Lithgow B and Moussavi Z,https://pubmed.ncbi.nlm.nih.gov/41682762/,,,,"Background: Obstructive Sleep Apnea (OSA) is one of the most prevalent sleep disorders associated with cardiovascular complications, cognitive impairments, and reduced quality of life. Early and accurate diagnosis is essential. The present gold standard, polysomnography, is expensive and resource-intensive. This work develops a non-invasive machine-learning-based framework to classify four OSA severity groups (non, mild, moderate, and severe) using tracheal breathing sounds (TBSs) and anthropometric variables. Methods: A total of 199 participants were recruited, and TBS were recorded whilst awake (wakefulness) using a suprasternal microphone. The workflow included the following steps: signal preprocessing (segmentation, filtering, and normalization), multi-domain feature extraction representing spectral, temporal, nonlinear, and morphological features, adaptive feature normalization, and a three-stage feature selection that combined univariate filtering, Shapley Additive Explanations (SHAP)-based ranking, and recursive feature elimination (RFE). The classification included training ensemble learning models via bootstrap aggregation and validating them using stratified k-fold cross-validation (CV), while preserving the OSA severity and anthropometric distributions. Results: The proposed framework performed well in discriminating among OSA severity groups. TBS features, combined with anthropometric ones, increased classification performance and reliability across all severity classes, providing proof for the efficacy of non-invasive audio biomarkers for OSA screening. Conclusions: TBS-based model's features, coupled with anthropometric information, offer a promising alternative or supplement to PSG for OSA severity detection. The approach provides scalability and accessibility to extend screening and potentially enables earlier detection of OSA, compared to cases that might remain undiagnosed without screening.",,,,10.3390/jcm15031081,,,
rayyan-662998332,Predicting Polysomnography Parameters from Anthropometric Features and Breathing Sounds Recorded during Wakefulness.,2021,1,1,,,,,,Elwali A and Moussavi Z,https://pubmed.ncbi.nlm.nih.gov/34069566/,,,,"BACKGROUND: The apnea/hypopnea index (AHI) is the primary outcome of a polysomnography assessment (PSG) for determining obstructive sleep apnea (OSA) severity. However, other OSA severity parameters (i.e., total arousal index, mean oxygen saturation (SpO2%), etc.) are crucial for a full diagnosis of OSA and deciding on a treatment option. PSG assessments and home sleep tests measure these parameters, but there is no screening tool to estimate or predict the OSA severity parameters other than the AHI. In this study, we investigated whether a combination of breathing sounds recorded during wakefulness and anthropometric features could be predictive of PSG parameters.
METHODS: Anthropometric information and five tracheal breathing sound cycles were recorded during wakefulness from 145 individuals referred to an overnight PSG study. The dataset was divided into training, validation, and blind testing datasets. Spectral and bispectral features of the sounds were evaluated to run correlation and classification analyses with the PSG parameters collected from the PSG sleep reports.
RESULTS: Many sound and anthropometric features had significant correlations (up to 0.56) with PSG parameters. Using combinations of sound and anthropometric features in a bilinear model for each PSG parameter resulted in correlation coefficients up to 0.84. Using the evaluated models for classification with a two-class random-forest classifier resulted in a blind testing classification accuracy up to 88.8% for predicting the key PSG parameters such as arousal index.
CONCLUSIONS: These results add new value to the current OSA screening tools and provide a new promising possibility for predicting PSG parameters using only a few seconds of breathing sounds recorded during wakefulness without conducting an overnight PSG study.",,,,10.3390/diagnostics11050905,,,
rayyan-662998333,Combining Signals for EEG-Free Arousal Detection during Home Sleep Testing: A Retrospective Study.,2024,1,1,,,,,,Boudabous S and Millet J and Bacry E,https://pubmed.ncbi.nlm.nih.gov/39335756/,,,,"Introduction: Accurately detecting arousal events during sleep is essential for evaluating sleep quality and diagnosing sleep disorders, such as sleep apnea/hypopnea syndrome. While the American Academy of Sleep Medicine guidelines associate arousal events with electroencephalogram (EEG) signal variations, EEGs are often not recorded during home sleep testing (HST) using wearable devices or smartphone applications. Objectives: The primary objective of this study was to explore the potential of alternatively relying on combinations of easily measurable physiological signals during HST for arousal detection where EEGs are not recorded. Methods: We conducted a data-driven retrospective study following an incremental device-agnostic analysis approach, where we simulated a limited-channel setting using polysomnography data and used deep learning to automate the detection task. During the analysis, we tested multiple signal combinations to evaluate their potential effectiveness. We trained and evaluated the model on the Multi-Ethnic Study of Atherosclerosis dataset. Results: The results demonstrated that combining multiple signals significantly improved performance compared with single-input signal models. Notably, combining thoracic effort, heart rate, and a wake/sleep indicator signal achieved competitive performance compared with the state-of-the-art DeepCAD model using electrocardiogram as input with an average precision of 61.59% and an average recall of 56.46% across the test records. Conclusions: This study demonstrated the potential of combining easy-to-record HST signals to characterize the autonomic markers of arousal better. It provides valuable insights to HST device designers on signals that improve EEG-free arousal detection.",,,,10.3390/diagnostics14182077,,,
rayyan-662998334,Automatic cough detection via a multi-sensor smart garment using machine learning.,2025,1,1,,,,,,Dixon PC and Dubeau S and Roy JF and Fournier PA,https://pubmed.ncbi.nlm.nih.gov/40239229/,,,,"Coughing behavior is associated with conditions such as sleep apnea, asthma, and chronic obstructive pulmonary disorder and can severely affect quality of life in those affected. In this context, coughing quantification is often important, but routinely performed via questionnaires. This approach is dependent on patient compliance or recall, which may affect validity and be especially difficult for nocturnal coughs. Manual review of audio recordings is potentially more accurate, but raises privacy concerns due to the collection and review of sensitive audio-data by a human annotator. Today, machine learning approaches are increasingly used to quantify coughs; however, algorithms often rely on microphone recordings, resulting in the same privacy issues, especially if data are sent to a remote server for analysis. The aims of this study are to determine if (1) a suite of sensors, excluding microphone recordings, can accurately detect coughs unobtrusively and (2) what the relative importance of each sensor-type on model performance may be. Data from 44 healthy young adult participants performing on-demand coughs and other tasks (breathing, talking, throat clearing, laughing, sniffing) in supine and sitting conditions were collected for this observational, cross-sectional study using a multi-sensor smart-garment device. Synchronized video was used to annotate tasks. Three-dimension acceleration, respiration (inductance plethysmography), and electrical activity (electrocardiography) signals were extracted into 1 s strips and binarized into coughs and non-coughs. Data were split into train and test sets using an inter-subject 80:20 split, ensuring that data from a particular participant are found in a single set. This procedure was repeated 10 times with different random inter-subject splits to assess the variability of results. Statistical and frequency-based features were computed and used as inputs to a Random Forest Classifier to predict classes (cough vs not-cough). Model hyperparameters were tuned to maximize F1-score using five-fold cross validation of the training set. Final model performance was assessed using F1-score, precision, and recall (sensitivity) on the test sets with mean (standard deviation) reported. Single sensor models based on acceleration, respiration, or electrocardiography revealed F1 scores of 92.6 (1.2)%, 88.9 (3.2)%, and 77.5 (3.4)%, respectively. Overall, the dual (acceleration, respiration) sensor model achieved the highest performance (F1-score 93.0 (1.1)%, precision 84.2 (4.2)%, and recall 95.5 (1.6)%). The multi-modal wearable device was able to distinguish coughs from other respiratory maneuvers, with acceleration and respiration sensors providing the most valuable information. Future studies could implement this approach for remote monitoring of coughs in patients suffering from coughing symptoms.",,,,10.1016/j.compbiomed.2025.110192,,,
rayyan-662998335,Multicenter Validation of an AI-Based Snoring Model vs. Wearables for Diagnosing Sleep Apnea.,2026,1,1,,,,,,Guan H and Huang J and Liu D and Yang L and Zeng H and Huang J and Miao B,https://pubmed.ncbi.nlm.nih.gov/42158901/,,,,"BACKGROUND: Sleep apnea-hypopnea syndrome (SAHS) has high prevalence and cardiovascular/cerebrovascular comorbidities. Polysomnography (PSG) is the diagnostic gold standard but limited by complexity, cost, and accessibility; smart wearables are convenient but less accurate. This study validated an AI-based snoring-sound model and compared its diagnostic performance with a wearable, using PSG as reference.
METHODS: Adults with suspected SAHS (n = 134) were included and underwent overnight PSG, with simultaneous snoring sound and wearable signal recording. The snoring algorithm used short-time Fourier transform (STFT) spectrograms and a multiscale encoder-attention-decoder neural network for classification. Model performance was assessed using correlation analysis, intraclass correlation coefficient (ICC), Bland-Altman plots, and receiver operating characteristic (ROC) analyses. Accuracy, sensitivity, specificity, and area under the curve (AUC) values were computed for both models.
RESULTS: Disease severity was associated with variation in BMI (p < 0.001) and decreasing oxygen saturation (p < 0.001). The snoring model showed stronger correlation and higher agreement with PSG-derived AHI (r = 0.79, ICC = 0.753) than the wearable (r = 0.68). Although the snoring model yielded consistently higher AUCs, particularly in mild SAHS (AUC = 0.83 vs. 0.72, p = 0.07), the differences between methods were not statistically significant (all p > 0.05). Both models achieved excellent discriminative performance in severe SAHS (AUC ≥ 0.90).
CONCLUSION: The AI-driven snoring-sound model demonstrated comparable overall performance and numerically better performance in certain settings, particularly in identifying mild SAHS.",,,,10.2147/nss.s582714,,,
rayyan-662998336,Non-invasive Detection of Adenoid Hypertrophy Using Deep Learning Based on Heart-Lung Sounds.,2025,1,1,,,,,,Xiao S and Zhang X and Lu Y and Ye P and Tang Y and Zhang P and Yan Y and Tai J,https://pubmed.ncbi.nlm.nih.gov/40030964/,,,,"Adenoid hypertrophy is one of the most common upper respiratory tract disorders during childhood, leading to a range of symptoms such as nasal congestion, mouth breathing and obstructive sleep apnea. Current diagnostic methods, including computerized tomography scans and nasal endoscopy, are invasive or involve ionizing radiation, rendering them unsuitable for long-term assessments. To address these clinical challenges, this paper proposes a novel deep learning approach for the non-invasive detection of adenoid hypertrophy using heartlung sounds. Firstly, we established a heart-lung sound database with corresponding labels indicating adenoid size. Subsequently, we employed three different deep learning tasks to explore the association between heart-lung sounds and adenoid size. In particular, it includes binary classification to distinguish between normal and abnormal cases, four-grade classification to assess the severity of adenoid hypertrophy, and regression models to predict the actual size of the adenoids. The experimental results demonstrate that the deep learning models can effectively predict the condition of adenoid hypertrophy based on heart-lung sounds. In resource-constrained clinical environments, the proposed methods for adenoid hypertrophy automatic detection provide a simple and non-invasive approach, which can reduce healthcare costs and facilitate remote self-screening.",,,,10.1109/jbhi.2025.3527403,,,
rayyan-662998337,Noncontact Sleep Monitoring With Infrared Video Data to Estimate Sleep Apnea Severity and Distinguish Between Positional and Nonpositional Sleep Apnea: Model Development and Experimental Validation.,2021,1,1,,,,,,Akbarian S and Ghahjaverestan NM and Yadollahi A and Taati B,https://pubmed.ncbi.nlm.nih.gov/34723817/,,,,"BACKGROUND: Sleep apnea is a respiratory disorder characterized by frequent breathing cessation during sleep. Sleep apnea severity is determined by the apnea-hypopnea index (AHI), which is the hourly rate of respiratory events. In positional sleep apnea, the AHI is higher in the supine sleeping position than it is in other sleeping positions. Positional therapy is a behavioral strategy (eg, wearing an item to encourage sleeping toward the lateral position) to treat positional apnea. The gold standard of diagnosing sleep apnea and whether or not it is positional is polysomnography; however, this test is inconvenient, expensive, and has a long waiting list.
OBJECTIVE: The objective of this study was to develop and evaluate a noncontact method to estimate sleep apnea severity and to distinguish positional versus nonpositional sleep apnea.
METHODS: A noncontact deep-learning algorithm was developed to analyze infrared video of sleep for estimating AHI and to distinguish patients with positional vs nonpositional sleep apnea. Specifically, a 3D convolutional neural network (CNN) architecture was used to process movements extracted by optical flow to detect respiratory events. Positional sleep apnea patients were subsequently identified by combining the AHI information provided by the 3D-CNN model with the sleeping position (supine vs lateral) detected via a previously developed CNN model.
RESULTS: The algorithm was validated on data of 41 participants, including 26 men and 15 women with a mean age of 53 (SD 13) years, BMI of 30 (SD 7), AHI of 27 (SD 31) events/hour, and sleep duration of 5 (SD 1) hours; 20 participants had positional sleep apnea, 15 participants had nonpositional sleep apnea, and the positional status could not be discriminated for the remaining 6 participants. AHI values estimated by the 3D-CNN model correlated strongly and significantly with the gold standard (Spearman correlation coefficient 0.79, P<.001). Individuals with positional sleep apnea (based on an AHI threshold of 15) were identified with 83% accuracy and an F1-score of 86%.
CONCLUSIONS: This study demonstrates the possibility of using a camera-based method for developing an accessible and easy-to-use device for screening sleep apnea at home, which can be provided in the form of a tablet or smartphone app.",,,,10.2196/26524,,,
rayyan-662998338,Multi-feature fusion and improved BO and IGWO metaheuristics based models for automatically diagnosing the sleep disorders from sleep sounds.,2023,1,1,,,,,,Akyol S and Yildirim M and Alatas B,https://pubmed.ncbi.nlm.nih.gov/36907034/,,,,"A night of regular and quality sleep is vital in human life. Sleep quality has a great impact on the daily life of people and those around them. Sounds such as snoring reduce not only the sleep quality of the person but also reduce the sleep quality of the partner. Sleep disorders can be eliminated by examining the sounds that people make at night. It is a very difficult process to follow and treat this process by experts. Therefore, this study, it is aimed to diagnose sleep disorders using computer-aided systems. In the study, the used data set contains seven hundred sound data which has seven different sound class such as cough, farting, laugh, scream, sneeze, sniffle, and snore. In the model proposed in the study, firstly, the feature maps of the sound signals in the data set were extracted. Three different methods were used in the feature extraction process. These methods are MFCC, Mel-spectrogram, and Chroma. The features extracted in these three methods are combined. Thanks to this method, the features of the same sound signal extracted in three different methods are used. This increases the performance of the proposed model. Later, the combined feature maps were analyzed using the proposed New Improved Gray Wolf Optimization (NI-GWO), which is the improved version of the Improved Gray Wolf Optimization (I-GWO) algorithm, and the proposed Improved Bonobo Optimizer (IBO) algorithm, which is the improved version of the Bonobo Optimizer (BO). In this way, it is aimed to run the models faster, reduce the number of features, and obtain the most optimum result. Finally, Support Vector Machine (SVM) and k-nearest neighbors (KNN) supervised shallow machine learning methods were used to calculate the metaheuristic algorithms' fitness values. Different types of metrics such as accuracy, sensitivity, F1 etc., were used for the performance comparison. Using the feature maps optimized by the proposed NI-GWO and IBO algorithms, the highest accuracy value was obtained from the SVM classifier with 99.28% for both metaheuristic algorithms.",,,,10.1016/j.compbiomed.2023.106768,,,
rayyan-662998339,Separating obstructive and central respiratory events during sleep using breathing sounds: Utilizing transfer learning on deep convolutional networks.,2025,1,1,,,,,,Saha S and Ghahjaverestan NM and Yadollahi A,https://pubmed.ncbi.nlm.nih.gov/40188799/,,,,"Sleep apnea diagnosis relies on polysomnography (PSG), which is resource-intensive and requires manual analysis to differentiate obstructive sleep apnea (OSA) from central sleep apnea (CSA). Existing portable devices, while valuable in detecting sleep apnea, often do not distinguish between the two types of apnea. Such differentiation is critical because OSA and CSA have distinct underlying causes and treatment approaches. This study addresses this gap by leveraging tracheal breathing sounds as a non-invasive and cost-effective method to classify central and obstructive events. We employed a transfer learning strategy on six pre-trained deep convolutional neural networks (CNNs), including Alexnet, Resnet18, Resnet50, Densenet161, VGG16, and VGG19. These networks were fine-tuned using spectrograms of tracheal sound signals recorded during PSG. The dataset, comprising 50 participants with a combination of central and obstructive events, was used to train and validate the model. Results showed high accuracy in differentiating central from obstructive respiratory events, with the combined CNN architecture achieving an overall accuracy of 83.66 % and a sensitivity and specificity above 83 %. The findings suggest that tracheal breathing sounds can effectively distinguish between OSA and CSA, providing a less invasive and more accessible alternative to traditional PSG. This methodology could be implemented in portable devices to enhance the diagnosis of sleep apnea, enabling targeted treatment. By facilitating earlier and more accurate diagnoses, this method supports personalized treatment strategies, optimizing therapy selection (e.g., CPAP for OSA, ASV for CSA) and ultimately enhancing clinical outcomes.",,,,10.1016/j.sleep.2025.106485,,,
rayyan-662998340,A Two-Level Ensemble Machine Learning Framework for OSA Classification Whilst Awake from Noisy Tracheal Breathing Sounds.,2026,1,1,,,,,,Bastani Najafabadi V and Ashraf W and Elwali A and Moussavi Z,https://pubmed.ncbi.nlm.nih.gov/41755288/,,,,"Obstructive sleep apnea (OSA), defined by repetitive airway obstruction during sleep, is significantly underdiagnosed, mainly due to the resource-intensive and time-consuming nature of sleep assessment technologies. Machine learning analysis of the tracheal breathing sounds (TBS) whilst awake offers an alternative approach for OSA quick screening. This study aimed to address the challenge of wakefulness OSA detection using TBS recorded with an inexpensive microphone in a noisy environment. Data of 247 individuals with various degrees of OSA severity were analyzed. Recorded data were segmented into inspiration and expiration phases, followed by acoustic features extraction, feature reduction, and classification. A two-level ensemble architecture was implemented. Nine sub-classifiers were stratified by anthropometric profiles. Each sub-classifier was constructed as an ensemble of bagged decision trees, with a final prediction via probability-based voting. The proposed algorithm achieved an accuracy of 77.1%, sensitivity of 84.3%, and specificity of 59.9%. Although these results have lower performance than those obtained previously using a high-quality microphone in a quiet room, they demonstrate that acoustic OSA detection whilst awake remains feasible, even in very noisy environments. Nevertheless, microphone quality emerged as a key determinant of classification performance.",,,,10.3390/s26041349,,,
rayyan-662998341,Coherent Feature Extraction with Swarm Intelligence Based Hybrid Adaboost Weighted ELM Classification for Snoring Sound Classification.,2024,1,1,,,,,,Prabhakar SK and Rajaguru H and Won DO,https://pubmed.ncbi.nlm.nih.gov/39272642/,,,,"For patients suffering from obstructive sleep apnea and sleep-related breathing disorders, snoring is quite common, and it greatly interferes with the quality of life for them and for the people surrounding them. For diagnosing obstructive sleep apnea, snoring is used as a screening parameter, so the exact detection and classification of snoring sounds are quite important. Therefore, automated and very high precision snoring analysis and classification algorithms are required. In this work, initially the features are extracted from six different domains, such as time domain, frequency domain, Discrete Wavelet Transform (DWT) domain, sparse domain, eigen value domain, and cepstral domain. The extracted features are then selected using three efficient feature selection techniques, such as Golden Eagle Optimization (GEO), Salp Swarm Algorithm (SSA), and Refined SSA. The selected features are finally classified with the help of eight traditional machine learning classifiers and two proposed classifiers, such as the Firefly Algorithm-Weighted Extreme Learning Machine hybrid with Adaboost model (FA-WELM-Adaboost) and the Capuchin Search Algorithm-Weighted Extreme Learning Machine hybrid with Adaboost model (CSA-WELM-Adaboost). The analysis is performed on the MPSSC Interspeech dataset, and the best results are obtained when the DWT features with the refined SSA feature selection technique and FA-WELM-Adaboost hybrid classifier are utilized, reporting an Unweighted Average Recall (UAR) of 74.23%. The second-best results are obtained when DWT features are selected with the GEO feature selection technique and a CSA-WELM-Adaboost hybrid classifier is utilized, reporting an UAR of 73.86%.",,,,10.3390/diagnostics14171857,,,
rayyan-662998342,Clinical Validation of Respiratory Rate Estimation Using Acoustic Signals from a Wearable Device.,2024,1,1,,,,,,Abdulsadig RS and Devani N and Singh S and Patel Z and Pramono RXA and Mandal S and Rodriguez-Villegas E,https://pubmed.ncbi.nlm.nih.gov/39685655/,,,,"Objectives: Respiratory rate (RR) is a clinical measure of breathing frequency, a vital metric for clinical assessment. However, the recording and documentation of RR are considered to be extremely poor due to the limitations of the current approaches to measuring RR, including capnography and manual counting. We conducted a validation of the automatic RR measurement capability of AcuPebble RE100 (Acurable, London, UK) against a gold-standard capnography system and a type-III cardiorespiratory polygraphy system in two independent prospective and retrospective studies. Methods: The experiment for the prospective study was conducted at Imperial College London. Data from AcuPebble RE100 (Acurable, London, UK) and the reference capnography system (Capnostream™35, Medtronic, Minneapolis, MN, USA) were collected simultaneously from healthy volunteers. The data from a previously published study were used in the retrospective study, where the patients were recruited consecutively from a standard Obstructive Sleep Apnea (OSA) diagnostic pathway in a UK hospital. Overnight data during sleep were collected using the AcuPebble SA100 (Acurable, London, UK) sensor and a type-III cardiorespiratory polygraphy system (Embletta MPR Sleep System, Natus Medical, Pleasanton, CA, USA) at the patients' homes. Data from 15 healthy volunteers were used in the prospective study. For the retrospective study, 150 consecutive patients had been referred for OSA diagnosis and successfully completed the study. Results: The RR output of AcuPebble RE100 (Acurable, London, UK) was compared against the reference device in terms of the Root Mean Squared Deviation (RMSD), mean error, and standard deviation (SD) of the difference between the paired measurements. In both the prospective and retrospective studies, the AcuPebble RE100 algorithms provided accurate RR measurements, well within the clinically relevant margin of error, typically used by FDA-approved respiratory rate monitoring devices, with the RMSD under three breaths per minute (BPM) and mean errors of 1.83 BPM and 1.4 BPM, respectively. Conclusions: The evaluation results provide evidence that AcuPebble RE100 (Acurable, London, UK) algorithms produce reliable results and are hence suitable for overnight monitoring of RR.",,,,10.3390/jcm13237199,,,
rayyan-662998343,AI-driven approaches for automatic detection of sleep apnea/hypopnea based on human physiological signals: a review.,2025,1,1,,,,,,Peng D and Sun L and Zhou Q and Zhang Y,https://pubmed.ncbi.nlm.nih.gov/39712669/,,,,"Sleep apnea/hypopnea is a sleep disorder characterized by repeated pauses in breathing which could induce a series of health problems such as cardiovascular disease (CVD) and even sudden death. Polysomnography (PSG) is the most common way to diagnose sleep apnea/hypopnea. Considering that PSG data acquisition is complex and the diagnosis of sleep apnea/hypopnea requires manual scoring, it is very time-consuming and highly professional. With the development of wearable devices and AI techniques, more and more works have been focused on building machine and deep learning models that use single or multi-modal physiological signals to achieve automated detection of sleep apnea/hypopnea. This paper provides a comprehensive review of automatic sleep apnea/hypopnea detection methods based on AI-based techniques in recent years. We summarize the general process used by existing works with a flow chart, which mainly includes data acquisition, raw signal pre-processing, model construction, event classification, and evaluation, since few papers consider these. Additionally, the commonly used public database and pre-processing methods are also reviewed in this paper. After that, we separately summarize the existing methods related to different modal physiological signals including nasal airflow, pulse oxygen saturation (SpO2), electrocardiogram (ECG), electroencephalogram (EEG) and snoring sound. Furthermore, specific signal pre-processing methods based on the characteristics of different physiological signals are also covered. Finally, challenges need to be addressed, such as limited data availability, imbalanced data problem, multi-center study necessity etc., and future research directions related to AI are discussed.",,,,10.1007/s13755-024-00320-8,,,
rayyan-662998344,Detection of Sleep-Disordered Breathing in Patients with Spinal Cord Injury Using a Smartphone.,2021,1,1,,,,,,Castillo-Escario Y and Kumru H and Ferrer-Lluis I and Vidal J and Jané R,https://pubmed.ncbi.nlm.nih.gov/34770489/,,,,"Patients with spinal cord injury (SCI) have an increased risk of sleep-disordered breathing (SDB), which can lead to serious comorbidities and impact patients' recovery and quality of life. However, sleep tests are rarely performed on SCI patients, given their multiple health needs and the cost and complexity of diagnostic equipment. The objective of this study was to use a novel smartphone system as a simple non-invasive tool to monitor SDB in SCI patients. We recorded pulse oximetry, acoustic, and accelerometer data using a smartphone during overnight tests in 19 SCI patients and 19 able-bodied controls. Then, we analyzed these signals with automatic algorithms to detect desaturation, apnea, and hypopnea events and monitor sleep position. The apnea-hypopnea index (AHI) was significantly higher in SCI patients than controls (25 ± 15 vs. 9 ± 7, p < 0.001). We found that 63% of SCI patients had moderate-to-severe SDB (AHI ≥ 15) in contrast to 21% of control subjects. Most SCI patients slept predominantly in supine position, but an increased occurrence of events in supine position was only observed for eight patients. This study highlights the problem of SDB in SCI and provides simple cost-effective sleep monitoring tools to facilitate the detection, understanding, and management of SDB in SCI patients.",,,,10.3390/s21217182,,,
rayyan-662998345,Deep learning approaches for image-based snoring sound analysis in the diagnosis of obstructive sleep apnea-hypopnea syndrome: A systematic review.,2025,1,1,,,,,,Ding L and Peng JX and Song YJ,https://pubmed.ncbi.nlm.nih.gov/41025059/,,,,"BACKGROUND: Obstructive sleep apnea-hypopnea syndrome (OSAHS) is a highly prevalent sleep-related respiratory disorder associated with serious health risks. Although polysomnography is the clinical gold standard for diagnosis, it is expensive, inconvenient, and unsuitable for population-level screening due to the need for professional scoring and overnight monitoring.
AIM: To address these limitations, this review aims to systematically analyze recent advances in deep learning-based OSAHS detection methods using snoring sounds, particularly focusing on graphical signal representations and network architectures.
METHODS: A comprehensive literature search was conducted following the PRISMA 2009 guidelines, covering publications from 2010 to 2025. Studies were included based on predefined criteria involving the use of deep learning models on snoring sounds transformed into graphical representations such as spectrograms and scalograms. A total of 14 studies were selected for in-depth analysis.
RESULTS: This review summarizes the types of signal modalities, datasets, feature extraction methods, and classification frameworks used in the current literatures. The strengths and limitations of different deep network architectures are evaluated.
CONCLUSION: Challenges such as dataset variability, generalizability, model interpretability, and deployment feasibility are also discussed. Future directions highlight the importance of explainable artificial intelligence and domain-adaptive learning for clinically viable OSAHS diagnostic tools.",,,,10.4329/wjr.v17.i9.109116,,,
rayyan-662998346,Overnight airway obstruction severity prediction centered on acoustic properties of smart phone: validation with esophageal pressure.,2020,1,1,,,,,,Markandeya MN and Abeyratne UR and Hukins C,https://pubmed.ncbi.nlm.nih.gov/33164911/,,,,"OBJECTIVE: Obstructive sleep apnea is characterized by a number of airway obstructions. Esophageal pressure manometry (EPM) based estimation of consecutive peak to trough differences (ΔPes) is the gold standard method to quantify the severity of airway obstructions. However, the procedure is rarely available in sleep laboratories due to invasive nature. There is a clinical need for a simplified, scalable technology that can quantify the severity of airway obstructions. In this paper, we address this and propose a pioneering technology, centered on sleep related respiratory sound (SRS) to predict overnight ΔPes signal.
APPROACH: We recorded streams of SRS using a bedside iPhone 7 smartphone from subjects undergoing diagnostic polysomnography (PSG) studies and EPM was performed concurrently. Overnight data was divided into epochs of 10 s duration with 50% overlap. Altogether, we extracted 42 181 such epochs from 13 subjects. Acoustic features and features from the two PSG signals serve as an input to train a machine learning algorithm to achieve mapping between non-invasive features and ΔPes values. A testing dataset of 14 171 epochs from four new subjects was used for validation.
MAIN RESULTS: The SRS based model predicted the ΔPes with a median of absolute error of 6.75 cmH2O (±0.59, r = 0.83(±0.03)). When information from the PSG were combined with the SRS, the model performance became: 6.37cmH2O (±1.02, r = 0.85(±0.04)).
SIGNIFICANCE: The smart phone based SRS alone, or in combination with routinely collected PSG signals can provide a non-invasive method to predict overnight ΔPes. The method has the potential to be automated and scaled to provide a low-cost alternative to EPM.",,,,10.1088/1361-6579/abb75f,,,
rayyan-662998347,Acoustic characterization of upper airway variations from wakefulness to sleep with respect to obstructive sleep apnea.,2020,1,1,,,,,,Hajipour F and Giannouli E and Moussavi Z,https://pubmed.ncbi.nlm.nih.gov/32719933/,,,,"The upper airway (UA) is in general thicker and narrower in obstructive sleep apnea (OSA) population than in normal. Additionally, the UA changes during sleep are much more in the OSA population. The UA changes can alter the tracheal breathing sound (TBS) characteristics. Therefore, we hypothesize the TBS changes from wakefulness to sleep are significantly correlated to the OSA severity; thus, they may represent the physiological characteristics of the UA. To investigate our hypothesis, we recorded TBS of 18 mild-OSA (AHI < 15) and 22 moderate/severe-OSA (AHI > 15) during daytime (wakefulness) and then during sleep. The power spectral density (PSD) of the TBS was calculated and compared within the two OSA groups and between wakefulness and sleep. The average PSD of the mild-OSA group in the low-frequency range (< 280 Hz) was found to be decreased significantly from wakefulness to sleep (p-value < 10-4). On the other hand, the average PSD of the moderate/severe-OSA group in the high-frequency range (> 900 Hz) increased marginally significantly from wakefulness to sleep (p-value < 9 × 10-3). Our findings show that the changes in spectral characteristics of TBS from wakefulness to sleep correlate with the severity of OSA and can represent physiological variations of UA. Therefore, TBS analysis has the potentials to assist with diagnosis and clinical management decisions in OSA patients based on their OSA severity stratification; thus, obviating the need for more expensive and time-consuming sleep studies. Graphical abstract Tracheal breathing sound (TBS) changes from wakefulness to sleep and their correlation with Obstructive sleep apnea (OSA) were investigated in individuals with different levels of OSA severity. We also assessed the classification power of the spectral characteristics of these TBS for screening purposes. Consequently, we analyzed and compared spectral characteristics of TBS recorded during wakefulness (a combination of mouth and nasal TBS) to those during sleep for mild and moderate/severe OSA groups.",,,,10.1007/s11517-020-02234-5,,,
rayyan-662998348,Machine learning for scalable obstructive sleep apnea risk screening using digital phenotyping from wearable devices and clinical scales.,2026,1,1,,,,,,Kim H and Kim S and Yeom JW and Kim BN and Pack SP and Lee HJ and Cheong T and Cho CH,https://pubmed.ncbi.nlm.nih.gov/42321406/,,,,"Obstructive sleep apnea (OSA) is common yet frequently underdiagnosed, partly because overnight polysomnography (PSG) is logistically burdensome and access to specialized testing is limited. We aimed to develop machine-learning models for OSA risk screening using multimodal digital phenotyping from consumer-grade wearable devices, smartphone-based assessments, and clinical scales. We enrolled 338 participants and collected data over four weeks. After preprocessing, 107 features were derived from wearable-derived physiological and activity measures, smartphone-based records, and questionnaire-based clinical risk profiles, and used to classify high- versus low-risk OSA groups defined by the Berlin Questionnaire. Across multiple model configurations, predictive performance was high, with the best-performing model achieving an AUC of up to 0.94 and an F1 score of 0.80 in the internal validation set. Consistently influential predictors included body mass index, Insomnia Severity Index score, Smartphone Overuse Screening Questionnaire score, resting heart rate, and heart rate recovery. These findings suggest that multimodal digital phenotyping from accessible consumer technologies may support scalable pre-screening for OSA risk in real-world settings. Further validation against PSG-confirmed OSA outcomes is needed.Trial Registration: Clinical Research Information Service (CRIS) KCT0009175 (Registration data: Feb-15-2024) (https://cris.nih.go.kr/cris/search/detailSearch.do?search_lang=E&focus=reset_12&search_page=M&pageSize=10&page=undefined&seq=26133&status=5&seq_group=26133).",,,,10.1038/s41598-026-58772-9,,,
rayyan-662998349,BreathFinder: A Method for Non-Invasive Isolation of Respiratory Cycles Utilizing the Thoracic Respiratory Inductance Plethysmography Signal.,2024,1,1,,,,,,Holm B and Borsky M and Arnardottir ES and Serwatko M and Mallett J and Islind AS and Óskarsdóttir M,https://pubmed.ncbi.nlm.nih.gov/39189036/,,,,"INTRODUCTION: The field of automatic respiratory analysis focuses mainly on breath detection on signals such as audio recordings, or nasal flow measurement, which suffer from issues with background noise and other disturbances. Here we introduce a novel algorithm designed to isolate individual respiratory cycles on a thoracic respiratory inductance plethysmography signal using the non-invasive signal of the respiratory inductance plethysmography belts.
PURPOSE: The algorithm locates breaths using signal processing and statistical methods on the thoracic respiratory inductance plethysmography belt and enables the analysis of sleep data on an individual breath level.
PATIENTS AND METHODS: The algorithm was evaluated against a cohort of 31 participants, both healthy and diagnosed with obstructive sleep apnea. The dataset consisted of 13 female and 18 male participants between the ages of 20 and 69. The algorithm was evaluated on 7.3 hours of hand-annotated data from the cohort, or 8782 individual breaths in total. The algorithm was specifically evaluated on a dataset containing many sleep-disordered breathing events to confirm that it did not suffer in terms of accuracy when detecting breaths in the presence of sleep-disordered breathing. The algorithm was also evaluated across many participants, and we found that its accuracy was consistent across people. Source code for the algorithm was made public via an open-source Python library.
RESULTS: The proposed algorithm achieved an estimated 94% accuracy when detecting breaths in respiratory signals while producing false positives that amount to only 5% of the total number of detections. The accuracy was not affected by the presence of respiratory related events, such as obstructive apneas or snoring.
CONCLUSION: This work presents an automatic respiratory cycle algorithm suitable for use as an analytical tool for research based on individual breaths in sleep recordings that include respiratory inductance plethysmography.",,,,10.2147/nss.s468431,,,
rayyan-662998350,Preliminary analysis of salivary microbiota in catathrenia (nocturnal groaning) using machine learning algorithms.,2025,1,1,,,,,,Yu M and Lu Y and Zhang W and Gong X and Hao Z and Xu L and Wen Y and Dong X and Han F and Gao X,https://pubmed.ncbi.nlm.nih.gov/40247863/,,,,"OBJECTIVES: The present study aimed to characterize the salivary microbiota in patients with catathrenia and to longitudinally validate potential biomarkers after treatment with mandibular advancement devices (MAD).
MATERIALS AND METHODS: Twenty-two patients with catathrenia (12 M/10 F, median age 28 y) and 22 age-matched control volunteers (8 M/14 F, median age 30 y) were included in the cross-sectional study. Video/audio polysomnography was conducted for diagnosis. All patients received treatment with custom-fit MAD and were followed for one month. Ten patients (6 M/4 F) underwent post-treatment PSG. Salivary samples were collected, and microbial characteristics were analyzed using 16S rRNA gene sequencing. The 10-fold cross-validated XGBoost and nested Random Forest Classifier machine learning algorithms were utilized to identify potential biomarkers.
RESULTS: In the cross-sectional study, patients with catathrenia had lower α-diversity represented by Chao 1, Faith's phylogenetic diversity (pd), and observed species. Beta-diversity based on the Bray-Curtis dissimilarities revealed a significant inter-group separation (p = 0.001). The inter-group microbiota distribution was significantly different on the phylum and family levels. The treatment of MAD did not alter salivary microbiota distribution significantly. Among the most important genera in catathrenia and control classification identified by machine learning algorithms, four genera, Alloprevotella, Peptostreptococcaceae_XI_G1, Actinomyces and Rothia, changed significantly with MAD treatment. Correlation analysis revealed that Alloprevotella was negatively related to the severity of catathrenia (r2= -0.63, p < 0.001).
CONCLUSIONS: High-throughput sequencing revealed that the salivary microbiota composition was significantly altered in patients with catathrenia. Some characteristic genera (Alloprevotella, Peptostreptococcaceae_XI_G1, Actinomyces, and Rothia) could be potential biomarkers sensitive to treatment. Future studies are needed to confirm and determine the mechanisms underlying these findings.",,,,10.1080/20002297.2025.2489613,,,
rayyan-662998351,Vibration pattern recognition using a compressed histogram of oriented gradients for snoring source analysis.,2020,1,1,,,,,,Zhang Y and Zhao Z and Xu HJ and He C and Peng H and Gao Z and Xu ZY,https://pubmed.ncbi.nlm.nih.gov/32474462/,,,,"BACKGROUND: Snoring source analysis is essential for an appropriate surgical decision for both simple snorers and obstructive sleep apnea/hypopnea syndrome (OSAHS) patients.
OBJECTIVE: As snoring sounds carry significant information about tissue vibrations within the upper airway, a new feature entitled compressed histogram of oriented gradients (CHOG) is proposed to recognize vibration patterns of the snoring source acoustically by compressing histogram of oriented gradients (HOG) descriptors via the multilinear principal component analysis (MPCA) algorithm.
METHODS: Each vibration pattern corresponds to a sole or combinatorial vibration among the four upper airway soft tissues of soft palate, lateral pharyngeal wall, tongue base, and epiglottis. 1037 snoring events from noncontact sound recordings of 76 simple snorers or OSAHS patients during drug-induced sleep endoscopy (DISE) were evaluated.
RESULTS: With a support vector machine (SVM) as the classifier, the proposed CHOG achieved a recognition accuracy of 89.8% for the seven observable vibration patterns of the snoring source categorized in our most recent work.
CONCLUSION: The CHOG outperforms other single features widely used for acoustic analysis of sole vibration site.",,,,10.3233/bme-201086,,,
rayyan-662998352,Accuracy of Smartphone-Mediated Snore Detection in a Simulated Real-World Setting: Algorithm Development and Validation.,2025,1,1,,,,,,Brown J and Mitchell Z and Jiang YA and Archdeacon R,https://pubmed.ncbi.nlm.nih.gov/40153546/,,,,"BACKGROUND: High-quality sleep is essential for both physical and mental well-being. Insufficient or poor-quality sleep is linked to numerous health issues, including cardiometabolic diseases, mental health disorders, and increased mortality. Snoring-a prevalent condition-can disrupt sleep and is associated with disease states, including coronary artery disease and obstructive sleep apnea.
OBJECTIVE: The SleepWatch smartphone app (Bodymatter, Inc) aims to monitor and improve sleep quality and has snore detection capabilities that were built through a machine-learning process trained on over 60,000 acoustic events. This study evaluated the accuracy of the SleepWatch snore detection algorithm in a simulated real-world setting.
METHODS: The snore detection algorithm was tested by using 36 simulated snoring audio files derived from 18 participants. Each file simulated a snoring index between 30 and 600 snores per hour. Additionally, 9 files with nonsnoring sounds were tested to evaluate the algorithm's capacity to avoid false positives. Sensitivity, specificity, and accuracy were calculated for each test, and results were compared by using Bland-Altman plots and Spearman correlation to assess the statistical association between detected and actual snores.
RESULTS: The SleepWatch algorithm showed an average sensitivity of 86.3% (SD 16.6%), an average specificity of 99.5% (SD 10.8%), and an average accuracy of 95.2% (SD 5.6%) across the snoring tests. The positive predictive value and negative predictive value were 98.9% (SD 2.6%) and 93.8% (SD 14.4%) respectively. The algorithm performed exceptionally well in avoiding false positives, with a specificity of 97.1% (SD 3.5%) for nonsnoring files. Inclusive of all snoring and nonsnore tests, the aggregated accuracy for all trials in this bench study was 95.6% (SD 5.3%). The Bland-Altman analysis indicated a mean bias of -29.8 (SD 41.7) snores per hour, and the Spearman correlation analysis revealed a strong positive correlation (rs=0.974; P<.001) between detected and actual snore rates.
CONCLUSIONS: The SleepWatch snore detection algorithm demonstrates high accuracy and compares favorably with other snore detection apps. Aside from its broader use in sleep monitoring, SleepWatch demonstrates potential as a tool for identifying individuals at risk for sleep-disordered breathing, including obstructive sleep apnea, on the basis of the snoring index.",,,,10.2196/67861,,,
rayyan-662998353,Early Diagnosis of Hypothyroidism in the Eastern Province of Saudi Arabia Using Computational Intelligence Techniques.,2026,1,1,,,,,,Basheer Ahmed MI and Olatunji SO and Rahman A and Alhiyafi J and Kudos SA and Al-Hamad MA and Alyemni HS and Al-Shehri AA and Al-Ali M and Dash S and Althubaiti S,https://pubmed.ncbi.nlm.nih.gov/42258451/,,,,"Hypothyroidism is one of the most common yet underdiagnosed medical conditions in Saudi Arabia. It is more prevalent in aged and pregnant women as well as in patients with diabetes and sleep apnea. Hypothyroidism is characterized by the thyroid gland producing inadequate thyroid hormones, which might result in other chronic illnesses if left untreated. For this reason, this study proposes machine learning techniques to preemptively diagnose this disease using a straightforward clinical dataset from Saudi Arabia. Given the data size, this work serves as proof of concept. Algorithms such as KNN, SVM, Gradient boosting, and soft voting ensemble classifier were chosen for their promising performance in the proactive diagnosis of hypothyroidism and associated diseases compared to other algorithms in literature. The best performing model was the soft voting ensemble classifier, which achieved an accuracy of 94.7%. SVM, KNN, and XGBoost achieved 94%, 93.42%, and 92.1% accuracies, respectively. These results were obtained using 10 fold cross validation and forward sequential feature selection.",,,,10.3791/70065,,,
rayyan-662998354,Fine-Grained and Lightweight OSA Detection: A CRNN-Based Model for Precise Temporal Localization of Respiratory Events in Sleep Audio.,2026,1,1,,,,,,Xu M and Li Y and Han D,https://pubmed.ncbi.nlm.nih.gov/41750725/,,,,"Background: Obstructive Sleep Apnea (OSA) is highly prevalent yet underdiagnosed due to the scarcity of Polysomnography (PSG) resources. Audio-based screening offers a scalable solution, but often lacks the granularity to precisely localize respiratory events or accurately estimate the Apnea-Hypopnea Index (AHI). This study aims to develop a fine-grained and lightweight detection framework for OSA screening, enabling precise respiratory event localization and AHI estimation using non-contact audio signals. Methods: A Dual-Stream Convolutional Recurrent Neural Network (CRNN), integrating Log Mel-spectrograms and energy profiles with BiLSTM, was proposed. The model was trained on the PSG-Audio dataset (Sismanoglio Hospital cohort, 286 subjects) and subjected to a comprehensive three-level evaluation: (1) frame-level classification performance; (2) event-level temporal localization precision, quantified by Intersection over Union (IoU) and onset/offset boundary errors; and (3) patient-level clinical utility, assessing AHI correlation, error margins, and screening performance across different severity thresholds. Generalization was rigorously validated on an independent external cohort from Beijing Tongren Hospital (60 subjects), which was specifically curated to ensure a relatively balanced distribution of disease severity. Results: On the internal test set, the model achieved a frame level macro F1 score of 0.64 and demonstrated accurate event localization, with an IoU of 0.82. In the external validation, the audio derived AHI showed a strong correlation with PSG-AHI (r = 0.96, MAE = 6.03 events/h). For screening, the model achieved sensitivities of 98.0%, 89.5%, and 89.3%, and specificities of 88.9%, 90.9%, and 100.0% at AHI thresholds of 5, 15, and 30 events per hour, respectively. Conclusions: The Fine-Grained and Lightweight Dual-Stream CRNN provides a robust, clinically interpretable solution for non-contact OSA screening. The favorable screening performance observed in the external cohort, characterized by high sensitivity for mild cases and high specificity for severe disease, highlights its potential as a reliable tool for accessible home-based screening.",,,,10.3390/diagnostics16040577,,,
rayyan-662998355,Automatic and Robust Identification of Spontaneous Coughs from COVID-19 Patients.,2021,1,1,,,,,,Pettinati MJ and Zhang X and Jalali A and Rajput KS and Selvaraj N,https://pubmed.ncbi.nlm.nih.gov/34891735/,,,,"Cough is one of the most common symptoms of COVID-19. It is easily recorded using a smartphone for further analysis. This makes it a great way to track and possibly identify patients with COVID. In this paper, we present a deep learning-based algorithm to identify whether a patient's audio recording contains a cough for subsequent COVID screening. More generally, cough identification is valuable for the remote monitoring and tracking of infections and chronic conditions. Our algorithm is validated on our novel dataset in which COVID-19 patients were instructed to volunteer natural coughs. The validation dataset consists of real patient cough and no cough audio. It was supplemented by files without cough from publicly available datasets that had cough-like sounds including: throat clearing, snoring, etc. Our algorithm had an area under receiver operating characteristic curve statistic of 0.977 on a validation set when making a cough/no cough determination. The specificity and sensitivity of the model on a reserved test set, at a threshold set by the validation set, was 0.845 and 0.976. This algorithm serves as a fundamental step in a larger cascading process to monitor, extract, and analyze COVID-19 patient coughs to detect the patient's health status, symptoms, and potential for deterioration.",,,,10.1109/embc46164.2021.9629830,,,
rayyan-662998356,Automated identification of the predominant site of upper airway collapse in obstructive sleep apnoea patients using snore signal.,2020,1,1,,,,,,Sebastian A and Cistulli PA and Cohen G and de Chazal P,https://pubmed.ncbi.nlm.nih.gov/32721934/,,,,"OBJECTIVE: This study provides a novel approach for an automated system using a machine learning algorithm to predict the predominant site of upper airway collapse into four classes ('lateral wall', 'palate', 'tongue-base' related collapse or 'multi-level' site-of-collapse) in obstructive sleep apnoea (OSA) patients from the audio signal recorded during normal sleep.
APPROACH: Snore sounds from 58 patients were recorded simultaneously with full-night polysomnography during sleep with a ceiling mounted microphone. The probable site-of-airway collapse was determined by manual analysis of the shape of the airflow signal during hypopnoea. Time and frequency features of the audio signal were extracted from each hypopnoea event to classify the audio signal into 'lateral wall', 'palate' and 'tongue-base' related collapse according to prior research. The data was divided into two sets. The Learning Set contained the data of the first 45 patients and was used for building the model. The Hidden Set contained the data from the remaining 13 patients and was used for testing the performance of the model. Feature selection was employed to boost the classification performance. The classification was carried out with a multi-class linear discriminant analysis classifier to classify the predominant site-of-collapse for a patient into the four classes. Performance was evaluated by comparing the automatic and manually labelled data based on the predominant site-of-collapse and calculating the accuracy.
MAIN RESULTS: The model achieved an overall accuracy on the Hidden Set of 77% for discriminating tongue/non-tongue collapse and an accuracy of 62% accuracy for all site-of-collapse classes.
SIGNIFICANCE: Our results demonstrate that the audio signal recorded during sleep can successfully identify the site-of-collapse in the upper airway. The additional information regarding the obstruction site may assist clinicians in deciding the most appropriate treatment for OSA.",,,,10.1088/1361-6579/abaa33,,,
rayyan-663007264,Improving snore detection under limited dataset through harmonic/percussive source separation and convolutional neural networks,2024,1,1,,,,,,F. D. Gonzalez-Martinez and J. J. Carabias-Orti and F. J. Canadas-Quesada and N. Ruiz-Reyes and D. Martinez-Munoz and S. Garcia-Galan,http://arxiv.org/abs/2410.23796v1,,,,"Snoring, an acoustic biomarker commonly observed in individuals with Obstructive Sleep Apnoea Syndrome (OSAS), holds significant potential for diagnosing and monitoring this recognized clinical disorder. Irrespective of snoring types, most snoring instances exhibit identifiable harmonic patterns manifested through distinctive energy distributions over time. In this work, we propose a novel method to differentiate monaural snoring from non-snoring sounds by analyzing the harmonic content of the input sound using harmonic/percussive sound source separation (HPSS). The resulting feature, based on the harmonic spectrogram from HPSS, is employed as input data for conventional neural network architectures, aiming to enhance snoring detection performance even under a limited data learning framework. To evaluate the performance of our proposal, we studied two different scenarios: 1) using a large dataset of snoring and interfering sounds, and 2) using a reduced training set composed of around 1% of the data material. In the former scenario, the proposed HPSS-based feature provides competitive results compared to other input features from the literature. However, the key advantage of the proposed method lies in the superior performance of the harmonic spectrogram derived from HPSS in a limited data learning context. In this particular scenario, using the proposed harmonic feature significantly enhances the performance of all the studied architectures in comparison to the classical input features documented in the existing literature. This finding clearly demonstrates that incorporating harmonic content enables more reliable learning of the essential time-frequency characteristics that are prevalent in most snoring sounds, even in scenarios where the amount of training data is limited.",,,,10.1016/j.apacoust.2023.109811,,,
rayyan-663007265,BreathAI: Transfer Learning-Based Thermal Imaging for Automated Breathing Pattern Recognition,2026,1,1,,,,,,Hamza Kheddar and Yassine Himeur and Abbes Amira,http://arxiv.org/abs/2604.17442v1,,,,"This study presents an Adaptive Transfer Learning and Thresholding-based Deep Learning Model (ATL-TDLM) for automated breathing pattern recognition using thermal imaging. Unlike conventional methods that rely on sound-based respiratory data, our approach leverages hierarchical deep feature extraction and adaptive multi-thresholding (AMT) to enhance feature segmentation. The model integrates knowledge distillation-based fine-tuning (KD-FT) to optimize learning transfer and contrastive representation learning (CRL) to improve inter-class separability between inhalation (INH) and exhalation (EXH) phases. The ATL-TDLM framework achieves an accuracy of 98.8%, significantly outperforming state-of-the-art models while ensuring computational efficiency. This approach has potential applications in respiratory disorder detection, including sleep apnea and asthma monitoring.",,,,10.1109/icip55913.2025.11084681,,,
rayyan-663007266,Automatic Classification of OSA related Snoring Signals from Nocturnal Audio Recordings,2021,1,1,,,,,,Arun Sebastian and Peter A. Cistulli and Gary Cohen and Philip de Chazal,http://arxiv.org/abs/2102.12829v2,,,,"In this study, the development of an automatic algorithm is presented to classify the nocturnal audio recording of an obstructive sleep apnoea (OSA) patient as OSA related snore, simple snore and other sounds. Recent studies has been shown that knowledge regarding the OSA related snore could assist in identifying the site of airway collapse. Audio signal was recorded simultaneously with full-night polysomnography during sleep with a ceiling microphone. Time and frequency features of the nocturnal audio signal were extracted to classify the audio signal into OSA related snore, simple snore and other sounds. Two algorithms were developed to extract OSA related snore using an linear discriminant analysis (LDA) classifier based on the hypothesis that OSA related snoring can assist in identifying the site-of-upper airway collapse. An unbiased nested leave-one patient-out cross-validation process was used to select a high performing feature set from the full set of features. Results indicated that the algorithm achieved an accuracy of 87% for identifying snore events from the audio recordings and an accuracy of 72% for identifying OSA related snore events from the snore events. The direct method to extract OSA-related snore events using a multi-class LDA classifier achieved an accuracy of 64% using the feature selection algorithm. Our results gives a clear indication that OSA-related snore events can be extracted from nocturnal sound recordings, and therefore could potentially be used as a new tool for identifying the site of airway collapse from the nocturnal audio recordings.",,,,,,,
rayyan-663007267,Deep Learning-Based Automatic Multi-Level Airway Collapse Monitoring on Obstructive Sleep Apnea Patients,2024,1,1,,,,,,Ying-Chieh Hsu and Stanley Yung-Chuan Liu and Chao-Jung Huang and Chi-Wei Wu and Ren-Kai Cheng and Jane Yung-Jen Hsu and Shang-Ran Huang and Yuan-Ren Cheng and Fu-Shun Hsu,http://arxiv.org/abs/2408.16030v2,,,,"This study investigated the use of deep learning to identify multi-level upper airway collapses in obstructive sleep apnea (OSA) patients based on snoring sounds. We fi-ne-tuned ResNet-50 and Audio Spectrogram Transformer (AST) models using snoring recordings from 37 subjects undergoing drug-induced sleep endoscopy (DISE) between 2020 and 2021. Snoring sounds were labeled according to the VOTE (Velum, Orophar-ynx, Tongue Base, Epiglottis) classification, resulting in 259 V, 403 O, 77 T, 13 E, 1016 VO, 46 VT, 140 OT, 39 OE, 30 VOT, and 3150 non-snoring (N) 0.5-second clips. The models were trained for two multi-label classification tasks: identifying obstructions at V, O, T, and E levels, and identifying retropalatal (RP) and retroglossal (RG) obstruc-tions. Results showed AST slightly outperformed ResNet-50, demonstrating good abil-ity to identify V (F1-score: 0.71, MCC: 0.61, AUC: 0.89), O (F1-score: 0.80, MCC: 0.72, AUC: 0.94), and RP obstructions (F1-score: 0.86, MCC: 0.77, AUC: 0.97). However, both models struggled with T, E, and RG classifications due to limited data. Retrospective analysis of a full-night recording showed the potential to profile airway obstruction dynamics. We expect this information, combined with polysomnography and other clinical parameters, can aid clinical triage and treatment planning for OSA patients.",,,,,,,
rayyan-663007268,A Recall-First CNN for Sleep Apnea Screening from Snoring Audio,2025,1,1,,,,,,Anushka Mallick and Afiya Noorain and Ashwin Menon and Ashita Solanki and Keertan Balaji,http://arxiv.org/abs/2510.00052v1,,,,"Sleep apnea is a serious sleep-related breathing disorder that is common and can impact health if left untreated. Currently the traditional method for screening and diagnosis is overnight polysomnography. Polysomnography is expensive and takes a lot of time, and is not practical for screening large groups of people. In this paper, we explored a more accessible option, using respiratory audio recordings to spot signs of apnea.We utilized 18 audio files.The approach involved converting breathing sounds into spectrograms, balancing the dataset by oversampling apnea segments, and applying class weights to reduce bias toward the majority class. The model reached a recall of 90.55 for apnea detection. Intentionally, prioritizing catching apnea events over general accuracy. Despite low precision,the high recall suggests potential as a low-cost screening tool that could be used at home or in basic clinical setups, potentially helping identify at-risk individuals much earlier.",,,,,,,
rayyan-663007269,A Clinical Evaluation of a Low-Cost Strain Gauge Respiration Belt and Machine Learning to Detect Sleep Apnea,2021,1,1,,,,,,Stein Kristiansen and Konstantinos Nikolaidis and Thomas Plagemann and Vera Goebel and Gunn Marit Traaen and Britt Øverland and Lars Aakerøy and Tove-Elizabeth Hunt and Jan Pål Loennechen and Sigurd Loe Steinshamn and Christina Holt Bendz and Ole-Gunnar Anfinsen and Lars Gullestad and Harriet Akre,http://arxiv.org/abs/2101.02595v1,,,,"Sleep apnea is a serious and severely under-diagnosed sleep-related respiration disorder characterized by repeated disrupted breathing events during sleep. It is diagnosed via polysomnography which is an expensive test conducted in a sleep lab requiring sleep experts to manually score the recorded data. Since the symptoms of sleep apnea are often ambiguous, it is difficult for a physician to decide whether to prescribe polysomnography. In this study, we investigate whether helpful information can be obtained by collecting and automatically analysing sleep data using a smartphone and an inexpensive strain gauge respiration belt. We evaluate how accurately we can detect sleep apnea with wide variety of machine learning techniques with data from a clinical study with 49 overnight sleep recordings. With less than one hour of training, we can distinguish between normal and apneic minutes with an accuracy, sensitivity, and specificity of 0.7609, 0.7833, and 0.7217, respectively. These results can be achieved even if we train only on high-quality data from an entirely separate, clinically certified sensor, which has the potential to substantially reduce the cost of data collection. Data from a complete night can be analyzed in about one second on a smartphone.",,,,,,,
rayyan-663007270,SimuSOE: A Simulated Snoring Dataset for Obstructive Sleep Apnea-Hypopnea Syndrome Evaluation during Wakefulness,2024,1,1,,,,,,Jie Lin and Xiuping Yang and Li Xiao and Xinhong Li and Weiyan Yi and Yuhong Yang and Weiping Tu and Xiong Chen,http://arxiv.org/abs/2407.07397v1,,,,"Obstructive Sleep Apnea-Hypopnea Syndrome (OSAHS) is a prevalent chronic breathing disorder caused by upper airway obstruction. Previous studies advanced OSAHS evaluation through machine learning-based systems trained on sleep snoring or speech signal datasets. However, constructing datasets for training a precise and rapid OSAHS evaluation system poses a challenge, since 1) it is time-consuming to collect sleep snores and 2) the speech signal is limited in reflecting upper airway obstruction. In this paper, we propose a new snoring dataset for OSAHS evaluation, named SimuSOE, in which a novel and time-effective snoring collection method is introduced for tackling the above problems. In particular, we adopt simulated snoring which is a type of snore intentionally emitted by patients to replace natural snoring. Experimental results indicate that the simulated snoring signal during wakefulness can serve as an effective feature in OSAHS preliminary screening.",,,,,,,
rayyan-663007271,who is snoring? snore based user recognition,2023,1,1,,,,,,Shenghao Li and Jagmohan Chauhan,http://arxiv.org/abs/2301.12209v1,,,,"Snoring is one of the most prominent symptoms of Obstructive Sleep Apnea-Hypopnea Syndrome (OSAH), a highly prevalent disease that causes repetitive collapse and cessation of the upper airway. Thus, accurate snore sound monitoring and analysis is crucial. However, the traditional monitoring method polysomnography (PSG) requires the patients to stay at a sleep clinic for the whole night and be connected to many pieces of equipment. An alternative and less invasive way is passive monitoring using a smartphone at home or in the clinical settings. But, there is a challenge: the environment may be shared by people such that the raw audio may contain the snore activities of the bed partner or other person. False capturing of the snoring activity could lead to critical false alarms and misdiagnosis of the patients. To address this limitation, we propose a hypothesis that snore sound contains unique identity information which can be used for user recognition. We analyzed various machine learning models: Gaussian Mixture Model (GMM), GMM-UBM (Universial Background Model), and a Deep Neural Network (DNN) on MPSSC - an open source snoring dataset to evaluate the validity of our hypothesis. Our results are promising as we achieved around 90% accuracy in identification and verification tasks. This work marks the first step towards understanding the practicality of snore based user monitoring to enable multiple healthcare applicaitons.",,,,,,,
rayyan-663007272,"Validation of a new, minimally-invasive, software smartphone device to predict sleep apnea and its severity: transversal study",2024,1,1,,,,,,Justine Frija and Juliette Millet and Emilie Bequignon and Ala Covali and Guillaume Cathelain and Josselin Houenou and Helene Benzaquen and Pierre Alexis Geoffroy and Emmanuel Bacry and Mathieu Grajoszex and Marie-Pia d Ortho,http://arxiv.org/abs/2406.16953v1,,,,"Obstructive sleep apnea (OSA) is frequent and responsible for cardiovascular complications and excessive daytime sleepiness. It is underdiagnosed due to the difficulty to access the gold standard for diagnosis, polysomnography (PSG). Alternative methods using smartphone sensors could be useful to increase diagnosis. The objective is to assess the performances of Apneal, an application that records the sound using a smartphone's microphone and movements thanks to a smartphone's accelerometer and gyroscope, to estimate patients' AHI. In this article, we perform a monocentric proof-of-concept study with a first manual scoring step, and then an automatic detection of respiratory events from the recorded signals using a sequential deep-learning model which was released internally at Apneal at the end of 2022 (version 0.1 of Apneal automatic scoring of respiratory events), in adult patients during in-hospital polysomnography.46 patients (women 34 per cent, mean BMI 28.7 kg per m2) were included. For AHI superior to 15, sensitivity of manual scoring was 0.91, and positive predictive value (PPV) 0.89. For AHI superior to 30, sensitivity was 0.85, PPV 0.94. We obtained an AUC-ROC of 0.85 and an AUC-PR of 0.94 for the identification of AHI superior to 15, and AUC-ROC of 0.95 and AUC-PR of 0.93 for AHI superior to 30. Promising results are obtained for the automatic annotations of events.This article shows that manual scoring of smartphone-based signals is possible and accurate compared to PSG-based scorings. Automatic scoring method based on a deep learning model provides promising results. A larger multicentric validation study, involving subjects with different SAHS severity is required to confirm these results.",,,,,,,
rayyan-663007273,ICSD: An Open-source Dataset for Infant Cry and Snoring Detection,2024,1,1,,,,,,Qingyu Liu and Longfei Song and Dongxing Xu and Yanhua Long,http://arxiv.org/abs/2408.10561v3,,,,"The detection and analysis of infant cry and snoring events are crucial tasks within the field of audio signal processing. While existing datasets for general sound event detection are plentiful, they often fall short in providing sufficient, strongly labeled data specific to infant cries and snoring. To provide a benchmark dataset and thus foster the research of infant cry and snoring detection, this paper introduces the Infant Cry and Snoring Detection (ICSD) dataset, a novel, publicly available dataset specially designed for ICSD tasks. The ICSD comprises three types of subsets: a real strongly labeled subset with event-based labels annotated manually, a weakly labeled subset with only clip-level event annotations, and a synthetic subset generated and labeled with strong annotations. This paper provides a detailed description of the ICSD creation process, including the challenges encountered and the solutions adopted. We offer a comprehensive characterization of the dataset, discussing its limitations and key factors for ICSD usage. Additionally, we conduct extensive experiments on the ICSD dataset to establish baseline systems and offer insights into the main factors when using this dataset for ICSD research. Our goal is to develop a dataset that will be widely adopted by the community as a new open benchmark for future ICSD research.",,,,,,,
rayyan-663007274,An enhanced system for the detection and active cancellation of snoring signals,2023,1,1,,,,,,Valeria Bruschi and Michela Cantarini and Luca Serafini and Stefano Nobili and Stefania Cecchi and Stefano Squartini,http://arxiv.org/abs/2307.16809v1,,,,"Snoring is a common disorder that affects people's social and marital lives. The annoyance caused by snoring can be partially solved with active noise control systems. In this context, the present work aims at introducing an enhanced system based on the use of a convolutional recurrent neural network for snoring activity detection and a delayless subband approach for active snoring cancellation. Thanks to several experiments conducted using real snoring signals, this work shows that the active snoring cancellation system achieves better performance when the snoring activity detection stage is turned on, demonstrating the beneficial effect of a preliminary snoring detection stage in the perspective of snoring cancellation.",,,,,,,
rayyan-663007275,Pavlok-Nudge: A Feedback Mechanism for Atomic Behaviour Modification with Snoring Usecase,2023,1,1,,,,,,Md Rakibul Hasan and Shreya Ghosh and Pradyumna Agrawal and Zhixi Cai and Abhinav Dhall and Tom Gedeon,http://arxiv.org/abs/2305.06110v5,,,,"This paper proposes an atomic behaviour intervention strategy using the Pavlok wearable device. Pavlok utilises beeps, vibration and shocks as a mode of aversion technique to help individuals with behaviour modification. While the device can be useful in certain periodic daily life situations, like alarms and exercise notifications, it relies on manual operations that limit its usage. To automate behaviour modification, we propose a framework that first detects targeted behaviours through a lightweight deep learning model and subsequently nudges the user. Our proposed solution is implemented and verified in the context of snoring, which captures audio from the environment following a prediction of whether the audio content is a snore or not using a lightweight 1D convolutional neural network. Based on the prediction, we use Pavlok to nudge users for preventive measures, such as a change in sleeping posture. We believe that this simple solution can help people change their atomic habits, which may lead to long-term health benefits. Our proposed lightweight model (99.8% fewer parameters over SOTA; 790,273$\rightarrow$1,337) achieves SOTA test accuracy of 0.99 on a public benchmark. The code and model are publicly available at https://github.com/hasan-rakibul/pavlok-nudge-snore.",,,,,,,
rayyan-663007276,Transfer Learning for Paediatric Sleep Apnoea Detection Using Physiology-Guided Acoustic Models,2025,1,1,,,,,,Chaoyue Niu and Veronica Rowe and Guy J. Brown and Heather Elphick and Heather Kenyon and Lowri Thomas and Sam Johnson and Ning Ma,http://arxiv.org/abs/2509.15008v2,,,,"Paediatric obstructive sleep apnoea (OSA) is clinically significant yet difficult to diagnose, as children poorly tolerate sensor-based polysomnography. Acoustic monitoring provides a non-invasive alternative for home-based OSA screening, but limited paediatric data hinders the development of robust deep learning approaches. This paper proposes a transfer learning framework that adapts acoustic models pretrained on adult sleep data to paediatric OSA detection, incorporating SpO2-based desaturation patterns to enhance model training. Using a large adult sleep dataset (157 nights) and a smaller paediatric dataset (15 nights), we systematically evaluate (i) single- versus multi-task learning, (ii) encoder freezing versus full fine-tuning, and (iii) the impact of delaying SpO2 labels to better align them with the acoustics and capture physiologically meaningful features. Results show that fine-tuning with SpO2 integration consistently improves paediatric OSA detection compared with baseline models without adaptation. These findings demonstrate the feasibility of transfer learning for home-based OSA screening in children and offer its potential clinical value for early diagnosis.",,,,,,,
rayyan-663007277,Knight Watch: Ubiquitous Computing Enhancements To Sleep Quality With Acoustic Analysis,2024,1,1,,,,,,Andrew Ajemian and John Knight and Tommy Nguyen and John O'Connor,http://arxiv.org/abs/2401.08991v1,,,,"This project introduces a wearable, non-intrusive device for snoring detection and remediation, designed to be placed under or alongside a pillow. The device uses sensors and machine learning algorithms to detect snoring and employs gentle vibrations to prompt positional changes, thereby reducing snoring episodes. The device is capable of connecting via an API to a cloud-based platform for the analysis of snoring sleep patterns and environmental context. The paper details the development from concept to prototype, emphasizing the technical challenges, solutions, and alignment with ubiquitous computing in sleep quality improvement.",,,,,,,
rayyan-663007278,Recent Advances in Computer Audition for Diagnosing COVID-19: An Overview,2020,1,1,,,,,,Kun Qian and Bjorn W. Schuller and Yoshiharu Yamamoto,http://arxiv.org/abs/2012.04650v1,,,,"Computer audition (CA) has been demonstrated to be efficient in healthcare domains for speech-affecting disorders (e.g., autism spectrum, depression, or Parkinson's disease) and body sound-affecting abnormalities (e. g., abnormal bowel sounds, heart murmurs, or snore sounds). Nevertheless, CA has been underestimated in the considered data-driven technologies for fighting the COVID-19 pandemic caused by the SARS-CoV-2 coronavirus. In this light, summarise the most recent advances in CA for COVID-19 speech and/or sound analysis. While the milestones achieved are encouraging, there are yet not any solid conclusions that can be made. This comes mostly, as data is still sparse, often not sufficiently validated and lacking in systematic comparison with related diseases that affect the respiratory system. In particular, CA-based methods cannot be a standalone screening tool for SARS-CoV-2. We hope this brief overview can provide a good guidance and attract more attention from a broader artificial intelligence community.",,,,,,,
rayyan-663007279,Quasi-distributed fiber sensing via perfect periodic Legendre codes,2020,1,1,,,,,,Nadav Arbel and Lihi Shiloh and Nadav Levanon and Avishay Eyal,http://arxiv.org/abs/2009.07496v1,,,,"Long-range Rayleigh-based Distributed Acoustic Sensing (DAS) systems are often limited in their sensitivity and bandwidth. The former limitation is a result of the low backscattered power and poor \textit{dynamic-strain to optical-phase} transduction efficiency. The latter constraint results from the trade-off between range and scan-rate which limits the sampling interval to the longest delay in the sensing fiber. Quasi-DAS (Q-DAS) can yield enhanced sensitivity but may still suffer from low backscattered power and low scan-rate for long-haul, many-sensor, systems. In this work we study the use of Perfect Periodic Correlation codes for interrogating a long-haul Q-DAS system. It is shown that judicious choice of the code parameters allows order of magnitude increase in detection bandwidths and in the power reflected from each sensor.",,,,,,,
rayyan-663014817,Automated sleep apnea detection in snoring signal using long short-term memory neural networks,2021,1,1,,,,,,Siyi Cheng and Chao Wang and Keqiang Yue and Ruixue Li and Fanlin Shen and Wenjie Shuai and Wenjun Li and Lili Dai,https://doi.org/10.1016/j.bspc.2021.103238,,,,,,,,10.1016/j.bspc.2021.103238,,,
rayyan-663014821,Convolutional neural network for screening of obstructive sleep apnea using snoring sounds,2023,1,1,,,,,,Ruixue Li and Wenjun Li and Keqiang Yue and Yilin Li,https://doi.org/10.1016/j.bspc.2023.104966,,,,,,,,10.1016/j.bspc.2023.104966,,,
rayyan-663014825,Detection of Snore from OSAHS Patients Based on Deep Learning,2020,1,1,,,,,,Fanlin Shen and Siyi Cheng and Li Zhu and Keqiang Yue and Wenjun Li and Lili Dai,https://doi.org/10.1155/2020/8864863,,,,"Obstructive sleep apnea-hypopnea syndrome (OSAHS) is extremely harmful to the human body and may cause neurological dysfunction and endocrine dysfunction, resulting in damage to multiple organs and multiple systems throughout the body and negatively affecting the cardiovascular, kidney, and mental systems. Clinically, doctors usually use standard PSG (Polysomnography) to assist diagnosis. PSG determines whether a person has apnea syndrome with multidimensional data such as brain waves, heart rate, and blood oxygen saturation. In this paper, we have presented a method of recognizing OSAHS, which is convenient for patients to monitor themselves in daily life to avoid delayed treatment. Firstly, we theoretically analyzed the difference between the snoring sounds of normal people and OSAHS patients in the time and frequency domains. Secondly, the snoring sounds related to apnea events and the nonapnea related snoring sounds were classified by deep learning, and then, the severity of OSAHS symptoms had been recognized. In the algorithm proposed in this paper, the snoring data features are extracted through the three feature extraction methods, which are MFCC, LPCC, and LPMFCC. Moreover, we adopted CNN and LSTM for classification. The experimental results show that the MFCC feature extraction method and the LSTM model have the highest accuracy rate which was 87% when it is adopted for binary-classification of snoring data. Moreover, the AHI value of the patient can be obtained by the algorithm system which can determine the severity degree of OSAHS.",,,,10.1155/2020/8864863,,,
rayyan-663014826,Deep learning-based snore sound analysis for the detection of night-time breathing disorders,2024,1,1,,,,,,Bo Dang and Danqing Ma and Shaojie Li and Zongqing Qi and Elly Yijun Zhu,https://doi.org/10.54254/2755-2721/76/20240574,,,,"Snoring, a prevalent symptom of obstructive sleep apnea, is believed to impact 57% of men and 40% of women in the United States. Night-time breathing disorders present significant challenges to both diagnosis and treatment, impacting millions of individuals worldwide. Traditional methods like CPAP machines and lifestyle changes face barriers such as discomfort, low adherence, and high costs, prompting the need for innovative solutions. This paper presents a novel approach using artificial intelligence, specifically deep learning, to create a snore sound analysis-based alerting system. This system aims to detect sleep disorders by analyzing snore patterns, providing a non-intrusive, cost-effective, and user-friendly alternative to traditional methods. By training models on snore sound characteristics, we've achieved promising results in identifying sleep apnea, showcasing the potential of this system in transforming the detection and management of night-time breathing disorders.",,,,10.54254/2755-2721/76/20240574,,,
rayyan-663014827,Obstructive Sleep Apnea Classification Using Snore Sounds Based on Deep Learning,2022,1,1,,,,,,Apichada Sillaparaya and Apichai Bhatranand and Chudanat Sudthongkong and Kosin Chamnongthai and Yuttapong Jiraraksopakun,https://doi.org/10.23919/apsipaasc55919.2022.9979938,,,,"Early screening for the Obstructive Sleep Apnea (OSA), especially the first grade of Apnea-Hypopnea Index (AHI), can reduce risk and improve the effectiveness of timely treatment. The current gold standard technique for OSA diagnosis is Polysomnography (PSG), but the technique must be performed in a specialized laboratory with an expert and requires many sensors attached to a patient. Hence, it is costly and may not be convenient for a self-test by the patient. The characteristic of snore sounds has recently been used to screen the OSA and more likely to identify the abnormality of breathing conditions. Therefore, this study proposes a deep learning model to classify the OSA based on snore sounds. The snore sound data of 5 OSA patients were selected from the opened-source PSG- Audio data by the Sleep Study Unit of the Sismanoglio-Amalia Fleming General Hospital of Athens [1]. 2,439 snoring and breathing-related sound segments were extracted and divided into 3 groups of 1,020 normal snore sounds, 1,185 apnea or hypopnea snore sounds, and 234 non-snore sounds. All sound segments were separated into 60% training, 20% validation, and 20% test sets, respectively. The mean of Mel-Frequency Cepstral Coefficients (MFCC) of a sound segment were computed as the feature inputs of the deep learning model. Three fully connected layers were used in this deep learning model to classify into three groups as (1) normal snore sounds, (2) abnormal (apnea or hypopnea) snore sounds, and (3) non-snore sounds. The result showed that the model was able to correctly classify 85.2459%. Therefore, the model is promising to use snore sounds for screening OSA.",,,,10.23919/apsipaasc55919.2022.9979938,,,
rayyan-663014828,A comparison of regularized logistic regression and random forest machine learning models for daytime diagnosis of obstructive sleep apnea,2020,1,1,,,,,,Farahnaz Hajipour and Mohammad Jafari Jozani and Zahra Moussavi,https://doi.org/10.1007/s11517-020-02206-9,,,,"A major challenge in big and high-dimensional data analysis is related to the classification and prediction of the variables of interest by characterizing the relationships between the characteristic factors and predictors. This study aims to assess the utility of two important machine-learning techniques to classify subjects with obstructive sleep apnea (OSA) using their daytime tracheal breathing sounds. We evaluate and compare the performance of the random forest (RF) and regularized logistic regression (LR) as feature selection tools and classification approaches for wakefulness OSA screening. Results show that the RF, which is a low-variance committee-based approach, outperforms the regularized LR in terms of blind-testing accuracy, specificity, and sensitivity with 3.5%, 2.4%, and 3.7% improvement, respectively. However, the regularized LR was found to be faster than the RF and resulted in a more parsimonious model. Consequently, both the RF and regularized LR feature reduction and classification approaches are qualified to be applied for the daytime OSA screening studies, depending on the nature of data and applications' purposes. Graphical Abstract.",,,,10.1007/s11517-020-02206-9,,,
rayyan-663014829,Design of embedded real-time system for snoring and OSA detection based on machine learning,2023,1,1,,,,,,Huaiwen Luo and Heng Li and Yun Lu and Xu Lin and Lianyu Zhou and Mingjiang Wang,https://doi.org/10.1016/j.measurement.2023.112802,,,,,,,,10.1016/j.measurement.2023.112802,,,
rayyan-663014831,Modeling Obstructive Sleep Apnea Voices Using Deep Neural Network Embeddings and Domain-Adversarial Training,2020,1,1,,,,,,Juan M. Perero-Codosero and Fernando Espinoza-Cuadros and Javier Antón-Martín and Miguel Antonio Barbero-Álvarez and Luis A. Hernández Gómez,https://doi.org/10.1109/jstsp.2019.2957977,,,,"Obstructive Sleep Apnea (OSA) is a sleep breathing disorder affecting at least 3-7% of male adults and 2-5% of female adults between 30 and 70 years. It causes recurrent partial or total obstruction episodes at the level of the pharynx which causes cessation of breath during sleep. The number of obstruction episodes per sleep hour, known as Apnea-Hypopnea Index (AHI), along with the degree of the daytime sleepiness, determine the severity of OSA. Usually, OSA is diagnosed at a Sleep Unit in a hospital by the time-consuming polysomnography (PSG) test. Based on the expected impact of anatomical and physiological effects of the altered structure of the upper airway in OSA patients' voices, the assessment of OSA from speech has been proposed as a simple way to help in the diagnostic process. In this paper, we review previous research to assess OSA from speech and underline the difficulty of a weak connection between OSA and speech. We present results to model OSA using, to the best of our knowledge, for the first time Deep Learning on the largest existing database of OSA voice recordings and speakers' clinical variables. Using state-of-the-art speaker recognition techniques: acoustic subspace modeling (i-vectors), and deep neural network embeddings (x-vectors), we confirm the weak connection between speech and OSA. We hypothesize that this weak effect is mediated by undesired sources of variability as speakers' age, body mass index (BMI), or height, and we propose Domain-Adversarial Training (DAT) to remove them. Our results show that, taking BMI as adversarial domain, when classifying voices from OSA extreme cases (AHI ≤ 10 vs. AHI ≥ 30) accuracy increases from 69.39% to 76.60%. We hope these results can encourage the use of adversarial-domain neural networks to remove the undesired effects of clinical variables or other speaker factors when assessing health disorders from speech.",,,,10.1109/jstsp.2019.2957977,,,
rayyan-663014834,Contactless sleep apnea detection in snoring signals using hybrid deep neural networks targeted for embedded hardware platform with real-time applications,2022,1,1,,,,,,Xu Lin and Hanrong Cheng and Yun Lu and Huaiwen Luo and Heng Li and Yukun Qian and Lianyu Zhou and Lu Zhang and Mingjiang Wang,https://doi.org/10.1016/j.bspc.2022.103765,,,,,,,,10.1016/j.bspc.2022.103765,,,
rayyan-663014838,Design of Real-Time System Based on Machine Learning for Snoring and OSA Detection,2022,1,1,,,,,,Huaiwen Luo and Lu Zhang and Lianyu Zhou and Xu Lin and Zehuai Zhang and Mingjiang Wang,https://doi.org/10.1109/icassp43922.2022.9747393,,,,"Obstructive sleep apnea (OSA) is a common sleep disorder. The diagnosis of OSA based on snoring is low-cost, convenient and non-invasive. In this study, we place a microphone under the patient’s bed and combined with full-night polysomnography to record audio signals. Five machine learning models and two OSA diagnostic schemes are used to classify night audio as non-snoring, snoring, or OSA-related snoring. Our experiment has achieved good results, and the highest diagnosis rate of OSA can reach 97%. Based on the trained classification model, we design a system that can diagnose OSA in real-time. Tests on the system show that it can diagnose apnea by detecting OSA-related snoring. We hope that this approach can develop into a new tool to help a large number of potential OSA patients understand their sleep health.",,,,10.1109/icassp43922.2022.9747393,,,
rayyan-663014841,"Deep-learning based sleep apnea detection using sleep sound, SpO2, and pulse rate",2024,1,1,,,,,,Chutinan Singtothong and Thitirat Siriborvornratanakul,https://doi.org/10.1007/s41870-024-01906-x,,,,,,,,10.1007/s41870-024-01906-x,,,
rayyan-663014842,Attention-Based Transfer Learning for Efficient Obstructive Sleep Apnea (OSA) Classification on Snore Sound,2025,1,1,,,,,,Apichada Sillaparaya and Yuttapong Jiraraksopakun and Kosin Chamnongthai and Apichai Bhatranand,https://doi.org/10.1109/access.2025.3575203,,,,"Polysomnography (PSG) is currently the gold-standard technique for classifying sleep apnea disorders. Yet, it is costly and requires an expert to score the severity, making it impractical for self-screening and home use. Snore sound classification with Deep Learning (DL) is a promising approach and has gained increasing interest due to its relationship with abnormal breathing conditions in both time and frequency domains. This study proposes an attention-based transfer learning model for non-invasive detection of obstructive sleep apnea (OSA) using audio signals. Mel-spectrograms and MFCC features were input into the MobileNetV3-Large to extract deep features. A modified SENet was implemented to provide suitable channel attention for the extracted features. The attention-based features are then classified into normal and abnormal snore events. The study evaluates model performance using 10-fold cross-validation on sound data of the 70 adult OSA patients of an open-source PSG-Audio dataset [1]. Results show that utilizing both Mel-Spectrogram and MFCCs as input features significantly enhances classification performance compared to single-feature models. In addition, the MobileNetV3-Large with modified SENet significantly outperforms the combination of other pre-trained and attention mechanisms. Specifically, the proposed model provides an accuracy of 92.576±0.910%, a sensitivity of 92.906±1.928%, a specificity of 92.269±2.740%, a precision of 92.173±3.024%, and an F1-score of 92.486±1.326% on the binary classification. Its performance also shows statistically significant improvement when benchmarked with other existing OSA classification models. Our proposed model demonstrates suitable potential for portable device-based sleep apnea monitoring applications.",,,,10.1109/access.2025.3575203,,,
rayyan-663014844,Sleep Apnea Detection Based on Snoring Sound Analysis Using DS-MS neural network,2023,1,1,,,,,,Yuzhuo Shang and Bin Guo and Zijun Zhao,https://doi.org/10.1088/1742-6596/2637/1/012007,,,,"Abstract Sleep apnea hypopnea syndrome (OSAHS) is a high-incidence disease with serious harm and potential dangers. Currently, the traditional scheme for monitoring sleep quality mainly focuses on monitoring two physiological signals: electroencephalogram (EEG) and heartbeat. However, in the sleep state, respiration is also an important physiological signal. This paper proposes a sleep apnea detection method based on snoring sound analysis using deep learning. Firstly, snoring sound signals are preprocessed and feature extraction is performed using Mel-frequency cepstral coefficients (MFCC). The extracted features are then used to train a DS-MS neural network model, and the optimal detection model is obtained through iterations. The experimental results show that the accuracy of the proposed detection model can reach 94.17%.",,,,10.1088/1742-6596/2637/1/012007,,,
rayyan-663014845,DeepWave: Non-contact Acoustic Receiver Powered by Deep Learning to Detect Sleep Apnea,2020,1,1,,,,,,Qingxue Zhang and R. Boente,https://doi.org/10.1109/bibe50027.2020.00123,,,,"Sleep apnea impacts one billion people worldwide and if left untreated, increases risk for stroke by two times, and risk for cardiovascular mortality by five times. Traditional sleep measurement approaches are either too subjective due to relying on patients' retrospective report, or too expensive and inconvenient due to the bulky equipment like Polysomnography that requires an overnight stay in a sleep lab different from the patients' home sleep environment. To enable robust, long-term at-home daily sleep apnea monitoring, in this study we propose a non-contact acoustic receiver powered by artificial intelligence (AI) innovations named DeepWave. More specifically, we have customized an environmental acoustic receiver for remote, off-bed breath sound capturing, avoiding the need to wear devices on the body and the sensitivity of on-bed devices to posture variances. We have further developed a novel convolutional neural network to detect and discriminate even subtle changes in respiratory events even when the acoustic signal is weak. Evaluated through human experiments, DeepWave, powered by the customized acoustic receiver and deep learning, shows promising potential for reliable, long-term at-home sleep apnea measurement. DeepWave is expected to greatly advance big data-driven precision sleep medicine.",,,,10.1109/bibe50027.2020.00123,,,
rayyan-663014847,Convolutional Neural Network-Based Obstructive Sleep Apnea Identification,2021,1,1,,,,,,Qimin Dong and Yuttapong Jiraraksopakun and Apichai Bhatranand,https://doi.org/10.1109/icccs52626.2021.9449255,,,,"Obstructive Sleep Apnea (OSA) identification aims to recognize the sounds from the obstructive sleep apneahypopnea syndrome (OSANHS) patients. Despite remarkable advances have been made, the performance heavily relies on the sound representation. Feature selection is needed to improve the performance. Generally, the normal snoring and the snoring of OSANHS patients have a greater difference in acoustic characteristics. Ordinary snoring of human breathing is a regular, fluctuating and cyclical state, while OSANHS pathological snoring is often accompanied by a long pause. Based on the acoustic characteristics, this paper proposes an OSA recognition algorithm based on a convolutional neural network. First, the Mel-scale frequency cepstral coefficient (MFCC) of the sound are extracted. Then, convolutional neural network is deployed to predict the possibility of OSA. To empirically investigate the effectiveness and robustness of the proposed approach, extensive experiments were performed on a benchmark dataset. The obtained results showed that our method significantly outperforms related baselines and is also competitive or superior to the recently reported systems.",,,,10.1109/icccs52626.2021.9449255,,,
rayyan-663014848,A Real-Time Snore Detector Using Neural Networks and Selected Sound Features,2021,1,1,,,,,,Stelios Α. Mitilineos and Nicolas‐Alexander Tatlas and Georgia Korompili and Lampros Kokkalas and Stelios M. Potirakis,https://doi.org/10.3390/asec2021-11176,,,,"Obstructive sleep apnea hypopnea syndrome (OSAHS) is a widespread chronic disease that mostly remains undetected, mainly due to the fact that it is diagnosed via polysomnography, which is a time and resource-intensive procedure. Screening the disease’s symptoms at home could be used as an alternative approach in order to alert individuals that potentially suffer from OSAHS without compromising their everyday routine. Since snoring is usually linked to OSAHS, developing a snore detector is appealing as an enabling technology for screening OSAHS at home using ubiquitous equipment like commodity microphones (included in, e.g., smartphones). In this context, we developed a snore detection tool and herein present our approach and selection of specific sound features that discriminate snoring vs. environmental sounds, as well as the performance of the proposed tool. Furthermore, a real-time snore detector (RTSD) is built upon the snore detection tool and employed in whole-night sleep sound recordings, resulting in a large dataset of snoring sound excerpts that are made freely available to the public. The RTSD may be used either as a stand-alone tool that offers insight concerning an individual’s sleep quality or as an independent component of OSAHS screening applications in future developments.",,,,10.3390/asec2021-11176,,,
rayyan-663014850,Systematic Review of Detecting Sleep Apnea Using Artificial Intelligence: An Insight to Convolutional Neural Network Method,2024,1,1,,,,,,Behnam Samadi and Shahram Samadi and Mehrshad Samadi and Sepehr Samadi and Mehrdad Samadi and Sepehr Samadi and Mehrdad Samadi and Mahdi Mohammadi,https://doi.org/10.5812/ans-144058,,,,"Background: Sleep apnea is a prevalent sleep disorder, especially in males and older ages. The common diagnostic methods, including polysomnography (PSG), are expensive, difficult to perform, and time-consuming. Numerous studies are focusing on developing easy-to-perform methods based on artificial intelligence (AI) for the early diagnosis of sleep apnea. This systematic review aimed to gather current methods based on the convolutional neural network (CNN) for the diagnosis of sleep apnea. Methods: Three international electronic databases (PubMed, Web of Science [WoS], and Scopus) were searched from 2010 to October 2023. All studies that have developed CNN-based methods for the diagnosis of sleep apnea and have accomplished the performance tests were included. Finally, the characteristics of the studies were extracted and summarized. Results: A total of 36 studies were included in this systematic review. Various physiological signals have been proposed to detect sleep apnea, including electrocardiogram (ECG), blood oxygen saturation (SpO2), sound signals, respiratory signals, electroencephalogram (EEG), and nasal airflow. Electrocardiogram was the most frequently used signal in the studies, followed by SpO2. The highest reported accuracy was achieved by SpO2 or ECG-based methods and with a one-dimensional CNN (1D-CNN) classifier. Using multiple signals did not necessarily increase the performance of test results. Conclusions: Diagnostic methods based on CNN can be used only as screening tools or home diagnosis of sleep apnea. These methods are easy to perform and can only reduce the diagnostic costs and waiting time for a sleep study in special scenarios. Nevertheless, PSG is still the gold standard for the diagnosis of sleep disorders.",,,,10.5812/ans-144058,,,
rayyan-663014851,Detection and Classification of Obstructive Sleep Apnea Using Audio Spectrogram Analysis,2024,1,1,,,,,,Salvatore Serrano and Luca Patané and Omar Serghini and Marco Scarpa,https://doi.org/10.3390/electronics13132567,,,,"Sleep disorders are steadily increasing in the population and can significantly affect daily life. Low-cost and noninvasive systems that can assist the diagnostic process will become increasingly widespread in the coming years. This work aims to investigate and compare the performance of machine learning-based classifiers for the identification of obstructive sleep apnea–hypopnea (OSAH) events, including apnea/non-apnea status classification, apnea–hypopnea index (AHI) prediction, and AHI severity classification. The dataset considered contains recordings from 192 patients. It is derived from a recently released dataset which contains, amongst others, audio signals recorded with an ambient microphone placed ∼1 m above the studied subjects and apnea/hypopnea accurate events annotations performed by specialized medical doctors. We employ mel spectrogram images extracted from the environmental audio signals as input of a machine-learning-based classifier for apnea/hypopnea events classification. The proposed approach involves a stacked model which utilizes a combination of a pretrained VGG-like audio classification (VGGish) network and a bidirectional long short-term memory (bi-LSTM) network. Performance analysis was conducted using a 5-fold cross-validation approach, leaving out patients used for training and validation of the models in the testing step. Comparative evaluations with recently presented methods from the literature demonstrate the advantages of the proposed approach. The proposed architecture can be considered a useful tool for supporting OSAHS diagnoses by means of low-cost devices such as smartphones.",,,,10.3390/electronics13132567,,,
rayyan-663014853,Severity evaluation of obstructive sleep apnea based on speech features,2020,1,1,,,,,,Yiming Ding and Jiaxi Wang and Jiandong Gao and Qiang Fang and Yanru Li and Wen Xu and Ji Wu and Demin Han,https://doi.org/10.1007/s11325-020-02168-0,,,,"<h4>Purpose</h4>There are upper airway abnormalities in patients with obstructive sleep apnea (OSA), and their speech signal characteristics are different from those of unaffected people. In this study, the severity of OSA was evaluated automatically by machine learning technology based on the speech signals of Chinese people.<h4>Methods</h4>In total, 151 adult male Mandarin native speakers who had suspected OSA completed polysomnography to assess the severity of the disease. Chinese vowels and nasal sounds were recorded in sitting and supine positions, and the accuracy of predicting the apnea-hypopnea index (AHI) of the participants using a machine learning method was analyzed based on features extracted from the speech signals.<h4>Results</h4>Among the 151 participants, 75 had AHI > 30 events/h, and 76 had AHI ≤ 30 events/h. Various features including linear prediction cepstral coefficients (LPCC) were extracted from the data collected from participants recorded in the sitting and supine positions and by using a linear support vector machine (SVM); we classified the participants with thresholds of AHI = 30 and AHI = 10 events/h. The accuracies of the classifications were both 78.8%, the sensitivities were 77.3% and 79.1%, and the specificities were 80.3% and 78.0%, respectively.<h4>Conclusion</h4>This study constructed a severity evaluation model of OSA based on speech signal processing and machine learning, which can be used as an effective method to screen patients with OSA. In addition, it was found that Chinese pronunciation can be used as an effective feature to predict OSA.",,,,10.1007/s11325-020-02168-0,,,
rayyan-663014856,Snorer Diarisation Based On Deep Neural Network Embeddings,2020,1,1,,,,,,Hector E. Romero and Ning Ma and Guy J. Brown,https://doi.org/10.1109/icassp40776.2020.9053683,,,,"Acoustic analysis of sleep breathing sounds using a smartphone at home provides a much less obtrusive means of screening for sleep-disordered breathing (SDB) than assessment in a sleep clinic. However, application in a home environment is confounded by the problem that a bed partner may also be present and snore. This paper proposes a novel acoustic analysis system for snorer diarisation, a concept extrapolated from speaker diarisation research, which allows screening for SDB of both the user and the bed partner using a single smartphone. The snorer diarisation system involves three steps. First, a deep neural network (DNN) is employed to estimate the number of concurrent snorers in short segments of monaural audio recordings. Second, the identified snore segments are clustered using snorer embeddings, a feature representation that allows different snorers to be discriminated. Finally, a snore transcription is automatically generated for each snorer by combining consecutive snore segments. The system is evaluated on both synthetic snore mixtures and real two-snorer recordings. The results show that it is possible to accurately screen a subject and their bed partner for SDB in the same session from recordings of a single smartphone.",,,,10.1109/icassp40776.2020.9053683,,,
rayyan-663014862,A Deep Learning Model to Snore Detection Using Smart Phone,2021,1,1,,,,,,Mohammad Wasif Ansari and Abhishek Rajak and Rohini Basak,https://doi.org/10.1109/icccnt51525.2021.9580153,,,,"Snoring is a harsh and irritating sound in our throats as wind streams past loosen tissues, allowing the tissues to vibrate when we inhale. Once in a while, nearly everybody snores, enabling the tissues to vibrate as we breathe. Although everybody snores, sometimes it could very well be an ongoing problem for particular people. It may even indicate an actual medical condition now and then. Helpless rest will cause colossal physical, emotional, and monetary problems caused by snoring. Resting as an afterthought rather than dozing on either the back is a simple and popular solution to snoring. In this paper, a deep learning model for snore detection and implementation of the software on an Android smartphone is discussed. An Android app is produced to decide if the audio sample is snore/non-snore using the real-time audio piece captured using the unit's internal microphone. It also operates on any phone-connected audio input unit. The Snore Detection deep learning model has achieved an accuracy of 98%. A prototype app consisting of the input device (microphone), Android Smart Phone (for Android app deployment) have been developed and tested successfully.",,,,10.1109/icccnt51525.2021.9580153,,,
rayyan-663014864,Snoring Sound Classification Using 1D-CNN Model Based on Multi-Feature Extraction,2022,1,1,,,,,,TosinAkinwale Adesuyi and Byeong-Man Kim and Jongwan Kim,https://doi.org/10.5391/ijfis.2022.22.1.1,,,,"Sound is an essential element of human relationships and communication. The sound recognition process involves three phases: signal preprocessing, feature extraction, and classification. This paper describes research on the classification of snoring data used to determine the importance of sleep health in humans. However, current sound classification methods using deep learning approaches do not yield desirable results for building good models. This is because some of the salient features required to sufficiently discriminate sounds and improve the accuracy of the classification are poorly captured during training. In this study, we propose a new convolutional neural network (CNN) model for sound classification using multi-feature extraction. The extracted features were used to form a new dataset that was used as the input to the CNN. Experiments were conducted on snoring and non-snoring datasets. The accuracy of the proposed model was 99.7% for snoring sounds, demonstrating an almost perfect classification and superior results compared to existing methods.",,,,10.5391/ijfis.2022.22.1.1,,,
rayyan-663014865,Nocturnal sleep sounds classification with artificial neural network for sleep monitoring,2023,1,1,,,,,,Chandrasen Pandey and Neeraj Baghel and Rinki Gupta and Malay Kishore Dutta,https://doi.org/10.1007/s11042-023-16190-3,,,,,,,,10.1007/s11042-023-16190-3,,,
rayyan-663014867,Decoding Sleep: Microphone-Based Snoring Analysis using Embedded Machine Learning for Obstructive Sleep Apnea Detection,2024,1,1,,,,,,Delpha Jacob and Priyanka Kokil and Sangeetha Subramanian and Jayanthi Thiruvengadam,https://doi.org/10.1109/icbsii61384.2024.10564033,,,,"Snoring, a recurring habit often disregarded within the Indian community, can signal a grave underlying issue of Obstructive Sleep Apnea (OSA). OSA is a severe sleep disorder characterized by recurrent interruptions in breathing for more than 10 seconds during sleep, typically due to partial or complete airway obstructions. Neglecting OSA can lead to a range of significant health risks, including increased likelihood of occupational accidents, motor vehicle accidents, heightened susceptibility to severe depression, cardiac and cerebrovascular diseases, and reduced life expectancy. The main objective of the study is to detect snoring while at sleep and also to classify it as normal snoring and OSA snoring. Arduino nano 33 BLE sense is used to capture the snore signal, it houses a built-in MP34DT05 sensor. The sensor has a signal-to-noise ratio of 64dB and sensitivity of - 26dBFS ± 3dB. This captures the sound signal of the individual, it is further processed to extract the Mel-filter bank energy features, Mel Frequency Cepstral Coefficients and Spectrogram features. The features are further used to build a model and the same is trained using edge impulse to classify the signal. The dataset is divided into training, testing, and validation sets, with 80% of the data allocated to training, 20% to testing, and an additional 20% within the training data set aside for validation purposes. The results for the two class classification (snoring and non snoring) indicate that the spectrogram-based approach achieved an accuracy rate of 96.9%, while the other two methods yielded accuracy rates of 93.8%. The accuracy for three class classification (normal, snoring and OSA snoring) using the Embedded Machine Learning (EML) approach is 88%. The proposed study demonstrates enhanced accuracy in identifying OSA by snoring compared to previous research. This autonomous system can facilitate the detection of OSA through the analysis of snoring patterns, subsequently alerting the subject to implement pre-emptive measures for remediation. Timely intervention and rectification can enable the subject to attain an undisturbed and restful night’s sleep, thereby augmenting their overall quality of life.",,,,10.1109/icbsii61384.2024.10564033,,,
rayyan-663014869,Snoring Sound Recognition Using Multi-Channel Spectrograms,2024,1,1,,,,,,Ziqiang Ye and Jianxin Peng and Xiaowen Zhang and Lijuan Song,https://doi.org/10.24425/aoa.2024.148775,,,,"Obstructive sleep apnea-hypopnea syndrome (OSAHS) is a common and high-risk sleep-related breathing disorder. Snoring detection is a simple and non-invasive method. In many studies, the feature maps are obtained by applying a short-time Fourier transform (STFT) and feeding the model with single-channel input tensors. However, this approach may limit the potential of convolutional networks to learn diverse representations of snore signals. This paper proposes a snoring sound detection algorithm using a multi-channel spectrogram and convolutional neural network (CNN). The sleep recordings from 30 subjects at the hospital were collected, and four different feature maps were extracted from them as model input, including spectrogram, Mel-spectrogram, continuous wavelet transform (CWT), and multi-channel spectrogram composed of the three single-channel maps. Three methods of data set partitioning are used to evaluate the performance of feature maps. The proposed feature maps were compared through the training set and test set of independent subjects by using a CNN model. The results show that the accuracy of the multi-channel spectrogram reaches 94.18%, surpassing that of the Mel-spectrogram that exhibits the best performance among the single-channel spectrograms. This study optimizes the system in the feature extraction stage to adapt to the superior feature learning capability of the deep learning model, providing a more effective feature map for snoring detection.",,,,10.24425/aoa.2024.148775,,,
rayyan-663014870,A Machine-Learning-Based Detection Method for Snoring and Coughing,2022,1,1,,,,,,Chun-Hung Yang Chun-Hung Yang and Yung-Ming Kuo Chun-Hung Yang and I-Chun Chen Yung-Ming Kuo and Fan-Min Lin I-Chun Chen and Pau-Choo Chung Fan-Min Lin,https://doi.org/10.53106/160792642022112306007,,,,"&lt;p&gt;Poor sleep quality is a common disease for modern people. Snoring is one of the essential indicators to measure Obstructive Sleep Apnea (OSA). When sleeping, the number of episodes of snoring and coughing are related to the estimated sleep quality. This study proposes a method to detect snoring and coughing in patients when sleeping. The proposed method includes three stages. Firstly, the nightly sound data for a patient are segmented to each independent event. Secondly, the time domain signal is changed to a frequency domain signal by Fourier Transform, and then the features are extracted from the snoring and coughing episodes. Lastly, the Support Vector Machine (SVM) and the Hidden Markov Model (HMM) are used to recognize snoring and coughing. The result of our experiment demonstrates that this method has good detection performance.&lt;/p&gt; &lt;p&gt;&amp;nbsp;&lt;/p&gt;",,,,10.53106/160792642022112306007,,,
rayyan-663014871,MIMAR-OSA: Enhancing obstructive sleep apnea diagnosis through multimodal data integration and missing modality reconstruction,2025,1,1,,,,,,Xihe Qiu and Yingchen Wei and Xiaoyu Tan and Weidi Xu and Haodong Wang and Jingru Ma and Jingjing Huang and Zhijun Fang,https://doi.org/10.1016/j.patcog.2025.111917,,,,,,,,10.1016/j.patcog.2025.111917,,,
rayyan-663014872,Snore Detection Using Convolution Neural Networks and Data Augmentation,2022,1,1,,,,,,Minh-Tuan Nguyen and Jin-H. Huang,https://doi.org/10.1007/978-3-030-99666-6_15,,,,,,,,10.1007/978-3-030-99666-6_15,,,
rayyan-663014874,Long Short-Term Memory Spiking Neural Networks for Classification of Snoring and Non-Snoring Sound Events,2024,1,1,,,,,,Rulin Zhang and Ruixue Li and Jiakai Liang and Keqiang Yue and Wenjun Li and Yilin Li,https://doi.org/10.23919/cje.2022.00.210,,,,"Snoring is a widespread occurrence that impacts human sleep quality. It is also one of the earliest symptoms of many sleep disorders. Snoring is accurately detected, making further screening and diagnosis of sleep problems easier. Snoring is frequently ignored because of its underrated and costly detection costs. As a result, this research offered an alternative method for snoring detection based on a long short-term memory based spiking neural network (LSTM-SNN) that is appropriate for large-scale home detection for snoring. We designed acquisition equipment to collect the sleep recordings of 54 subjects and constructed the sleep sound database in the home environment. And Mel frequency cepstral coefficients (MFCCs) were extracted from these sound signals and encoded into spike trains by a threshold encoding approach. They were classified automatically as non-snoring or snoring sounds by our LSTM-SNN model. We used the backpropagation algorithm based on an alternative gradient in the LSTM-SNN to complete the parameter update. The categorization percentage reached an impressive 93.4%, accompanied by a remarkable 36.9% reduction in computer power compared to the regular LSTM model.",,,,10.23919/cje.2022.00.210,,,
rayyan-663014875,Obstructive sleep apnea screening with breathing sounds and respiratory effort: a multimodal deep learning approach,2023,1,1,,,,,,Hector E. Romero and Ning Ma and Guy J. Brown and Sam Johnson,https://doi.org/10.21437/interspeech.2023-209,,,,"Obstructive sleep apnea (OSA) is a chronic and prevalent condition with well-established comorbidities. Due to limited diagnostic resources and high cost, a significant OSA population lives undiagnosed, and accurate and low-cost methods to screen for OSA are needed. We propose a novel screening method based on breathing sounds recorded with a smartphone and respiratory effort. Whole night recordings are divided into 30-s segments, each of which is classified for the presence or absence of OSA events by a multimodal deep neural network. Data fusion techniques were investigated and evaluated based on the apnea-hypopnea index estimated from whole night recordings. Real-world recordings made during home sleep apnea testing from 103 participants were used to develop and evaluate the proposed system. The late fusion system achieved the best sensitivity and specificity when screening for severe OSA, at 0.93 and 0.92, respectively. This offers the prospect of inexpensive OSA screening at home.",,,,10.21437/interspeech.2023-209,,,
rayyan-663014876,High-precision snore detection method based on deep learning,2022,1,1,,,,,,Wenjin Liu and Shudong Zhang and Lijuan Zhou,https://doi.org/10.1117/12.2660747,,,,"Obstructive Sleep Apnea Hypopnea Syndrome (OSAHS) is a sleep-related respiratory disease, and sleep snoring is its most common and direct feature. However, the current snoring detection methods require a lot of medical manpower and medical equipment resources, resulting in many OSAHS patients cannot be treated in time. Therefore, this paper proposes a snore detection method based on deep learning and a snore dataset. The detection method first calculates the time-domain waveform, spectrogram, and Mel-spectrogram for each audio segment in the snore dataset. Then, the snore is recognized by convolution neural network. To better apply this method to mobile devices and intelligent devices, MobileNetV2 is selected as the detection network to classify snoring and non-snoring images. The experimental results show that the proposed method can accurately recognize snores with 95.00% accuracy. And the spectrogram can better reflect the difference between snoring and non-snoring images.",,,,10.1117/12.2660747,,,
rayyan-663014878,Categorizing Simple Versus OSAHS Snoring Sound Using Quantifiable Acoustic Features and Machine Learning Classifiers,2025,1,1,,,,,,Suphachok Buaruk and Somrudee Deepaisarn,https://doi.org/10.1109/access.2025.3634389,,,,"This work tackles audio signal analysis problems related to snoring sounds of simple and obstructive sleep apnea/hypopnea syndrome (OSAHS) snorers by optimizing acoustic feature extraction and training various machine learning models. Relevant acoustic features, including Mel-frequency cepstral coefficients, zero crossing rate, root mean square, and spectral features, were extracted from snoring sound recordings. Two main tasks are performed: firstly, the classification of snoring sounds of simple snorers versus OSAHS patients, and secondly, the discrimination between apnea/hypopnea versus normal snoring events of OSAHS patients. The results show an outstanding performance in differentiating between the snoring sounds of simple snorers and OSAHS patients with an accuracy of 0.9982. The challenge is upon the binary classification between apnea/hypopnea versus normal snoring events in patients with OSAHS, which was evaluated using the subject-independent leave-one-subject-out cross-validation (LOSOCV) technique, yielding the best accuracy of 0.7838 and an F1-score of 0.7734, with the random forest model. Energy-related acoustic features were found to be crucial in distinguishing snoring patterns. In addition, the apnea/hypopnea index (AHI) was estimated from the snoring pattern classification using the LOSOCV technique. The extra trees classifier demonstrated a 0.8689 Pearson correlation coefficient (PCC) between predicted and PSG-measured AHI values. The highest performance in predicting three groups of AHI severity (mild, moderate, and severe), based on each subject’s AHI value, was achieved by the decision trees model with an accuracy of approximately 0.8621. Voting classifier, constructed from five classifiers, provides reliability of prediction by reducing bias through leveraging multiple models to mitigate errors inherent in binary classification, achieving an accuracy of 0.8276. The study proposes an estimation of AHI severity levels by analyzing individual events of snoring sounds, paving the way for applying acoustic feature analysis for unbiased, simple, and accurate pre-screening of sleep-related breathing disorders.",,,,10.1109/access.2025.3634389,,,
rayyan-663014879,A Hybrid Deep Learning Model for Sleep Apnea Detection Using Smartphone-Recorded Audio Signals,2025,1,1,,,,,,Aman Kumar Rauniyar and Aayush Gupta and Muthaiah U,https://doi.org/10.1109/apcit65661.2025.11411480,,,,"Sleep apnea is a common underdiagnosed sleep disorder that, if left untreated, could cause serious health implications. Automated diagnosis from physiological signals has been the focus of recent research with a trade-off between accuracy and generalizability still wide open. This paper presents a convolutional neural network (CNN) with ResNet-18 architecture to detect sleep apnea from tracheal sound recordings. The study uses two datasets: (i) the publicly available PSG-Audio dataset, and (ii) another dataset of 52 subjects recorded for this study, thereby enhancing variability and resilience. Audio signals were preprocessed as spectrograms so that CNN-based feature extraction and classification could be performed. Experimental results indicate that the proposed method achieves an overall accuracy of 91%, sensitivity of 90.1%, and specificity of 93.7%, thereby demonstrating strong potential for reliable, non-invasive, and real-time screening of sleep apnea.",,,,10.1109/apcit65661.2025.11411480,,,
rayyan-663014881,A Novel Snore Detection and Suppression Method for a Flexible Patch With MEMS Microphone and Accelerometer,2022,1,1,,,,,,Chunhua He and Jiewen Tan and Xuelei Jian and Guangxiong Zhong and Heng Wu and Lianglun Cheng and Juze Lin,https://doi.org/10.1109/jiot.2022.3199085,,,,"Sleep apnea impacts more and more people all over the world, and obstructive sleep apnea of which is the most frequent. Hence, research on snoring detection and related suppression methods is extremely urgent. In this article, a novel low-cost flexible patch with MEMS microphone and accelerometer is developed to detect snore event and sleeping posture, and a small vibration motor embedded in the patch is designed to suppress snoring. Theoretical analyses of short-time energy, piecewise average filtering (PAF), and Mel-frequency cepstral coefficients (MFCCs) processing are described in detail, and the improved MFCCs are put forward and used as the input of the convolutional neural network (CNN). Furthermore, the snore recognition method based on the combination of similarity analysis and CNN analysis is presented, followed by the snoring suppression method. Experimental results demonstrate that the main features of the sound signals can be extracted effectively by PAF and MFCCs processing, and the data compression ratio is about 99.41%. Besides, the locations of the eigenvectors can be found accurately based on short-time energy analysis. The numbers of high similarity of snoring signals within 30 s are larger than 3, while those of non-snoring signals are often less than 3. If the preliminary screening with similarity analysis is passed, CNN analysis will be conducted to judge whether there are snoring events. The accuracy of snore recognition with CNN analysis is calculated to be as high as 99.25%. Finally, the average snoring time measured by the smart patch with snoring suppression is reduced to 15 from 135 min, which indicates that the proposed snore recognition and suppression methods are effective.",,,,10.1109/jiot.2022.3199085,,,
rayyan-663014885,Detection of Sleep Apnea Based on Snore Signals Using Machine Learning Techniques,2023,1,1,,,,,,Aiswarya Lakshmi,http://dx.doi.org/10.1109/iccpct58313.2023.10245110,,,,"People's quality of life is significantly influenced by the quantity and quality of their sleep. Snoring bothers other individuals in the room as well as the snorer, who gets the worst quality sleep as a result. Among the most prominent sleep disorders, Sleep Apnea can have very serious side effects, from elevated blood pressure to heart failure, if it goes undetected. Many people are still unaware of this disease. A hardware part using raspberry pi and a microphone is used for collecting audio sounds at night from a subject. In order to identify snoring, two classifiers namely Long-short Term Memory(LSTM) and Gated Recurrent Unit(GRU) are proposed in this study. First, we gathered a dataset of sounds, both snoring and not from a website and a real-time dataset from hardware prepared for this project. The diverse properties of snoring are represented by the Mel-Frequency Cepstrum Coefficients (MFCC) which are retrieved as distinctive elements of snoring. The LSTM is made to be able to receive different audio cues and synthesize data to recognize snoring. When compared to single-feature network processing, using several feature coefficients can more precisely pinpoint the characteristics of snoring. GRU is capable of working with variable-length input sequences and can record the audio signal's time-varying patterns.",,,,10.1109/iccpct58313.2023.10245110,,,
rayyan-663014886,An efficient deep model for children sleep apnea detection using snoring signals,2022,1,1,,,,,,Zirui Liang and Yue Zhou and Lifeng Ding and Xiaying Chen,https://doi.org/10.1145/3570773.3570862,,,,"Obstructive sleep apnea-hypopnea syndrome(OSAHS) is a risky disorder that has negative effects on individuals’ sleep or health. Snoring signals are widely accepted as a reliable and practical alternative in detecting sleep apnea to diagnose OSAHS. Most of previous works paid attention to detecting snoring signals or classifying the places of obstruction. In this paper, diagnosis of OSAHS in children via snoring signals classification is taken into consideration. We build our dataset via gathering and labeling patients and normal children's nocturnal sound recordings. A convolutional neural network (CNN) in parallel with a Transformer encoder network is applied in our method to extract the temporal and frequency information from the acoustic feature sequences. In the experiment our method achieves an accuracy of 95.96% in classifying patients’ abnormal snoring events and the snoring from normal children and an accuracy of 84.78% in identifying normal snoring, patients’ normal snoring and patients’ abnormal snoring. This is acceptable for clinical purposes and indicates that it is competent to serve as a practical tool for diagnosis of OSAHS in children.",,,,10.1145/3570773.3570862,,,
rayyan-663014887,Integrated Vision and Sensor Based Analysis for Sleep Apnea Using FeatFaceNet Deep Learning,2023,1,1,,,,,,G. Saranya,https://doi.org/10.1007/s42835-023-01549-1,,,,,,,,10.1007/s42835-023-01549-1,,,
rayyan-663014888,Optimal CNN Model for Obstructive Sleep Apnea Detection using Particle Swarm Optimization,2025,1,1,,,,,,Thanh-Huong Tran and Phuong Anh Nguyen and Le Anh Ngoc and Duc–Tan Tran and Minh Trien Pham,https://doi.org/10.48084/etasr.9154,,,,"Obstructive Sleep Apnea (OSA) is a prevalent sleep disorder with significant health risks. It is characterized by the narrowing of the upper airway during sleep, leading to vibrations in the airway structures and the production of snoring sounds. Recently, Convolutional Neural Networks (CNNs) have been leveraged to extract meaningful features from snoring sound data, enabling early and accurate detection of OSA. The effectiveness of these neural network optimizations depends on the starting values of the model, the gradient algorithm used, and the complexity of the problem. This study introduces an improved Particle Swarm Optimization (PSO) strategy that linearly adjusts the learning rate coefficient to enhance accuracy and convergence speed. Our approach was evaluated on a collected and pre-processed dataset based on the PSG-Audio database. Experimental results demonstrate that our method significantly outperforms the conventional optimization algorithm and existing PSO techniques, achieving a remarkable accuracy of 99.1%. These findings confirm the potential of our optimized model for OSA detection.",,,,10.48084/etasr.9154,,,
rayyan-663014889,Implementing deep learning on edge devices for snoring detection and reduction,2024,1,1,,,,,,Nguyen Ngoc Dinh and Ngo Chi Bach and Tran Viet Bach and Dao Thi Nguyet and Duong Duc Cuong and Nguyen Tien Dat and Đỗ Trung Kiên and Nguyễn Thu Phương and Lê Quang Thảo and Nguyen Duy Thien and Dang Thi Thanh Thuy and Luong Thi Minh Thuy,https://doi.org/10.1016/j.compbiomed.2024.109458,,,,"This study introduces MinSnore, a novel deep learning model tailored for real-time snoring detection and reduction, specifically designed for deployment on low-configuration edge devices. By integrating MobileViTV3 blocks into the Dynamic MobileNetV3 backbone model architecture, MinSnore leverages both Convolutional Neural Networks (CNNs) and transformers to deliver enhanced feature representations with minimal computational overhead. The model was pre-trained on a diverse dataset of 46,349 audio files using the Self-Supervised Learning with Barlow Twins (SSL-BT) method, followed by fine-tuning on 17,355 segmented clips extracted from this dataset. MinSnore represents a significant breakthrough in snoring detection, achieving an accuracy of 96.37 %, precision of 96.31 %, recall of 94.12 %, and an F1-score of 95.02 %. When deployed on a single-board computer like a Raspberry Pi, the system demonstrated a reduction in snoring duration during real-world experiments. These results underscore the importance of this work in addressing sleep-related health issues through an efficient, low-cost, and highly accurate snoring mitigation solution.",,,,10.1016/j.compbiomed.2024.109458,,,
rayyan-663014893,CNN-SENet: A Convolutional Neural Network Model for Audio Snoring Detection Based on Channel Attention Mechanism,2024,1,1,,,,,,Zijun Mao and Suqing Duan and Xiankun Zhang and Chuanlei Zhang and Haifeng Fan and Bolun Zhu and Chengliang Huang,https://doi.org/10.1007/978-981-97-5588-2_3,,,,,,,,10.1007/978-981-97-5588-2_3,,,
rayyan-663014894,Ultra-Wideband Radar-Based Sleep Stage Classification in Smartphone Using an End-to-End Deep Learning,2024,1,1,,,,,,Jonghyun Park and Seung-Man Yang and Gihsung Chung and Ivo Junior Leal Zanghettin and Jonghee Han,https://doi.org/10.1109/access.2024.3390391,,,,"As an increasing number of people suffer from sleep disorders, such as insomnia or sleep apnea, sleep monitoring and management using consumer devices have gained increasing attention from research communities. As sleep quality is closely related to sleep structure based on hypnograms, the classification of sleep stages over the course of the night is important for accurate sleep monitoring. We present sleep stage classification using a smartphone equipped with ultra-wideband (UWB) radar. We focused on the development of easily accessible sleep monitoring system for the general population by placing the smartphone on a table near a bed, which is commonly used during sleep. We collected 509 nights of UWB radar and nocturnal in-laboratory polysomnography (PSG) data from various participants, including patients with apnea, using a customized Samsung Galaxy smartphone with a UWB radar chip placed on a table near the bed. A combination of 1D convolutional neural network and transformer architecture was proposed in this study, and a domain adaptation technique was applied to train the model with both large-scale respiratory signals from open database PSGs and UWB radar data to boost the performance by overcoming the lack of UWB radar data. With 5-fold validation, an epoch-by-epoch comparison between the predicted and expert-annotated four sleep stages (Wake, REM sleep, light sleep, and deep sleep) resulted in 0.76 of accuracy and 0.64 of Cohen’s kappa. This study demonstrated that sleep stages can be monitored with substantial accuracy by simply placing a smartphone on a bedtable, making it highly usable and reliable in real use cases.",,,,10.1109/access.2024.3390391,,,
rayyan-663014897,Machine Listening for OSA Diagnosis,2025,1,1,,,,,,Benjamin Kye Jyn Tan and Esther Yanxin Gao and Nicole Kye Wen Tan and Brian Sheng Yep Yeo and Claire Jing‐Wen Tan and Adele Chin Wei Ng and Zhou Hao Leong and Chu Qin Phua and Maythad Uataya and Liang Chye Goh and Thun How Ong and Leong Chai Leow and Guang-Bin Huang and Song Tar Toh,https://doi.org/10.1016/j.chest.2025.04.006,,,,"BACKGROUND: Among 1 billion patients worldwide with OSA, 90% remain undiagnosed. The main barrier to diagnosis is the overnight polysomnogram, which requires specialized equipment, skilled technicians, and inpatient beds available only in tertiary sleep centers. Recent advances in artificial intelligence (AI) have enabled OSA detection using breathing sound recordings. RESEARCH QUESTION: What is the diagnostic accuracy of and how can we optimize machine listening for OSA? STUDY DESIGN AND METHODS: PubMed, Embase, Scopus, Web of Science, and IEEE Xplore databases were systematically searched. Two masked reviewers selected studies comparing the patient-level diagnostic performance of AI approaches using overnight audio recordings vs conventional diagnosis (apnea-hypopnea index) using a train-test split or k-fold cross-validation. Bayesian bivariate meta-analysis and meta-regression were performed. Publication bias was assessed by using a selection model. Risk of bias and evidence quality were assessed by using the Quality Assessment of Diagnostic Accuracy Studies-2 and the Grading of Recommendations, Assessment, Development, and Evaluation tools. RESULTS: From 6,254 records, 16 studies (41 models) trained on 4,864 participants and tested on 2,370 participants were included. No study had a high risk of bias. Machine listening achieved a pooled sensitivity (95% credible interval) of 90.3% (86.9%-93.1%), a specificity of 86.7% (83.1%-89.7%), a diagnostic OR of 60.8 (39.4-99.9), and positive and negative likelihood ratios of 6.78 (5.34-8.85) and 0.113 (0.079-0.152), respectively. At apnea-hypopnea index cutoffs of ≥ 5, ≥ 15, and ≥ 30 events per hour, sensitivities were 94.3% (90.3%-96.8%), 86.3% (80.1%-90.9%), and 86.3% (79.2%-91.1%); and specificities were 78.5% (68.0%-86.9%), 87.3% (81.8%-91.3%), and 89.5% (84.8%-93.3%). Meta-regression identified increased sensitivity for the following: higher audio sampling frequencies, non-contact microphones, higher OSA prevalence, and train-test split model evaluation. Accuracy was equal regardless of home smartphone vs in-laboratory professional microphone recordings, deep learning vs traditional machine learning, and variations in age and sex. Publication bias was not evident, and the evidence was of high quality. INTERPRETATION: In this study, machine listening achieved excellent diagnostic accuracy, superior to the STOP-Bang (snoring, tiredness, observed apnea, BP, BMI, age, neck size, gender) questionnaire and comparable to common home sleep tests. Digital medicine should be further explored and externally validated for accessible and equitable OSA diagnosis. CLINICAL TRIAL REGISTRATION: PROSPERO database; No.: CRD42024534235; URL: https://www.crd.york.ac.uk/PROSPERO/).",,,,10.1016/j.chest.2025.04.006,,,
rayyan-663014898,Intelligent audio-based signal processing for automatic detection of obstructive sleep apnea,2024,1,1,,,,,,Mercedes Velasco and Ning Ma and José A. González,http://dx.doi.org/10.21437/iberspeech.2024-28,,,,"This work was partly supported by Innovate UK Knowledge Transfer Partnership (KTP) 012741 and UKRI MRC IAA Grant Ref: MR/X502728/1, and by grant PID2022-141378OBC22 funded by MICIU/AEI/10.13039/501100011033 and by ERDF/EU.",,,,10.21437/iberspeech.2024-28,,,
rayyan-663014899,A CRNN System for Sound Event Detection Based on Gastrointestinal Sound Dataset Collected by Wearable Auscultation Devices,2020,1,1,,,,,,Xue Zheng and Chun Zhang and Ping Chen and Kang Zhao and Hanjun Jiang and Zhiwei Jiang and Huafeng Pan and Zhihua Wang and Jia Wen,https://doi.org/10.1109/access.2020.3020099,,,,"In this article, we set up a novel audio dataset named Gastrointestinal (GI) Sound Set which includes 6 kinds of body sounds Bowel sound, Speech, Snore, Cough, Groan, and Rub. We do sound event detection (SED) based on it, and can accurately detect 6 types of sound events. First, the GI Sound Set is collected by wearable auscultation devices. To ensure generalization, patients from five different hospital departments are recruited for data collection, along with a group of healthy subjects. GI Sound Set refers to Google AudioSet in data format but varies in audio length and sampling rate. Second, we extract Mel-filter features from the recordings and investigate the performance of different activation functions and neural network architectures for detecting sound events. We use data augmentation, class balance to deal with the problem of quantitative imbalance between classes on the dataset. We apply multiple instances learning(MIL) to give out not only bag-level results but also frame-level results. In this work, GI Sound Set is the largest body sound dataset to date, and our approach shows state-of-the-art performance with an average score of F1=81.06% evaluated on the test set. Due to its simple network and conventional processing method, our CRNN system has high universality, which can be used in other audio datasets, such as respiratory sound and heart sound.",,,,10.1109/access.2020.3020099,,,
rayyan-663014900,Coordinate Attention for 1D Audio-Based Sleep Apnea Detection: A Multi-Seed Empirical Study on Smartphone-Deployable Architectures,2026,1,1,,,,,,Yang L,https://apneasense.com/research,,,,"Sleep apnea affects an estimated 936 million adults globally, yet over 80% of cases remain undiagnosed due to the inaccessibility of polysomnography (PSG), the clinical gold standard. We present a lightweight neural network architecture for detecting sleep-disordered breathing events directly from smartphone audio, eliminating the need for wearable devices, cloud connectivity, or external sensors. The proposed architecture adapts the Coordinate Attention (CA) mechanism — originally proposed for 2D mobile vision networks — to one-dimensional biomedical time-series classification through a global-local feature fusion design that preserves temporal-position information in the attention map.Operating on a 200 × 3 acoustic feature matrix sampled at 1 Hz — comprising sound pressure level, SPL change rate, and a binary snore-presence indicator produced by a short-window snore-detection CNN as the Stage-1 output of a cascaded two-stage pipeline (the cascade architecture itself is the subject of companion work [Yang L., 2026a]) — we evaluate three architectures as Stage-2 classifier candidates: a vanilla 1D CNN baseline, an SE-Attention CNN, and the proposed Coordinate Attention (Coord-Attn) CNN. All three are evaluated under an identical training protocol across five random seeds (42, 123, 456, 789, 2026) on an internal dataset of 2,953 PSG-labeled 200-second windows drawn from 80 person-nights across 40 participants (in-laboratory PSG + portable PSG with nasal-airflow cannula). Results are reported as mean with 95% bootstrap confidence intervals (10,000 iterations) to characterize variability and pairwise differences are evaluated by paired-seed bootstrap. The Coord-Attn CNN achieves an accuracy of 87.14% (85.14, 89.68) and an F1-score of 86.94% (84.28, 89.77) while using only 14,001 parameters — a 93.2% reduction relative to the 204,801-parameter baseline (83.82% accuracy, 83.99% F1). Paired bootstrap analysis shows that Coord-Attn is statistically distinguishable from the Original baseline in six of seven metrics (Accuracy, Precision, Specificity, F1, AUC-ROC, AUC-PR; Recall is not). Against the SE-Attention CNN of comparable size, Coord-Attn provides a statistically significant advantage in Precision and Specificity but not in F1 or AUC, suggesting that the temporal-position-preserving property of Coordinate Attention is most beneficial when minimizing false alarms matters more than maximizing sensitivity. Data and code availability: The three model architectures, training pipeline, and bootstrap analysis code are publicly available at https://github.com/somnisense/ca1d-sleep-apnea under the MIT License. By design, no audio recordings, labels, or derived feature matrices are distributed with the repository: the original recordings were collected under participant consent that does not cover public release of either the waveforms or the derived features. Competing interests: The author is the founder of SomniAI LLC, the entity that may commercialize the technology described in this work. The methods described are also the subject of three co-filed U.S. provisional patent applications by SomniAI LLC. No external funding was received.",,,,10.5281/zenodo.20663376,,,
rayyan-663014901,DeepSpectrumLite: A Power-Efficient Transfer Learning Framework for Embedded Speech and Audio Processing From Decentralized Data,2022,1,1,,,,,,Shahin Amiriparian and Tobias Hübner and Vincent Karas and Maurice Gerczuk and Sandra Ottl and Björn W. Schuller,https://doi.org/10.3389/frai.2022.856232,,,,"Deep neural speech and audio processing systems have a large number of trainable parameters, a relatively complex architecture, and require a vast amount of training data and computational power. These constraints make it more challenging to integrate such systems into embedded devices and utilize them for real-time, real-world applications. We tackle these limitations by introducing DeepSpectrumLite , an open-source, lightweight transfer learning framework for on-device speech and audio recognition using pre-trained image Convolutional Neural Networks (CNNs). The framework creates and augments Mel spectrogram plots on the fly from raw audio signals which are then used to finetune specific pre-trained CNNs for the target classification task. Subsequently, the whole pipeline can be run in real-time with a mean inference lag of 242.0 ms when a DenseNet121 model is used on a consumer-grade Motorola moto e7 plus smartphone. DeepSpectrumLite operates decentralized, eliminating the need for data upload for further processing. We demonstrate the suitability of the proposed transfer learning approach for embedded audio signal processing by obtaining state-of-the-art results on a set of paralinguistic and general audio tasks, including speech and music emotion recognition, social signal processing, COVID-19 cough and COVID-19 speech analysis, and snore sound classification. We provide an extensive command-line interface for users and developers which is comprehensively documented and publicly available at https://github.com/DeepSpectrum/DeepSpectrumLite .",,,,10.3389/frai.2022.856232,,,
rayyan-663014902,Effective feature selection based on Fisher Ratio for snoring recognition using different validation methods,2021,1,1,,,,,,Xiaoran Sun and Jianxin Peng and Xiaowen Zhang and Lijuan Song,https://doi.org/10.1016/j.apacoust.2021.108429,,,,,,,,10.1016/j.apacoust.2021.108429,,,
rayyan-663014904,A Compact and Wireless Wearable System for Sleep Apnea Detection,2025,1,1,,,,,,Hamidreza Rahimi and Ashkan Rahdar and Amirhossein Moradi and Fatemeh Akbar and Ali Fotowat‐Ahmady,https://doi.org/10.1109/jsen.2025.3582712,,,,"Sleep apnea is a prevalent sleep disorder with serious health consequences. While polysomnography is the clinical gold standard for apnea diagnosis, it is costly, obtrusive, and impractical for continuous or home-based monitoring. Existing wearable solutions also often lack sufficient accuracy and reliability. This paper presents a novel and practical method for the accurate diagnosis of sleep apnea. A compact wireless wearable device is developed to capture bio-signals and transmit them to a smartphone. The device integrates an Inertial Measurement Unit (IMU) and a photoplethysmography (PPG) block to directly capture signals from the body. These signals are then modulated and wirelessly transmitted to the user’s smartphone via Bluetooth Low Energy (BLE). As the third block of the system, the smartphone’s internal microphone records the user’s breathing sounds throughout sleep. Together, the three blocks generate six signals: SpO₂, heart rate (both extracted from the PPG signal), breathing sound, and 3-axis acceleration, which are subsequently processed in MATLAB. By applying signal processing techniques, sleep apnea and hypopnea events, along with their timing, can be diagnosed with high accuracy. Based on an event-to-event comparison, the developed system achieves a sensitivity of 85.8% and an F1-score of 87.3% using a single signal. The use of a combined approach further enhances sensitivity, reliability, and the F1-score to 91%.",,,,10.1109/jsen.2025.3582712,,,
rayyan-663014905,0573 Screening for Obstructive Sleep Apnea at Home Based on Deep Learning Features Derived from Respiration Sounds,2020,1,1,,,,,,Hector E. Romero and Ning Ma and Elizabeth A. Hill and Guy J. Brown,https://doi.org/10.1093/sleep/zsaa056.570,,,,"Abstract Introduction Analysis of sleep breathing sounds has been employed to screen obstructive sleep apnea (OSA). However, most current methods rely on specialized equipment (e.g., tracheal microphones), require additional physiological data (e.g., oxygen saturation), are rule-based, or are trained on data collected in-lab, making them less suitable for home use. In this study, deep learning methods were leveraged to explore the hypothesis that sleep audio recordings collected via smartphones can be used alone to screen for OSA by exploiting the temporal pattern of respiration sounds. Methods Adult participants with suspected sleep-disordered breathing of varying degrees of severity were recruited from the general population and from GP referrals to sleep clinic. Audio recordings were collected via smartphones during home sleep apnea testing (HSAT). HSAT data were scored by a registered polysomnographic technologist in accordance with current international guidelines (AASM V2.5, 2018) and used as reference. To exploit acoustic respiration temporal pattern, time interval histograms were computed for sequences of audio-words that were automatically learned from spectral features with a deep neural network. Means and standard deviations of the time intervals for each audio-word were employed by a Gaussian mixture model to classify 2-minute audio recording segments as either containing OSA events or not. Results Preliminary data from 4 valid nights’ recordings obtained from 2 consented participants was analysed. 550 segments were used for training, with 180 segments used for evaluation. Audio recording demonstrated a sensitivity of 0.71 and specificity of 0.66 when compared with manually-scored HSAT. Conclusion Preliminary results suggest that an approach to OSA screening based on deep learning with inter-audio-word intervals to capture information about respiration temporal pattern may be a useful tool in diagnosis of OSA. Further model development is underway using data collected from up to 200 patients and full study data will be presented. Support The project is supported by an Innovate UK grant (project number 157358). HR is supported by a joint scholarship from Passion for Life Healthcare Ltd and University of Sheffield. LH acknowledges the financial support of NHS Research Scotland (NRS), through NHS Lothian.",,,,10.1093/sleep/zsaa056.570,,,
rayyan-663014906,Enhanced Classification of Snoring Sounds Using Stacked Classifier Models of Machine Learning with SVM-KNN and Deep Learning with RNN-LSTM,2023,1,1,,,,,,Georges Fahd Khoury and Kabalan Chaccour and Georges Badr and Amir Hajjam El Hassani,http://dx.doi.org/10.1109/bibm58861.2023.10385538,,,,"Sleep disorders caused by snoring are a common problem that negatively affect the individual’s daily quality of life. For instance, poor sleep caused by snoring will induce important physical and mental issues. Given the fact that finding common criteria for all snoring sounds is very tough, this study aims to propose two models for snoring classification using AI-based learning methods. The first model is a Machine Learning (ML)-based built by stacking two classifiers namely, the SVM and KNN, that will learn the features extracted by applying the MFCC as a feature extraction technique. The second model is a Deep Learning (DL)-based where RNN and LSTM classifiers are stacked and where three feature extraction techniques (i.e. MFCC, STFT, ZCR) are applied. An online dataset consisting of .wav audio signals is used to implement the two models. Results show that the first and second models have achieved high accuracy scores of 98.5% and 80.8% respectively.",,,,10.1109/bibm58861.2023.10385538,,,
rayyan-663014908,Wearable Sleep Monitoring System Based on Machine Learning Using Snoring Sound Signal,2023,1,1,,,,,,Yi Xin and Rui Li and Xuefeng Song and Yuqi Wang and Hanshuo Zhang and Zhiying Chen,https://doi.org/10.1115/1.4063395,,,,"Abstract According to the obstructive sleep apnea Syndrome (OSAS), a wearable sleep monitoring system is designed based on machine learning using snoring sound signal. The system picks up snoring signal via bone conduction sensor, and calculates the apnea-hypopnea index (AHI). By analyzing the snoring signal in frequency domain, spectral entropy and other frequency-domain features are selected. Finally, the neural network classifier model is established. In the model, the input variables are eight frequency-domain features, and the output response is related to AHI value. Trained by machine learning, the result shows that the average accuracy in identifying the severity of the four kinds of OSAS categories is 59%. The system uses the measured data of snoring to analyze the symptoms of OSAS, so as to realize the preliminary forecast based on the snoring data. The system proposed in this paper has a good application development prospect in intelligent monitoring and medical instruments.",,,,10.1115/1.4063395,,,
rayyan-663014909,0616 Validation of a Sleep Headband for Detecting Obstructive Sleep Apnea,2020,1,1,,,,,,Antoine Guillot and T Moutakanni and M. Harris and Pierrick J. Arnal and Valentin Thorey,https://doi.org/10.1093/sleep/zsaa056.613,,,,"Abstract Introduction Polysomnography (PSG) is the gold-standard to diagnose obstructive sleep apnea (OSA). OSA severity diagnosis is defined by the apnea-hypopnea index (AHI) defined as the number of apnea and hypopnea events measured per hour of sleep. The Dreem2 headband (DH) is a self-administered, easy to use device that measure EEG, breathing frequency, heart rate and sound at-home. In our study, we assessed the performance of the DH to automatically detects OSA compared to 3 sleep’s experts scoring on PSG. Methods 41 subjects (8 females, 42.6 ± 13.7 y.o.) having a suspicion of OSA performed a night at-home wearing both a PSG and the DH. Each PSG record was scored for apnea and hypopnea events by 3 independent trained sleep experts following AASM guidelines. The deep learning approach DOSED, was trained on the DH signals using the manual apnea scoring. 10-fold cross-validation was used to provide predictions for each of the 41 subjects with the DH. Results We observed an average AHI expert’s scoring of 13.6 ± 10.1 CI[10.5, 16.5] compared to 12.9 ± 10.3 CI[9.6, 15.8] for the DH. Both, the correlation between the 3 scorers (r= 0.88, p &amp;lt; 0.001) and the DH and the scorers (r=0.79, p&amp;lt; 0.001) were significant. The specificity and sensitivity to detect mild OSA (AHI ≤ 5) was 84.4 % and 96.4 % for the DH and 86.5 % and 86.0% for the scorers. Conclusion The results show that the DH using deep learning can detect OSA with an accuracy similar to the sleep experts. The use of DH paves the way for longitudinal monitoring of patients with a suspicion of OSA and its accessibility could lead to better screening of the general population. Support This Study has been supported by Dreem sas.",,,,10.1093/sleep/zsaa056.613,,,
rayyan-663014910,Deep representation learning with cross attention-based multi-feature fusion for sleep apnea detection using sleep respiratory sound,2025,1,1,,,,,,Peizheng Wang and Yi‐Chih Lin and Wen‐Te Liu and Ethan Ma and Arnab Majumdar and Jiunn‐Horng Kang and Jón Guðnason and Yi‐Chun Kuan and Kang-Yun Lee and Po‐Hao Feng and Kuan-Yuan Chen and Cheng-Jung Wu and Hsin‐Chien Lee and Yen-Ling Chen and Yung‐Ming Chen and Rachel Chien and Yu‐Hsiang Chang and Cheng-Yu Tsai,https://doi.org/10.1016/j.bspc.2025.109093,,,,,,,,10.1016/j.bspc.2025.109093,,,
rayyan-663014911,Battling with the low-resource condition for snore sound recognition: introducing a meta-learning strategy,2023,1,1,,,,,,Jingtan Li and Mengkai Sun and Zhonghao Zhao and Xingcan Li and Gaigai Li and Chen Wu and Kun Qian and Bin Hu and Yoshiharu Yamamoto and Björn W. Schuller,https://doi.org/10.1186/s13636-023-00309-3,,,,"Abstract Snoring affects 57 % of men, 40 % of women, and 27 % of children in the USA. Besides, snoring is highly correlated with obstructive sleep apnoea (OSA), which is characterised by loud and frequent snoring. OSA is also closely associated with various life-threatening diseases such as sudden cardiac arrest and is regarded as a grave medical ailment. Preliminary studies have shown that in the USA, OSA affects over 34 % of men and 14 % of women. In recent years, polysomnography has increasingly been used to diagnose OSA. However, due to its drawbacks such as being time-consuming and costly, intelligent audio analysis of snoring has emerged as an alternative method. Considering the higher demand for identifying the excitation location of snoring in clinical practice, we utilised the Munich-Passau Snore Sound Corpus (MPSSC) snoring database which classifies the snoring excitation location into four categories. Nonetheless, the problem of small samples remains in the MPSSC database due to factors such as privacy concerns and difficulties in accurate labelling. In fact, accurately labelled medical data that can be used for machine learning is often scarce, especially for rare diseases. In view of this, Model-Agnostic Meta-Learning (MAML), a small sample method based on meta-learning, is used to classify snore signals with less resources in this work. The experimental results indicate that even when using only the ESC-50 dataset (non-snoring sound signals) as the data for meta-training, we are able to achieve an unweighted average recall of 60.2 % on the test dataset after fine-tuning on just 36 instances of snoring from the development part of the MPSSC dataset. While our results only exceed the baseline by 4.4 %, they still demonstrate that even with fine-tuning on a few instances of snoring, our model can outperform the baseline. This implies that the MAML algorithm can effectively tackle the low-resource problem even with limited data resources.",,,,10.1186/s13636-023-00309-3,,,
rayyan-663014912,LightSnore-Net: A Lightweight Neural Network for Snoring Detection and Mitigation in Smart Pillows,2024,1,1,,,,,,Xin Luo and Zijun Mao and Suqing Duan and Xiankun Zhang and Chuanlei Zhang and Haifeng Fan,https://doi.org/10.1007/978-981-97-5689-6_35,,,,,,,,10.1007/978-981-97-5689-6_35,,,
rayyan-663014913,Granular and explainable human activity recognition through sound segmentation and deep learning,2025,1,1,,,,,,Jisoo Kim and Byounghyun Yoo,https://doi.org/10.1093/jcde/qwaf075,,,,"Abstract Human Activity Recognition (HAR) plays a crucial role in identifying and digitizing human behaviors. Among various approaches, sound-based HAR offers distinct advantages, such as overcoming visual limitations and enabling recognition in diverse environments. This study introduces an innovative application of sound segmentation with SegNet, originally designed for image segmentation, to sound-based HAR. Traditionally, labeling sound data has been challenging due to its limited scope, often restricted to specific events or time frames. To address this issue, a novel labeling approach was developed, allowing detailed annotations across the entire temporal and frequency domains. This method facilitates the use of SegNet, which requires pixel-level labeling for accurate segmentation, leading to more granular and explainable activity recognition. A dataset comprising six distinct human activities—speech, groaning, screaming, coughing, toilet and snoring—was constructed to enable comprehensive evaluation. The trained neural network, utilizing this annotated dataset, achieved F1 scores ranging from 0.68 to 0.95. The model’s practical applicability was further validated through recognition tests conducted in a professional office environment. This study presents a novel framework for quantifying daily human activities through sound segmentation, contributing to advancements in intelligent system technology.",,,,10.1093/jcde/qwaf075,,,
